id,type,truth,hal_label,QA_ITA,PA_ITA,QA_ITC,PA_ITC,QA_FSA,PA_FSA,QA_FSC,PA_FSC,PA_ITA_ITC,PA_ITA_FSA,PA_ITA_FSC,PA_ITC_FSA,PA_ITC_FSC,PA_FSA_FSC
1,attribute,no,0,1.0,1.0,1.0,1.0,1.0,1.0,1.0,1.0,1.0,1.0,1.0,1.0,1.0,1.0
2,object,no,0,0.9090909090909091,0.8181818181818182,0.2727272727272727,0.5636363636363636,1.0,1.0,0.8,0.6,0.4935064935064935,0.875,0.7666666666666667,0.4666666666666667,0.475,0.8
3,object,no,0,1.0,1.0,1.0,1.0,1.0,1.0,0.8,0.6,1.0,1.0,0.875,1.0,0.875,0.8
4,counting,no,0,0.5454545454545454,0.45454545454545453,0.7272727272727273,0.5636363636363636,0.2,0.6,0.2,0.6,0.5151515151515151,0.475,0.475,0.475,0.475,0.6444444444444445
5,positional,no,0,1.0,1.0,0.36363636363636365,0.4909090909090909,1.0,1.0,0.6,0.4,0.5454545454545454,1.0,0.7666666666666667,0.475,0.475,0.6444444444444445
6,attribute,no,0,1.0,1.0,1.0,1.0,1.0,1.0,0.8,0.6,1.0,1.0,0.875,1.0,0.875,0.8
7,counting,no,0,1.0,1.0,1.0,1.0,1.0,1.0,0.6,0.4,1.0,1.0,0.7666666666666667,1.0,0.7666666666666667,0.6444444444444445
8,sentiment,no,0,1.0,1.0,1.0,1.0,1.0,1.0,1.0,1.0,1.0,1.0,1.0,1.0,1.0,1.0
9,attribute,no,0,1.0,1.0,1.0,1.0,1.0,1.0,0.8,0.6,1.0,1.0,0.875,1.0,0.875,0.8
10,attribute,no,0,0.9090909090909091,0.8181818181818182,0.2727272727272727,0.5636363636363636,1.0,1.0,0.8,0.6,0.4935064935064935,0.875,0.7666666666666667,0.4666666666666667,0.475,0.8
11,attribute,no,0,1.0,1.0,0.7272727272727273,0.5636363636363636,1.0,1.0,0.6,0.4,0.7532467532467533,1.0,0.7666666666666667,0.675,0.5416666666666666,0.6444444444444445
12,attribute,no,0,1.0,1.0,1.0,1.0,1.0,1.0,1.0,1.0,1.0,1.0,1.0,1.0,1.0,1.0
13,object,no,0,1.0,1.0,0.7272727272727273,0.5636363636363636,1.0,1.0,0.6,0.4,0.7532467532467533,1.0,0.7666666666666667,0.675,0.5416666666666666,0.6444444444444445
14,attribute,no,0,1.0,1.0,1.0,1.0,1.0,1.0,1.0,1.0,1.0,1.0,1.0,1.0,1.0,1.0
15,attribute,no,0,1.0,1.0,0.9090909090909091,0.8181818181818182,1.0,1.0,1.0,1.0,0.9090909090909091,1.0,1.0,0.875,0.875,1.0
16,object,no,0,1.0,1.0,1.0,1.0,1.0,1.0,1.0,1.0,1.0,1.0,1.0,1.0,1.0,1.0
17,attribute,no,0,1.0,1.0,0.0,1.0,1.0,1.0,0.2,0.6,0.47619047619047616,1.0,0.6,0.5416666666666666,0.875,0.4666666666666667
18,positional,no,0,1.0,1.0,0.0,1.0,0.8,0.6,0.0,1.0,0.47619047619047616,0.875,0.5416666666666666,0.6,1.0,0.4666666666666667
19,counting,no,0,1.0,1.0,1.0,1.0,1.0,1.0,0.6,0.4,1.0,1.0,0.7666666666666667,1.0,0.7666666666666667,0.6444444444444445
20,counting,no,0,0.36363636363636365,0.4909090909090909,0.09090909090909091,0.8181818181818182,1.0,1.0,0.4,0.4,0.6320346320346321,0.475,0.5,0.5,0.675,0.5333333333333333
21,counting,no,0,1.0,1.0,0.09090909090909091,0.8181818181818182,1.0,1.0,0.4,0.4,0.4805194805194805,1.0,0.675,0.5,0.675,0.5333333333333333
22,positional,no,0,0.9090909090909091,0.8181818181818182,0.18181818181818182,0.6727272727272727,1.0,1.0,0.0,1.0,0.4805194805194805,0.875,0.5,0.475,0.7666666666666667,0.4444444444444444
23,attribute,no,0,0.8181818181818182,0.6727272727272727,0.7272727272727273,0.5636363636363636,1.0,1.0,0.4,0.4,0.6320346320346321,0.7666666666666667,0.5416666666666666,0.675,0.5,0.5333333333333333
24,sentiment,no,0,0.9090909090909091,0.8181818181818182,0.0,1.0,0.8,0.6,0.0,1.0,0.4805194805194805,0.7666666666666667,0.5,0.6,1.0,0.4666666666666667
25,positional,no,1,1.0,1.0,0.8181818181818182,0.6727272727272727,0.6,0.4,0.8,0.6,0.8268398268398268,0.7666666666666667,0.875,0.6,0.675,0.5333333333333333
26,attribute,no,0,0.7272727272727273,0.5636363636363636,0.7272727272727273,0.5636363636363636,1.0,1.0,1.0,1.0,0.5844155844155844,0.675,0.675,0.675,0.675,1.0
27,positional,no,0,1.0,1.0,1.0,1.0,1.0,1.0,1.0,1.0,1.0,1.0,1.0,1.0,1.0,1.0
28,object,no,0,1.0,1.0,1.0,1.0,0.8,0.6,0.6,0.4,1.0,0.875,0.7666666666666667,0.875,0.7666666666666667,0.5333333333333333
30,attribute,no,0,1.0,1.0,1.0,1.0,1.0,1.0,1.0,1.0,1.0,1.0,1.0,1.0,1.0,1.0
31,object,no,0,1.0,1.0,1.0,1.0,1.0,1.0,1.0,1.0,1.0,1.0,1.0,1.0,1.0,1.0
32,sentiment,no,0,0.0,1.0,0.0,1.0,0.0,1.0,0.0,1.0,1.0,1.0,1.0,1.0,1.0,1.0
34,object,no,0,1.0,1.0,1.0,1.0,0.8,0.6,0.6,0.4,1.0,0.875,0.7666666666666667,0.875,0.7666666666666667,0.5333333333333333
35,counting,no,0,0.09090909090909091,0.8181818181818182,0.09090909090909091,0.8181818181818182,0.2,0.6,0.4,0.4,0.8268398268398268,0.7666666666666667,0.675,0.7666666666666667,0.675,0.5333333333333333
36,object,no,0,1.0,1.0,1.0,1.0,1.0,1.0,1.0,1.0,1.0,1.0,1.0,1.0,1.0,1.0
37,attribute,no,0,0.0,1.0,0.0,1.0,0.4,0.4,0.4,0.4,1.0,0.7666666666666667,0.7666666666666667,0.7666666666666667,0.7666666666666667,0.4666666666666667
39,counting,no,0,0.6363636363636364,0.4909090909090909,0.45454545454545453,0.45454545454545453,0.4,0.4,0.0,1.0,0.4805194805194805,0.475,0.475,0.475,0.5416666666666666,0.6444444444444445
40,positional,no,0,0.0,1.0,0.0,1.0,0.0,1.0,0.2,0.6,1.0,1.0,0.875,1.0,0.875,0.8
41,object,no,0,1.0,1.0,1.0,1.0,1.0,1.0,1.0,1.0,1.0,1.0,1.0,1.0,1.0,1.0
42,sentiment,no,0,1.0,1.0,0.9090909090909091,0.8181818181818182,1.0,1.0,0.8,0.6,0.9090909090909091,1.0,0.875,0.875,0.7666666666666667,0.8
43,object,no,0,0.9090909090909091,0.8181818181818182,0.9090909090909091,0.8181818181818182,1.0,1.0,1.0,1.0,0.8268398268398268,0.875,0.875,0.875,0.875,1.0
45,sentiment,no,0,1.0,1.0,0.7272727272727273,0.5636363636363636,1.0,1.0,0.6,0.4,0.7532467532467533,1.0,0.7666666666666667,0.675,0.5416666666666666,0.6444444444444445
46,object,no,1,1.0,1.0,1.0,1.0,1.0,1.0,1.0,1.0,1.0,1.0,1.0,1.0,1.0,1.0
48,object,no,0,1.0,1.0,1.0,1.0,1.0,1.0,1.0,1.0,1.0,1.0,1.0,1.0,1.0,1.0
49,object,no,0,1.0,1.0,0.9090909090909091,0.8181818181818182,0.8,0.6,0.8,0.6,0.9090909090909091,0.875,0.875,0.7666666666666667,0.7666666666666667,0.6444444444444445
50,object,no,0,1.0,1.0,1.0,1.0,1.0,1.0,1.0,1.0,1.0,1.0,1.0,1.0,1.0,1.0
51,counting,no,0,0.8181818181818182,0.6727272727272727,1.0,1.0,0.4,0.4,0.8,0.6,0.8268398268398268,0.5416666666666666,0.675,0.675,0.875,0.4666666666666667
52,object,no,0,0.0,1.0,0.0,1.0,0.4,0.4,0.2,0.6,1.0,0.7666666666666667,0.875,0.7666666666666667,0.875,0.5333333333333333
53,object,no,0,1.0,1.0,1.0,1.0,1.0,1.0,1.0,1.0,1.0,1.0,1.0,1.0,1.0,1.0
54,object,no,0,1.0,1.0,1.0,1.0,1.0,1.0,0.8,0.6,1.0,1.0,0.875,1.0,0.875,0.8
55,attribute,no,0,1.0,1.0,0.0,1.0,1.0,1.0,0.0,1.0,0.47619047619047616,1.0,0.5416666666666666,0.5416666666666666,1.0,0.4444444444444444
56,attribute,no,0,0.8181818181818182,0.6727272727272727,0.0,1.0,1.0,1.0,0.2,0.6,0.4935064935064935,0.7666666666666667,0.5,0.5416666666666666,0.875,0.4666666666666667
57,sentiment,no,0,1.0,1.0,0.9090909090909091,0.8181818181818182,1.0,1.0,0.8,0.6,0.9090909090909091,1.0,0.875,0.875,0.7666666666666667,0.8
58,counting,no,0,1.0,1.0,0.0,1.0,1.0,1.0,0.0,1.0,0.47619047619047616,1.0,0.5416666666666666,0.5416666666666666,1.0,0.4444444444444444
59,object,no,0,1.0,1.0,1.0,1.0,1.0,1.0,1.0,1.0,1.0,1.0,1.0,1.0,1.0,1.0
60,attribute,no,0,0.09090909090909091,0.8181818181818182,0.9090909090909091,0.8181818181818182,0.4,0.4,0.8,0.6,0.47619047619047616,0.675,0.5416666666666666,0.6,0.7666666666666667,0.4666666666666667
61,object,no,0,1.0,1.0,1.0,1.0,1.0,1.0,1.0,1.0,1.0,1.0,1.0,1.0,1.0,1.0
62,attribute,no,0,1.0,1.0,0.9090909090909091,0.8181818181818182,1.0,1.0,0.4,0.4,0.9090909090909091,1.0,0.675,0.875,0.6,0.5333333333333333
63,object,no,0,1.0,1.0,1.0,1.0,1.0,1.0,0.8,0.6,1.0,1.0,0.875,1.0,0.875,0.8
64,object,no,0,0.7272727272727273,0.5636363636363636,0.09090909090909091,0.8181818181818182,1.0,1.0,0.4,0.4,0.4935064935064935,0.675,0.5,0.5,0.675,0.5333333333333333
65,counting,no,0,0.5454545454545454,0.45454545454545453,0.2727272727272727,0.5636363636363636,0.8,0.6,0.0,1.0,0.4935064935064935,0.5,0.5,0.475,0.675,0.4666666666666667
66,object,no,0,1.0,1.0,0.2727272727272727,0.5636363636363636,1.0,1.0,0.6,0.4,0.5151515151515151,1.0,0.7666666666666667,0.4666666666666667,0.5,0.6444444444444445
67,object,no,0,1.0,1.0,0.9090909090909091,0.8181818181818182,1.0,1.0,0.8,0.6,0.9090909090909091,1.0,0.875,0.875,0.7666666666666667,0.8
68,attribute,no,0,1.0,1.0,0.36363636363636365,0.4909090909090909,1.0,1.0,0.4,0.4,0.5454545454545454,1.0,0.675,0.475,0.5,0.5333333333333333
69,sentiment,no,0,1.0,1.0,0.6363636363636364,0.4909090909090909,1.0,1.0,0.2,0.6,0.6883116883116883,1.0,0.6,0.6,0.4666666666666667,0.4666666666666667
70,attribute,no,0,1.0,1.0,0.7272727272727273,0.5636363636363636,1.0,1.0,0.8,0.6,0.7532467532467533,1.0,0.875,0.675,0.6,0.8
71,attribute,no,0,0.9090909090909091,0.8181818181818182,0.6363636363636364,0.4909090909090909,1.0,1.0,1.0,1.0,0.6320346320346321,0.875,0.875,0.6,0.6,1.0
72,counting,no,0,1.0,1.0,1.0,1.0,1.0,1.0,0.8,0.6,1.0,1.0,0.875,1.0,0.875,0.8
74,object,no,0,1.0,1.0,1.0,1.0,0.8,0.6,0.8,0.6,1.0,0.875,0.875,0.875,0.875,0.6444444444444445
75,object,no,0,1.0,1.0,1.0,1.0,1.0,1.0,1.0,1.0,1.0,1.0,1.0,1.0,1.0,1.0
77,object,no,0,1.0,1.0,1.0,1.0,1.0,1.0,1.0,1.0,1.0,1.0,1.0,1.0,1.0,1.0
78,counting,no,0,1.0,1.0,0.8181818181818182,0.6727272727272727,1.0,1.0,1.0,1.0,0.8268398268398268,1.0,1.0,0.7666666666666667,0.7666666666666667,1.0
79,sentiment,no,0,0.7272727272727273,0.5636363636363636,0.6363636363636364,0.4909090909090909,0.6,0.4,0.0,1.0,0.5454545454545454,0.5416666666666666,0.4666666666666667,0.5,0.475,0.5333333333333333
80,object,no,0,1.0,1.0,1.0,1.0,1.0,1.0,1.0,1.0,1.0,1.0,1.0,1.0,1.0,1.0
81,attribute,no,0,0.7272727272727273,0.5636363636363636,0.7272727272727273,0.5636363636363636,1.0,1.0,1.0,1.0,0.5844155844155844,0.675,0.675,0.675,0.675,1.0
82,object,no,1,1.0,1.0,1.0,1.0,1.0,1.0,0.8,0.6,1.0,1.0,0.875,1.0,0.875,0.8
83,object,no,0,1.0,1.0,1.0,1.0,1.0,1.0,1.0,1.0,1.0,1.0,1.0,1.0,1.0,1.0
84,sentiment,no,0,0.8181818181818182,0.6727272727272727,0.0,1.0,1.0,1.0,0.2,0.6,0.4935064935064935,0.7666666666666667,0.5,0.5416666666666666,0.875,0.4666666666666667
85,counting,no,0,1.0,1.0,1.0,1.0,1.0,1.0,0.4,0.4,1.0,1.0,0.675,1.0,0.675,0.5333333333333333
86,counting,no,0,0.6363636363636364,0.4909090909090909,0.0,1.0,1.0,1.0,0.2,0.6,0.5454545454545454,0.6,0.4666666666666667,0.5416666666666666,0.875,0.4666666666666667
87,object,no,1,0.6363636363636364,0.4909090909090909,0.9090909090909091,0.8181818181818182,1.0,1.0,1.0,1.0,0.6320346320346321,0.6,0.6,0.875,0.875,1.0
88,positional,no,1,0.36363636363636365,0.4909090909090909,1.0,1.0,0.2,0.6,1.0,1.0,0.5454545454545454,0.5416666666666666,0.475,0.6,1.0,0.4666666666666667
89,object,no,0,0.45454545454545453,0.45454545454545453,0.7272727272727273,0.5636363636363636,0.4,0.4,0.0,1.0,0.4935064935064935,0.475,0.5416666666666666,0.5,0.4666666666666667,0.6444444444444445
91,sentiment,no,0,1.0,1.0,0.2727272727272727,0.5636363636363636,1.0,1.0,0.6,0.4,0.5151515151515151,1.0,0.7666666666666667,0.4666666666666667,0.5,0.6444444444444445
92,positional,no,0,1.0,1.0,0.0,1.0,1.0,1.0,0.0,1.0,0.47619047619047616,1.0,0.5416666666666666,0.5416666666666666,1.0,0.4444444444444444
93,object,no,0,1.0,1.0,1.0,1.0,0.8,0.6,1.0,1.0,1.0,0.875,1.0,0.875,1.0,0.8
94,sentiment,no,1,0.8181818181818182,0.6727272727272727,1.0,1.0,1.0,1.0,1.0,1.0,0.8268398268398268,0.7666666666666667,0.7666666666666667,1.0,1.0,1.0
95,object,no,0,1.0,1.0,1.0,1.0,1.0,1.0,1.0,1.0,1.0,1.0,1.0,1.0,1.0,1.0
96,attribute,no,0,0.7272727272727273,0.5636363636363636,0.09090909090909091,0.8181818181818182,0.8,0.6,0.0,1.0,0.4935064935064935,0.6,0.4666666666666667,0.5416666666666666,0.875,0.4666666666666667
97,object,no,0,0.2727272727272727,0.5636363636363636,0.18181818181818182,0.6727272727272727,0.8,0.6,0.2,0.6,0.6320346320346321,0.475,0.6,0.5,0.675,0.4444444444444444
98,attribute,no,0,1.0,1.0,0.9090909090909091,0.8181818181818182,1.0,1.0,1.0,1.0,0.9090909090909091,1.0,1.0,0.875,0.875,1.0
99,attribute,no,0,0.2727272727272727,0.5636363636363636,0.2727272727272727,0.5636363636363636,0.6,0.4,0.0,1.0,0.5844155844155844,0.5,0.675,0.5,0.675,0.5333333333333333
100,attribute,no,0,1.0,1.0,1.0,1.0,1.0,1.0,1.0,1.0,1.0,1.0,1.0,1.0,1.0,1.0
101,object,no,0,1.0,1.0,1.0,1.0,1.0,1.0,1.0,1.0,1.0,1.0,1.0,1.0,1.0,1.0
102,counting,no,0,1.0,1.0,0.0,1.0,1.0,1.0,0.0,1.0,0.47619047619047616,1.0,0.5416666666666666,0.5416666666666666,1.0,0.4444444444444444
103,object,no,1,0.8181818181818182,0.6727272727272727,0.9090909090909091,0.8181818181818182,0.6,0.4,0.8,0.6,0.7532467532467533,0.6,0.675,0.675,0.7666666666666667,0.5333333333333333
104,object,no,0,0.9090909090909091,0.8181818181818182,0.8181818181818182,0.6727272727272727,1.0,1.0,1.0,1.0,0.7532467532467533,0.875,0.875,0.7666666666666667,0.7666666666666667,1.0
105,sentiment,no,0,1.0,1.0,1.0,1.0,1.0,1.0,0.6,0.4,1.0,1.0,0.7666666666666667,1.0,0.7666666666666667,0.6444444444444445
106,counting,no,0,1.0,1.0,0.09090909090909091,0.8181818181818182,1.0,1.0,0.0,1.0,0.4805194805194805,1.0,0.5416666666666666,0.5,0.875,0.4444444444444444
107,positional,no,1,0.36363636363636365,0.4909090909090909,0.0,1.0,0.6,0.4,0.6,0.4,0.6883116883116883,0.475,0.475,0.675,0.675,0.4666666666666667
108,positional,no,0,1.0,1.0,1.0,1.0,0.8,0.6,0.6,0.4,1.0,0.875,0.7666666666666667,0.875,0.7666666666666667,0.5333333333333333
109,object,no,0,1.0,1.0,0.9090909090909091,0.8181818181818182,1.0,1.0,1.0,1.0,0.9090909090909091,1.0,1.0,0.875,0.875,1.0
110,sentiment,no,0,1.0,1.0,0.9090909090909091,0.8181818181818182,1.0,1.0,1.0,1.0,0.9090909090909091,1.0,1.0,0.875,0.875,1.0
112,attribute,no,0,1.0,1.0,1.0,1.0,1.0,1.0,1.0,1.0,1.0,1.0,1.0,1.0,1.0,1.0
113,positional,no,0,1.0,1.0,0.8181818181818182,0.6727272727272727,1.0,1.0,1.0,1.0,0.8268398268398268,1.0,1.0,0.7666666666666667,0.7666666666666667,1.0
114,attribute,no,0,0.9090909090909091,0.8181818181818182,0.9090909090909091,0.8181818181818182,1.0,1.0,1.0,1.0,0.8268398268398268,0.875,0.875,0.875,0.875,1.0
116,object,no,0,1.0,1.0,0.8181818181818182,0.6727272727272727,1.0,1.0,1.0,1.0,0.8268398268398268,1.0,1.0,0.7666666666666667,0.7666666666666667,1.0
117,counting,no,0,0.2727272727272727,0.5636363636363636,0.09090909090909091,0.8181818181818182,0.0,1.0,0.2,0.6,0.6883116883116883,0.675,0.6,0.875,0.7666666666666667,0.8
118,positional,no,1,1.0,1.0,1.0,1.0,0.8,0.6,1.0,1.0,1.0,0.875,1.0,0.875,1.0,0.8
119,positional,no,0,1.0,1.0,0.09090909090909091,0.8181818181818182,1.0,1.0,0.0,1.0,0.4805194805194805,1.0,0.5416666666666666,0.5,0.875,0.4444444444444444
120,counting,no,0,1.0,1.0,1.0,1.0,1.0,1.0,0.8,0.6,1.0,1.0,0.875,1.0,0.875,0.8
121,sentiment,no,0,1.0,1.0,0.0,1.0,1.0,1.0,0.2,0.6,0.47619047619047616,1.0,0.6,0.5416666666666666,0.875,0.4666666666666667
122,object,no,0,1.0,1.0,0.9090909090909091,0.8181818181818182,1.0,1.0,1.0,1.0,0.9090909090909091,1.0,1.0,0.875,0.875,1.0
123,attribute,no,0,0.8181818181818182,0.6727272727272727,0.6363636363636364,0.4909090909090909,1.0,1.0,1.0,1.0,0.5844155844155844,0.7666666666666667,0.7666666666666667,0.6,0.6,1.0
124,attribute,no,0,0.36363636363636365,0.4909090909090909,0.09090909090909091,0.8181818181818182,0.4,0.4,0.2,0.6,0.6320346320346321,0.5,0.5416666666666666,0.675,0.7666666666666667,0.5333333333333333
125,sentiment,no,0,1.0,1.0,1.0,1.0,1.0,1.0,0.8,0.6,1.0,1.0,0.875,1.0,0.875,0.8
127,object,no,0,1.0,1.0,1.0,1.0,1.0,1.0,0.8,0.6,1.0,1.0,0.875,1.0,0.875,0.8
128,sentiment,no,0,1.0,1.0,0.6363636363636364,0.4909090909090909,1.0,1.0,1.0,1.0,0.6883116883116883,1.0,1.0,0.6,0.6,1.0
129,attribute,no,0,1.0,1.0,0.36363636363636365,0.4909090909090909,1.0,1.0,0.6,0.4,0.5454545454545454,1.0,0.7666666666666667,0.475,0.475,0.6444444444444445
130,object,no,0,0.9090909090909091,0.8181818181818182,0.9090909090909091,0.8181818181818182,1.0,1.0,0.8,0.6,0.8268398268398268,0.875,0.7666666666666667,0.875,0.7666666666666667,0.8
131,object,no,0,0.9090909090909091,0.8181818181818182,0.9090909090909091,0.8181818181818182,1.0,1.0,0.8,0.6,0.8268398268398268,0.875,0.7666666666666667,0.875,0.7666666666666667,0.8
132,object,no,0,1.0,1.0,1.0,1.0,1.0,1.0,1.0,1.0,1.0,1.0,1.0,1.0,1.0,1.0
133,object,no,0,1.0,1.0,1.0,1.0,1.0,1.0,1.0,1.0,1.0,1.0,1.0,1.0,1.0,1.0
134,positional,no,1,1.0,1.0,1.0,1.0,1.0,1.0,1.0,1.0,1.0,1.0,1.0,1.0,1.0,1.0
135,positional,no,1,0.36363636363636365,0.4909090909090909,0.0,1.0,0.6,0.4,0.2,0.6,0.6883116883116883,0.475,0.5416666666666666,0.675,0.875,0.4666666666666667
137,object,no,0,1.0,1.0,0.6363636363636364,0.4909090909090909,1.0,1.0,1.0,1.0,0.6883116883116883,1.0,1.0,0.6,0.6,1.0
139,object,no,0,1.0,1.0,1.0,1.0,1.0,1.0,1.0,1.0,1.0,1.0,1.0,1.0,1.0,1.0
140,attribute,no,0,0.5454545454545454,0.45454545454545453,0.2727272727272727,0.5636363636363636,0.2,0.6,0.2,0.6,0.4935064935064935,0.475,0.475,0.6,0.6,0.6444444444444445
141,object,no,0,1.0,1.0,1.0,1.0,1.0,1.0,0.8,0.6,1.0,1.0,0.875,1.0,0.875,0.8
142,positional,no,0,1.0,1.0,0.0,1.0,1.0,1.0,0.4,0.4,0.47619047619047616,1.0,0.675,0.5416666666666666,0.7666666666666667,0.5333333333333333
143,object,no,0,1.0,1.0,0.9090909090909091,0.8181818181818182,1.0,1.0,1.0,1.0,0.9090909090909091,1.0,1.0,0.875,0.875,1.0
144,object,no,0,0.0,1.0,0.0,1.0,0.0,1.0,0.0,1.0,1.0,1.0,1.0,1.0,1.0,1.0
145,object,no,0,1.0,1.0,0.8181818181818182,0.6727272727272727,1.0,1.0,1.0,1.0,0.8268398268398268,1.0,1.0,0.7666666666666667,0.7666666666666667,1.0
146,object,no,0,1.0,1.0,0.7272727272727273,0.5636363636363636,1.0,1.0,1.0,1.0,0.7532467532467533,1.0,1.0,0.675,0.675,1.0
147,sentiment,no,0,1.0,1.0,0.0,1.0,0.8,0.6,0.0,1.0,0.47619047619047616,0.875,0.5416666666666666,0.6,1.0,0.4666666666666667
148,positional,no,0,0.2727272727272727,0.5636363636363636,0.0,1.0,0.6,0.4,0.4,0.4,0.7532467532467533,0.5,0.5416666666666666,0.675,0.7666666666666667,0.4444444444444444
149,positional,no,0,1.0,1.0,1.0,1.0,1.0,1.0,1.0,1.0,1.0,1.0,1.0,1.0,1.0,1.0
150,counting,no,0,1.0,1.0,0.6363636363636364,0.4909090909090909,1.0,1.0,0.8,0.6,0.6883116883116883,1.0,0.875,0.6,0.5416666666666666,0.8
151,positional,no,1,0.9090909090909091,0.8181818181818182,1.0,1.0,0.4,0.4,1.0,1.0,0.9090909090909091,0.6,0.875,0.675,1.0,0.5333333333333333
152,attribute,no,0,0.18181818181818182,0.6727272727272727,0.36363636363636365,0.4909090909090909,0.2,0.6,0.8,0.6,0.5844155844155844,0.675,0.5,0.5416666666666666,0.4666666666666667,0.4444444444444444
153,counting,no,0,1.0,1.0,0.0,1.0,1.0,1.0,0.0,1.0,0.47619047619047616,1.0,0.5416666666666666,0.5416666666666666,1.0,0.4444444444444444
154,positional,no,0,0.5454545454545454,0.45454545454545453,1.0,1.0,0.8,0.6,0.6,0.4,0.6320346320346321,0.5,0.475,0.875,0.7666666666666667,0.5333333333333333
155,counting,no,0,0.09090909090909091,0.8181818181818182,0.36363636363636365,0.4909090909090909,0.6,0.4,0.2,0.6,0.6320346320346321,0.6,0.7666666666666667,0.475,0.5416666666666666,0.4666666666666667
156,object,no,0,1.0,1.0,1.0,1.0,1.0,1.0,0.8,0.6,1.0,1.0,0.875,1.0,0.875,0.8
157,positional,no,0,1.0,1.0,1.0,1.0,1.0,1.0,0.8,0.6,1.0,1.0,0.875,1.0,0.875,0.8
158,object,no,0,1.0,1.0,1.0,1.0,1.0,1.0,1.0,1.0,1.0,1.0,1.0,1.0,1.0,1.0
159,object,no,0,0.9090909090909091,0.8181818181818182,0.8181818181818182,0.6727272727272727,0.6,0.4,1.0,1.0,0.7532467532467533,0.675,0.875,0.6,0.7666666666666667,0.6444444444444445
160,sentiment,no,0,1.0,1.0,0.9090909090909091,0.8181818181818182,1.0,1.0,1.0,1.0,0.9090909090909091,1.0,1.0,0.875,0.875,1.0
161,counting,no,0,1.0,1.0,0.7272727272727273,0.5636363636363636,1.0,1.0,0.8,0.6,0.7532467532467533,1.0,0.875,0.675,0.6,0.8
162,object,no,0,1.0,1.0,1.0,1.0,1.0,1.0,1.0,1.0,1.0,1.0,1.0,1.0,1.0,1.0
163,counting,no,0,1.0,1.0,1.0,1.0,1.0,1.0,0.6,0.4,1.0,1.0,0.7666666666666667,1.0,0.7666666666666667,0.6444444444444445
164,positional,no,0,1.0,1.0,0.0,1.0,1.0,1.0,0.0,1.0,0.47619047619047616,1.0,0.5416666666666666,0.5416666666666666,1.0,0.4444444444444444
165,object,no,0,1.0,1.0,0.9090909090909091,0.8181818181818182,1.0,1.0,1.0,1.0,0.9090909090909091,1.0,1.0,0.875,0.875,1.0
166,attribute,no,0,0.9090909090909091,0.8181818181818182,0.0,1.0,1.0,1.0,0.2,0.6,0.4805194805194805,0.875,0.5416666666666666,0.5416666666666666,0.875,0.4666666666666667
167,object,no,0,1.0,1.0,0.5454545454545454,0.45454545454545453,0.8,0.6,0.8,0.6,0.6320346320346321,0.875,0.875,0.5,0.5,0.6444444444444445
168,attribute,no,0,1.0,1.0,1.0,1.0,1.0,1.0,1.0,1.0,1.0,1.0,1.0,1.0,1.0,1.0
169,counting,no,0,1.0,1.0,1.0,1.0,1.0,1.0,0.2,0.6,1.0,1.0,0.6,1.0,0.6,0.4666666666666667
170,object,no,0,0.6363636363636364,0.4909090909090909,0.5454545454545454,0.45454545454545453,1.0,1.0,0.4,0.4,0.4935064935064935,0.6,0.475,0.5416666666666666,0.4666666666666667,0.5333333333333333
172,attribute,no,1,0.45454545454545453,0.45454545454545453,0.8181818181818182,0.6727272727272727,0.6,0.4,1.0,1.0,0.5151515151515151,0.4666666666666667,0.5,0.6,0.7666666666666667,0.6444444444444445
173,attribute,no,0,0.9090909090909091,0.8181818181818182,0.9090909090909091,0.8181818181818182,1.0,1.0,0.4,0.4,0.8268398268398268,0.875,0.6,0.875,0.6,0.5333333333333333
174,object,no,0,1.0,1.0,0.8181818181818182,0.6727272727272727,1.0,1.0,0.8,0.6,0.8268398268398268,1.0,0.875,0.7666666666666667,0.675,0.8
175,positional,no,0,0.9090909090909091,0.8181818181818182,0.18181818181818182,0.6727272727272727,1.0,1.0,0.6,0.4,0.4805194805194805,0.875,0.675,0.475,0.5416666666666666,0.6444444444444445
176,object,no,0,1.0,1.0,1.0,1.0,1.0,1.0,0.8,0.6,1.0,1.0,0.875,1.0,0.875,0.8
177,object,no,0,1.0,1.0,0.9090909090909091,0.8181818181818182,1.0,1.0,1.0,1.0,0.9090909090909091,1.0,1.0,0.875,0.875,1.0
178,attribute,no,0,1.0,1.0,1.0,1.0,1.0,1.0,0.8,0.6,1.0,1.0,0.875,1.0,0.875,0.8
179,sentiment,no,0,1.0,1.0,0.09090909090909091,0.8181818181818182,0.4,0.4,0.2,0.6,0.4805194805194805,0.675,0.6,0.675,0.7666666666666667,0.5333333333333333
180,sentiment,no,0,1.0,1.0,0.45454545454545453,0.45454545454545453,1.0,1.0,0.4,0.4,0.5844155844155844,1.0,0.675,0.5,0.475,0.5333333333333333
182,object,no,0,1.0,1.0,1.0,1.0,1.0,1.0,1.0,1.0,1.0,1.0,1.0,1.0,1.0,1.0
183,positional,no,0,0.9090909090909091,0.8181818181818182,1.0,1.0,0.8,0.6,0.2,0.6,0.9090909090909091,0.7666666666666667,0.5416666666666666,0.875,0.6,0.4444444444444444
185,positional,no,0,0.2727272727272727,0.5636363636363636,1.0,1.0,1.0,1.0,0.8,0.6,0.5151515151515151,0.4666666666666667,0.475,1.0,0.875,0.8
186,object,no,0,1.0,1.0,1.0,1.0,1.0,1.0,0.8,0.6,1.0,1.0,0.875,1.0,0.875,0.8
187,attribute,no,0,0.9090909090909091,0.8181818181818182,0.9090909090909091,0.8181818181818182,0.4,0.4,0.8,0.6,0.8268398268398268,0.6,0.7666666666666667,0.6,0.7666666666666667,0.4666666666666667
188,attribute,no,1,0.9090909090909091,0.8181818181818182,1.0,1.0,0.6,0.4,0.8,0.6,0.9090909090909091,0.675,0.7666666666666667,0.7666666666666667,0.875,0.5333333333333333
189,object,no,0,1.0,1.0,0.8181818181818182,0.6727272727272727,1.0,1.0,1.0,1.0,0.8268398268398268,1.0,1.0,0.7666666666666667,0.7666666666666667,1.0
190,positional,no,0,1.0,1.0,1.0,1.0,1.0,1.0,0.8,0.6,1.0,1.0,0.875,1.0,0.875,0.8
191,attribute,no,0,0.9090909090909091,0.8181818181818182,0.36363636363636365,0.4909090909090909,0.8,0.6,0.2,0.6,0.5151515151515151,0.7666666666666667,0.5416666666666666,0.4666666666666667,0.5416666666666666,0.4444444444444444
192,counting,no,0,0.9090909090909091,0.8181818181818182,0.36363636363636365,0.4909090909090909,1.0,1.0,0.0,1.0,0.5151515151515151,0.875,0.5,0.475,0.6,0.4444444444444444
193,object,no,0,1.0,1.0,1.0,1.0,1.0,1.0,1.0,1.0,1.0,1.0,1.0,1.0,1.0,1.0
194,sentiment,no,0,0.6363636363636364,0.4909090909090909,0.0,1.0,0.8,0.6,0.0,1.0,0.5454545454545454,0.5416666666666666,0.475,0.6,1.0,0.4666666666666667
195,object,no,0,1.0,1.0,1.0,1.0,0.6,0.4,0.8,0.6,1.0,0.7666666666666667,0.875,0.7666666666666667,0.875,0.5333333333333333
196,counting,no,0,0.8181818181818182,0.6727272727272727,0.8181818181818182,0.6727272727272727,1.0,1.0,0.8,0.6,0.6883116883116883,0.7666666666666667,0.675,0.7666666666666667,0.675,0.8
197,object,no,0,1.0,1.0,1.0,1.0,1.0,1.0,0.8,0.6,1.0,1.0,0.875,1.0,0.875,0.8
199,positional,no,0,1.0,1.0,0.0,1.0,0.8,0.6,0.0,1.0,0.47619047619047616,0.875,0.5416666666666666,0.6,1.0,0.4666666666666667
200,positional,no,1,0.7272727272727273,0.5636363636363636,0.0,1.0,0.8,0.6,0.4,0.4,0.5151515151515151,0.6,0.5,0.6,0.7666666666666667,0.4666666666666667
201,object,no,0,0.09090909090909091,0.8181818181818182,0.09090909090909091,0.8181818181818182,0.2,0.6,0.0,1.0,0.8268398268398268,0.7666666666666667,0.875,0.7666666666666667,0.875,0.8
202,object,no,0,1.0,1.0,1.0,1.0,1.0,1.0,0.8,0.6,1.0,1.0,0.875,1.0,0.875,0.8
204,object,no,1,1.0,1.0,1.0,1.0,1.0,1.0,1.0,1.0,1.0,1.0,1.0,1.0,1.0,1.0
205,counting,no,0,0.9090909090909091,0.8181818181818182,0.5454545454545454,0.45454545454545453,1.0,1.0,0.4,0.4,0.5844155844155844,0.875,0.6,0.5416666666666666,0.4666666666666667,0.5333333333333333
206,positional,no,0,1.0,1.0,0.18181818181818182,0.6727272727272727,0.8,0.6,0.2,0.6,0.4935064935064935,0.875,0.6,0.5,0.675,0.4444444444444444
207,object,no,0,1.0,1.0,0.6363636363636364,0.4909090909090909,0.8,0.6,0.0,1.0,0.6883116883116883,0.875,0.5416666666666666,0.5416666666666666,0.475,0.4666666666666667
208,object,no,0,1.0,1.0,1.0,1.0,1.0,1.0,0.8,0.6,1.0,1.0,0.875,1.0,0.875,0.8
209,positional,no,0,1.0,1.0,0.09090909090909091,0.8181818181818182,1.0,1.0,0.2,0.6,0.4805194805194805,1.0,0.6,0.5,0.7666666666666667,0.4666666666666667
210,object,no,0,1.0,1.0,1.0,1.0,1.0,1.0,1.0,1.0,1.0,1.0,1.0,1.0,1.0,1.0
211,positional,no,0,1.0,1.0,1.0,1.0,1.0,1.0,0.8,0.6,1.0,1.0,0.875,1.0,0.875,0.8
212,object,no,0,1.0,1.0,0.9090909090909091,0.8181818181818182,1.0,1.0,1.0,1.0,0.9090909090909091,1.0,1.0,0.875,0.875,1.0
213,attribute,no,0,1.0,1.0,1.0,1.0,1.0,1.0,0.8,0.6,1.0,1.0,0.875,1.0,0.875,0.8
214,sentiment,no,0,1.0,1.0,1.0,1.0,1.0,1.0,1.0,1.0,1.0,1.0,1.0,1.0,1.0,1.0
215,positional,no,1,0.9090909090909091,0.8181818181818182,0.45454545454545453,0.45454545454545453,1.0,1.0,0.2,0.6,0.5454545454545454,0.875,0.5416666666666666,0.5,0.5,0.4666666666666667
216,sentiment,no,0,0.9090909090909091,0.8181818181818182,0.0,1.0,0.6,0.4,0.0,1.0,0.4805194805194805,0.675,0.5,0.675,1.0,0.5333333333333333
217,object,no,0,1.0,1.0,1.0,1.0,1.0,1.0,1.0,1.0,1.0,1.0,1.0,1.0,1.0,1.0
218,object,no,0,0.8181818181818182,0.6727272727272727,0.8181818181818182,0.6727272727272727,1.0,1.0,1.0,1.0,0.6883116883116883,0.7666666666666667,0.7666666666666667,0.7666666666666667,0.7666666666666667,1.0
219,attribute,no,0,1.0,1.0,1.0,1.0,1.0,1.0,1.0,1.0,1.0,1.0,1.0,1.0,1.0,1.0
220,attribute,no,0,1.0,1.0,1.0,1.0,0.4,0.4,0.8,0.6,1.0,0.675,0.875,0.675,0.875,0.4666666666666667
221,sentiment,no,0,1.0,1.0,0.0,1.0,0.8,0.6,0.0,1.0,0.47619047619047616,0.875,0.5416666666666666,0.6,1.0,0.4666666666666667
222,positional,no,1,0.9090909090909091,0.8181818181818182,0.09090909090909091,0.8181818181818182,0.4,0.4,0.2,0.6,0.47619047619047616,0.6,0.5416666666666666,0.675,0.7666666666666667,0.5333333333333333
223,attribute,no,0,0.5454545454545454,0.45454545454545453,0.18181818181818182,0.6727272727272727,0.4,0.4,0.0,1.0,0.5151515151515151,0.4666666666666667,0.5,0.6,0.7666666666666667,0.6444444444444445
224,sentiment,no,0,1.0,1.0,0.0,1.0,1.0,1.0,0.0,1.0,0.47619047619047616,1.0,0.5416666666666666,0.5416666666666666,1.0,0.4444444444444444
225,object,no,0,1.0,1.0,1.0,1.0,1.0,1.0,1.0,1.0,1.0,1.0,1.0,1.0,1.0,1.0
226,object,no,0,1.0,1.0,0.9090909090909091,0.8181818181818182,1.0,1.0,1.0,1.0,0.9090909090909091,1.0,1.0,0.875,0.875,1.0
227,counting,no,0,1.0,1.0,1.0,1.0,1.0,1.0,0.4,0.4,1.0,1.0,0.675,1.0,0.675,0.5333333333333333
228,counting,no,0,0.8181818181818182,0.6727272727272727,0.2727272727272727,0.5636363636363636,1.0,1.0,0.0,1.0,0.4805194805194805,0.7666666666666667,0.475,0.4666666666666667,0.675,0.4444444444444444
229,positional,no,0,0.6363636363636364,0.4909090909090909,0.0,1.0,0.8,0.6,0.6,0.4,0.5454545454545454,0.5416666666666666,0.5,0.6,0.675,0.5333333333333333
230,object,no,0,1.0,1.0,1.0,1.0,1.0,1.0,0.6,0.4,1.0,1.0,0.7666666666666667,1.0,0.7666666666666667,0.6444444444444445
231,object,no,0,1.0,1.0,1.0,1.0,1.0,1.0,1.0,1.0,1.0,1.0,1.0,1.0,1.0,1.0
232,positional,no,0,1.0,1.0,0.8181818181818182,0.6727272727272727,0.8,0.6,0.4,0.4,0.8268398268398268,0.875,0.675,0.675,0.5416666666666666,0.4666666666666667
233,sentiment,no,0,1.0,1.0,0.0,1.0,1.0,1.0,0.0,1.0,0.47619047619047616,1.0,0.5416666666666666,0.5416666666666666,1.0,0.4444444444444444
234,attribute,no,0,1.0,1.0,0.8181818181818182,0.6727272727272727,0.8,0.6,0.4,0.4,0.8268398268398268,0.875,0.675,0.675,0.5416666666666666,0.4666666666666667
235,positional,no,0,0.18181818181818182,0.6727272727272727,1.0,1.0,0.2,0.6,0.2,0.6,0.4935064935064935,0.675,0.675,0.6,0.6,0.6444444444444445
236,positional,no,0,1.0,1.0,1.0,1.0,1.0,1.0,0.6,0.4,1.0,1.0,0.7666666666666667,1.0,0.7666666666666667,0.6444444444444445
237,positional,no,0,1.0,1.0,1.0,1.0,1.0,1.0,1.0,1.0,1.0,1.0,1.0,1.0,1.0,1.0
238,object,no,1,1.0,1.0,1.0,1.0,1.0,1.0,0.8,0.6,1.0,1.0,0.875,1.0,0.875,0.8
240,object,no,0,1.0,1.0,0.9090909090909091,0.8181818181818182,1.0,1.0,1.0,1.0,0.9090909090909091,1.0,1.0,0.875,0.875,1.0
241,positional,no,0,1.0,1.0,0.6363636363636364,0.4909090909090909,1.0,1.0,0.4,0.4,0.6883116883116883,1.0,0.675,0.6,0.475,0.5333333333333333
242,counting,no,0,1.0,1.0,1.0,1.0,1.0,1.0,0.6,0.4,1.0,1.0,0.7666666666666667,1.0,0.7666666666666667,0.6444444444444445
243,counting,no,0,0.36363636363636365,0.4909090909090909,0.5454545454545454,0.45454545454545453,0.6,0.4,0.0,1.0,0.4805194805194805,0.475,0.6,0.475,0.5,0.5333333333333333
244,attribute,no,0,1.0,1.0,0.09090909090909091,0.8181818181818182,0.6,0.4,0.6,0.4,0.4805194805194805,0.7666666666666667,0.7666666666666667,0.6,0.6,0.4666666666666667
245,attribute,no,1,0.7272727272727273,0.5636363636363636,0.9090909090909091,0.8181818181818182,1.0,1.0,1.0,1.0,0.6883116883116883,0.675,0.675,0.875,0.875,1.0
246,positional,no,0,0.18181818181818182,0.6727272727272727,1.0,1.0,0.2,0.6,0.8,0.6,0.4935064935064935,0.675,0.5,0.6,0.875,0.4444444444444444
247,counting,no,1,0.0,1.0,1.0,1.0,0.6,0.4,1.0,1.0,0.47619047619047616,0.675,0.5416666666666666,0.7666666666666667,1.0,0.6444444444444445
248,counting,no,0,0.8181818181818182,0.6727272727272727,0.18181818181818182,0.6727272727272727,1.0,1.0,0.6,0.4,0.47619047619047616,0.7666666666666667,0.6,0.475,0.5416666666666666,0.6444444444444445
249,object,no,0,1.0,1.0,1.0,1.0,1.0,1.0,1.0,1.0,1.0,1.0,1.0,1.0,1.0,1.0
251,attribute,no,0,1.0,1.0,1.0,1.0,1.0,1.0,0.8,0.6,1.0,1.0,0.875,1.0,0.875,0.8
252,counting,no,0,0.9090909090909091,0.8181818181818182,0.0,1.0,1.0,1.0,0.0,1.0,0.4805194805194805,0.875,0.5,0.5416666666666666,1.0,0.4444444444444444
253,sentiment,no,0,1.0,1.0,1.0,1.0,1.0,1.0,1.0,1.0,1.0,1.0,1.0,1.0,1.0,1.0
255,counting,no,0,1.0,1.0,0.9090909090909091,0.8181818181818182,1.0,1.0,0.8,0.6,0.9090909090909091,1.0,0.875,0.875,0.7666666666666667,0.8
256,attribute,no,0,1.0,1.0,0.9090909090909091,0.8181818181818182,1.0,1.0,0.8,0.6,0.9090909090909091,1.0,0.875,0.875,0.7666666666666667,0.8
257,object,no,0,0.6363636363636364,0.4909090909090909,0.18181818181818182,0.6727272727272727,0.8,0.6,0.0,1.0,0.4935064935064935,0.5416666666666666,0.475,0.5,0.7666666666666667,0.4666666666666667
258,object,no,0,0.18181818181818182,0.6727272727272727,0.09090909090909091,0.8181818181818182,0.0,1.0,0.0,1.0,0.7532467532467533,0.7666666666666667,0.7666666666666667,0.875,0.875,1.0
259,counting,no,0,1.0,1.0,1.0,1.0,1.0,1.0,0.4,0.4,1.0,1.0,0.675,1.0,0.675,0.5333333333333333
260,attribute,no,0,1.0,1.0,1.0,1.0,0.6,0.4,0.8,0.6,1.0,0.7666666666666667,0.875,0.7666666666666667,0.875,0.5333333333333333
261,object,no,0,1.0,1.0,0.9090909090909091,0.8181818181818182,1.0,1.0,1.0,1.0,0.9090909090909091,1.0,1.0,0.875,0.875,1.0
262,attribute,no,0,1.0,1.0,1.0,1.0,1.0,1.0,0.8,0.6,1.0,1.0,0.875,1.0,0.875,0.8
263,attribute,no,0,1.0,1.0,1.0,1.0,1.0,1.0,0.8,0.6,1.0,1.0,0.875,1.0,0.875,0.8
264,attribute,no,0,1.0,1.0,1.0,1.0,1.0,1.0,1.0,1.0,1.0,1.0,1.0,1.0,1.0,1.0
265,attribute,no,0,1.0,1.0,1.0,1.0,1.0,1.0,1.0,1.0,1.0,1.0,1.0,1.0,1.0,1.0
266,positional,no,0,0.18181818181818182,0.6727272727272727,0.45454545454545453,0.45454545454545453,1.0,1.0,0.8,0.6,0.5454545454545454,0.475,0.5,0.5,0.475,0.8
269,attribute,no,0,1.0,1.0,0.0,1.0,1.0,1.0,0.2,0.6,0.47619047619047616,1.0,0.6,0.5416666666666666,0.875,0.4666666666666667
270,object,no,0,1.0,1.0,1.0,1.0,0.8,0.6,0.8,0.6,1.0,0.875,0.875,0.875,0.875,0.6444444444444445
271,counting,no,1,0.2727272727272727,0.5636363636363636,1.0,1.0,0.0,1.0,1.0,1.0,0.5151515151515151,0.675,0.4666666666666667,0.5416666666666666,1.0,0.4444444444444444
272,object,no,0,1.0,1.0,0.9090909090909091,0.8181818181818182,1.0,1.0,1.0,1.0,0.9090909090909091,1.0,1.0,0.875,0.875,1.0
274,object,no,0,1.0,1.0,0.9090909090909091,0.8181818181818182,1.0,1.0,0.6,0.4,0.9090909090909091,1.0,0.7666666666666667,0.875,0.675,0.6444444444444445
275,object,no,0,1.0,1.0,0.0,1.0,0.8,0.6,0.2,0.6,0.47619047619047616,0.875,0.6,0.6,0.875,0.4444444444444444
276,counting,no,0,1.0,1.0,0.2727272727272727,0.5636363636363636,1.0,1.0,0.0,1.0,0.5151515151515151,1.0,0.5416666666666666,0.4666666666666667,0.675,0.4444444444444444
277,object,no,0,1.0,1.0,1.0,1.0,1.0,1.0,1.0,1.0,1.0,1.0,1.0,1.0,1.0,1.0
278,positional,no,0,1.0,1.0,0.0,1.0,1.0,1.0,0.0,1.0,0.47619047619047616,1.0,0.5416666666666666,0.5416666666666666,1.0,0.4444444444444444
279,positional,no,0,0.8181818181818182,0.6727272727272727,1.0,1.0,1.0,1.0,0.8,0.6,0.8268398268398268,0.7666666666666667,0.675,1.0,0.875,0.8
280,sentiment,no,1,0.0,1.0,0.9090909090909091,0.8181818181818182,0.0,1.0,1.0,1.0,0.4805194805194805,1.0,0.5416666666666666,0.5,0.875,0.4444444444444444
281,object,no,0,1.0,1.0,1.0,1.0,1.0,1.0,0.8,0.6,1.0,1.0,0.875,1.0,0.875,0.8
282,object,no,0,1.0,1.0,1.0,1.0,1.0,1.0,1.0,1.0,1.0,1.0,1.0,1.0,1.0,1.0
283,positional,no,0,0.6363636363636364,0.4909090909090909,0.45454545454545453,0.45454545454545453,0.4,0.4,0.2,0.6,0.4805194805194805,0.475,0.4666666666666667,0.475,0.5,0.5333333333333333
284,object,no,0,1.0,1.0,0.0,1.0,0.8,0.6,0.4,0.4,0.47619047619047616,0.875,0.675,0.6,0.7666666666666667,0.4666666666666667
285,attribute,no,0,0.9090909090909091,0.8181818181818182,0.45454545454545453,0.45454545454545453,1.0,1.0,0.6,0.4,0.5454545454545454,0.875,0.675,0.5,0.4666666666666667,0.6444444444444445
286,object,no,0,0.9090909090909091,0.8181818181818182,0.8181818181818182,0.6727272727272727,1.0,1.0,0.8,0.6,0.7532467532467533,0.875,0.7666666666666667,0.7666666666666667,0.675,0.8
288,sentiment,no,0,1.0,1.0,0.7272727272727273,0.5636363636363636,1.0,1.0,1.0,1.0,0.7532467532467533,1.0,1.0,0.675,0.675,1.0
290,sentiment,no,0,1.0,1.0,0.0,1.0,1.0,1.0,0.0,1.0,0.47619047619047616,1.0,0.5416666666666666,0.5416666666666666,1.0,0.4444444444444444
291,object,no,0,1.0,1.0,1.0,1.0,1.0,1.0,1.0,1.0,1.0,1.0,1.0,1.0,1.0,1.0
292,attribute,no,0,1.0,1.0,1.0,1.0,1.0,1.0,1.0,1.0,1.0,1.0,1.0,1.0,1.0,1.0
293,attribute,no,0,1.0,1.0,0.9090909090909091,0.8181818181818182,0.8,0.6,1.0,1.0,0.9090909090909091,0.875,1.0,0.7666666666666667,0.875,0.8
294,attribute,no,0,0.6363636363636364,0.4909090909090909,0.2727272727272727,0.5636363636363636,0.4,0.4,0.2,0.6,0.4805194805194805,0.475,0.4666666666666667,0.5416666666666666,0.6,0.5333333333333333
295,object,no,0,0.8181818181818182,0.6727272727272727,0.7272727272727273,0.5636363636363636,0.8,0.6,0.4,0.4,0.6320346320346321,0.675,0.5416666666666666,0.6,0.5,0.4666666666666667
296,object,no,0,1.0,1.0,1.0,1.0,0.8,0.6,0.6,0.4,1.0,0.875,0.7666666666666667,0.875,0.7666666666666667,0.5333333333333333
297,counting,no,1,0.18181818181818182,0.6727272727272727,1.0,1.0,0.2,0.6,1.0,1.0,0.4935064935064935,0.675,0.475,0.6,1.0,0.4666666666666667
298,attribute,no,0,1.0,1.0,1.0,1.0,1.0,1.0,0.8,0.6,1.0,1.0,0.875,1.0,0.875,0.8
299,object,no,0,0.9090909090909091,0.8181818181818182,0.9090909090909091,0.8181818181818182,0.8,0.6,0.8,0.6,0.8268398268398268,0.7666666666666667,0.7666666666666667,0.7666666666666667,0.7666666666666667,0.6444444444444445
301,object,no,0,1.0,1.0,1.0,1.0,1.0,1.0,1.0,1.0,1.0,1.0,1.0,1.0,1.0,1.0
302,sentiment,no,0,1.0,1.0,0.5454545454545454,0.45454545454545453,1.0,1.0,1.0,1.0,0.6320346320346321,1.0,1.0,0.5416666666666666,0.5416666666666666,1.0
304,counting,no,0,1.0,1.0,0.09090909090909091,0.8181818181818182,1.0,1.0,0.2,0.6,0.4805194805194805,1.0,0.6,0.5,0.7666666666666667,0.4666666666666667
305,sentiment,no,0,1.0,1.0,0.9090909090909091,0.8181818181818182,1.0,1.0,1.0,1.0,0.9090909090909091,1.0,1.0,0.875,0.875,1.0
306,object,no,0,1.0,1.0,1.0,1.0,1.0,1.0,1.0,1.0,1.0,1.0,1.0,1.0,1.0,1.0
307,object,no,0,0.9090909090909091,0.8181818181818182,0.2727272727272727,0.5636363636363636,1.0,1.0,0.4,0.4,0.4935064935064935,0.875,0.6,0.4666666666666667,0.5416666666666666,0.5333333333333333
308,attribute,no,0,1.0,1.0,1.0,1.0,1.0,1.0,1.0,1.0,1.0,1.0,1.0,1.0,1.0,1.0
309,object,no,0,1.0,1.0,1.0,1.0,1.0,1.0,1.0,1.0,1.0,1.0,1.0,1.0,1.0,1.0
310,sentiment,no,0,0.6363636363636364,0.4909090909090909,0.0,1.0,0.8,0.6,0.2,0.6,0.5454545454545454,0.5416666666666666,0.4666666666666667,0.6,0.875,0.4444444444444444
311,object,no,0,0.9090909090909091,0.8181818181818182,0.09090909090909091,0.8181818181818182,1.0,1.0,0.0,1.0,0.47619047619047616,0.875,0.5,0.5,0.875,0.4444444444444444
312,attribute,no,0,1.0,1.0,0.8181818181818182,0.6727272727272727,1.0,1.0,0.8,0.6,0.8268398268398268,1.0,0.875,0.7666666666666667,0.675,0.8
313,attribute,no,1,0.9090909090909091,0.8181818181818182,1.0,1.0,0.8,0.6,1.0,1.0,0.9090909090909091,0.7666666666666667,0.875,0.875,1.0,0.8
314,positional,no,0,1.0,1.0,0.0,1.0,1.0,1.0,0.2,0.6,0.47619047619047616,1.0,0.6,0.5416666666666666,0.875,0.4666666666666667
315,positional,no,0,0.9090909090909091,0.8181818181818182,0.7272727272727273,0.5636363636363636,1.0,1.0,0.6,0.4,0.6883116883116883,0.875,0.675,0.675,0.5416666666666666,0.6444444444444445
316,object,no,0,1.0,1.0,0.9090909090909091,0.8181818181818182,0.8,0.6,0.8,0.6,0.9090909090909091,0.875,0.875,0.7666666666666667,0.7666666666666667,0.6444444444444445
319,counting,no,0,1.0,1.0,0.2727272727272727,0.5636363636363636,1.0,1.0,0.0,1.0,0.5151515151515151,1.0,0.5416666666666666,0.4666666666666667,0.675,0.4444444444444444
321,object,no,0,1.0,1.0,1.0,1.0,0.8,0.6,0.8,0.6,1.0,0.875,0.875,0.875,0.875,0.6444444444444445
322,object,no,0,1.0,1.0,1.0,1.0,1.0,1.0,0.8,0.6,1.0,1.0,0.875,1.0,0.875,0.8
323,positional,no,0,1.0,1.0,1.0,1.0,1.0,1.0,0.6,0.4,1.0,1.0,0.7666666666666667,1.0,0.7666666666666667,0.6444444444444445
324,positional,no,0,0.2727272727272727,0.5636363636363636,1.0,1.0,0.6,0.4,0.4,0.4,0.5151515151515151,0.5,0.5416666666666666,0.7666666666666667,0.675,0.4444444444444444
325,sentiment,no,0,1.0,1.0,0.0,1.0,1.0,1.0,0.0,1.0,0.47619047619047616,1.0,0.5416666666666666,0.5416666666666666,1.0,0.4444444444444444
326,counting,no,0,0.36363636363636365,0.4909090909090909,0.18181818181818182,0.6727272727272727,0.8,0.6,0.2,0.6,0.5844155844155844,0.4666666666666667,0.5416666666666666,0.5,0.675,0.4444444444444444
327,counting,no,1,1.0,1.0,0.9090909090909091,0.8181818181818182,1.0,1.0,0.6,0.4,0.9090909090909091,1.0,0.7666666666666667,0.875,0.675,0.6444444444444445
328,attribute,no,0,1.0,1.0,0.7272727272727273,0.5636363636363636,0.6,0.4,0.8,0.6,0.7532467532467533,0.7666666666666667,0.875,0.5416666666666666,0.6,0.5333333333333333
329,object,no,0,1.0,1.0,1.0,1.0,1.0,1.0,1.0,1.0,1.0,1.0,1.0,1.0,1.0,1.0
330,object,no,0,1.0,1.0,0.7272727272727273,0.5636363636363636,1.0,1.0,0.8,0.6,0.7532467532467533,1.0,0.875,0.675,0.6,0.8
331,attribute,no,0,1.0,1.0,0.7272727272727273,0.5636363636363636,1.0,1.0,1.0,1.0,0.7532467532467533,1.0,1.0,0.675,0.675,1.0
332,positional,no,0,1.0,1.0,0.9090909090909091,0.8181818181818182,1.0,1.0,0.8,0.6,0.9090909090909091,1.0,0.875,0.875,0.7666666666666667,0.8
333,attribute,no,0,0.9090909090909091,0.8181818181818182,0.6363636363636364,0.4909090909090909,1.0,1.0,0.0,1.0,0.6320346320346321,0.875,0.5,0.6,0.475,0.4444444444444444
334,positional,no,0,0.0,1.0,1.0,1.0,0.4,0.4,0.8,0.6,0.47619047619047616,0.7666666666666667,0.6,0.675,0.875,0.4666666666666667
335,object,no,1,0.8181818181818182,0.6727272727272727,0.8181818181818182,0.6727272727272727,1.0,1.0,1.0,1.0,0.6883116883116883,0.7666666666666667,0.7666666666666667,0.7666666666666667,0.7666666666666667,1.0
336,positional,no,1,1.0,1.0,0.0,1.0,1.0,1.0,0.2,0.6,0.47619047619047616,1.0,0.6,0.5416666666666666,0.875,0.4666666666666667
337,positional,no,0,1.0,1.0,1.0,1.0,1.0,1.0,0.6,0.4,1.0,1.0,0.7666666666666667,1.0,0.7666666666666667,0.6444444444444445
338,object,no,0,0.36363636363636365,0.4909090909090909,0.09090909090909091,0.8181818181818182,0.8,0.6,0.0,1.0,0.6320346320346321,0.4666666666666667,0.6,0.5416666666666666,0.875,0.4666666666666667
339,attribute,no,0,1.0,1.0,1.0,1.0,1.0,1.0,0.8,0.6,1.0,1.0,0.875,1.0,0.875,0.8
340,attribute,no,0,1.0,1.0,1.0,1.0,1.0,1.0,1.0,1.0,1.0,1.0,1.0,1.0,1.0,1.0
341,object,no,0,1.0,1.0,1.0,1.0,0.8,0.6,1.0,1.0,1.0,0.875,1.0,0.875,1.0,0.8
342,object,no,0,1.0,1.0,1.0,1.0,1.0,1.0,1.0,1.0,1.0,1.0,1.0,1.0,1.0,1.0
343,object,no,0,1.0,1.0,1.0,1.0,1.0,1.0,1.0,1.0,1.0,1.0,1.0,1.0,1.0,1.0
344,attribute,no,0,1.0,1.0,0.9090909090909091,0.8181818181818182,1.0,1.0,0.8,0.6,0.9090909090909091,1.0,0.875,0.875,0.7666666666666667,0.8
345,object,no,0,0.45454545454545453,0.45454545454545453,0.2727272727272727,0.5636363636363636,1.0,1.0,0.8,0.6,0.5151515151515151,0.5,0.475,0.4666666666666667,0.475,0.8
346,sentiment,no,0,0.0,1.0,0.0,1.0,0.0,1.0,0.0,1.0,1.0,1.0,1.0,1.0,1.0,1.0
347,positional,no,0,0.7272727272727273,0.5636363636363636,1.0,1.0,1.0,1.0,0.6,0.4,0.7532467532467533,0.675,0.5416666666666666,1.0,0.7666666666666667,0.6444444444444445
348,attribute,no,0,0.7272727272727273,0.5636363636363636,0.2727272727272727,0.5636363636363636,0.8,0.6,0.2,0.6,0.47619047619047616,0.6,0.475,0.475,0.6,0.4444444444444444
349,sentiment,no,0,1.0,1.0,0.7272727272727273,0.5636363636363636,1.0,1.0,0.8,0.6,0.7532467532467533,1.0,0.875,0.675,0.6,0.8
350,object,no,0,1.0,1.0,0.9090909090909091,0.8181818181818182,1.0,1.0,0.8,0.6,0.9090909090909091,1.0,0.875,0.875,0.7666666666666667,0.8
351,positional,no,0,1.0,1.0,0.9090909090909091,0.8181818181818182,1.0,1.0,0.8,0.6,0.9090909090909091,1.0,0.875,0.875,0.7666666666666667,0.8
352,attribute,no,0,1.0,1.0,1.0,1.0,1.0,1.0,1.0,1.0,1.0,1.0,1.0,1.0,1.0,1.0
353,positional,no,0,1.0,1.0,0.7272727272727273,0.5636363636363636,1.0,1.0,0.4,0.4,0.7532467532467533,1.0,0.675,0.675,0.5,0.5333333333333333
355,positional,no,0,1.0,1.0,1.0,1.0,1.0,1.0,0.8,0.6,1.0,1.0,0.875,1.0,0.875,0.8
356,attribute,no,1,0.5454545454545454,0.45454545454545453,0.8181818181818182,0.6727272727272727,0.6,0.4,0.6,0.4,0.5454545454545454,0.475,0.475,0.6,0.6,0.4666666666666667
357,attribute,no,0,1.0,1.0,1.0,1.0,1.0,1.0,0.8,0.6,1.0,1.0,0.875,1.0,0.875,0.8
358,counting,no,0,1.0,1.0,0.9090909090909091,0.8181818181818182,1.0,1.0,1.0,1.0,0.9090909090909091,1.0,1.0,0.875,0.875,1.0
359,attribute,no,0,0.6363636363636364,0.4909090909090909,0.0,1.0,0.8,0.6,0.2,0.6,0.5454545454545454,0.5416666666666666,0.4666666666666667,0.6,0.875,0.4444444444444444
360,object,no,0,1.0,1.0,1.0,1.0,1.0,1.0,1.0,1.0,1.0,1.0,1.0,1.0,1.0,1.0
361,object,no,0,1.0,1.0,0.9090909090909091,0.8181818181818182,1.0,1.0,1.0,1.0,0.9090909090909091,1.0,1.0,0.875,0.875,1.0
362,object,no,0,1.0,1.0,1.0,1.0,1.0,1.0,1.0,1.0,1.0,1.0,1.0,1.0,1.0,1.0
363,sentiment,no,0,1.0,1.0,0.18181818181818182,0.6727272727272727,1.0,1.0,0.2,0.6,0.4935064935064935,1.0,0.6,0.475,0.675,0.4666666666666667
365,counting,no,0,0.8181818181818182,0.6727272727272727,1.0,1.0,1.0,1.0,0.6,0.4,0.8268398268398268,0.7666666666666667,0.6,1.0,0.7666666666666667,0.6444444444444445
366,object,no,0,1.0,1.0,1.0,1.0,1.0,1.0,0.8,0.6,1.0,1.0,0.875,1.0,0.875,0.8
367,attribute,no,0,1.0,1.0,0.8181818181818182,0.6727272727272727,1.0,1.0,1.0,1.0,0.8268398268398268,1.0,1.0,0.7666666666666667,0.7666666666666667,1.0
368,attribute,no,0,0.8181818181818182,0.6727272727272727,0.36363636363636365,0.4909090909090909,0.4,0.4,0.6,0.4,0.4935064935064935,0.5416666666666666,0.6,0.5,0.475,0.4444444444444444
369,object,no,1,0.9090909090909091,0.8181818181818182,0.9090909090909091,0.8181818181818182,1.0,1.0,0.8,0.6,0.8268398268398268,0.875,0.7666666666666667,0.875,0.7666666666666667,0.8
370,positional,no,0,1.0,1.0,1.0,1.0,1.0,1.0,0.6,0.4,1.0,1.0,0.7666666666666667,1.0,0.7666666666666667,0.6444444444444445
371,positional,no,0,1.0,1.0,1.0,1.0,1.0,1.0,1.0,1.0,1.0,1.0,1.0,1.0,1.0,1.0
372,attribute,no,0,1.0,1.0,0.9090909090909091,0.8181818181818182,1.0,1.0,1.0,1.0,0.9090909090909091,1.0,1.0,0.875,0.875,1.0
373,positional,no,0,1.0,1.0,0.6363636363636364,0.4909090909090909,1.0,1.0,0.2,0.6,0.6883116883116883,1.0,0.6,0.6,0.4666666666666667,0.4666666666666667
374,object,no,0,1.0,1.0,0.7272727272727273,0.5636363636363636,1.0,1.0,0.8,0.6,0.7532467532467533,1.0,0.875,0.675,0.6,0.8
375,counting,no,0,0.0,1.0,0.18181818181818182,0.6727272727272727,0.2,0.6,0.2,0.6,0.8268398268398268,0.875,0.875,0.675,0.675,0.6444444444444445
376,positional,no,0,0.7272727272727273,0.5636363636363636,1.0,1.0,1.0,1.0,1.0,1.0,0.7532467532467533,0.675,0.675,1.0,1.0,1.0
377,object,no,0,1.0,1.0,1.0,1.0,1.0,1.0,1.0,1.0,1.0,1.0,1.0,1.0,1.0,1.0
378,object,no,0,1.0,1.0,0.7272727272727273,0.5636363636363636,1.0,1.0,0.2,0.6,0.7532467532467533,1.0,0.6,0.675,0.475,0.4666666666666667
379,object,no,1,0.6363636363636364,0.4909090909090909,1.0,1.0,0.8,0.6,1.0,1.0,0.6883116883116883,0.5416666666666666,0.6,0.875,1.0,0.8
380,attribute,no,0,1.0,1.0,1.0,1.0,1.0,1.0,1.0,1.0,1.0,1.0,1.0,1.0,1.0,1.0
381,counting,no,0,1.0,1.0,0.0,1.0,1.0,1.0,0.0,1.0,0.47619047619047616,1.0,0.5416666666666666,0.5416666666666666,1.0,0.4444444444444444
382,attribute,no,0,1.0,1.0,0.0,1.0,1.0,1.0,0.0,1.0,0.47619047619047616,1.0,0.5416666666666666,0.5416666666666666,1.0,0.4444444444444444
383,object,no,0,0.8181818181818182,0.6727272727272727,0.5454545454545454,0.45454545454545453,1.0,1.0,0.0,1.0,0.5454545454545454,0.7666666666666667,0.475,0.5416666666666666,0.5,0.4444444444444444
384,attribute,no,0,1.0,1.0,0.0,1.0,1.0,1.0,0.2,0.6,0.47619047619047616,1.0,0.6,0.5416666666666666,0.875,0.4666666666666667
385,sentiment,no,1,0.8181818181818182,0.6727272727272727,0.8181818181818182,0.6727272727272727,1.0,1.0,0.8,0.6,0.6883116883116883,0.7666666666666667,0.675,0.7666666666666667,0.675,0.8
386,attribute,no,0,0.9090909090909091,0.8181818181818182,0.8181818181818182,0.6727272727272727,1.0,1.0,0.8,0.6,0.7532467532467533,0.875,0.7666666666666667,0.7666666666666667,0.675,0.8
387,sentiment,no,0,1.0,1.0,1.0,1.0,0.8,0.6,0.4,0.4,1.0,0.875,0.675,0.875,0.675,0.4666666666666667
388,attribute,no,0,1.0,1.0,1.0,1.0,0.8,0.6,0.8,0.6,1.0,0.875,0.875,0.875,0.875,0.6444444444444445
389,positional,no,0,1.0,1.0,0.5454545454545454,0.45454545454545453,1.0,1.0,0.8,0.6,0.6320346320346321,1.0,0.875,0.5416666666666666,0.5,0.8
390,positional,no,0,1.0,1.0,0.0,1.0,1.0,1.0,0.4,0.4,0.47619047619047616,1.0,0.675,0.5416666666666666,0.7666666666666667,0.5333333333333333
391,counting,no,0,1.0,1.0,1.0,1.0,1.0,1.0,0.4,0.4,1.0,1.0,0.675,1.0,0.675,0.5333333333333333
392,object,no,0,0.8181818181818182,0.6727272727272727,0.18181818181818182,0.6727272727272727,0.8,0.6,1.0,1.0,0.47619047619047616,0.675,0.7666666666666667,0.5,0.475,0.8
393,attribute,no,0,1.0,1.0,0.6363636363636364,0.4909090909090909,0.6,0.4,0.6,0.4,0.6883116883116883,0.7666666666666667,0.7666666666666667,0.5,0.5,0.4666666666666667
394,positional,no,0,1.0,1.0,1.0,1.0,1.0,1.0,1.0,1.0,1.0,1.0,1.0,1.0,1.0,1.0
395,attribute,no,0,1.0,1.0,1.0,1.0,1.0,1.0,1.0,1.0,1.0,1.0,1.0,1.0,1.0,1.0
396,object,no,0,1.0,1.0,0.6363636363636364,0.4909090909090909,1.0,1.0,0.2,0.6,0.6883116883116883,1.0,0.6,0.6,0.4666666666666667,0.4666666666666667
397,sentiment,no,0,0.9090909090909091,0.8181818181818182,0.8181818181818182,0.6727272727272727,1.0,1.0,0.8,0.6,0.7532467532467533,0.875,0.7666666666666667,0.7666666666666667,0.675,0.8
398,object,no,1,1.0,1.0,1.0,1.0,1.0,1.0,1.0,1.0,1.0,1.0,1.0,1.0,1.0,1.0
399,object,no,0,1.0,1.0,1.0,1.0,0.8,0.6,0.8,0.6,1.0,0.875,0.875,0.875,0.875,0.6444444444444445
400,object,no,0,1.0,1.0,0.9090909090909091,0.8181818181818182,1.0,1.0,1.0,1.0,0.9090909090909091,1.0,1.0,0.875,0.875,1.0
401,attribute,no,0,1.0,1.0,1.0,1.0,1.0,1.0,0.6,0.4,1.0,1.0,0.7666666666666667,1.0,0.7666666666666667,0.6444444444444445
402,positional,no,0,1.0,1.0,0.0,1.0,1.0,1.0,0.0,1.0,0.47619047619047616,1.0,0.5416666666666666,0.5416666666666666,1.0,0.4444444444444444
403,object,no,1,1.0,1.0,1.0,1.0,1.0,1.0,1.0,1.0,1.0,1.0,1.0,1.0,1.0,1.0
405,attribute,no,0,0.5454545454545454,0.45454545454545453,0.0,1.0,0.6,0.4,0.0,1.0,0.5844155844155844,0.475,0.5,0.675,1.0,0.5333333333333333
406,attribute,no,0,1.0,1.0,1.0,1.0,1.0,1.0,1.0,1.0,1.0,1.0,1.0,1.0,1.0,1.0
407,positional,no,0,1.0,1.0,0.0,1.0,1.0,1.0,0.2,0.6,0.47619047619047616,1.0,0.6,0.5416666666666666,0.875,0.4666666666666667
408,positional,no,0,0.6363636363636364,0.4909090909090909,0.09090909090909091,0.8181818181818182,0.8,0.6,0.2,0.6,0.5151515151515151,0.5416666666666666,0.4666666666666667,0.5416666666666666,0.7666666666666667,0.4444444444444444
409,sentiment,no,1,0.45454545454545453,0.45454545454545453,0.09090909090909091,0.8181818181818182,0.8,0.6,0.6,0.4,0.5844155844155844,0.475,0.4666666666666667,0.5416666666666666,0.6,0.5333333333333333
410,counting,no,0,1.0,1.0,1.0,1.0,1.0,1.0,0.4,0.4,1.0,1.0,0.675,1.0,0.675,0.5333333333333333
412,attribute,no,0,0.7272727272727273,0.5636363636363636,0.09090909090909091,0.8181818181818182,1.0,1.0,0.0,1.0,0.4935064935064935,0.675,0.4666666666666667,0.5,0.875,0.4444444444444444
413,object,no,0,1.0,1.0,0.6363636363636364,0.4909090909090909,1.0,1.0,0.6,0.4,0.6883116883116883,1.0,0.7666666666666667,0.6,0.5,0.6444444444444445
415,object,no,0,1.0,1.0,1.0,1.0,1.0,1.0,0.8,0.6,1.0,1.0,0.875,1.0,0.875,0.8
416,object,no,0,1.0,1.0,0.8181818181818182,0.6727272727272727,0.8,0.6,1.0,1.0,0.8268398268398268,0.875,1.0,0.675,0.7666666666666667,0.8
417,sentiment,no,0,1.0,1.0,0.7272727272727273,0.5636363636363636,1.0,1.0,0.8,0.6,0.7532467532467533,1.0,0.875,0.675,0.6,0.8
418,object,no,0,1.0,1.0,0.8181818181818182,0.6727272727272727,1.0,1.0,1.0,1.0,0.8268398268398268,1.0,1.0,0.7666666666666667,0.7666666666666667,1.0
419,attribute,no,0,1.0,1.0,0.18181818181818182,0.6727272727272727,0.8,0.6,0.4,0.4,0.4935064935064935,0.875,0.675,0.5,0.6,0.4666666666666667
421,object,no,0,1.0,1.0,1.0,1.0,1.0,1.0,1.0,1.0,1.0,1.0,1.0,1.0,1.0,1.0
422,counting,no,0,0.18181818181818182,0.6727272727272727,0.0,1.0,0.8,0.6,0.0,1.0,0.8268398268398268,0.5,0.7666666666666667,0.6,1.0,0.4666666666666667
423,positional,no,0,1.0,1.0,0.09090909090909091,0.8181818181818182,1.0,1.0,0.2,0.6,0.4805194805194805,1.0,0.6,0.5,0.7666666666666667,0.4666666666666667
424,object,no,1,0.36363636363636365,0.4909090909090909,0.6363636363636364,0.4909090909090909,0.4,0.4,1.0,1.0,0.47619047619047616,0.5,0.475,0.475,0.6,0.5333333333333333
425,attribute,no,0,1.0,1.0,0.9090909090909091,0.8181818181818182,1.0,1.0,0.8,0.6,0.9090909090909091,1.0,0.875,0.875,0.7666666666666667,0.8
426,object,no,0,1.0,1.0,1.0,1.0,1.0,1.0,1.0,1.0,1.0,1.0,1.0,1.0,1.0,1.0
428,attribute,no,0,1.0,1.0,0.9090909090909091,0.8181818181818182,1.0,1.0,0.8,0.6,0.9090909090909091,1.0,0.875,0.875,0.7666666666666667,0.8
429,object,no,0,1.0,1.0,1.0,1.0,0.8,0.6,1.0,1.0,1.0,0.875,1.0,0.875,1.0,0.8
430,counting,no,0,1.0,1.0,0.0,1.0,1.0,1.0,0.2,0.6,0.47619047619047616,1.0,0.6,0.5416666666666666,0.875,0.4666666666666667
431,positional,no,0,1.0,1.0,0.0,1.0,0.4,0.4,0.2,0.6,0.47619047619047616,0.675,0.6,0.7666666666666667,0.875,0.5333333333333333
432,counting,no,0,1.0,1.0,1.0,1.0,1.0,1.0,0.6,0.4,1.0,1.0,0.7666666666666667,1.0,0.7666666666666667,0.6444444444444445
434,counting,no,0,1.0,1.0,0.0,1.0,1.0,1.0,0.0,1.0,0.47619047619047616,1.0,0.5416666666666666,0.5416666666666666,1.0,0.4444444444444444
435,sentiment,no,0,1.0,1.0,0.0,1.0,0.8,0.6,0.0,1.0,0.47619047619047616,0.875,0.5416666666666666,0.6,1.0,0.4666666666666667
436,object,no,0,0.6363636363636364,0.4909090909090909,0.2727272727272727,0.5636363636363636,1.0,1.0,0.8,0.6,0.4805194805194805,0.6,0.5416666666666666,0.4666666666666667,0.475,0.8
437,counting,no,0,1.0,1.0,0.0,1.0,1.0,1.0,0.0,1.0,0.47619047619047616,1.0,0.5416666666666666,0.5416666666666666,1.0,0.4444444444444444
438,attribute,no,0,1.0,1.0,1.0,1.0,1.0,1.0,0.8,0.6,1.0,1.0,0.875,1.0,0.875,0.8
439,positional,no,1,0.9090909090909091,0.8181818181818182,0.09090909090909091,0.8181818181818182,0.6,0.4,0.2,0.6,0.47619047619047616,0.675,0.5416666666666666,0.6,0.7666666666666667,0.4666666666666667
440,object,no,0,1.0,1.0,1.0,1.0,1.0,1.0,1.0,1.0,1.0,1.0,1.0,1.0,1.0,1.0
441,counting,no,0,0.8181818181818182,0.6727272727272727,0.0,1.0,1.0,1.0,0.0,1.0,0.4935064935064935,0.7666666666666667,0.475,0.5416666666666666,1.0,0.4444444444444444
442,object,no,0,1.0,1.0,1.0,1.0,1.0,1.0,0.8,0.6,1.0,1.0,0.875,1.0,0.875,0.8
443,object,no,0,1.0,1.0,0.09090909090909091,0.8181818181818182,0.8,0.6,0.0,1.0,0.4805194805194805,0.875,0.5416666666666666,0.5416666666666666,0.875,0.4666666666666667
444,object,no,0,1.0,1.0,0.0,1.0,1.0,1.0,0.6,0.4,0.47619047619047616,1.0,0.7666666666666667,0.5416666666666666,0.675,0.6444444444444445
445,sentiment,no,0,1.0,1.0,0.0,1.0,0.8,0.6,0.0,1.0,0.47619047619047616,0.875,0.5416666666666666,0.6,1.0,0.4666666666666667
446,counting,no,0,0.2727272727272727,0.5636363636363636,0.9090909090909091,0.8181818181818182,0.2,0.6,0.8,0.6,0.4935064935064935,0.6,0.475,0.5416666666666666,0.7666666666666667,0.4444444444444444
447,counting,no,0,1.0,1.0,0.09090909090909091,0.8181818181818182,1.0,1.0,0.0,1.0,0.4805194805194805,1.0,0.5416666666666666,0.5,0.875,0.4444444444444444
448,positional,no,0,0.45454545454545453,0.45454545454545453,0.0,1.0,0.8,0.6,0.0,1.0,0.6320346320346321,0.475,0.5416666666666666,0.6,1.0,0.4666666666666667
449,counting,no,0,1.0,1.0,0.36363636363636365,0.4909090909090909,1.0,1.0,0.2,0.6,0.5454545454545454,1.0,0.6,0.475,0.5416666666666666,0.4666666666666667
450,object,no,0,1.0,1.0,0.9090909090909091,0.8181818181818182,1.0,1.0,1.0,1.0,0.9090909090909091,1.0,1.0,0.875,0.875,1.0
451,positional,no,0,0.8181818181818182,0.6727272727272727,0.9090909090909091,0.8181818181818182,0.8,0.6,1.0,1.0,0.7532467532467533,0.675,0.7666666666666667,0.7666666666666667,0.875,0.8
452,attribute,no,0,1.0,1.0,0.0,1.0,1.0,1.0,0.0,1.0,0.47619047619047616,1.0,0.5416666666666666,0.5416666666666666,1.0,0.4444444444444444
454,counting,no,0,1.0,1.0,1.0,1.0,1.0,1.0,0.8,0.6,1.0,1.0,0.875,1.0,0.875,0.8
455,object,no,0,1.0,1.0,1.0,1.0,0.8,0.6,0.8,0.6,1.0,0.875,0.875,0.875,0.875,0.6444444444444445
456,object,no,0,1.0,1.0,1.0,1.0,1.0,1.0,1.0,1.0,1.0,1.0,1.0,1.0,1.0,1.0
457,counting,no,0,0.9090909090909091,0.8181818181818182,0.0,1.0,1.0,1.0,0.0,1.0,0.4805194805194805,0.875,0.5,0.5416666666666666,1.0,0.4444444444444444
458,counting,no,0,1.0,1.0,0.18181818181818182,0.6727272727272727,1.0,1.0,0.2,0.6,0.4935064935064935,1.0,0.6,0.475,0.675,0.4666666666666667
459,object,no,0,0.36363636363636365,0.4909090909090909,0.0,1.0,1.0,1.0,0.0,1.0,0.6883116883116883,0.475,0.6,0.5416666666666666,1.0,0.4444444444444444
460,attribute,no,0,0.7272727272727273,0.5636363636363636,0.6363636363636364,0.4909090909090909,1.0,1.0,0.6,0.4,0.5454545454545454,0.675,0.5416666666666666,0.6,0.5,0.6444444444444445
461,object,no,0,1.0,1.0,1.0,1.0,1.0,1.0,0.8,0.6,1.0,1.0,0.875,1.0,0.875,0.8
462,object,no,0,1.0,1.0,1.0,1.0,1.0,1.0,1.0,1.0,1.0,1.0,1.0,1.0,1.0,1.0
463,counting,no,0,1.0,1.0,0.36363636363636365,0.4909090909090909,1.0,1.0,0.8,0.6,0.5454545454545454,1.0,0.875,0.475,0.4666666666666667,0.8
464,counting,no,0,0.09090909090909091,0.8181818181818182,1.0,1.0,0.6,0.4,0.6,0.4,0.4805194805194805,0.6,0.6,0.7666666666666667,0.7666666666666667,0.4666666666666667
465,positional,no,1,1.0,1.0,1.0,1.0,0.8,0.6,1.0,1.0,1.0,0.875,1.0,0.875,1.0,0.8
466,counting,no,0,0.2727272727272727,0.5636363636363636,0.0,1.0,0.0,1.0,0.4,0.4,0.7532467532467533,0.675,0.5416666666666666,1.0,0.7666666666666667,0.6444444444444445
467,object,no,0,1.0,1.0,0.9090909090909091,0.8181818181818182,1.0,1.0,1.0,1.0,0.9090909090909091,1.0,1.0,0.875,0.875,1.0
468,counting,no,0,0.8181818181818182,0.6727272727272727,0.36363636363636365,0.4909090909090909,1.0,1.0,0.0,1.0,0.4935064935064935,0.7666666666666667,0.475,0.475,0.6,0.4444444444444444
469,object,no,1,1.0,1.0,1.0,1.0,1.0,1.0,0.8,0.6,1.0,1.0,0.875,1.0,0.875,0.8
470,object,no,0,1.0,1.0,0.7272727272727273,0.5636363636363636,1.0,1.0,0.6,0.4,0.7532467532467533,1.0,0.7666666666666667,0.675,0.5416666666666666,0.6444444444444445
471,object,no,0,0.9090909090909091,0.8181818181818182,0.8181818181818182,0.6727272727272727,1.0,1.0,0.6,0.4,0.7532467532467533,0.875,0.675,0.7666666666666667,0.6,0.6444444444444445
472,positional,no,0,0.2727272727272727,0.5636363636363636,0.9090909090909091,0.8181818181818182,0.6,0.4,0.6,0.4,0.4935064935064935,0.5,0.5,0.675,0.675,0.4666666666666667
474,object,no,0,1.0,1.0,1.0,1.0,1.0,1.0,1.0,1.0,1.0,1.0,1.0,1.0,1.0,1.0
475,object,no,0,1.0,1.0,1.0,1.0,1.0,1.0,1.0,1.0,1.0,1.0,1.0,1.0,1.0,1.0
477,positional,no,0,0.2727272727272727,0.5636363636363636,1.0,1.0,0.4,0.4,0.6,0.4,0.5151515151515151,0.5416666666666666,0.5,0.675,0.7666666666666667,0.4444444444444444
478,attribute,no,0,1.0,1.0,1.0,1.0,1.0,1.0,1.0,1.0,1.0,1.0,1.0,1.0,1.0,1.0
479,sentiment,no,0,0.0,1.0,0.0,1.0,0.4,0.4,0.0,1.0,1.0,0.7666666666666667,1.0,0.7666666666666667,1.0,0.6444444444444445
480,attribute,no,0,1.0,1.0,1.0,1.0,1.0,1.0,1.0,1.0,1.0,1.0,1.0,1.0,1.0,1.0
481,counting,no,0,1.0,1.0,0.18181818181818182,0.6727272727272727,1.0,1.0,0.0,1.0,0.4935064935064935,1.0,0.5416666666666666,0.475,0.7666666666666667,0.4444444444444444
482,object,no,0,1.0,1.0,0.7272727272727273,0.5636363636363636,0.8,0.6,1.0,1.0,0.7532467532467533,0.875,1.0,0.6,0.675,0.8
483,sentiment,no,0,1.0,1.0,0.7272727272727273,0.5636363636363636,1.0,1.0,1.0,1.0,0.7532467532467533,1.0,1.0,0.675,0.675,1.0
484,attribute,no,0,1.0,1.0,0.0,1.0,1.0,1.0,0.6,0.4,0.47619047619047616,1.0,0.7666666666666667,0.5416666666666666,0.675,0.6444444444444445
485,positional,no,0,1.0,1.0,1.0,1.0,1.0,1.0,0.8,0.6,1.0,1.0,0.875,1.0,0.875,0.8
486,object,no,0,1.0,1.0,1.0,1.0,1.0,1.0,1.0,1.0,1.0,1.0,1.0,1.0,1.0,1.0
487,object,no,1,0.9090909090909091,0.8181818181818182,0.9090909090909091,0.8181818181818182,1.0,1.0,1.0,1.0,0.8268398268398268,0.875,0.875,0.875,0.875,1.0
488,object,no,0,1.0,1.0,0.9090909090909091,0.8181818181818182,1.0,1.0,1.0,1.0,0.9090909090909091,1.0,1.0,0.875,0.875,1.0
489,counting,no,0,0.7272727272727273,0.5636363636363636,0.5454545454545454,0.45454545454545453,1.0,1.0,0.0,1.0,0.5151515151515151,0.675,0.4666666666666667,0.5416666666666666,0.5,0.4444444444444444
490,object,no,0,1.0,1.0,1.0,1.0,1.0,1.0,1.0,1.0,1.0,1.0,1.0,1.0,1.0,1.0
491,object,no,0,1.0,1.0,0.2727272727272727,0.5636363636363636,1.0,1.0,0.4,0.4,0.5151515151515151,1.0,0.675,0.4666666666666667,0.5416666666666666,0.5333333333333333
492,object,no,0,1.0,1.0,1.0,1.0,1.0,1.0,0.6,0.4,1.0,1.0,0.7666666666666667,1.0,0.7666666666666667,0.6444444444444445
493,object,no,0,1.0,1.0,0.9090909090909091,0.8181818181818182,1.0,1.0,1.0,1.0,0.9090909090909091,1.0,1.0,0.875,0.875,1.0
494,positional,no,0,1.0,1.0,0.0,1.0,1.0,1.0,0.0,1.0,0.47619047619047616,1.0,0.5416666666666666,0.5416666666666666,1.0,0.4444444444444444
496,attribute,no,0,1.0,1.0,1.0,1.0,1.0,1.0,1.0,1.0,1.0,1.0,1.0,1.0,1.0,1.0
497,object,no,0,1.0,1.0,1.0,1.0,0.8,0.6,0.4,0.4,1.0,0.875,0.675,0.875,0.675,0.4666666666666667
498,counting,no,0,1.0,1.0,0.6363636363636364,0.4909090909090909,0.8,0.6,0.4,0.4,0.6883116883116883,0.875,0.675,0.5416666666666666,0.475,0.4666666666666667
499,counting,no,0,1.0,1.0,0.0,1.0,1.0,1.0,0.0,1.0,0.47619047619047616,1.0,0.5416666666666666,0.5416666666666666,1.0,0.4444444444444444
500,object,no,1,1.0,1.0,1.0,1.0,1.0,1.0,1.0,1.0,1.0,1.0,1.0,1.0,1.0,1.0
501,counting,no,0,1.0,1.0,1.0,1.0,1.0,1.0,1.0,1.0,1.0,1.0,1.0,1.0,1.0,1.0
502,sentiment,no,0,0.2727272727272727,0.5636363636363636,0.0,1.0,0.0,1.0,0.2,0.6,0.7532467532467533,0.675,0.6,1.0,0.875,0.8
503,attribute,no,0,0.8181818181818182,0.6727272727272727,0.2727272727272727,0.5636363636363636,0.8,0.6,0.2,0.6,0.4805194805194805,0.675,0.5,0.475,0.6,0.4444444444444444
504,positional,no,0,0.8181818181818182,0.6727272727272727,0.7272727272727273,0.5636363636363636,0.8,0.6,1.0,1.0,0.6320346320346321,0.675,0.7666666666666667,0.6,0.675,0.8
505,counting,no,0,0.36363636363636365,0.4909090909090909,0.0,1.0,1.0,1.0,0.2,0.6,0.6883116883116883,0.475,0.5416666666666666,0.5416666666666666,0.875,0.4666666666666667
506,object,no,0,1.0,1.0,0.8181818181818182,0.6727272727272727,1.0,1.0,1.0,1.0,0.8268398268398268,1.0,1.0,0.7666666666666667,0.7666666666666667,1.0
509,counting,no,0,0.36363636363636365,0.4909090909090909,0.0,1.0,0.4,0.4,0.4,0.4,0.6883116883116883,0.5,0.5,0.7666666666666667,0.7666666666666667,0.4666666666666667
510,attribute,no,0,1.0,1.0,0.45454545454545453,0.45454545454545453,0.8,0.6,0.4,0.4,0.5844155844155844,0.875,0.675,0.475,0.475,0.4666666666666667
512,counting,no,0,1.0,1.0,0.09090909090909091,0.8181818181818182,1.0,1.0,0.0,1.0,0.4805194805194805,1.0,0.5416666666666666,0.5,0.875,0.4444444444444444
514,counting,no,0,1.0,1.0,0.09090909090909091,0.8181818181818182,1.0,1.0,0.0,1.0,0.4805194805194805,1.0,0.5416666666666666,0.5,0.875,0.4444444444444444
515,object,no,0,1.0,1.0,1.0,1.0,1.0,1.0,1.0,1.0,1.0,1.0,1.0,1.0,1.0,1.0
516,attribute,no,0,1.0,1.0,0.8181818181818182,0.6727272727272727,0.6,0.4,0.6,0.4,0.8268398268398268,0.7666666666666667,0.7666666666666667,0.6,0.6,0.4666666666666667
518,object,no,0,1.0,1.0,1.0,1.0,1.0,1.0,0.8,0.6,1.0,1.0,0.875,1.0,0.875,0.8
521,object,no,0,1.0,1.0,0.6363636363636364,0.4909090909090909,1.0,1.0,1.0,1.0,0.6883116883116883,1.0,1.0,0.6,0.6,1.0
522,counting,no,0,0.9090909090909091,0.8181818181818182,0.0,1.0,1.0,1.0,0.0,1.0,0.4805194805194805,0.875,0.5,0.5416666666666666,1.0,0.4444444444444444
523,sentiment,no,0,0.09090909090909091,0.8181818181818182,0.0,1.0,0.4,0.4,0.0,1.0,0.9090909090909091,0.675,0.875,0.7666666666666667,1.0,0.6444444444444445
524,object,no,0,1.0,1.0,1.0,1.0,1.0,1.0,1.0,1.0,1.0,1.0,1.0,1.0,1.0,1.0
525,sentiment,no,0,0.36363636363636365,0.4909090909090909,0.09090909090909091,0.8181818181818182,0.2,0.6,0.0,1.0,0.6320346320346321,0.5416666666666666,0.6,0.7666666666666667,0.875,0.8
526,sentiment,no,0,1.0,1.0,1.0,1.0,1.0,1.0,1.0,1.0,1.0,1.0,1.0,1.0,1.0,1.0
527,sentiment,no,0,1.0,1.0,0.0,1.0,1.0,1.0,0.0,1.0,0.47619047619047616,1.0,0.5416666666666666,0.5416666666666666,1.0,0.4444444444444444
528,positional,no,0,1.0,1.0,0.0,1.0,1.0,1.0,0.0,1.0,0.47619047619047616,1.0,0.5416666666666666,0.5416666666666666,1.0,0.4444444444444444
529,counting,no,0,0.45454545454545453,0.45454545454545453,0.0,1.0,0.2,0.6,0.4,0.4,0.6320346320346321,0.5,0.475,0.875,0.7666666666666667,0.5333333333333333
530,attribute,no,0,1.0,1.0,1.0,1.0,1.0,1.0,1.0,1.0,1.0,1.0,1.0,1.0,1.0,1.0
531,object,no,0,0.36363636363636365,0.4909090909090909,0.18181818181818182,0.6727272727272727,0.0,1.0,0.0,1.0,0.5844155844155844,0.6,0.6,0.7666666666666667,0.7666666666666667,1.0
532,positional,no,0,1.0,1.0,1.0,1.0,1.0,1.0,0.8,0.6,1.0,1.0,0.875,1.0,0.875,0.8
534,attribute,no,0,0.9090909090909091,0.8181818181818182,1.0,1.0,1.0,1.0,1.0,1.0,0.9090909090909091,0.875,0.875,1.0,1.0,1.0
535,object,no,0,1.0,1.0,0.9090909090909091,0.8181818181818182,1.0,1.0,0.6,0.4,0.9090909090909091,1.0,0.7666666666666667,0.875,0.675,0.6444444444444445
536,positional,no,1,1.0,1.0,0.09090909090909091,0.8181818181818182,0.8,0.6,0.4,0.4,0.4805194805194805,0.875,0.675,0.5416666666666666,0.675,0.4666666666666667
537,positional,no,0,0.6363636363636364,0.4909090909090909,1.0,1.0,0.4,0.4,0.6,0.4,0.6883116883116883,0.475,0.5,0.675,0.7666666666666667,0.4444444444444444
538,attribute,no,0,0.36363636363636365,0.4909090909090909,0.2727272727272727,0.5636363636363636,0.0,1.0,0.0,1.0,0.5454545454545454,0.6,0.6,0.675,0.675,1.0
539,positional,no,0,1.0,1.0,1.0,1.0,1.0,1.0,0.8,0.6,1.0,1.0,0.875,1.0,0.875,0.8
540,sentiment,no,0,0.2727272727272727,0.5636363636363636,0.0,1.0,0.2,0.6,0.0,1.0,0.7532467532467533,0.6,0.675,0.875,1.0,0.8
541,sentiment,no,0,1.0,1.0,0.0,1.0,1.0,1.0,0.0,1.0,0.47619047619047616,1.0,0.5416666666666666,0.5416666666666666,1.0,0.4444444444444444
542,positional,no,0,0.9090909090909091,0.8181818181818182,0.0,1.0,0.8,0.6,0.0,1.0,0.4805194805194805,0.7666666666666667,0.5,0.6,1.0,0.4666666666666667
543,object,no,0,1.0,1.0,0.0,1.0,1.0,1.0,0.0,1.0,0.47619047619047616,1.0,0.5416666666666666,0.5416666666666666,1.0,0.4444444444444444
544,object,no,0,1.0,1.0,1.0,1.0,1.0,1.0,0.6,0.4,1.0,1.0,0.7666666666666667,1.0,0.7666666666666667,0.6444444444444445
545,object,no,0,1.0,1.0,1.0,1.0,1.0,1.0,1.0,1.0,1.0,1.0,1.0,1.0,1.0,1.0
546,positional,no,0,1.0,1.0,0.09090909090909091,0.8181818181818182,1.0,1.0,0.4,0.4,0.4805194805194805,1.0,0.675,0.5,0.675,0.5333333333333333
547,positional,no,0,1.0,1.0,1.0,1.0,1.0,1.0,1.0,1.0,1.0,1.0,1.0,1.0,1.0,1.0
548,attribute,no,0,1.0,1.0,1.0,1.0,1.0,1.0,1.0,1.0,1.0,1.0,1.0,1.0,1.0,1.0
549,positional,no,0,0.18181818181818182,0.6727272727272727,0.36363636363636365,0.4909090909090909,0.0,1.0,0.2,0.6,0.5844155844155844,0.7666666666666667,0.675,0.6,0.5416666666666666,0.8
550,object,no,0,1.0,1.0,1.0,1.0,1.0,1.0,0.8,0.6,1.0,1.0,0.875,1.0,0.875,0.8
551,counting,no,0,0.9090909090909091,0.8181818181818182,0.9090909090909091,0.8181818181818182,1.0,1.0,0.6,0.4,0.8268398268398268,0.875,0.675,0.875,0.675,0.6444444444444445
552,attribute,no,0,1.0,1.0,0.8181818181818182,0.6727272727272727,0.8,0.6,1.0,1.0,0.8268398268398268,0.875,1.0,0.675,0.7666666666666667,0.8
553,object,no,0,1.0,1.0,1.0,1.0,1.0,1.0,1.0,1.0,1.0,1.0,1.0,1.0,1.0,1.0
554,positional,no,0,0.7272727272727273,0.5636363636363636,1.0,1.0,1.0,1.0,0.6,0.4,0.7532467532467533,0.675,0.5416666666666666,1.0,0.7666666666666667,0.6444444444444445
555,sentiment,no,0,1.0,1.0,1.0,1.0,1.0,1.0,1.0,1.0,1.0,1.0,1.0,1.0,1.0,1.0
556,object,no,1,0.18181818181818182,0.6727272727272727,0.45454545454545453,0.45454545454545453,0.8,0.6,0.2,0.6,0.5454545454545454,0.5,0.675,0.475,0.5,0.4444444444444444
557,attribute,no,0,1.0,1.0,0.5454545454545454,0.45454545454545453,1.0,1.0,0.8,0.6,0.6320346320346321,1.0,0.875,0.5416666666666666,0.5,0.8
558,attribute,no,0,0.2727272727272727,0.5636363636363636,0.18181818181818182,0.6727272727272727,0.0,1.0,0.0,1.0,0.6320346320346321,0.675,0.675,0.7666666666666667,0.7666666666666667,1.0
559,attribute,no,0,1.0,1.0,0.9090909090909091,0.8181818181818182,1.0,1.0,1.0,1.0,0.9090909090909091,1.0,1.0,0.875,0.875,1.0
560,object,no,0,1.0,1.0,1.0,1.0,1.0,1.0,0.8,0.6,1.0,1.0,0.875,1.0,0.875,0.8
561,object,no,0,1.0,1.0,1.0,1.0,0.8,0.6,0.8,0.6,1.0,0.875,0.875,0.875,0.875,0.6444444444444445
562,counting,no,0,1.0,1.0,0.5454545454545454,0.45454545454545453,1.0,1.0,0.2,0.6,0.6320346320346321,1.0,0.6,0.5416666666666666,0.475,0.4666666666666667
563,attribute,no,0,1.0,1.0,0.8181818181818182,0.6727272727272727,0.8,0.6,0.8,0.6,0.8268398268398268,0.875,0.875,0.675,0.675,0.6444444444444445
564,attribute,no,0,1.0,1.0,0.45454545454545453,0.45454545454545453,1.0,1.0,0.4,0.4,0.5844155844155844,1.0,0.675,0.5,0.475,0.5333333333333333
565,object,no,0,1.0,1.0,0.8181818181818182,0.6727272727272727,1.0,1.0,1.0,1.0,0.8268398268398268,1.0,1.0,0.7666666666666667,0.7666666666666667,1.0
566,positional,no,1,1.0,1.0,0.0,1.0,0.8,0.6,0.2,0.6,0.47619047619047616,0.875,0.6,0.6,0.875,0.4444444444444444
567,object,no,0,1.0,1.0,1.0,1.0,0.6,0.4,0.4,0.4,1.0,0.7666666666666667,0.675,0.7666666666666667,0.675,0.4444444444444444
568,object,no,0,1.0,1.0,1.0,1.0,1.0,1.0,1.0,1.0,1.0,1.0,1.0,1.0,1.0,1.0
569,attribute,no,0,0.5454545454545454,0.45454545454545453,0.2727272727272727,0.5636363636363636,0.0,1.0,0.0,1.0,0.4935064935064935,0.5,0.5,0.675,0.675,1.0
570,attribute,no,0,1.0,1.0,1.0,1.0,1.0,1.0,0.8,0.6,1.0,1.0,0.875,1.0,0.875,0.8
571,attribute,no,0,1.0,1.0,1.0,1.0,1.0,1.0,1.0,1.0,1.0,1.0,1.0,1.0,1.0,1.0
574,attribute,no,0,1.0,1.0,1.0,1.0,1.0,1.0,1.0,1.0,1.0,1.0,1.0,1.0,1.0,1.0
575,attribute,no,0,0.8181818181818182,0.6727272727272727,0.18181818181818182,0.6727272727272727,0.8,0.6,0.0,1.0,0.47619047619047616,0.675,0.475,0.5,0.7666666666666667,0.4666666666666667
576,counting,no,0,0.6363636363636364,0.4909090909090909,0.0,1.0,1.0,1.0,0.2,0.6,0.5454545454545454,0.6,0.4666666666666667,0.5416666666666666,0.875,0.4666666666666667
578,sentiment,no,0,1.0,1.0,1.0,1.0,1.0,1.0,1.0,1.0,1.0,1.0,1.0,1.0,1.0,1.0
579,sentiment,no,0,0.9090909090909091,0.8181818181818182,0.0,1.0,0.4,0.4,0.0,1.0,0.4805194805194805,0.6,0.5,0.7666666666666667,1.0,0.6444444444444445
580,positional,no,0,1.0,1.0,0.0,1.0,1.0,1.0,0.2,0.6,0.47619047619047616,1.0,0.6,0.5416666666666666,0.875,0.4666666666666667
581,sentiment,no,0,1.0,1.0,0.09090909090909091,0.8181818181818182,1.0,1.0,0.0,1.0,0.4805194805194805,1.0,0.5416666666666666,0.5,0.875,0.4444444444444444
582,positional,no,0,1.0,1.0,1.0,1.0,1.0,1.0,1.0,1.0,1.0,1.0,1.0,1.0,1.0,1.0
583,positional,no,1,0.9090909090909091,0.8181818181818182,1.0,1.0,0.8,0.6,1.0,1.0,0.9090909090909091,0.7666666666666667,0.875,0.875,1.0,0.8
584,attribute,no,0,1.0,1.0,0.36363636363636365,0.4909090909090909,0.6,0.4,0.2,0.6,0.5454545454545454,0.7666666666666667,0.6,0.475,0.5416666666666666,0.4666666666666667
585,object,no,0,0.8181818181818182,0.6727272727272727,0.5454545454545454,0.45454545454545453,1.0,1.0,1.0,1.0,0.5454545454545454,0.7666666666666667,0.7666666666666667,0.5416666666666666,0.5416666666666666,1.0
586,positional,no,0,1.0,1.0,0.5454545454545454,0.45454545454545453,1.0,1.0,0.4,0.4,0.6320346320346321,1.0,0.675,0.5416666666666666,0.4666666666666667,0.5333333333333333
587,object,no,0,1.0,1.0,1.0,1.0,1.0,1.0,0.6,0.4,1.0,1.0,0.7666666666666667,1.0,0.7666666666666667,0.6444444444444445
588,positional,no,1,1.0,1.0,1.0,1.0,0.4,0.4,0.8,0.6,1.0,0.675,0.875,0.675,0.875,0.4666666666666667
589,counting,no,0,1.0,1.0,0.9090909090909091,0.8181818181818182,1.0,1.0,0.4,0.4,0.9090909090909091,1.0,0.675,0.875,0.6,0.5333333333333333
590,object,no,0,1.0,1.0,0.8181818181818182,0.6727272727272727,0.8,0.6,0.8,0.6,0.8268398268398268,0.875,0.875,0.675,0.675,0.6444444444444445
591,object,no,0,1.0,1.0,1.0,1.0,1.0,1.0,1.0,1.0,1.0,1.0,1.0,1.0,1.0,1.0
592,attribute,no,0,1.0,1.0,0.0,1.0,0.8,0.6,0.2,0.6,0.47619047619047616,0.875,0.6,0.6,0.875,0.4444444444444444
593,positional,no,1,1.0,1.0,1.0,1.0,0.8,0.6,1.0,1.0,1.0,0.875,1.0,0.875,1.0,0.8
594,attribute,no,0,1.0,1.0,0.9090909090909091,0.8181818181818182,1.0,1.0,1.0,1.0,0.9090909090909091,1.0,1.0,0.875,0.875,1.0
595,attribute,no,0,1.0,1.0,1.0,1.0,1.0,1.0,1.0,1.0,1.0,1.0,1.0,1.0,1.0,1.0
597,positional,no,0,1.0,1.0,1.0,1.0,1.0,1.0,1.0,1.0,1.0,1.0,1.0,1.0,1.0,1.0
598,counting,no,0,0.6363636363636364,0.4909090909090909,0.8181818181818182,0.6727272727272727,0.2,0.6,0.4,0.4,0.5844155844155844,0.4666666666666667,0.475,0.5,0.5416666666666666,0.5333333333333333
599,counting,no,0,1.0,1.0,0.36363636363636365,0.4909090909090909,1.0,1.0,0.2,0.6,0.5454545454545454,1.0,0.6,0.475,0.5416666666666666,0.4666666666666667
600,sentiment,no,1,1.0,1.0,1.0,1.0,1.0,1.0,0.8,0.6,1.0,1.0,0.875,1.0,0.875,0.8
601,counting,no,0,0.9090909090909091,0.8181818181818182,0.2727272727272727,0.5636363636363636,1.0,1.0,0.0,1.0,0.4935064935064935,0.875,0.5,0.4666666666666667,0.675,0.4444444444444444
602,sentiment,no,0,1.0,1.0,0.0,1.0,1.0,1.0,0.0,1.0,0.47619047619047616,1.0,0.5416666666666666,0.5416666666666666,1.0,0.4444444444444444
603,sentiment,no,0,0.18181818181818182,0.6727272727272727,0.09090909090909091,0.8181818181818182,0.0,1.0,0.0,1.0,0.7532467532467533,0.7666666666666667,0.7666666666666667,0.875,0.875,1.0
604,counting,no,0,0.8181818181818182,0.6727272727272727,0.09090909090909091,0.8181818181818182,1.0,1.0,0.2,0.6,0.4805194805194805,0.7666666666666667,0.5,0.5,0.7666666666666667,0.4666666666666667
605,attribute,no,0,1.0,1.0,1.0,1.0,1.0,1.0,0.8,0.6,1.0,1.0,0.875,1.0,0.875,0.8
606,object,no,0,0.9090909090909091,0.8181818181818182,0.9090909090909091,0.8181818181818182,1.0,1.0,1.0,1.0,0.8268398268398268,0.875,0.875,0.875,0.875,1.0
607,attribute,no,0,1.0,1.0,1.0,1.0,1.0,1.0,1.0,1.0,1.0,1.0,1.0,1.0,1.0,1.0
608,object,no,0,0.2727272727272727,0.5636363636363636,0.45454545454545453,0.45454545454545453,0.0,1.0,0.0,1.0,0.5151515151515151,0.675,0.675,0.5416666666666666,0.5416666666666666,1.0
609,counting,no,0,1.0,1.0,0.0,1.0,1.0,1.0,0.0,1.0,0.47619047619047616,1.0,0.5416666666666666,0.5416666666666666,1.0,0.4444444444444444
610,counting,no,0,1.0,1.0,0.0,1.0,1.0,1.0,0.0,1.0,0.47619047619047616,1.0,0.5416666666666666,0.5416666666666666,1.0,0.4444444444444444
612,object,no,0,1.0,1.0,1.0,1.0,0.8,0.6,0.6,0.4,1.0,0.875,0.7666666666666667,0.875,0.7666666666666667,0.5333333333333333
613,object,no,0,1.0,1.0,1.0,1.0,1.0,1.0,0.6,0.4,1.0,1.0,0.7666666666666667,1.0,0.7666666666666667,0.6444444444444445
614,sentiment,no,0,1.0,1.0,0.0,1.0,1.0,1.0,0.0,1.0,0.47619047619047616,1.0,0.5416666666666666,0.5416666666666666,1.0,0.4444444444444444
616,sentiment,no,0,1.0,1.0,0.6363636363636364,0.4909090909090909,1.0,1.0,1.0,1.0,0.6883116883116883,1.0,1.0,0.6,0.6,1.0
617,positional,no,0,1.0,1.0,1.0,1.0,1.0,1.0,1.0,1.0,1.0,1.0,1.0,1.0,1.0,1.0
618,sentiment,no,0,0.9090909090909091,0.8181818181818182,0.0,1.0,0.4,0.4,0.0,1.0,0.4805194805194805,0.6,0.5,0.7666666666666667,1.0,0.6444444444444445
619,counting,no,0,0.18181818181818182,0.6727272727272727,0.09090909090909091,0.8181818181818182,0.0,1.0,0.0,1.0,0.7532467532467533,0.7666666666666667,0.7666666666666667,0.875,0.875,1.0
620,attribute,no,0,0.7272727272727273,0.5636363636363636,0.5454545454545454,0.45454545454545453,0.8,0.6,0.0,1.0,0.5151515151515151,0.6,0.4666666666666667,0.5,0.5,0.4666666666666667
621,object,no,0,1.0,1.0,1.0,1.0,1.0,1.0,0.8,0.6,1.0,1.0,0.875,1.0,0.875,0.8
623,sentiment,no,0,1.0,1.0,0.9090909090909091,0.8181818181818182,1.0,1.0,1.0,1.0,0.9090909090909091,1.0,1.0,0.875,0.875,1.0
624,object,no,0,1.0,1.0,1.0,1.0,1.0,1.0,0.8,0.6,1.0,1.0,0.875,1.0,0.875,0.8
625,positional,no,0,1.0,1.0,0.9090909090909091,0.8181818181818182,1.0,1.0,1.0,1.0,0.9090909090909091,1.0,1.0,0.875,0.875,1.0
626,attribute,no,1,1.0,1.0,1.0,1.0,1.0,1.0,1.0,1.0,1.0,1.0,1.0,1.0,1.0,1.0
627,attribute,no,0,1.0,1.0,0.9090909090909091,0.8181818181818182,1.0,1.0,0.8,0.6,0.9090909090909091,1.0,0.875,0.875,0.7666666666666667,0.8
628,object,no,0,1.0,1.0,1.0,1.0,1.0,1.0,0.6,0.4,1.0,1.0,0.7666666666666667,1.0,0.7666666666666667,0.6444444444444445
629,attribute,no,0,0.2727272727272727,0.5636363636363636,0.09090909090909091,0.8181818181818182,0.8,0.6,0.6,0.4,0.6883116883116883,0.475,0.5,0.5416666666666666,0.6,0.5333333333333333
630,counting,no,0,1.0,1.0,1.0,1.0,1.0,1.0,1.0,1.0,1.0,1.0,1.0,1.0,1.0,1.0
631,counting,no,0,1.0,1.0,0.9090909090909091,0.8181818181818182,1.0,1.0,0.6,0.4,0.9090909090909091,1.0,0.7666666666666667,0.875,0.675,0.6444444444444445
632,object,no,0,0.9090909090909091,0.8181818181818182,0.8181818181818182,0.6727272727272727,1.0,1.0,1.0,1.0,0.7532467532467533,0.875,0.875,0.7666666666666667,0.7666666666666667,1.0
633,positional,no,0,0.0,1.0,0.0,1.0,0.2,0.6,0.2,0.6,1.0,0.875,0.875,0.875,0.875,0.6444444444444445
634,attribute,no,1,0.0,1.0,0.8181818181818182,0.6727272727272727,0.6,0.4,1.0,1.0,0.4935064935064935,0.675,0.5416666666666666,0.6,0.7666666666666667,0.6444444444444445
635,sentiment,no,0,1.0,1.0,0.5454545454545454,0.45454545454545453,1.0,1.0,1.0,1.0,0.6320346320346321,1.0,1.0,0.5416666666666666,0.5416666666666666,1.0
636,object,no,0,0.7272727272727273,0.5636363636363636,0.0,1.0,0.8,0.6,0.2,0.6,0.5151515151515151,0.6,0.475,0.6,0.875,0.4444444444444444
637,sentiment,no,1,0.2727272727272727,0.5636363636363636,1.0,1.0,0.8,0.6,1.0,1.0,0.5151515151515151,0.475,0.4666666666666667,0.875,1.0,0.8
639,sentiment,no,1,1.0,1.0,1.0,1.0,0.8,0.6,1.0,1.0,1.0,0.875,1.0,0.875,1.0,0.8
640,counting,no,0,1.0,1.0,0.0,1.0,1.0,1.0,0.0,1.0,0.47619047619047616,1.0,0.5416666666666666,0.5416666666666666,1.0,0.4444444444444444
641,object,no,0,1.0,1.0,1.0,1.0,1.0,1.0,0.8,0.6,1.0,1.0,0.875,1.0,0.875,0.8
643,attribute,no,0,1.0,1.0,0.45454545454545453,0.45454545454545453,1.0,1.0,1.0,1.0,0.5844155844155844,1.0,1.0,0.5,0.5,1.0
644,object,no,0,1.0,1.0,1.0,1.0,0.8,0.6,1.0,1.0,1.0,0.875,1.0,0.875,1.0,0.8
645,positional,no,0,1.0,1.0,0.0,1.0,0.8,0.6,0.4,0.4,0.47619047619047616,0.875,0.675,0.6,0.7666666666666667,0.4666666666666667
646,counting,no,0,1.0,1.0,1.0,1.0,1.0,1.0,0.6,0.4,1.0,1.0,0.7666666666666667,1.0,0.7666666666666667,0.6444444444444445
647,object,no,0,1.0,1.0,1.0,1.0,1.0,1.0,1.0,1.0,1.0,1.0,1.0,1.0,1.0,1.0
648,attribute,no,0,0.7272727272727273,0.5636363636363636,0.5454545454545454,0.45454545454545453,1.0,1.0,0.8,0.6,0.5151515151515151,0.675,0.6,0.5416666666666666,0.5,0.8
649,attribute,no,0,1.0,1.0,1.0,1.0,1.0,1.0,0.8,0.6,1.0,1.0,0.875,1.0,0.875,0.8
650,positional,no,0,1.0,1.0,0.36363636363636365,0.4909090909090909,1.0,1.0,1.0,1.0,0.5454545454545454,1.0,1.0,0.475,0.475,1.0
651,attribute,no,0,0.8181818181818182,0.6727272727272727,0.0,1.0,0.2,0.6,0.4,0.4,0.4935064935064935,0.5,0.5416666666666666,0.875,0.7666666666666667,0.5333333333333333
652,positional,no,0,1.0,1.0,0.0,1.0,0.8,0.6,0.4,0.4,0.47619047619047616,0.875,0.675,0.6,0.7666666666666667,0.4666666666666667
654,object,no,1,1.0,1.0,1.0,1.0,1.0,1.0,1.0,1.0,1.0,1.0,1.0,1.0,1.0,1.0
655,positional,no,0,1.0,1.0,0.9090909090909091,0.8181818181818182,0.8,0.6,0.4,0.4,0.9090909090909091,0.875,0.675,0.7666666666666667,0.6,0.4666666666666667
656,object,no,0,0.7272727272727273,0.5636363636363636,0.5454545454545454,0.45454545454545453,0.0,1.0,0.0,1.0,0.5151515151515151,0.4666666666666667,0.4666666666666667,0.5,0.5,1.0
657,attribute,no,0,0.7272727272727273,0.5636363636363636,0.7272727272727273,0.5636363636363636,0.8,0.6,0.6,0.4,0.5844155844155844,0.6,0.5416666666666666,0.6,0.5416666666666666,0.5333333333333333
658,object,no,0,1.0,1.0,1.0,1.0,1.0,1.0,0.4,0.4,1.0,1.0,0.675,1.0,0.675,0.5333333333333333
659,object,no,0,1.0,1.0,1.0,1.0,1.0,1.0,0.8,0.6,1.0,1.0,0.875,1.0,0.875,0.8
660,counting,no,0,1.0,1.0,0.0,1.0,1.0,1.0,0.0,1.0,0.47619047619047616,1.0,0.5416666666666666,0.5416666666666666,1.0,0.4444444444444444
661,object,no,0,1.0,1.0,1.0,1.0,0.8,0.6,0.4,0.4,1.0,0.875,0.675,0.875,0.675,0.4666666666666667
662,positional,no,0,0.9090909090909091,0.8181818181818182,1.0,1.0,0.8,0.6,0.8,0.6,0.9090909090909091,0.7666666666666667,0.7666666666666667,0.875,0.875,0.6444444444444445
663,sentiment,no,0,0.9090909090909091,0.8181818181818182,0.0,1.0,0.6,0.4,0.0,1.0,0.4805194805194805,0.675,0.5,0.675,1.0,0.5333333333333333
664,counting,no,0,1.0,1.0,0.8181818181818182,0.6727272727272727,1.0,1.0,0.0,1.0,0.8268398268398268,1.0,0.5416666666666666,0.7666666666666667,0.475,0.4444444444444444
665,attribute,no,0,1.0,1.0,1.0,1.0,1.0,1.0,1.0,1.0,1.0,1.0,1.0,1.0,1.0,1.0
666,object,no,0,1.0,1.0,0.9090909090909091,0.8181818181818182,1.0,1.0,1.0,1.0,0.9090909090909091,1.0,1.0,0.875,0.875,1.0
667,object,no,0,1.0,1.0,1.0,1.0,1.0,1.0,0.8,0.6,1.0,1.0,0.875,1.0,0.875,0.8
668,counting,no,0,1.0,1.0,0.0,1.0,1.0,1.0,0.0,1.0,0.47619047619047616,1.0,0.5416666666666666,0.5416666666666666,1.0,0.4444444444444444
669,sentiment,no,1,1.0,1.0,1.0,1.0,1.0,1.0,1.0,1.0,1.0,1.0,1.0,1.0,1.0,1.0
670,positional,no,0,1.0,1.0,0.18181818181818182,0.6727272727272727,1.0,1.0,1.0,1.0,0.4935064935064935,1.0,1.0,0.475,0.475,1.0
671,positional,no,0,1.0,1.0,1.0,1.0,1.0,1.0,0.6,0.4,1.0,1.0,0.7666666666666667,1.0,0.7666666666666667,0.6444444444444445
672,attribute,no,0,0.6363636363636364,0.4909090909090909,0.7272727272727273,0.5636363636363636,0.4,0.4,0.6,0.4,0.5454545454545454,0.475,0.5,0.5,0.5416666666666666,0.4444444444444444
673,counting,no,0,0.0,1.0,0.5454545454545454,0.45454545454545453,0.0,1.0,0.6,0.4,0.5844155844155844,1.0,0.675,0.5,0.475,0.5333333333333333
674,positional,no,0,1.0,1.0,1.0,1.0,1.0,1.0,0.8,0.6,1.0,1.0,0.875,1.0,0.875,0.8
675,object,no,0,1.0,1.0,1.0,1.0,0.8,0.6,0.6,0.4,1.0,0.875,0.7666666666666667,0.875,0.7666666666666667,0.5333333333333333
676,counting,no,0,0.2727272727272727,0.5636363636363636,1.0,1.0,0.2,0.6,0.6,0.4,0.5151515151515151,0.6,0.5,0.6,0.7666666666666667,0.4666666666666667
677,positional,no,1,0.0,1.0,0.8181818181818182,0.6727272727272727,0.0,1.0,1.0,1.0,0.4935064935064935,1.0,0.5416666666666666,0.475,0.7666666666666667,0.4444444444444444
678,object,no,1,1.0,1.0,1.0,1.0,1.0,1.0,0.8,0.6,1.0,1.0,0.875,1.0,0.875,0.8
679,object,no,0,1.0,1.0,1.0,1.0,1.0,1.0,1.0,1.0,1.0,1.0,1.0,1.0,1.0,1.0
680,object,no,0,1.0,1.0,1.0,1.0,1.0,1.0,1.0,1.0,1.0,1.0,1.0,1.0,1.0,1.0
681,attribute,no,0,1.0,1.0,1.0,1.0,1.0,1.0,1.0,1.0,1.0,1.0,1.0,1.0,1.0,1.0
682,attribute,no,0,1.0,1.0,1.0,1.0,1.0,1.0,1.0,1.0,1.0,1.0,1.0,1.0,1.0,1.0
683,positional,no,0,1.0,1.0,0.9090909090909091,0.8181818181818182,1.0,1.0,1.0,1.0,0.9090909090909091,1.0,1.0,0.875,0.875,1.0
684,positional,no,0,1.0,1.0,1.0,1.0,1.0,1.0,0.4,0.4,1.0,1.0,0.675,1.0,0.675,0.5333333333333333
686,positional,no,1,1.0,1.0,0.0,1.0,0.8,0.6,0.6,0.4,0.47619047619047616,0.875,0.7666666666666667,0.6,0.675,0.5333333333333333
687,attribute,no,0,1.0,1.0,1.0,1.0,1.0,1.0,1.0,1.0,1.0,1.0,1.0,1.0,1.0,1.0
688,counting,no,0,0.9090909090909091,0.8181818181818182,0.36363636363636365,0.4909090909090909,1.0,1.0,0.0,1.0,0.5151515151515151,0.875,0.5,0.475,0.6,0.4444444444444444
689,object,no,0,1.0,1.0,1.0,1.0,1.0,1.0,0.8,0.6,1.0,1.0,0.875,1.0,0.875,0.8
690,positional,no,0,1.0,1.0,0.0,1.0,1.0,1.0,0.0,1.0,0.47619047619047616,1.0,0.5416666666666666,0.5416666666666666,1.0,0.4444444444444444
691,sentiment,no,0,0.9090909090909091,0.8181818181818182,0.0,1.0,1.0,1.0,0.2,0.6,0.4805194805194805,0.875,0.5416666666666666,0.5416666666666666,0.875,0.4666666666666667
692,object,no,0,0.9090909090909091,0.8181818181818182,0.2727272727272727,0.5636363636363636,0.8,0.6,0.4,0.4,0.4935064935064935,0.7666666666666667,0.6,0.475,0.5416666666666666,0.4666666666666667
693,counting,no,0,0.7272727272727273,0.5636363636363636,0.45454545454545453,0.45454545454545453,0.4,0.4,0.8,0.6,0.4935064935064935,0.5,0.6,0.475,0.475,0.4666666666666667
694,counting,no,0,1.0,1.0,1.0,1.0,1.0,1.0,0.4,0.4,1.0,1.0,0.675,1.0,0.675,0.5333333333333333
696,object,no,0,0.9090909090909091,0.8181818181818182,0.8181818181818182,0.6727272727272727,1.0,1.0,1.0,1.0,0.7532467532467533,0.875,0.875,0.7666666666666667,0.7666666666666667,1.0
697,object,no,0,1.0,1.0,0.9090909090909091,0.8181818181818182,1.0,1.0,1.0,1.0,0.9090909090909091,1.0,1.0,0.875,0.875,1.0
698,attribute,no,0,0.8181818181818182,0.6727272727272727,0.0,1.0,0.6,0.4,0.0,1.0,0.4935064935064935,0.6,0.475,0.675,1.0,0.5333333333333333
699,attribute,no,0,1.0,1.0,1.0,1.0,1.0,1.0,1.0,1.0,1.0,1.0,1.0,1.0,1.0,1.0
700,attribute,no,0,0.9090909090909091,0.8181818181818182,0.0,1.0,1.0,1.0,0.2,0.6,0.4805194805194805,0.875,0.5416666666666666,0.5416666666666666,0.875,0.4666666666666667
701,positional,no,0,1.0,1.0,0.0,1.0,1.0,1.0,0.2,0.6,0.47619047619047616,1.0,0.6,0.5416666666666666,0.875,0.4666666666666667
702,sentiment,no,0,1.0,1.0,0.8181818181818182,0.6727272727272727,1.0,1.0,0.6,0.4,0.8268398268398268,1.0,0.7666666666666667,0.7666666666666667,0.6,0.6444444444444445
703,positional,no,1,0.7272727272727273,0.5636363636363636,0.36363636363636365,0.4909090909090909,0.4,0.4,0.6,0.4,0.4805194805194805,0.5,0.5416666666666666,0.5,0.475,0.4444444444444444
704,object,no,0,1.0,1.0,1.0,1.0,1.0,1.0,1.0,1.0,1.0,1.0,1.0,1.0,1.0,1.0
705,object,no,0,1.0,1.0,0.7272727272727273,0.5636363636363636,1.0,1.0,0.4,0.4,0.7532467532467533,1.0,0.675,0.675,0.5,0.5333333333333333
706,attribute,no,1,0.7272727272727273,0.5636363636363636,0.7272727272727273,0.5636363636363636,1.0,1.0,0.8,0.6,0.5844155844155844,0.675,0.6,0.675,0.6,0.8
707,attribute,no,0,1.0,1.0,1.0,1.0,1.0,1.0,0.6,0.4,1.0,1.0,0.7666666666666667,1.0,0.7666666666666667,0.6444444444444445
708,object,no,0,1.0,1.0,1.0,1.0,1.0,1.0,1.0,1.0,1.0,1.0,1.0,1.0,1.0,1.0
709,attribute,no,0,0.9090909090909091,0.8181818181818182,0.7272727272727273,0.5636363636363636,1.0,1.0,0.8,0.6,0.6883116883116883,0.875,0.7666666666666667,0.675,0.6,0.8
710,positional,no,1,1.0,1.0,1.0,1.0,0.6,0.4,0.8,0.6,1.0,0.7666666666666667,0.875,0.7666666666666667,0.875,0.5333333333333333
711,sentiment,no,1,0.0,1.0,0.7272727272727273,0.5636363636363636,0.0,1.0,0.6,0.4,0.5151515151515151,1.0,0.675,0.4666666666666667,0.5416666666666666,0.5333333333333333
712,attribute,no,0,0.7272727272727273,0.5636363636363636,0.6363636363636364,0.4909090909090909,1.0,1.0,0.8,0.6,0.5454545454545454,0.675,0.6,0.6,0.5416666666666666,0.8
713,attribute,no,0,1.0,1.0,0.8181818181818182,0.6727272727272727,1.0,1.0,0.6,0.4,0.8268398268398268,1.0,0.7666666666666667,0.7666666666666667,0.6,0.6444444444444445
714,positional,no,0,0.6363636363636364,0.4909090909090909,1.0,1.0,0.8,0.6,0.8,0.6,0.6883116883116883,0.5416666666666666,0.5416666666666666,0.875,0.875,0.6444444444444445
715,attribute,no,0,1.0,1.0,0.8181818181818182,0.6727272727272727,1.0,1.0,1.0,1.0,0.8268398268398268,1.0,1.0,0.7666666666666667,0.7666666666666667,1.0
716,object,no,0,1.0,1.0,1.0,1.0,1.0,1.0,1.0,1.0,1.0,1.0,1.0,1.0,1.0,1.0
717,object,no,0,1.0,1.0,1.0,1.0,1.0,1.0,0.8,0.6,1.0,1.0,0.875,1.0,0.875,0.8
718,counting,no,0,1.0,1.0,0.0,1.0,1.0,1.0,0.0,1.0,0.47619047619047616,1.0,0.5416666666666666,0.5416666666666666,1.0,0.4444444444444444
719,attribute,no,0,0.0,1.0,0.0,1.0,0.0,1.0,0.0,1.0,1.0,1.0,1.0,1.0,1.0,1.0
720,positional,no,0,0.8181818181818182,0.6727272727272727,0.09090909090909091,0.8181818181818182,1.0,1.0,0.6,0.4,0.4805194805194805,0.7666666666666667,0.6,0.5,0.6,0.6444444444444445
721,attribute,no,1,0.9090909090909091,0.8181818181818182,0.9090909090909091,0.8181818181818182,0.8,0.6,0.8,0.6,0.8268398268398268,0.7666666666666667,0.7666666666666667,0.7666666666666667,0.7666666666666667,0.6444444444444445
722,object,no,0,1.0,1.0,1.0,1.0,1.0,1.0,1.0,1.0,1.0,1.0,1.0,1.0,1.0,1.0
723,object,no,0,1.0,1.0,1.0,1.0,1.0,1.0,0.8,0.6,1.0,1.0,0.875,1.0,0.875,0.8
724,attribute,no,0,0.5454545454545454,0.45454545454545453,0.09090909090909091,0.8181818181818182,0.4,0.4,0.6,0.4,0.5454545454545454,0.4666666666666667,0.475,0.675,0.6,0.4444444444444444
725,attribute,no,0,0.9090909090909091,0.8181818181818182,0.0,1.0,0.4,0.4,0.2,0.6,0.4805194805194805,0.6,0.5416666666666666,0.7666666666666667,0.875,0.5333333333333333
726,object,no,0,1.0,1.0,1.0,1.0,1.0,1.0,1.0,1.0,1.0,1.0,1.0,1.0,1.0,1.0
727,object,no,0,0.9090909090909091,0.8181818181818182,0.5454545454545454,0.45454545454545453,1.0,1.0,1.0,1.0,0.5844155844155844,0.875,0.875,0.5416666666666666,0.5416666666666666,1.0
728,sentiment,no,0,1.0,1.0,0.7272727272727273,0.5636363636363636,1.0,1.0,0.2,0.6,0.7532467532467533,1.0,0.6,0.675,0.475,0.4666666666666667
729,counting,no,0,1.0,1.0,0.09090909090909091,0.8181818181818182,1.0,1.0,0.0,1.0,0.4805194805194805,1.0,0.5416666666666666,0.5,0.875,0.4444444444444444
730,counting,no,0,0.9090909090909091,0.8181818181818182,1.0,1.0,1.0,1.0,0.2,0.6,0.9090909090909091,0.875,0.5416666666666666,1.0,0.6,0.4666666666666667
731,counting,no,0,0.0,1.0,0.0,1.0,0.0,1.0,0.0,1.0,1.0,1.0,1.0,1.0,1.0,1.0
732,counting,no,0,0.6363636363636364,0.4909090909090909,0.0,1.0,0.8,0.6,0.2,0.6,0.5454545454545454,0.5416666666666666,0.4666666666666667,0.6,0.875,0.4444444444444444
733,attribute,no,0,1.0,1.0,0.7272727272727273,0.5636363636363636,1.0,1.0,0.8,0.6,0.7532467532467533,1.0,0.875,0.675,0.6,0.8
734,object,no,0,1.0,1.0,0.09090909090909091,0.8181818181818182,1.0,1.0,0.6,0.4,0.4805194805194805,1.0,0.7666666666666667,0.5,0.6,0.6444444444444445
735,object,no,1,0.9090909090909091,0.8181818181818182,1.0,1.0,1.0,1.0,1.0,1.0,0.9090909090909091,0.875,0.875,1.0,1.0,1.0
737,object,no,0,0.9090909090909091,0.8181818181818182,0.9090909090909091,0.8181818181818182,1.0,1.0,0.8,0.6,0.8268398268398268,0.875,0.7666666666666667,0.875,0.7666666666666667,0.8
738,counting,no,0,0.36363636363636365,0.4909090909090909,1.0,1.0,0.2,0.6,1.0,1.0,0.5454545454545454,0.5416666666666666,0.475,0.6,1.0,0.4666666666666667
739,object,no,0,1.0,1.0,1.0,1.0,1.0,1.0,0.8,0.6,1.0,1.0,0.875,1.0,0.875,0.8
740,object,no,0,1.0,1.0,0.6363636363636364,0.4909090909090909,0.8,0.6,0.4,0.4,0.6883116883116883,0.875,0.675,0.5416666666666666,0.475,0.4666666666666667
741,attribute,no,0,0.7272727272727273,0.5636363636363636,0.0,1.0,1.0,1.0,0.0,1.0,0.5151515151515151,0.675,0.4666666666666667,0.5416666666666666,1.0,0.4444444444444444
742,sentiment,no,0,1.0,1.0,0.0,1.0,0.8,0.6,0.0,1.0,0.47619047619047616,0.875,0.5416666666666666,0.6,1.0,0.4666666666666667
744,object,no,0,1.0,1.0,1.0,1.0,1.0,1.0,1.0,1.0,1.0,1.0,1.0,1.0,1.0,1.0
745,counting,no,0,1.0,1.0,0.09090909090909091,0.8181818181818182,1.0,1.0,0.0,1.0,0.4805194805194805,1.0,0.5416666666666666,0.5,0.875,0.4444444444444444
746,object,no,0,1.0,1.0,0.45454545454545453,0.45454545454545453,0.8,0.6,0.8,0.6,0.5844155844155844,0.875,0.875,0.475,0.475,0.6444444444444445
747,object,no,0,1.0,1.0,1.0,1.0,1.0,1.0,1.0,1.0,1.0,1.0,1.0,1.0,1.0,1.0
748,object,no,0,0.5454545454545454,0.45454545454545453,0.09090909090909091,0.8181818181818182,0.6,0.4,0.0,1.0,0.5454545454545454,0.475,0.5,0.6,0.875,0.5333333333333333
749,positional,no,1,0.7272727272727273,0.5636363636363636,0.7272727272727273,0.5636363636363636,0.6,0.4,0.8,0.6,0.5844155844155844,0.5416666666666666,0.6,0.5416666666666666,0.6,0.5333333333333333
750,sentiment,no,0,1.0,1.0,0.09090909090909091,0.8181818181818182,1.0,1.0,0.0,1.0,0.4805194805194805,1.0,0.5416666666666666,0.5,0.875,0.4444444444444444
751,sentiment,no,0,1.0,1.0,1.0,1.0,1.0,1.0,0.8,0.6,1.0,1.0,0.875,1.0,0.875,0.8
752,attribute,no,0,1.0,1.0,1.0,1.0,1.0,1.0,1.0,1.0,1.0,1.0,1.0,1.0,1.0,1.0
753,sentiment,no,0,1.0,1.0,0.2727272727272727,0.5636363636363636,1.0,1.0,0.4,0.4,0.5151515151515151,1.0,0.675,0.4666666666666667,0.5416666666666666,0.5333333333333333
754,attribute,no,0,1.0,1.0,1.0,1.0,0.6,0.4,0.8,0.6,1.0,0.7666666666666667,0.875,0.7666666666666667,0.875,0.5333333333333333
756,object,no,0,1.0,1.0,1.0,1.0,1.0,1.0,0.6,0.4,1.0,1.0,0.7666666666666667,1.0,0.7666666666666667,0.6444444444444445
757,sentiment,no,0,1.0,1.0,0.8181818181818182,0.6727272727272727,1.0,1.0,0.4,0.4,0.8268398268398268,1.0,0.675,0.7666666666666667,0.5416666666666666,0.5333333333333333
758,attribute,no,0,0.36363636363636365,0.4909090909090909,0.0,1.0,1.0,1.0,0.0,1.0,0.6883116883116883,0.475,0.6,0.5416666666666666,1.0,0.4444444444444444
759,positional,no,0,1.0,1.0,0.18181818181818182,0.6727272727272727,1.0,1.0,0.6,0.4,0.4935064935064935,1.0,0.7666666666666667,0.475,0.5416666666666666,0.6444444444444445
761,object,no,0,0.9090909090909091,0.8181818181818182,0.8181818181818182,0.6727272727272727,1.0,1.0,1.0,1.0,0.7532467532467533,0.875,0.875,0.7666666666666667,0.7666666666666667,1.0
762,object,no,0,1.0,1.0,1.0,1.0,1.0,1.0,1.0,1.0,1.0,1.0,1.0,1.0,1.0,1.0
763,attribute,no,0,1.0,1.0,0.2727272727272727,0.5636363636363636,1.0,1.0,0.4,0.4,0.5151515151515151,1.0,0.675,0.4666666666666667,0.5416666666666666,0.5333333333333333
764,counting,no,0,0.8181818181818182,0.6727272727272727,0.0,1.0,0.2,0.6,0.4,0.4,0.4935064935064935,0.5,0.5416666666666666,0.875,0.7666666666666667,0.5333333333333333
765,object,no,0,1.0,1.0,0.45454545454545453,0.45454545454545453,1.0,1.0,0.8,0.6,0.5844155844155844,1.0,0.875,0.5,0.475,0.8
766,positional,no,0,0.9090909090909091,0.8181818181818182,0.5454545454545454,0.45454545454545453,1.0,1.0,0.4,0.4,0.5844155844155844,0.875,0.6,0.5416666666666666,0.4666666666666667,0.5333333333333333
767,positional,no,0,1.0,1.0,1.0,1.0,1.0,1.0,1.0,1.0,1.0,1.0,1.0,1.0,1.0,1.0
768,attribute,no,0,0.9090909090909091,0.8181818181818182,0.09090909090909091,0.8181818181818182,1.0,1.0,0.0,1.0,0.47619047619047616,0.875,0.5,0.5,0.875,0.4444444444444444
769,positional,no,0,1.0,1.0,1.0,1.0,1.0,1.0,1.0,1.0,1.0,1.0,1.0,1.0,1.0,1.0
770,counting,no,0,1.0,1.0,0.5454545454545454,0.45454545454545453,0.8,0.6,0.4,0.4,0.6320346320346321,0.875,0.675,0.5,0.4666666666666667,0.4666666666666667
771,attribute,no,0,1.0,1.0,0.9090909090909091,0.8181818181818182,1.0,1.0,1.0,1.0,0.9090909090909091,1.0,1.0,0.875,0.875,1.0
772,attribute,no,0,0.45454545454545453,0.45454545454545453,0.0,1.0,0.2,0.6,0.0,1.0,0.6320346320346321,0.5,0.5416666666666666,0.875,1.0,0.8
773,attribute,no,0,0.7272727272727273,0.5636363636363636,0.7272727272727273,0.5636363636363636,1.0,1.0,1.0,1.0,0.5844155844155844,0.675,0.675,0.675,0.675,1.0
774,counting,no,0,0.45454545454545453,0.45454545454545453,0.0,1.0,0.2,0.6,0.0,1.0,0.6320346320346321,0.5,0.5416666666666666,0.875,1.0,0.8
775,object,no,0,0.9090909090909091,0.8181818181818182,0.36363636363636365,0.4909090909090909,0.8,0.6,0.0,1.0,0.5151515151515151,0.7666666666666667,0.5,0.4666666666666667,0.6,0.4666666666666667
776,attribute,no,0,1.0,1.0,0.18181818181818182,0.6727272727272727,0.8,0.6,0.2,0.6,0.4935064935064935,0.875,0.6,0.5,0.675,0.4444444444444444
777,positional,no,0,1.0,1.0,0.9090909090909091,0.8181818181818182,1.0,1.0,1.0,1.0,0.9090909090909091,1.0,1.0,0.875,0.875,1.0
778,object,no,1,1.0,1.0,1.0,1.0,1.0,1.0,1.0,1.0,1.0,1.0,1.0,1.0,1.0,1.0
779,positional,no,0,1.0,1.0,1.0,1.0,1.0,1.0,1.0,1.0,1.0,1.0,1.0,1.0,1.0,1.0
780,positional,no,0,1.0,1.0,0.9090909090909091,0.8181818181818182,0.8,0.6,1.0,1.0,0.9090909090909091,0.875,1.0,0.7666666666666667,0.875,0.8
781,counting,no,0,0.18181818181818182,0.6727272727272727,0.18181818181818182,0.6727272727272727,0.2,0.6,0.4,0.4,0.6883116883116883,0.675,0.6,0.675,0.6,0.5333333333333333
782,object,no,0,1.0,1.0,1.0,1.0,1.0,1.0,1.0,1.0,1.0,1.0,1.0,1.0,1.0,1.0
783,sentiment,no,0,1.0,1.0,0.0,1.0,1.0,1.0,0.4,0.4,0.47619047619047616,1.0,0.675,0.5416666666666666,0.7666666666666667,0.5333333333333333
784,object,no,0,1.0,1.0,0.9090909090909091,0.8181818181818182,1.0,1.0,1.0,1.0,0.9090909090909091,1.0,1.0,0.875,0.875,1.0
785,counting,no,0,1.0,1.0,0.0,1.0,1.0,1.0,0.0,1.0,0.47619047619047616,1.0,0.5416666666666666,0.5416666666666666,1.0,0.4444444444444444
787,positional,no,0,1.0,1.0,0.9090909090909091,0.8181818181818182,1.0,1.0,0.8,0.6,0.9090909090909091,1.0,0.875,0.875,0.7666666666666667,0.8
788,counting,no,0,1.0,1.0,0.36363636363636365,0.4909090909090909,1.0,1.0,0.0,1.0,0.5454545454545454,1.0,0.5416666666666666,0.475,0.6,0.4444444444444444
789,object,no,0,1.0,1.0,0.2727272727272727,0.5636363636363636,0.8,0.6,0.6,0.4,0.5151515151515151,0.875,0.7666666666666667,0.475,0.5,0.5333333333333333
790,attribute,no,0,0.18181818181818182,0.6727272727272727,1.0,1.0,0.6,0.4,0.8,0.6,0.4935064935064935,0.5416666666666666,0.5,0.7666666666666667,0.875,0.5333333333333333
791,object,no,0,1.0,1.0,1.0,1.0,1.0,1.0,1.0,1.0,1.0,1.0,1.0,1.0,1.0,1.0
792,positional,no,0,1.0,1.0,0.9090909090909091,0.8181818181818182,1.0,1.0,1.0,1.0,0.9090909090909091,1.0,1.0,0.875,0.875,1.0
793,positional,no,1,0.0,1.0,0.2727272727272727,0.5636363636363636,0.0,1.0,0.0,1.0,0.7532467532467533,1.0,1.0,0.675,0.675,1.0
794,attribute,no,0,1.0,1.0,0.6363636363636364,0.4909090909090909,1.0,1.0,0.6,0.4,0.6883116883116883,1.0,0.7666666666666667,0.6,0.5,0.6444444444444445
795,object,no,0,1.0,1.0,1.0,1.0,1.0,1.0,1.0,1.0,1.0,1.0,1.0,1.0,1.0,1.0
796,counting,no,0,1.0,1.0,1.0,1.0,1.0,1.0,0.8,0.6,1.0,1.0,0.875,1.0,0.875,0.8
797,object,no,0,1.0,1.0,1.0,1.0,1.0,1.0,1.0,1.0,1.0,1.0,1.0,1.0,1.0,1.0
799,counting,no,0,0.9090909090909091,0.8181818181818182,0.0,1.0,1.0,1.0,0.0,1.0,0.4805194805194805,0.875,0.5,0.5416666666666666,1.0,0.4444444444444444
800,sentiment,no,0,0.7272727272727273,0.5636363636363636,0.09090909090909091,0.8181818181818182,1.0,1.0,0.0,1.0,0.4935064935064935,0.675,0.4666666666666667,0.5,0.875,0.4444444444444444
801,object,no,0,0.18181818181818182,0.6727272727272727,0.0,1.0,0.0,1.0,0.2,0.6,0.8268398268398268,0.7666666666666667,0.675,1.0,0.875,0.8
802,object,no,0,1.0,1.0,1.0,1.0,1.0,1.0,0.8,0.6,1.0,1.0,0.875,1.0,0.875,0.8
803,attribute,no,0,1.0,1.0,1.0,1.0,1.0,1.0,1.0,1.0,1.0,1.0,1.0,1.0,1.0,1.0
804,sentiment,no,1,0.9090909090909091,0.8181818181818182,1.0,1.0,1.0,1.0,1.0,1.0,0.9090909090909091,0.875,0.875,1.0,1.0,1.0
805,positional,no,0,1.0,1.0,0.09090909090909091,0.8181818181818182,1.0,1.0,0.0,1.0,0.4805194805194805,1.0,0.5416666666666666,0.5,0.875,0.4444444444444444
806,counting,no,0,0.5454545454545454,0.45454545454545453,1.0,1.0,0.0,1.0,1.0,1.0,0.6320346320346321,0.5,0.5416666666666666,0.5416666666666666,1.0,0.4444444444444444
807,attribute,no,0,1.0,1.0,0.0,1.0,0.6,0.4,0.0,1.0,0.47619047619047616,0.7666666666666667,0.5416666666666666,0.675,1.0,0.5333333333333333
808,object,no,0,1.0,1.0,1.0,1.0,1.0,1.0,1.0,1.0,1.0,1.0,1.0,1.0,1.0,1.0
809,object,no,0,0.9090909090909091,0.8181818181818182,0.2727272727272727,0.5636363636363636,1.0,1.0,0.0,1.0,0.4935064935064935,0.875,0.5,0.4666666666666667,0.675,0.4444444444444444
810,counting,no,0,1.0,1.0,0.45454545454545453,0.45454545454545453,1.0,1.0,0.0,1.0,0.5844155844155844,1.0,0.5416666666666666,0.5,0.5416666666666666,0.4444444444444444
811,object,no,0,0.8181818181818182,0.6727272727272727,0.2727272727272727,0.5636363636363636,0.8,0.6,0.6,0.4,0.4805194805194805,0.675,0.6,0.475,0.5,0.5333333333333333
812,object,no,0,1.0,1.0,1.0,1.0,1.0,1.0,0.8,0.6,1.0,1.0,0.875,1.0,0.875,0.8
813,attribute,no,0,1.0,1.0,0.9090909090909091,0.8181818181818182,1.0,1.0,1.0,1.0,0.9090909090909091,1.0,1.0,0.875,0.875,1.0
814,counting,no,0,0.9090909090909091,0.8181818181818182,0.45454545454545453,0.45454545454545453,1.0,1.0,0.0,1.0,0.5454545454545454,0.875,0.5,0.5,0.5416666666666666,0.4444444444444444
815,object,no,1,0.5454545454545454,0.45454545454545453,0.9090909090909091,0.8181818181818182,1.0,1.0,0.8,0.6,0.5844155844155844,0.5416666666666666,0.5,0.875,0.7666666666666667,0.8
816,positional,no,0,0.9090909090909091,0.8181818181818182,1.0,1.0,1.0,1.0,0.6,0.4,0.9090909090909091,0.875,0.675,1.0,0.7666666666666667,0.6444444444444445
817,object,no,0,1.0,1.0,1.0,1.0,1.0,1.0,1.0,1.0,1.0,1.0,1.0,1.0,1.0,1.0
818,object,no,0,1.0,1.0,0.36363636363636365,0.4909090909090909,1.0,1.0,0.0,1.0,0.5454545454545454,1.0,0.5416666666666666,0.475,0.6,0.4444444444444444
819,object,no,0,0.9090909090909091,0.8181818181818182,0.36363636363636365,0.4909090909090909,1.0,1.0,0.2,0.6,0.5151515151515151,0.875,0.5416666666666666,0.475,0.5416666666666666,0.4666666666666667
820,sentiment,no,0,1.0,1.0,0.0,1.0,1.0,1.0,0.0,1.0,0.47619047619047616,1.0,0.5416666666666666,0.5416666666666666,1.0,0.4444444444444444
821,object,no,0,1.0,1.0,1.0,1.0,1.0,1.0,1.0,1.0,1.0,1.0,1.0,1.0,1.0,1.0
822,object,no,0,1.0,1.0,0.9090909090909091,0.8181818181818182,1.0,1.0,1.0,1.0,0.9090909090909091,1.0,1.0,0.875,0.875,1.0
823,positional,no,0,1.0,1.0,1.0,1.0,1.0,1.0,1.0,1.0,1.0,1.0,1.0,1.0,1.0,1.0
824,object,no,0,0.9090909090909091,0.8181818181818182,0.7272727272727273,0.5636363636363636,1.0,1.0,1.0,1.0,0.6883116883116883,0.875,0.875,0.675,0.675,1.0
825,attribute,no,0,0.7272727272727273,0.5636363636363636,0.7272727272727273,0.5636363636363636,1.0,1.0,0.8,0.6,0.5844155844155844,0.675,0.6,0.675,0.6,0.8
826,object,no,0,1.0,1.0,1.0,1.0,1.0,1.0,0.8,0.6,1.0,1.0,0.875,1.0,0.875,0.8
827,attribute,no,0,1.0,1.0,0.09090909090909091,0.8181818181818182,0.4,0.4,0.0,1.0,0.4805194805194805,0.675,0.5416666666666666,0.675,0.875,0.6444444444444445
828,positional,no,0,0.9090909090909091,0.8181818181818182,0.8181818181818182,0.6727272727272727,1.0,1.0,0.6,0.4,0.7532467532467533,0.875,0.675,0.7666666666666667,0.6,0.6444444444444445
829,object,no,0,1.0,1.0,1.0,1.0,1.0,1.0,1.0,1.0,1.0,1.0,1.0,1.0,1.0,1.0
831,counting,no,0,0.9090909090909091,0.8181818181818182,0.5454545454545454,0.45454545454545453,0.8,0.6,0.0,1.0,0.5844155844155844,0.7666666666666667,0.5,0.5,0.5,0.4666666666666667
832,attribute,no,0,1.0,1.0,0.45454545454545453,0.45454545454545453,1.0,1.0,0.4,0.4,0.5844155844155844,1.0,0.675,0.5,0.475,0.5333333333333333
833,positional,no,0,1.0,1.0,0.9090909090909091,0.8181818181818182,1.0,1.0,0.4,0.4,0.9090909090909091,1.0,0.675,0.875,0.6,0.5333333333333333
834,positional,no,0,1.0,1.0,1.0,1.0,1.0,1.0,0.8,0.6,1.0,1.0,0.875,1.0,0.875,0.8
835,object,no,0,0.8181818181818182,0.6727272727272727,0.8181818181818182,0.6727272727272727,0.6,0.4,0.6,0.4,0.6883116883116883,0.6,0.6,0.6,0.6,0.4666666666666667
836,counting,no,0,1.0,1.0,0.8181818181818182,0.6727272727272727,1.0,1.0,0.6,0.4,0.8268398268398268,1.0,0.7666666666666667,0.7666666666666667,0.6,0.6444444444444445
837,object,no,0,1.0,1.0,1.0,1.0,1.0,1.0,0.8,0.6,1.0,1.0,0.875,1.0,0.875,0.8
838,positional,no,0,0.6363636363636364,0.4909090909090909,1.0,1.0,1.0,1.0,0.8,0.6,0.6883116883116883,0.6,0.5416666666666666,1.0,0.875,0.8
839,attribute,no,0,1.0,1.0,1.0,1.0,1.0,1.0,1.0,1.0,1.0,1.0,1.0,1.0,1.0,1.0
840,attribute,no,0,0.0,1.0,0.0,1.0,0.0,1.0,0.0,1.0,1.0,1.0,1.0,1.0,1.0,1.0
842,attribute,no,0,1.0,1.0,1.0,1.0,1.0,1.0,0.8,0.6,1.0,1.0,0.875,1.0,0.875,0.8
843,sentiment,no,0,1.0,1.0,1.0,1.0,1.0,1.0,1.0,1.0,1.0,1.0,1.0,1.0,1.0,1.0
844,positional,no,0,1.0,1.0,1.0,1.0,1.0,1.0,1.0,1.0,1.0,1.0,1.0,1.0,1.0,1.0
845,sentiment,no,0,0.6363636363636364,0.4909090909090909,0.2727272727272727,0.5636363636363636,0.8,0.6,0.2,0.6,0.4805194805194805,0.5416666666666666,0.4666666666666667,0.475,0.6,0.4444444444444444
846,attribute,no,0,1.0,1.0,1.0,1.0,0.8,0.6,0.8,0.6,1.0,0.875,0.875,0.875,0.875,0.6444444444444445
847,attribute,no,0,1.0,1.0,0.8181818181818182,0.6727272727272727,1.0,1.0,0.8,0.6,0.8268398268398268,1.0,0.875,0.7666666666666667,0.675,0.8
848,object,no,0,1.0,1.0,0.8181818181818182,0.6727272727272727,1.0,1.0,0.8,0.6,0.8268398268398268,1.0,0.875,0.7666666666666667,0.675,0.8
849,attribute,no,1,0.7272727272727273,0.5636363636363636,0.8181818181818182,0.6727272727272727,1.0,1.0,1.0,1.0,0.6320346320346321,0.675,0.675,0.7666666666666667,0.7666666666666667,1.0
850,attribute,no,0,0.9090909090909091,0.8181818181818182,0.6363636363636364,0.4909090909090909,0.6,0.4,0.8,0.6,0.6320346320346321,0.675,0.7666666666666667,0.5,0.5416666666666666,0.5333333333333333
851,object,no,0,1.0,1.0,1.0,1.0,1.0,1.0,0.8,0.6,1.0,1.0,0.875,1.0,0.875,0.8
853,object,no,0,1.0,1.0,0.7272727272727273,0.5636363636363636,1.0,1.0,0.8,0.6,0.7532467532467533,1.0,0.875,0.675,0.6,0.8
854,attribute,no,0,1.0,1.0,1.0,1.0,0.8,0.6,0.8,0.6,1.0,0.875,0.875,0.875,0.875,0.6444444444444445
855,attribute,no,0,0.5454545454545454,0.45454545454545453,0.2727272727272727,0.5636363636363636,0.8,0.6,0.2,0.6,0.4935064935064935,0.5,0.475,0.475,0.6,0.4444444444444444
856,sentiment,no,0,1.0,1.0,0.9090909090909091,0.8181818181818182,1.0,1.0,0.8,0.6,0.9090909090909091,1.0,0.875,0.875,0.7666666666666667,0.8
857,object,no,0,1.0,1.0,1.0,1.0,1.0,1.0,0.8,0.6,1.0,1.0,0.875,1.0,0.875,0.8
858,object,no,0,1.0,1.0,1.0,1.0,1.0,1.0,1.0,1.0,1.0,1.0,1.0,1.0,1.0,1.0
859,object,no,0,1.0,1.0,1.0,1.0,1.0,1.0,1.0,1.0,1.0,1.0,1.0,1.0,1.0,1.0
860,object,no,0,0.9090909090909091,0.8181818181818182,0.8181818181818182,0.6727272727272727,0.8,0.6,0.6,0.4,0.7532467532467533,0.7666666666666667,0.675,0.675,0.6,0.5333333333333333
861,counting,no,0,0.09090909090909091,0.8181818181818182,0.0,1.0,0.0,1.0,0.4,0.4,0.9090909090909091,0.875,0.675,1.0,0.7666666666666667,0.6444444444444445
862,object,no,0,1.0,1.0,0.9090909090909091,0.8181818181818182,1.0,1.0,1.0,1.0,0.9090909090909091,1.0,1.0,0.875,0.875,1.0
863,object,no,0,0.7272727272727273,0.5636363636363636,0.5454545454545454,0.45454545454545453,1.0,1.0,0.0,1.0,0.5151515151515151,0.675,0.4666666666666667,0.5416666666666666,0.5,0.4444444444444444
864,object,no,0,1.0,1.0,1.0,1.0,1.0,1.0,1.0,1.0,1.0,1.0,1.0,1.0,1.0,1.0
865,object,no,0,0.8181818181818182,0.6727272727272727,0.7272727272727273,0.5636363636363636,1.0,1.0,1.0,1.0,0.6320346320346321,0.7666666666666667,0.7666666666666667,0.675,0.675,1.0
867,attribute,no,0,1.0,1.0,0.9090909090909091,0.8181818181818182,1.0,1.0,0.8,0.6,0.9090909090909091,1.0,0.875,0.875,0.7666666666666667,0.8
868,sentiment,no,0,1.0,1.0,0.0,1.0,1.0,1.0,0.0,1.0,0.47619047619047616,1.0,0.5416666666666666,0.5416666666666666,1.0,0.4444444444444444
869,attribute,no,0,0.9090909090909091,0.8181818181818182,0.0,1.0,0.8,0.6,0.0,1.0,0.4805194805194805,0.7666666666666667,0.5,0.6,1.0,0.4666666666666667
870,sentiment,no,0,1.0,1.0,0.0,1.0,0.8,0.6,0.0,1.0,0.47619047619047616,0.875,0.5416666666666666,0.6,1.0,0.4666666666666667
871,object,no,0,1.0,1.0,1.0,1.0,1.0,1.0,1.0,1.0,1.0,1.0,1.0,1.0,1.0,1.0
872,counting,no,0,0.8181818181818182,0.6727272727272727,0.5454545454545454,0.45454545454545453,1.0,1.0,0.6,0.4,0.5454545454545454,0.7666666666666667,0.6,0.5416666666666666,0.475,0.6444444444444445
873,object,no,0,0.9090909090909091,0.8181818181818182,0.0,1.0,0.8,0.6,0.4,0.4,0.4805194805194805,0.7666666666666667,0.6,0.6,0.7666666666666667,0.4666666666666667
875,attribute,no,0,1.0,1.0,1.0,1.0,1.0,1.0,0.8,0.6,1.0,1.0,0.875,1.0,0.875,0.8
877,object,no,0,1.0,1.0,1.0,1.0,1.0,1.0,0.8,0.6,1.0,1.0,0.875,1.0,0.875,0.8
878,sentiment,no,1,1.0,1.0,1.0,1.0,1.0,1.0,1.0,1.0,1.0,1.0,1.0,1.0,1.0,1.0
879,object,no,0,0.9090909090909091,0.8181818181818182,0.36363636363636365,0.4909090909090909,1.0,1.0,0.4,0.4,0.5151515151515151,0.875,0.6,0.475,0.5,0.5333333333333333
880,counting,no,0,0.9090909090909091,0.8181818181818182,0.7272727272727273,0.5636363636363636,1.0,1.0,0.0,1.0,0.6883116883116883,0.875,0.5,0.675,0.4666666666666667,0.4444444444444444
881,sentiment,no,1,1.0,1.0,1.0,1.0,0.8,0.6,1.0,1.0,1.0,0.875,1.0,0.875,1.0,0.8
882,positional,no,0,1.0,1.0,1.0,1.0,1.0,1.0,0.4,0.4,1.0,1.0,0.675,1.0,0.675,0.5333333333333333
883,positional,no,0,1.0,1.0,1.0,1.0,1.0,1.0,1.0,1.0,1.0,1.0,1.0,1.0,1.0,1.0
884,positional,no,0,1.0,1.0,1.0,1.0,1.0,1.0,0.8,0.6,1.0,1.0,0.875,1.0,0.875,0.8
885,positional,no,1,1.0,1.0,1.0,1.0,1.0,1.0,1.0,1.0,1.0,1.0,1.0,1.0,1.0,1.0
886,attribute,no,0,0.7272727272727273,0.5636363636363636,0.7272727272727273,0.5636363636363636,1.0,1.0,1.0,1.0,0.5844155844155844,0.675,0.675,0.675,0.675,1.0
887,positional,no,0,1.0,1.0,1.0,1.0,1.0,1.0,1.0,1.0,1.0,1.0,1.0,1.0,1.0,1.0
888,attribute,no,0,0.9090909090909091,0.8181818181818182,0.9090909090909091,0.8181818181818182,0.8,0.6,0.6,0.4,0.8268398268398268,0.7666666666666667,0.675,0.7666666666666667,0.675,0.5333333333333333
889,attribute,no,0,1.0,1.0,0.5454545454545454,0.45454545454545453,1.0,1.0,0.6,0.4,0.6320346320346321,1.0,0.7666666666666667,0.5416666666666666,0.475,0.6444444444444445
890,attribute,no,0,1.0,1.0,1.0,1.0,1.0,1.0,0.8,0.6,1.0,1.0,0.875,1.0,0.875,0.8
891,attribute,no,0,0.9090909090909091,0.8181818181818182,0.6363636363636364,0.4909090909090909,0.8,0.6,0.8,0.6,0.6320346320346321,0.7666666666666667,0.7666666666666667,0.5416666666666666,0.5416666666666666,0.6444444444444445
893,attribute,no,0,1.0,1.0,1.0,1.0,1.0,1.0,0.8,0.6,1.0,1.0,0.875,1.0,0.875,0.8
894,positional,no,1,0.9090909090909091,0.8181818181818182,0.18181818181818182,0.6727272727272727,0.6,0.4,0.8,0.6,0.4805194805194805,0.675,0.7666666666666667,0.5416666666666666,0.5,0.5333333333333333
896,object,no,0,1.0,1.0,1.0,1.0,1.0,1.0,1.0,1.0,1.0,1.0,1.0,1.0,1.0,1.0
897,attribute,no,0,1.0,1.0,1.0,1.0,1.0,1.0,1.0,1.0,1.0,1.0,1.0,1.0,1.0,1.0
899,positional,no,0,0.09090909090909091,0.8181818181818182,1.0,1.0,0.2,0.6,0.8,0.6,0.4805194805194805,0.7666666666666667,0.5416666666666666,0.6,0.875,0.4444444444444444
900,sentiment,no,0,1.0,1.0,0.9090909090909091,0.8181818181818182,1.0,1.0,0.6,0.4,0.9090909090909091,1.0,0.7666666666666667,0.875,0.675,0.6444444444444445
901,counting,no,0,1.0,1.0,0.0,1.0,1.0,1.0,0.0,1.0,0.47619047619047616,1.0,0.5416666666666666,0.5416666666666666,1.0,0.4444444444444444
902,object,no,0,1.0,1.0,1.0,1.0,1.0,1.0,1.0,1.0,1.0,1.0,1.0,1.0,1.0,1.0
903,sentiment,no,0,1.0,1.0,0.0,1.0,1.0,1.0,0.0,1.0,0.47619047619047616,1.0,0.5416666666666666,0.5416666666666666,1.0,0.4444444444444444
904,attribute,no,0,1.0,1.0,1.0,1.0,1.0,1.0,0.8,0.6,1.0,1.0,0.875,1.0,0.875,0.8
905,positional,no,0,1.0,1.0,0.0,1.0,0.6,0.4,0.0,1.0,0.47619047619047616,0.7666666666666667,0.5416666666666666,0.675,1.0,0.5333333333333333
906,positional,no,0,1.0,1.0,1.0,1.0,1.0,1.0,0.4,0.4,1.0,1.0,0.675,1.0,0.675,0.5333333333333333
907,object,no,0,1.0,1.0,1.0,1.0,1.0,1.0,0.8,0.6,1.0,1.0,0.875,1.0,0.875,0.8
908,positional,no,0,0.9090909090909091,0.8181818181818182,0.6363636363636364,0.4909090909090909,1.0,1.0,0.2,0.6,0.6320346320346321,0.875,0.5416666666666666,0.6,0.4666666666666667,0.4666666666666667
909,object,no,0,0.09090909090909091,0.8181818181818182,0.0,1.0,0.8,0.6,0.0,1.0,0.9090909090909091,0.5416666666666666,0.875,0.6,1.0,0.4666666666666667
910,counting,no,0,0.9090909090909091,0.8181818181818182,1.0,1.0,1.0,1.0,0.6,0.4,0.9090909090909091,0.875,0.675,1.0,0.7666666666666667,0.6444444444444445
911,positional,no,0,1.0,1.0,0.0,1.0,1.0,1.0,0.2,0.6,0.47619047619047616,1.0,0.6,0.5416666666666666,0.875,0.4666666666666667
912,attribute,no,0,1.0,1.0,0.9090909090909091,0.8181818181818182,1.0,1.0,1.0,1.0,0.9090909090909091,1.0,1.0,0.875,0.875,1.0
913,object,no,0,1.0,1.0,1.0,1.0,1.0,1.0,1.0,1.0,1.0,1.0,1.0,1.0,1.0,1.0
914,counting,no,0,1.0,1.0,0.09090909090909091,0.8181818181818182,1.0,1.0,0.0,1.0,0.4805194805194805,1.0,0.5416666666666666,0.5,0.875,0.4444444444444444
915,object,no,1,0.36363636363636365,0.4909090909090909,1.0,1.0,1.0,1.0,0.8,0.6,0.5454545454545454,0.475,0.4666666666666667,1.0,0.875,0.8
916,attribute,no,0,1.0,1.0,1.0,1.0,1.0,1.0,1.0,1.0,1.0,1.0,1.0,1.0,1.0,1.0
917,counting,no,0,1.0,1.0,1.0,1.0,1.0,1.0,0.6,0.4,1.0,1.0,0.7666666666666667,1.0,0.7666666666666667,0.6444444444444445
918,counting,no,0,1.0,1.0,0.0,1.0,1.0,1.0,0.0,1.0,0.47619047619047616,1.0,0.5416666666666666,0.5416666666666666,1.0,0.4444444444444444
919,attribute,no,0,1.0,1.0,1.0,1.0,1.0,1.0,1.0,1.0,1.0,1.0,1.0,1.0,1.0,1.0
920,positional,no,0,0.6363636363636364,0.4909090909090909,1.0,1.0,0.4,0.4,0.8,0.6,0.6883116883116883,0.475,0.5416666666666666,0.675,0.875,0.4666666666666667
921,positional,no,0,1.0,1.0,1.0,1.0,1.0,1.0,0.8,0.6,1.0,1.0,0.875,1.0,0.875,0.8
922,object,no,0,0.6363636363636364,0.4909090909090909,0.45454545454545453,0.45454545454545453,1.0,1.0,0.8,0.6,0.4805194805194805,0.6,0.5416666666666666,0.5,0.475,0.8
923,object,no,0,0.9090909090909091,0.8181818181818182,1.0,1.0,1.0,1.0,1.0,1.0,0.9090909090909091,0.875,0.875,1.0,1.0,1.0
924,object,no,0,1.0,1.0,1.0,1.0,1.0,1.0,0.8,0.6,1.0,1.0,0.875,1.0,0.875,0.8
925,attribute,no,0,1.0,1.0,1.0,1.0,1.0,1.0,0.8,0.6,1.0,1.0,0.875,1.0,0.875,0.8
926,attribute,no,0,1.0,1.0,0.36363636363636365,0.4909090909090909,0.4,0.4,0.6,0.4,0.5454545454545454,0.675,0.7666666666666667,0.5,0.475,0.4444444444444444
927,object,no,0,1.0,1.0,0.7272727272727273,0.5636363636363636,0.8,0.6,1.0,1.0,0.7532467532467533,0.875,1.0,0.6,0.675,0.8
928,attribute,no,0,1.0,1.0,1.0,1.0,1.0,1.0,1.0,1.0,1.0,1.0,1.0,1.0,1.0,1.0
929,positional,no,0,1.0,1.0,0.9090909090909091,0.8181818181818182,1.0,1.0,0.8,0.6,0.9090909090909091,1.0,0.875,0.875,0.7666666666666667,0.8
930,attribute,no,0,1.0,1.0,0.9090909090909091,0.8181818181818182,1.0,1.0,0.8,0.6,0.9090909090909091,1.0,0.875,0.875,0.7666666666666667,0.8
931,object,no,0,1.0,1.0,1.0,1.0,0.8,0.6,1.0,1.0,1.0,0.875,1.0,0.875,1.0,0.8
932,positional,no,1,0.9090909090909091,0.8181818181818182,0.0,1.0,0.8,0.6,0.6,0.4,0.4805194805194805,0.7666666666666667,0.675,0.6,0.675,0.5333333333333333
934,object,no,0,1.0,1.0,1.0,1.0,1.0,1.0,0.8,0.6,1.0,1.0,0.875,1.0,0.875,0.8
935,counting,no,0,1.0,1.0,1.0,1.0,1.0,1.0,0.4,0.4,1.0,1.0,0.675,1.0,0.675,0.5333333333333333
937,attribute,no,0,1.0,1.0,1.0,1.0,1.0,1.0,0.8,0.6,1.0,1.0,0.875,1.0,0.875,0.8
939,attribute,no,0,1.0,1.0,0.9090909090909091,0.8181818181818182,1.0,1.0,1.0,1.0,0.9090909090909091,1.0,1.0,0.875,0.875,1.0
940,object,no,0,0.9090909090909091,0.8181818181818182,0.9090909090909091,0.8181818181818182,1.0,1.0,1.0,1.0,0.8268398268398268,0.875,0.875,0.875,0.875,1.0
941,attribute,no,0,1.0,1.0,0.8181818181818182,0.6727272727272727,1.0,1.0,1.0,1.0,0.8268398268398268,1.0,1.0,0.7666666666666667,0.7666666666666667,1.0
942,object,no,0,1.0,1.0,1.0,1.0,1.0,1.0,1.0,1.0,1.0,1.0,1.0,1.0,1.0,1.0
943,object,no,0,1.0,1.0,1.0,1.0,1.0,1.0,0.8,0.6,1.0,1.0,0.875,1.0,0.875,0.8
944,counting,no,0,1.0,1.0,0.0,1.0,1.0,1.0,0.0,1.0,0.47619047619047616,1.0,0.5416666666666666,0.5416666666666666,1.0,0.4444444444444444
946,object,no,0,1.0,1.0,1.0,1.0,1.0,1.0,0.8,0.6,1.0,1.0,0.875,1.0,0.875,0.8
947,sentiment,no,0,1.0,1.0,0.09090909090909091,0.8181818181818182,1.0,1.0,0.0,1.0,0.4805194805194805,1.0,0.5416666666666666,0.5,0.875,0.4444444444444444
948,positional,no,0,1.0,1.0,0.5454545454545454,0.45454545454545453,0.4,0.4,0.6,0.4,0.6320346320346321,0.675,0.7666666666666667,0.4666666666666667,0.475,0.4444444444444444
949,counting,no,0,0.9090909090909091,0.8181818181818182,0.36363636363636365,0.4909090909090909,0.8,0.6,0.0,1.0,0.5151515151515151,0.7666666666666667,0.5,0.4666666666666667,0.6,0.4666666666666667
950,object,no,0,1.0,1.0,1.0,1.0,1.0,1.0,1.0,1.0,1.0,1.0,1.0,1.0,1.0,1.0
951,counting,no,0,0.18181818181818182,0.6727272727272727,0.8181818181818182,0.6727272727272727,0.6,0.4,0.6,0.4,0.47619047619047616,0.5416666666666666,0.5416666666666666,0.6,0.6,0.4666666666666667
952,attribute,no,1,0.8181818181818182,0.6727272727272727,1.0,1.0,1.0,1.0,0.6,0.4,0.8268398268398268,0.7666666666666667,0.6,1.0,0.7666666666666667,0.6444444444444445
953,positional,no,0,1.0,1.0,0.9090909090909091,0.8181818181818182,1.0,1.0,0.2,0.6,0.9090909090909091,1.0,0.6,0.875,0.5416666666666666,0.4666666666666667
954,object,no,0,1.0,1.0,0.36363636363636365,0.4909090909090909,1.0,1.0,0.6,0.4,0.5454545454545454,1.0,0.7666666666666667,0.475,0.475,0.6444444444444445
955,object,no,1,1.0,1.0,1.0,1.0,1.0,1.0,1.0,1.0,1.0,1.0,1.0,1.0,1.0,1.0
956,attribute,no,0,1.0,1.0,1.0,1.0,1.0,1.0,1.0,1.0,1.0,1.0,1.0,1.0,1.0,1.0
957,positional,no,0,1.0,1.0,0.9090909090909091,0.8181818181818182,1.0,1.0,0.6,0.4,0.9090909090909091,1.0,0.7666666666666667,0.875,0.675,0.6444444444444445
958,object,no,0,1.0,1.0,1.0,1.0,1.0,1.0,0.6,0.4,1.0,1.0,0.7666666666666667,1.0,0.7666666666666667,0.6444444444444445
959,attribute,no,0,1.0,1.0,0.6363636363636364,0.4909090909090909,0.8,0.6,0.6,0.4,0.6883116883116883,0.875,0.7666666666666667,0.5416666666666666,0.5,0.5333333333333333
960,object,no,0,0.8181818181818182,0.6727272727272727,0.7272727272727273,0.5636363636363636,1.0,1.0,1.0,1.0,0.6320346320346321,0.7666666666666667,0.7666666666666667,0.675,0.675,1.0
961,attribute,no,0,1.0,1.0,0.6363636363636364,0.4909090909090909,0.6,0.4,0.4,0.4,0.6883116883116883,0.7666666666666667,0.675,0.5,0.475,0.4444444444444444
962,counting,no,0,1.0,1.0,0.45454545454545453,0.45454545454545453,1.0,1.0,0.0,1.0,0.5844155844155844,1.0,0.5416666666666666,0.5,0.5416666666666666,0.4444444444444444
963,positional,no,0,1.0,1.0,1.0,1.0,1.0,1.0,1.0,1.0,1.0,1.0,1.0,1.0,1.0,1.0
965,counting,no,0,1.0,1.0,0.0,1.0,1.0,1.0,0.0,1.0,0.47619047619047616,1.0,0.5416666666666666,0.5416666666666666,1.0,0.4444444444444444
966,object,no,0,1.0,1.0,1.0,1.0,1.0,1.0,1.0,1.0,1.0,1.0,1.0,1.0,1.0,1.0
967,counting,no,0,0.09090909090909091,0.8181818181818182,0.0,1.0,0.0,1.0,0.4,0.4,0.9090909090909091,0.875,0.675,1.0,0.7666666666666667,0.6444444444444445
968,attribute,no,0,0.0,1.0,0.0,1.0,0.2,0.6,0.2,0.6,1.0,0.875,0.875,0.875,0.875,0.6444444444444445
969,positional,no,0,0.9090909090909091,0.8181818181818182,0.09090909090909091,0.8181818181818182,0.8,0.6,0.2,0.6,0.47619047619047616,0.7666666666666667,0.5416666666666666,0.5416666666666666,0.7666666666666667,0.4444444444444444
970,sentiment,no,0,1.0,1.0,0.9090909090909091,0.8181818181818182,1.0,1.0,1.0,1.0,0.9090909090909091,1.0,1.0,0.875,0.875,1.0
971,object,no,0,1.0,1.0,0.9090909090909091,0.8181818181818182,1.0,1.0,0.8,0.6,0.9090909090909091,1.0,0.875,0.875,0.7666666666666667,0.8
972,attribute,no,0,1.0,1.0,0.09090909090909091,0.8181818181818182,0.2,0.6,0.0,1.0,0.4805194805194805,0.6,0.5416666666666666,0.7666666666666667,0.875,0.8
973,object,no,0,1.0,1.0,1.0,1.0,1.0,1.0,1.0,1.0,1.0,1.0,1.0,1.0,1.0,1.0
974,attribute,no,0,1.0,1.0,1.0,1.0,1.0,1.0,1.0,1.0,1.0,1.0,1.0,1.0,1.0,1.0
975,attribute,no,0,1.0,1.0,1.0,1.0,1.0,1.0,1.0,1.0,1.0,1.0,1.0,1.0,1.0,1.0
976,object,no,0,1.0,1.0,1.0,1.0,1.0,1.0,0.8,0.6,1.0,1.0,0.875,1.0,0.875,0.8
977,attribute,no,0,0.9090909090909091,0.8181818181818182,0.7272727272727273,0.5636363636363636,0.4,0.4,0.2,0.6,0.6883116883116883,0.6,0.5416666666666666,0.5,0.475,0.5333333333333333
978,attribute,no,0,1.0,1.0,0.36363636363636365,0.4909090909090909,1.0,1.0,0.8,0.6,0.5454545454545454,1.0,0.875,0.475,0.4666666666666667,0.8
979,attribute,no,0,0.7272727272727273,0.5636363636363636,0.6363636363636364,0.4909090909090909,0.8,0.6,1.0,1.0,0.5454545454545454,0.6,0.675,0.5416666666666666,0.6,0.8
980,attribute,no,0,1.0,1.0,0.2727272727272727,0.5636363636363636,0.4,0.4,0.0,1.0,0.5151515151515151,0.675,0.5416666666666666,0.5416666666666666,0.675,0.6444444444444445
981,attribute,no,0,1.0,1.0,1.0,1.0,1.0,1.0,1.0,1.0,1.0,1.0,1.0,1.0,1.0,1.0
982,attribute,no,0,0.5454545454545454,0.45454545454545453,0.09090909090909091,0.8181818181818182,0.2,0.6,0.6,0.4,0.5454545454545454,0.475,0.475,0.7666666666666667,0.6,0.4666666666666667
983,object,no,0,1.0,1.0,1.0,1.0,1.0,1.0,1.0,1.0,1.0,1.0,1.0,1.0,1.0,1.0
984,object,no,0,1.0,1.0,0.9090909090909091,0.8181818181818182,1.0,1.0,1.0,1.0,0.9090909090909091,1.0,1.0,0.875,0.875,1.0
985,object,no,0,1.0,1.0,1.0,1.0,1.0,1.0,1.0,1.0,1.0,1.0,1.0,1.0,1.0,1.0
986,object,no,0,1.0,1.0,1.0,1.0,1.0,1.0,1.0,1.0,1.0,1.0,1.0,1.0,1.0,1.0
987,sentiment,no,0,0.18181818181818182,0.6727272727272727,0.0,1.0,0.2,0.6,0.0,1.0,0.8268398268398268,0.675,0.7666666666666667,0.875,1.0,0.8
988,attribute,no,0,0.5454545454545454,0.45454545454545453,0.5454545454545454,0.45454545454545453,0.0,1.0,0.2,0.6,0.4805194805194805,0.5,0.475,0.5,0.475,0.8
989,object,no,1,1.0,1.0,1.0,1.0,1.0,1.0,1.0,1.0,1.0,1.0,1.0,1.0,1.0,1.0
990,attribute,no,0,1.0,1.0,0.0,1.0,0.4,0.4,0.0,1.0,0.47619047619047616,0.675,0.5416666666666666,0.7666666666666667,1.0,0.6444444444444445
991,positional,no,1,1.0,1.0,1.0,1.0,0.8,0.6,1.0,1.0,1.0,0.875,1.0,0.875,1.0,0.8
992,attribute,no,0,1.0,1.0,0.9090909090909091,0.8181818181818182,0.8,0.6,1.0,1.0,0.9090909090909091,0.875,1.0,0.7666666666666667,0.875,0.8
993,object,no,0,1.0,1.0,1.0,1.0,1.0,1.0,1.0,1.0,1.0,1.0,1.0,1.0,1.0,1.0
994,counting,no,0,0.9090909090909091,0.8181818181818182,0.36363636363636365,0.4909090909090909,0.8,0.6,0.0,1.0,0.5151515151515151,0.7666666666666667,0.5,0.4666666666666667,0.6,0.4666666666666667
995,attribute,no,0,1.0,1.0,1.0,1.0,1.0,1.0,1.0,1.0,1.0,1.0,1.0,1.0,1.0,1.0
996,attribute,no,0,1.0,1.0,0.9090909090909091,0.8181818181818182,1.0,1.0,1.0,1.0,0.9090909090909091,1.0,1.0,0.875,0.875,1.0
997,positional,no,0,1.0,1.0,0.18181818181818182,0.6727272727272727,1.0,1.0,0.2,0.6,0.4935064935064935,1.0,0.6,0.475,0.675,0.4666666666666667
998,attribute,no,0,1.0,1.0,0.5454545454545454,0.45454545454545453,1.0,1.0,0.8,0.6,0.6320346320346321,1.0,0.875,0.5416666666666666,0.5,0.8
999,sentiment,no,0,0.2727272727272727,0.5636363636363636,0.0,1.0,0.0,1.0,0.0,1.0,0.7532467532467533,0.675,0.675,1.0,1.0,1.0
1000,attribute,no,0,1.0,1.0,0.7272727272727273,0.5636363636363636,1.0,1.0,1.0,1.0,0.7532467532467533,1.0,1.0,0.675,0.675,1.0
1001,counting,no,0,1.0,1.0,0.9090909090909091,0.8181818181818182,1.0,1.0,0.4,0.4,0.9090909090909091,1.0,0.675,0.875,0.6,0.5333333333333333
1002,object,no,0,1.0,1.0,1.0,1.0,1.0,1.0,1.0,1.0,1.0,1.0,1.0,1.0,1.0,1.0
1003,positional,no,0,1.0,1.0,0.0,1.0,0.8,0.6,0.4,0.4,0.47619047619047616,0.875,0.675,0.6,0.7666666666666667,0.4666666666666667
1004,attribute,no,0,1.0,1.0,0.5454545454545454,0.45454545454545453,0.8,0.6,0.6,0.4,0.6320346320346321,0.875,0.7666666666666667,0.5,0.475,0.5333333333333333
1005,counting,no,0,0.36363636363636365,0.4909090909090909,0.0,1.0,0.6,0.4,0.2,0.6,0.6883116883116883,0.475,0.5416666666666666,0.675,0.875,0.4666666666666667
1006,object,no,1,1.0,1.0,1.0,1.0,0.8,0.6,1.0,1.0,1.0,0.875,1.0,0.875,1.0,0.8
1008,counting,no,0,1.0,1.0,0.0,1.0,1.0,1.0,0.0,1.0,0.47619047619047616,1.0,0.5416666666666666,0.5416666666666666,1.0,0.4444444444444444
1009,object,no,1,0.45454545454545453,0.45454545454545453,0.5454545454545454,0.45454545454545453,1.0,1.0,1.0,1.0,0.47619047619047616,0.5,0.5,0.5416666666666666,0.5416666666666666,1.0
1010,object,no,0,1.0,1.0,1.0,1.0,1.0,1.0,0.8,0.6,1.0,1.0,0.875,1.0,0.875,0.8
1012,attribute,no,0,1.0,1.0,0.18181818181818182,0.6727272727272727,0.8,0.6,0.0,1.0,0.4935064935064935,0.875,0.5416666666666666,0.5,0.7666666666666667,0.4666666666666667
1013,attribute,no,0,0.2727272727272727,0.5636363636363636,0.0,1.0,0.4,0.4,0.0,1.0,0.7532467532467533,0.5416666666666666,0.675,0.7666666666666667,1.0,0.6444444444444445
1014,attribute,no,0,1.0,1.0,1.0,1.0,0.4,0.4,0.4,0.4,1.0,0.675,0.675,0.675,0.675,0.4666666666666667
1015,object,no,0,0.8181818181818182,0.6727272727272727,0.0,1.0,1.0,1.0,0.2,0.6,0.4935064935064935,0.7666666666666667,0.5,0.5416666666666666,0.875,0.4666666666666667
1016,attribute,no,0,1.0,1.0,1.0,1.0,0.8,0.6,1.0,1.0,1.0,0.875,1.0,0.875,1.0,0.8
1017,positional,no,1,0.6363636363636364,0.4909090909090909,0.0,1.0,0.8,0.6,0.0,1.0,0.5454545454545454,0.5416666666666666,0.475,0.6,1.0,0.4666666666666667
1018,object,no,0,1.0,1.0,1.0,1.0,1.0,1.0,0.8,0.6,1.0,1.0,0.875,1.0,0.875,0.8
1019,attribute,no,0,0.18181818181818182,0.6727272727272727,0.0,1.0,0.4,0.4,0.0,1.0,0.8268398268398268,0.6,0.7666666666666667,0.7666666666666667,1.0,0.6444444444444445
1020,attribute,no,0,0.9090909090909091,0.8181818181818182,0.9090909090909091,0.8181818181818182,1.0,1.0,1.0,1.0,0.8268398268398268,0.875,0.875,0.875,0.875,1.0
1021,object,no,1,1.0,1.0,1.0,1.0,0.8,0.6,1.0,1.0,1.0,0.875,1.0,0.875,1.0,0.8
1022,attribute,no,0,1.0,1.0,1.0,1.0,1.0,1.0,0.8,0.6,1.0,1.0,0.875,1.0,0.875,0.8
1023,object,no,0,0.5454545454545454,0.45454545454545453,0.2727272727272727,0.5636363636363636,0.8,0.6,0.6,0.4,0.4935064935064935,0.5,0.475,0.475,0.5,0.5333333333333333
1024,object,no,1,0.9090909090909091,0.8181818181818182,1.0,1.0,1.0,1.0,1.0,1.0,0.9090909090909091,0.875,0.875,1.0,1.0,1.0
1027,object,no,0,0.6363636363636364,0.4909090909090909,0.45454545454545453,0.45454545454545453,0.4,0.4,0.4,0.4,0.4805194805194805,0.475,0.475,0.475,0.475,0.4666666666666667
1028,attribute,no,0,1.0,1.0,0.7272727272727273,0.5636363636363636,1.0,1.0,0.8,0.6,0.7532467532467533,1.0,0.875,0.675,0.6,0.8
1029,attribute,no,0,1.0,1.0,0.9090909090909091,0.8181818181818182,1.0,1.0,1.0,1.0,0.9090909090909091,1.0,1.0,0.875,0.875,1.0
1030,positional,no,1,1.0,1.0,1.0,1.0,1.0,1.0,1.0,1.0,1.0,1.0,1.0,1.0,1.0,1.0
1031,object,no,0,1.0,1.0,1.0,1.0,1.0,1.0,1.0,1.0,1.0,1.0,1.0,1.0,1.0,1.0
1032,positional,no,0,1.0,1.0,1.0,1.0,1.0,1.0,0.4,0.4,1.0,1.0,0.675,1.0,0.675,0.5333333333333333
1033,sentiment,no,1,0.45454545454545453,0.45454545454545453,1.0,1.0,1.0,1.0,0.8,0.6,0.5844155844155844,0.5,0.475,1.0,0.875,0.8
1034,attribute,no,0,0.7272727272727273,0.5636363636363636,0.45454545454545453,0.45454545454545453,1.0,1.0,1.0,1.0,0.4935064935064935,0.675,0.675,0.5,0.5,1.0
1035,object,no,0,1.0,1.0,1.0,1.0,0.8,0.6,0.8,0.6,1.0,0.875,0.875,0.875,0.875,0.6444444444444445
1036,object,no,0,0.9090909090909091,0.8181818181818182,0.8181818181818182,0.6727272727272727,1.0,1.0,0.0,1.0,0.7532467532467533,0.875,0.5,0.7666666666666667,0.475,0.4444444444444444
1037,counting,no,0,1.0,1.0,1.0,1.0,1.0,1.0,0.4,0.4,1.0,1.0,0.675,1.0,0.675,0.5333333333333333
1038,attribute,no,0,1.0,1.0,0.9090909090909091,0.8181818181818182,1.0,1.0,1.0,1.0,0.9090909090909091,1.0,1.0,0.875,0.875,1.0
1039,object,no,0,1.0,1.0,1.0,1.0,1.0,1.0,0.8,0.6,1.0,1.0,0.875,1.0,0.875,0.8
1040,attribute,no,0,0.9090909090909091,0.8181818181818182,1.0,1.0,1.0,1.0,1.0,1.0,0.9090909090909091,0.875,0.875,1.0,1.0,1.0
1041,object,no,0,0.6363636363636364,0.4909090909090909,0.5454545454545454,0.45454545454545453,0.8,0.6,0.4,0.4,0.4935064935064935,0.5416666666666666,0.475,0.5,0.4666666666666667,0.4666666666666667
1042,positional,no,0,0.8181818181818182,0.6727272727272727,1.0,1.0,1.0,1.0,0.6,0.4,0.8268398268398268,0.7666666666666667,0.6,1.0,0.7666666666666667,0.6444444444444445
1043,positional,no,0,1.0,1.0,1.0,1.0,1.0,1.0,1.0,1.0,1.0,1.0,1.0,1.0,1.0,1.0
1044,object,no,0,1.0,1.0,1.0,1.0,0.8,0.6,0.8,0.6,1.0,0.875,0.875,0.875,0.875,0.6444444444444445
1045,attribute,no,0,1.0,1.0,0.36363636363636365,0.4909090909090909,0.8,0.6,0.4,0.4,0.5454545454545454,0.875,0.675,0.4666666666666667,0.5,0.4666666666666667
1046,object,no,0,1.0,1.0,1.0,1.0,1.0,1.0,1.0,1.0,1.0,1.0,1.0,1.0,1.0,1.0
1048,positional,no,1,0.6363636363636364,0.4909090909090909,0.18181818181818182,0.6727272727272727,0.6,0.4,0.8,0.6,0.4935064935064935,0.5,0.5416666666666666,0.5416666666666666,0.5,0.5333333333333333
1049,attribute,no,0,0.09090909090909091,0.8181818181818182,0.0,1.0,0.2,0.6,0.2,0.6,0.9090909090909091,0.7666666666666667,0.7666666666666667,0.875,0.875,0.6444444444444445
1051,object,no,0,1.0,1.0,0.18181818181818182,0.6727272727272727,1.0,1.0,0.0,1.0,0.4935064935064935,1.0,0.5416666666666666,0.475,0.7666666666666667,0.4444444444444444
1052,sentiment,no,1,0.8181818181818182,0.6727272727272727,1.0,1.0,1.0,1.0,1.0,1.0,0.8268398268398268,0.7666666666666667,0.7666666666666667,1.0,1.0,1.0
1053,object,no,0,1.0,1.0,1.0,1.0,0.8,0.6,0.8,0.6,1.0,0.875,0.875,0.875,0.875,0.6444444444444445
1054,attribute,no,0,1.0,1.0,1.0,1.0,1.0,1.0,0.8,0.6,1.0,1.0,0.875,1.0,0.875,0.8
1055,sentiment,no,0,0.9090909090909091,0.8181818181818182,0.0,1.0,0.6,0.4,0.0,1.0,0.4805194805194805,0.675,0.5,0.675,1.0,0.5333333333333333
1057,attribute,no,0,1.0,1.0,0.7272727272727273,0.5636363636363636,1.0,1.0,1.0,1.0,0.7532467532467533,1.0,1.0,0.675,0.675,1.0
1058,object,no,0,1.0,1.0,1.0,1.0,1.0,1.0,1.0,1.0,1.0,1.0,1.0,1.0,1.0,1.0
1059,positional,no,0,1.0,1.0,0.0,1.0,1.0,1.0,0.0,1.0,0.47619047619047616,1.0,0.5416666666666666,0.5416666666666666,1.0,0.4444444444444444
1060,object,no,1,0.9090909090909091,0.8181818181818182,1.0,1.0,1.0,1.0,1.0,1.0,0.9090909090909091,0.875,0.875,1.0,1.0,1.0
1062,object,no,0,0.09090909090909091,0.8181818181818182,0.0,1.0,0.2,0.6,0.4,0.4,0.9090909090909091,0.7666666666666667,0.675,0.875,0.7666666666666667,0.5333333333333333
1063,positional,no,0,0.9090909090909091,0.8181818181818182,0.9090909090909091,0.8181818181818182,0.6,0.4,0.6,0.4,0.8268398268398268,0.675,0.675,0.675,0.675,0.4666666666666667
1064,sentiment,no,0,1.0,1.0,0.0,1.0,1.0,1.0,0.2,0.6,0.47619047619047616,1.0,0.6,0.5416666666666666,0.875,0.4666666666666667
1066,sentiment,no,1,0.8181818181818182,0.6727272727272727,1.0,1.0,1.0,1.0,0.8,0.6,0.8268398268398268,0.7666666666666667,0.675,1.0,0.875,0.8
1067,attribute,no,0,1.0,1.0,1.0,1.0,1.0,1.0,1.0,1.0,1.0,1.0,1.0,1.0,1.0,1.0
1069,positional,no,0,1.0,1.0,0.45454545454545453,0.45454545454545453,1.0,1.0,0.4,0.4,0.5844155844155844,1.0,0.675,0.5,0.475,0.5333333333333333
1070,object,no,0,0.9090909090909091,0.8181818181818182,0.9090909090909091,0.8181818181818182,1.0,1.0,0.8,0.6,0.8268398268398268,0.875,0.7666666666666667,0.875,0.7666666666666667,0.8
1072,attribute,no,0,1.0,1.0,1.0,1.0,1.0,1.0,1.0,1.0,1.0,1.0,1.0,1.0,1.0,1.0
1073,object,no,0,0.7272727272727273,0.5636363636363636,0.9090909090909091,0.8181818181818182,0.0,1.0,0.8,0.6,0.6883116883116883,0.4666666666666667,0.6,0.5,0.7666666666666667,0.4666666666666667
1074,object,no,0,1.0,1.0,1.0,1.0,1.0,1.0,1.0,1.0,1.0,1.0,1.0,1.0,1.0,1.0
1075,counting,no,0,1.0,1.0,0.36363636363636365,0.4909090909090909,1.0,1.0,0.6,0.4,0.5454545454545454,1.0,0.7666666666666667,0.475,0.475,0.6444444444444445
1076,object,no,0,1.0,1.0,1.0,1.0,1.0,1.0,1.0,1.0,1.0,1.0,1.0,1.0,1.0,1.0
1077,object,no,0,0.9090909090909091,0.8181818181818182,0.7272727272727273,0.5636363636363636,1.0,1.0,1.0,1.0,0.6883116883116883,0.875,0.875,0.675,0.675,1.0
1078,positional,no,0,1.0,1.0,0.18181818181818182,0.6727272727272727,0.8,0.6,0.4,0.4,0.4935064935064935,0.875,0.675,0.5,0.6,0.4666666666666667
1079,attribute,no,0,1.0,1.0,0.09090909090909091,0.8181818181818182,0.6,0.4,0.2,0.6,0.4805194805194805,0.7666666666666667,0.6,0.6,0.7666666666666667,0.4666666666666667
1080,attribute,no,0,0.5454545454545454,0.45454545454545453,0.0,1.0,0.6,0.4,0.0,1.0,0.5844155844155844,0.475,0.5,0.675,1.0,0.5333333333333333
1081,sentiment,no,0,1.0,1.0,0.09090909090909091,0.8181818181818182,1.0,1.0,0.2,0.6,0.4805194805194805,1.0,0.6,0.5,0.7666666666666667,0.4666666666666667
1082,sentiment,no,0,1.0,1.0,0.18181818181818182,0.6727272727272727,1.0,1.0,0.0,1.0,0.4935064935064935,1.0,0.5416666666666666,0.475,0.7666666666666667,0.4444444444444444
1083,counting,no,0,1.0,1.0,0.0,1.0,1.0,1.0,0.0,1.0,0.47619047619047616,1.0,0.5416666666666666,0.5416666666666666,1.0,0.4444444444444444
1085,counting,no,0,1.0,1.0,0.8181818181818182,0.6727272727272727,1.0,1.0,0.6,0.4,0.8268398268398268,1.0,0.7666666666666667,0.7666666666666667,0.6,0.6444444444444445
1086,attribute,no,0,1.0,1.0,1.0,1.0,1.0,1.0,1.0,1.0,1.0,1.0,1.0,1.0,1.0,1.0
1087,attribute,no,0,1.0,1.0,0.5454545454545454,0.45454545454545453,1.0,1.0,0.8,0.6,0.6320346320346321,1.0,0.875,0.5416666666666666,0.5,0.8
1088,object,no,0,1.0,1.0,1.0,1.0,1.0,1.0,0.6,0.4,1.0,1.0,0.7666666666666667,1.0,0.7666666666666667,0.6444444444444445
1089,object,no,0,0.9090909090909091,0.8181818181818182,0.8181818181818182,0.6727272727272727,1.0,1.0,1.0,1.0,0.7532467532467533,0.875,0.875,0.7666666666666667,0.7666666666666667,1.0
1091,sentiment,no,0,1.0,1.0,0.2727272727272727,0.5636363636363636,1.0,1.0,0.0,1.0,0.5151515151515151,1.0,0.5416666666666666,0.4666666666666667,0.675,0.4444444444444444
1092,attribute,no,0,1.0,1.0,0.2727272727272727,0.5636363636363636,0.8,0.6,0.0,1.0,0.5151515151515151,0.875,0.5416666666666666,0.475,0.675,0.4666666666666667
1093,object,no,0,0.18181818181818182,0.6727272727272727,0.09090909090909091,0.8181818181818182,0.2,0.6,0.0,1.0,0.7532467532467533,0.675,0.7666666666666667,0.7666666666666667,0.875,0.8
1094,sentiment,no,0,0.18181818181818182,0.6727272727272727,0.0,1.0,0.0,1.0,0.0,1.0,0.8268398268398268,0.7666666666666667,0.7666666666666667,1.0,1.0,1.0
1095,sentiment,no,0,0.0,1.0,0.0,1.0,0.0,1.0,0.0,1.0,1.0,1.0,1.0,1.0,1.0,1.0
1096,attribute,no,0,1.0,1.0,1.0,1.0,1.0,1.0,0.8,0.6,1.0,1.0,0.875,1.0,0.875,0.8
1097,object,no,0,1.0,1.0,1.0,1.0,1.0,1.0,1.0,1.0,1.0,1.0,1.0,1.0,1.0,1.0
1098,sentiment,no,0,1.0,1.0,0.0,1.0,1.0,1.0,0.0,1.0,0.47619047619047616,1.0,0.5416666666666666,0.5416666666666666,1.0,0.4444444444444444
1099,object,no,1,0.9090909090909091,0.8181818181818182,1.0,1.0,1.0,1.0,1.0,1.0,0.9090909090909091,0.875,0.875,1.0,1.0,1.0
1100,positional,no,0,1.0,1.0,1.0,1.0,1.0,1.0,0.8,0.6,1.0,1.0,0.875,1.0,0.875,0.8
1101,counting,no,0,0.2727272727272727,0.5636363636363636,0.0,1.0,0.2,0.6,0.2,0.6,0.7532467532467533,0.6,0.6,0.875,0.875,0.6444444444444445
1102,counting,no,0,1.0,1.0,1.0,1.0,1.0,1.0,0.8,0.6,1.0,1.0,0.875,1.0,0.875,0.8
1104,counting,no,0,0.6363636363636364,0.4909090909090909,0.09090909090909091,0.8181818181818182,0.8,0.6,0.0,1.0,0.5151515151515151,0.5416666666666666,0.475,0.5416666666666666,0.875,0.4666666666666667
1105,attribute,no,0,1.0,1.0,0.45454545454545453,0.45454545454545453,1.0,1.0,0.4,0.4,0.5844155844155844,1.0,0.675,0.5,0.475,0.5333333333333333
1106,object,no,0,1.0,1.0,0.6363636363636364,0.4909090909090909,0.8,0.6,0.8,0.6,0.6883116883116883,0.875,0.875,0.5416666666666666,0.5416666666666666,0.6444444444444445
1107,object,no,0,1.0,1.0,0.9090909090909091,0.8181818181818182,1.0,1.0,1.0,1.0,0.9090909090909091,1.0,1.0,0.875,0.875,1.0
1110,object,no,0,0.09090909090909091,0.8181818181818182,0.18181818181818182,0.6727272727272727,0.2,0.6,0.2,0.6,0.7532467532467533,0.7666666666666667,0.7666666666666667,0.675,0.675,0.6444444444444445
1111,attribute,no,0,0.09090909090909091,0.8181818181818182,0.09090909090909091,0.8181818181818182,0.0,1.0,0.2,0.6,0.8268398268398268,0.875,0.7666666666666667,0.875,0.7666666666666667,0.8
1112,sentiment,no,0,1.0,1.0,0.09090909090909091,0.8181818181818182,1.0,1.0,0.2,0.6,0.4805194805194805,1.0,0.6,0.5,0.7666666666666667,0.4666666666666667
1113,attribute,no,1,0.7272727272727273,0.5636363636363636,0.8181818181818182,0.6727272727272727,1.0,1.0,0.8,0.6,0.6320346320346321,0.675,0.6,0.7666666666666667,0.675,0.8
1114,positional,no,0,1.0,1.0,0.45454545454545453,0.45454545454545453,1.0,1.0,0.4,0.4,0.5844155844155844,1.0,0.675,0.5,0.475,0.5333333333333333
1115,counting,no,0,1.0,1.0,0.0,1.0,0.8,0.6,0.0,1.0,0.47619047619047616,0.875,0.5416666666666666,0.6,1.0,0.4666666666666667
1116,sentiment,no,0,1.0,1.0,0.8181818181818182,0.6727272727272727,1.0,1.0,0.8,0.6,0.8268398268398268,1.0,0.875,0.7666666666666667,0.675,0.8
1117,attribute,no,0,1.0,1.0,0.7272727272727273,0.5636363636363636,1.0,1.0,1.0,1.0,0.7532467532467533,1.0,1.0,0.675,0.675,1.0
1118,attribute,no,0,0.5454545454545454,0.45454545454545453,0.45454545454545453,0.45454545454545453,0.4,0.4,0.0,1.0,0.47619047619047616,0.4666666666666667,0.5,0.475,0.5416666666666666,0.6444444444444445
1119,positional,no,0,1.0,1.0,0.8181818181818182,0.6727272727272727,1.0,1.0,0.6,0.4,0.8268398268398268,1.0,0.7666666666666667,0.7666666666666667,0.6,0.6444444444444445
1120,object,no,0,1.0,1.0,1.0,1.0,1.0,1.0,0.8,0.6,1.0,1.0,0.875,1.0,0.875,0.8
1121,attribute,no,0,1.0,1.0,1.0,1.0,1.0,1.0,0.8,0.6,1.0,1.0,0.875,1.0,0.875,0.8
1122,object,no,0,1.0,1.0,1.0,1.0,1.0,1.0,1.0,1.0,1.0,1.0,1.0,1.0,1.0,1.0
1123,object,no,0,0.36363636363636365,0.4909090909090909,0.09090909090909091,0.8181818181818182,0.4,0.4,0.2,0.6,0.6320346320346321,0.5,0.5416666666666666,0.675,0.7666666666666667,0.5333333333333333
1124,attribute,no,0,0.9090909090909091,0.8181818181818182,0.5454545454545454,0.45454545454545453,0.8,0.6,0.2,0.6,0.5844155844155844,0.7666666666666667,0.5416666666666666,0.5,0.475,0.4444444444444444
1125,positional,no,0,1.0,1.0,1.0,1.0,1.0,1.0,0.8,0.6,1.0,1.0,0.875,1.0,0.875,0.8
1126,object,no,0,1.0,1.0,0.5454545454545454,0.45454545454545453,1.0,1.0,1.0,1.0,0.6320346320346321,1.0,1.0,0.5416666666666666,0.5416666666666666,1.0
1127,attribute,no,0,0.45454545454545453,0.45454545454545453,0.9090909090909091,0.8181818181818182,0.8,0.6,1.0,1.0,0.5454545454545454,0.475,0.5,0.7666666666666667,0.875,0.8
1128,sentiment,no,0,1.0,1.0,0.0,1.0,1.0,1.0,0.4,0.4,0.47619047619047616,1.0,0.675,0.5416666666666666,0.7666666666666667,0.5333333333333333
1129,object,no,0,1.0,1.0,1.0,1.0,1.0,1.0,1.0,1.0,1.0,1.0,1.0,1.0,1.0,1.0
1130,attribute,no,0,1.0,1.0,0.8181818181818182,0.6727272727272727,1.0,1.0,1.0,1.0,0.8268398268398268,1.0,1.0,0.7666666666666667,0.7666666666666667,1.0
1131,object,no,0,1.0,1.0,1.0,1.0,1.0,1.0,1.0,1.0,1.0,1.0,1.0,1.0,1.0,1.0
1132,attribute,no,0,1.0,1.0,1.0,1.0,1.0,1.0,1.0,1.0,1.0,1.0,1.0,1.0,1.0,1.0
1133,attribute,no,0,1.0,1.0,1.0,1.0,1.0,1.0,1.0,1.0,1.0,1.0,1.0,1.0,1.0,1.0
1134,positional,no,0,1.0,1.0,1.0,1.0,1.0,1.0,1.0,1.0,1.0,1.0,1.0,1.0,1.0,1.0
1135,positional,no,0,0.9090909090909091,0.8181818181818182,0.8181818181818182,0.6727272727272727,1.0,1.0,0.6,0.4,0.7532467532467533,0.875,0.675,0.7666666666666667,0.6,0.6444444444444445
1137,counting,no,0,1.0,1.0,0.0,1.0,1.0,1.0,0.0,1.0,0.47619047619047616,1.0,0.5416666666666666,0.5416666666666666,1.0,0.4444444444444444
1138,sentiment,no,0,1.0,1.0,1.0,1.0,1.0,1.0,1.0,1.0,1.0,1.0,1.0,1.0,1.0,1.0
1139,attribute,no,0,1.0,1.0,0.8181818181818182,0.6727272727272727,1.0,1.0,0.8,0.6,0.8268398268398268,1.0,0.875,0.7666666666666667,0.675,0.8
1140,positional,no,0,0.7272727272727273,0.5636363636363636,0.8181818181818182,0.6727272727272727,0.8,0.6,0.6,0.4,0.6320346320346321,0.6,0.5416666666666666,0.675,0.6,0.5333333333333333
1141,counting,no,0,0.36363636363636365,0.4909090909090909,0.0,1.0,0.2,0.6,0.4,0.4,0.6883116883116883,0.5416666666666666,0.5,0.875,0.7666666666666667,0.5333333333333333
1142,positional,no,1,0.9090909090909091,0.8181818181818182,0.9090909090909091,0.8181818181818182,0.8,0.6,1.0,1.0,0.8268398268398268,0.7666666666666667,0.875,0.7666666666666667,0.875,0.8
1143,attribute,no,0,0.8181818181818182,0.6727272727272727,0.9090909090909091,0.8181818181818182,1.0,1.0,1.0,1.0,0.7532467532467533,0.7666666666666667,0.7666666666666667,0.875,0.875,1.0
1144,sentiment,no,0,1.0,1.0,1.0,1.0,1.0,1.0,1.0,1.0,1.0,1.0,1.0,1.0,1.0,1.0
1145,object,no,0,1.0,1.0,1.0,1.0,1.0,1.0,1.0,1.0,1.0,1.0,1.0,1.0,1.0,1.0
1146,counting,no,0,1.0,1.0,1.0,1.0,1.0,1.0,0.4,0.4,1.0,1.0,0.675,1.0,0.675,0.5333333333333333
1147,object,no,0,1.0,1.0,0.8181818181818182,0.6727272727272727,0.8,0.6,0.4,0.4,0.8268398268398268,0.875,0.675,0.675,0.5416666666666666,0.4666666666666667
1148,object,no,0,1.0,1.0,1.0,1.0,1.0,1.0,0.8,0.6,1.0,1.0,0.875,1.0,0.875,0.8
1149,object,no,1,0.45454545454545453,0.45454545454545453,0.6363636363636364,0.4909090909090909,1.0,1.0,0.8,0.6,0.4805194805194805,0.5,0.475,0.6,0.5416666666666666,0.8
1150,attribute,no,0,1.0,1.0,0.45454545454545453,0.45454545454545453,1.0,1.0,0.4,0.4,0.5844155844155844,1.0,0.675,0.5,0.475,0.5333333333333333
1152,counting,no,0,1.0,1.0,1.0,1.0,1.0,1.0,0.4,0.4,1.0,1.0,0.675,1.0,0.675,0.5333333333333333
1153,sentiment,no,0,1.0,1.0,0.0,1.0,1.0,1.0,0.0,1.0,0.47619047619047616,1.0,0.5416666666666666,0.5416666666666666,1.0,0.4444444444444444
1154,object,no,0,1.0,1.0,0.9090909090909091,0.8181818181818182,1.0,1.0,1.0,1.0,0.9090909090909091,1.0,1.0,0.875,0.875,1.0
1155,sentiment,no,0,0.6363636363636364,0.4909090909090909,0.18181818181818182,0.6727272727272727,1.0,1.0,0.8,0.6,0.4935064935064935,0.6,0.5416666666666666,0.475,0.5,0.8
1156,object,no,0,1.0,1.0,0.9090909090909091,0.8181818181818182,0.8,0.6,0.8,0.6,0.9090909090909091,0.875,0.875,0.7666666666666667,0.7666666666666667,0.6444444444444445
1158,attribute,no,0,1.0,1.0,1.0,1.0,1.0,1.0,0.6,0.4,1.0,1.0,0.7666666666666667,1.0,0.7666666666666667,0.6444444444444445
1161,object,no,0,1.0,1.0,1.0,1.0,1.0,1.0,1.0,1.0,1.0,1.0,1.0,1.0,1.0,1.0
1162,object,no,0,1.0,1.0,1.0,1.0,1.0,1.0,1.0,1.0,1.0,1.0,1.0,1.0,1.0,1.0
1163,positional,no,1,0.7272727272727273,0.5636363636363636,0.09090909090909091,0.8181818181818182,1.0,1.0,0.6,0.4,0.4935064935064935,0.675,0.5416666666666666,0.5,0.6,0.6444444444444445
1164,object,no,0,1.0,1.0,1.0,1.0,1.0,1.0,1.0,1.0,1.0,1.0,1.0,1.0,1.0,1.0
1165,counting,no,0,1.0,1.0,0.9090909090909091,0.8181818181818182,1.0,1.0,0.6,0.4,0.9090909090909091,1.0,0.7666666666666667,0.875,0.675,0.6444444444444445
1166,object,no,0,1.0,1.0,1.0,1.0,1.0,1.0,0.6,0.4,1.0,1.0,0.7666666666666667,1.0,0.7666666666666667,0.6444444444444445
1167,object,no,0,1.0,1.0,1.0,1.0,1.0,1.0,1.0,1.0,1.0,1.0,1.0,1.0,1.0,1.0
1168,object,no,1,0.45454545454545453,0.45454545454545453,0.7272727272727273,0.5636363636363636,1.0,1.0,1.0,1.0,0.4935064935064935,0.5,0.5,0.675,0.675,1.0
1169,object,no,0,0.6363636363636364,0.4909090909090909,0.7272727272727273,0.5636363636363636,0.8,0.6,0.6,0.4,0.5454545454545454,0.5416666666666666,0.5,0.6,0.5416666666666666,0.5333333333333333
1170,attribute,no,0,1.0,1.0,0.0,1.0,1.0,1.0,0.0,1.0,0.47619047619047616,1.0,0.5416666666666666,0.5416666666666666,1.0,0.4444444444444444
1171,counting,no,0,0.0,1.0,0.09090909090909091,0.8181818181818182,0.2,0.6,0.2,0.6,0.9090909090909091,0.875,0.875,0.7666666666666667,0.7666666666666667,0.6444444444444445
1172,object,no,0,1.0,1.0,0.8181818181818182,0.6727272727272727,1.0,1.0,0.8,0.6,0.8268398268398268,1.0,0.875,0.7666666666666667,0.675,0.8
1174,attribute,no,0,0.2727272727272727,0.5636363636363636,0.0,1.0,0.6,0.4,0.2,0.6,0.7532467532467533,0.5,0.6,0.675,0.875,0.4666666666666667
1175,sentiment,no,1,0.7272727272727273,0.5636363636363636,0.8181818181818182,0.6727272727272727,1.0,1.0,1.0,1.0,0.6320346320346321,0.675,0.675,0.7666666666666667,0.7666666666666667,1.0
1177,counting,no,0,1.0,1.0,0.09090909090909091,0.8181818181818182,1.0,1.0,0.0,1.0,0.4805194805194805,1.0,0.5416666666666666,0.5,0.875,0.4444444444444444
1178,object,no,0,1.0,1.0,1.0,1.0,1.0,1.0,0.8,0.6,1.0,1.0,0.875,1.0,0.875,0.8
1179,attribute,no,0,1.0,1.0,0.9090909090909091,0.8181818181818182,1.0,1.0,0.8,0.6,0.9090909090909091,1.0,0.875,0.875,0.7666666666666667,0.8
1180,attribute,no,0,1.0,1.0,1.0,1.0,1.0,1.0,1.0,1.0,1.0,1.0,1.0,1.0,1.0,1.0
1181,object,no,0,1.0,1.0,1.0,1.0,1.0,1.0,1.0,1.0,1.0,1.0,1.0,1.0,1.0,1.0
1182,positional,no,1,0.9090909090909091,0.8181818181818182,0.0,1.0,1.0,1.0,0.0,1.0,0.4805194805194805,0.875,0.5,0.5416666666666666,1.0,0.4444444444444444
1183,counting,no,0,0.45454545454545453,0.45454545454545453,1.0,1.0,0.6,0.4,0.6,0.4,0.5844155844155844,0.4666666666666667,0.4666666666666667,0.7666666666666667,0.7666666666666667,0.4666666666666667
1184,object,no,0,0.9090909090909091,0.8181818181818182,0.2727272727272727,0.5636363636363636,1.0,1.0,0.0,1.0,0.4935064935064935,0.875,0.5,0.4666666666666667,0.675,0.4444444444444444
1185,sentiment,no,0,1.0,1.0,1.0,1.0,1.0,1.0,1.0,1.0,1.0,1.0,1.0,1.0,1.0,1.0
1187,object,no,0,1.0,1.0,1.0,1.0,1.0,1.0,0.8,0.6,1.0,1.0,0.875,1.0,0.875,0.8
1188,attribute,no,0,1.0,1.0,1.0,1.0,0.6,0.4,1.0,1.0,1.0,0.7666666666666667,1.0,0.7666666666666667,1.0,0.6444444444444445
1189,counting,no,0,0.2727272727272727,0.5636363636363636,0.0,1.0,0.0,1.0,0.2,0.6,0.7532467532467533,0.675,0.6,1.0,0.875,0.8
1190,attribute,no,0,0.6363636363636364,0.4909090909090909,0.36363636363636365,0.4909090909090909,1.0,1.0,1.0,1.0,0.47619047619047616,0.6,0.6,0.475,0.475,1.0
1191,object,no,0,1.0,1.0,1.0,1.0,1.0,1.0,0.8,0.6,1.0,1.0,0.875,1.0,0.875,0.8
1192,object,no,0,0.8181818181818182,0.6727272727272727,0.18181818181818182,0.6727272727272727,1.0,1.0,0.0,1.0,0.47619047619047616,0.7666666666666667,0.475,0.475,0.7666666666666667,0.4444444444444444
1193,object,no,0,1.0,1.0,1.0,1.0,1.0,1.0,1.0,1.0,1.0,1.0,1.0,1.0,1.0,1.0
1194,counting,no,0,0.9090909090909091,0.8181818181818182,0.09090909090909091,0.8181818181818182,1.0,1.0,0.0,1.0,0.47619047619047616,0.875,0.5,0.5,0.875,0.4444444444444444
1195,counting,no,0,0.45454545454545453,0.45454545454545453,0.18181818181818182,0.6727272727272727,0.4,0.4,0.2,0.6,0.5454545454545454,0.475,0.5,0.6,0.675,0.5333333333333333
1197,counting,no,0,0.36363636363636365,0.4909090909090909,0.0,1.0,1.0,1.0,0.0,1.0,0.6883116883116883,0.475,0.6,0.5416666666666666,1.0,0.4444444444444444
1198,counting,no,0,1.0,1.0,0.36363636363636365,0.4909090909090909,1.0,1.0,0.0,1.0,0.5454545454545454,1.0,0.5416666666666666,0.475,0.6,0.4444444444444444
1199,object,no,0,0.6363636363636364,0.4909090909090909,0.5454545454545454,0.45454545454545453,1.0,1.0,1.0,1.0,0.4935064935064935,0.6,0.6,0.5416666666666666,0.5416666666666666,1.0
1200,object,no,0,1.0,1.0,0.8181818181818182,0.6727272727272727,1.0,1.0,0.6,0.4,0.8268398268398268,1.0,0.7666666666666667,0.7666666666666667,0.6,0.6444444444444445
1201,positional,no,0,1.0,1.0,1.0,1.0,1.0,1.0,0.8,0.6,1.0,1.0,0.875,1.0,0.875,0.8
1202,sentiment,no,0,1.0,1.0,0.9090909090909091,0.8181818181818182,1.0,1.0,0.8,0.6,0.9090909090909091,1.0,0.875,0.875,0.7666666666666667,0.8
1203,attribute,no,0,1.0,1.0,0.9090909090909091,0.8181818181818182,1.0,1.0,0.8,0.6,0.9090909090909091,1.0,0.875,0.875,0.7666666666666667,0.8
1204,positional,no,0,1.0,1.0,1.0,1.0,0.8,0.6,0.8,0.6,1.0,0.875,0.875,0.875,0.875,0.6444444444444445
1205,counting,no,0,0.09090909090909091,0.8181818181818182,0.5454545454545454,0.45454545454545453,0.0,1.0,1.0,1.0,0.5454545454545454,0.875,0.5,0.5,0.5416666666666666,0.4444444444444444
1206,attribute,no,0,1.0,1.0,1.0,1.0,1.0,1.0,1.0,1.0,1.0,1.0,1.0,1.0,1.0,1.0
1208,counting,no,0,0.5454545454545454,0.45454545454545453,0.6363636363636364,0.4909090909090909,0.8,0.6,0.4,0.4,0.4935064935064935,0.5,0.4666666666666667,0.5416666666666666,0.475,0.4666666666666667
1209,attribute,no,0,0.36363636363636365,0.4909090909090909,0.2727272727272727,0.5636363636363636,0.0,1.0,0.2,0.6,0.5454545454545454,0.6,0.5416666666666666,0.675,0.6,0.8
1210,attribute,no,0,1.0,1.0,0.45454545454545453,0.45454545454545453,1.0,1.0,1.0,1.0,0.5844155844155844,1.0,1.0,0.5,0.5,1.0
1211,positional,no,0,1.0,1.0,1.0,1.0,1.0,1.0,0.4,0.4,1.0,1.0,0.675,1.0,0.675,0.5333333333333333
1213,sentiment,no,0,1.0,1.0,1.0,1.0,0.6,0.4,0.6,0.4,1.0,0.7666666666666667,0.7666666666666667,0.7666666666666667,0.7666666666666667,0.4666666666666667
1214,object,no,0,1.0,1.0,1.0,1.0,0.8,0.6,1.0,1.0,1.0,0.875,1.0,0.875,1.0,0.8
1215,sentiment,no,0,1.0,1.0,0.5454545454545454,0.45454545454545453,1.0,1.0,0.6,0.4,0.6320346320346321,1.0,0.7666666666666667,0.5416666666666666,0.475,0.6444444444444445
1216,sentiment,no,0,1.0,1.0,1.0,1.0,1.0,1.0,0.8,0.6,1.0,1.0,0.875,1.0,0.875,0.8
1217,object,no,0,1.0,1.0,0.9090909090909091,0.8181818181818182,1.0,1.0,0.8,0.6,0.9090909090909091,1.0,0.875,0.875,0.7666666666666667,0.8
1218,positional,no,0,0.2727272727272727,0.5636363636363636,0.0,1.0,1.0,1.0,0.4,0.4,0.7532467532467533,0.4666666666666667,0.5416666666666666,0.5416666666666666,0.7666666666666667,0.5333333333333333
1219,object,no,0,1.0,1.0,1.0,1.0,1.0,1.0,0.8,0.6,1.0,1.0,0.875,1.0,0.875,0.8
1220,counting,no,0,1.0,1.0,1.0,1.0,1.0,1.0,0.8,0.6,1.0,1.0,0.875,1.0,0.875,0.8
1221,positional,no,1,1.0,1.0,0.9090909090909091,0.8181818181818182,0.8,0.6,1.0,1.0,0.9090909090909091,0.875,1.0,0.7666666666666667,0.875,0.8
1222,counting,no,0,1.0,1.0,0.0,1.0,1.0,1.0,0.0,1.0,0.47619047619047616,1.0,0.5416666666666666,0.5416666666666666,1.0,0.4444444444444444
1223,object,no,1,0.7272727272727273,0.5636363636363636,0.8181818181818182,0.6727272727272727,1.0,1.0,1.0,1.0,0.6320346320346321,0.675,0.675,0.7666666666666667,0.7666666666666667,1.0
1224,object,no,0,1.0,1.0,1.0,1.0,1.0,1.0,1.0,1.0,1.0,1.0,1.0,1.0,1.0,1.0
1225,attribute,no,0,1.0,1.0,0.7272727272727273,0.5636363636363636,1.0,1.0,1.0,1.0,0.7532467532467533,1.0,1.0,0.675,0.675,1.0
1226,object,no,0,1.0,1.0,1.0,1.0,1.0,1.0,0.6,0.4,1.0,1.0,0.7666666666666667,1.0,0.7666666666666667,0.6444444444444445
1227,counting,no,0,1.0,1.0,0.0,1.0,1.0,1.0,0.0,1.0,0.47619047619047616,1.0,0.5416666666666666,0.5416666666666666,1.0,0.4444444444444444
1229,object,no,0,1.0,1.0,1.0,1.0,1.0,1.0,1.0,1.0,1.0,1.0,1.0,1.0,1.0,1.0
1230,positional,no,1,0.8181818181818182,0.6727272727272727,1.0,1.0,0.6,0.4,1.0,1.0,0.8268398268398268,0.6,0.7666666666666667,0.7666666666666667,1.0,0.6444444444444445
1231,sentiment,no,0,0.9090909090909091,0.8181818181818182,0.0,1.0,0.8,0.6,0.0,1.0,0.4805194805194805,0.7666666666666667,0.5,0.6,1.0,0.4666666666666667
1232,attribute,no,0,0.9090909090909091,0.8181818181818182,0.6363636363636364,0.4909090909090909,0.8,0.6,0.2,0.6,0.6320346320346321,0.7666666666666667,0.5416666666666666,0.5416666666666666,0.4666666666666667,0.4444444444444444
1233,positional,no,0,1.0,1.0,1.0,1.0,1.0,1.0,0.8,0.6,1.0,1.0,0.875,1.0,0.875,0.8
1235,positional,no,0,1.0,1.0,1.0,1.0,1.0,1.0,1.0,1.0,1.0,1.0,1.0,1.0,1.0,1.0
1236,counting,no,0,1.0,1.0,0.09090909090909091,0.8181818181818182,1.0,1.0,0.0,1.0,0.4805194805194805,1.0,0.5416666666666666,0.5,0.875,0.4444444444444444
1237,positional,no,0,1.0,1.0,0.9090909090909091,0.8181818181818182,0.8,0.6,0.6,0.4,0.9090909090909091,0.875,0.7666666666666667,0.7666666666666667,0.675,0.5333333333333333
1238,attribute,no,0,1.0,1.0,1.0,1.0,1.0,1.0,1.0,1.0,1.0,1.0,1.0,1.0,1.0,1.0
1239,sentiment,no,0,1.0,1.0,0.6363636363636364,0.4909090909090909,1.0,1.0,1.0,1.0,0.6883116883116883,1.0,1.0,0.6,0.6,1.0
1240,object,no,0,1.0,1.0,1.0,1.0,1.0,1.0,1.0,1.0,1.0,1.0,1.0,1.0,1.0,1.0
1241,attribute,no,0,1.0,1.0,0.0,1.0,1.0,1.0,0.0,1.0,0.47619047619047616,1.0,0.5416666666666666,0.5416666666666666,1.0,0.4444444444444444
1242,object,no,0,1.0,1.0,0.7272727272727273,0.5636363636363636,0.8,0.6,0.8,0.6,0.7532467532467533,0.875,0.875,0.6,0.6,0.6444444444444445
1243,positional,no,0,0.9090909090909091,0.8181818181818182,0.5454545454545454,0.45454545454545453,1.0,1.0,0.4,0.4,0.5844155844155844,0.875,0.6,0.5416666666666666,0.4666666666666667,0.5333333333333333
1245,positional,no,0,0.9090909090909091,0.8181818181818182,0.2727272727272727,0.5636363636363636,1.0,1.0,0.0,1.0,0.4935064935064935,0.875,0.5,0.4666666666666667,0.675,0.4444444444444444
1246,attribute,no,0,1.0,1.0,1.0,1.0,1.0,1.0,0.8,0.6,1.0,1.0,0.875,1.0,0.875,0.8
1248,counting,no,0,1.0,1.0,1.0,1.0,1.0,1.0,0.4,0.4,1.0,1.0,0.675,1.0,0.675,0.5333333333333333
1249,attribute,no,0,1.0,1.0,1.0,1.0,1.0,1.0,1.0,1.0,1.0,1.0,1.0,1.0,1.0,1.0
1250,attribute,no,0,1.0,1.0,0.36363636363636365,0.4909090909090909,0.8,0.6,0.0,1.0,0.5454545454545454,0.875,0.5416666666666666,0.4666666666666667,0.6,0.4666666666666667
1251,object,no,0,0.36363636363636365,0.4909090909090909,0.36363636363636365,0.4909090909090909,0.0,1.0,0.0,1.0,0.5151515151515151,0.6,0.6,0.6,0.6,1.0
1252,attribute,no,0,1.0,1.0,0.18181818181818182,0.6727272727272727,1.0,1.0,0.4,0.4,0.4935064935064935,1.0,0.675,0.475,0.6,0.5333333333333333
1253,object,no,0,1.0,1.0,1.0,1.0,1.0,1.0,1.0,1.0,1.0,1.0,1.0,1.0,1.0,1.0
1254,object,no,0,0.9090909090909091,0.8181818181818182,0.18181818181818182,0.6727272727272727,1.0,1.0,0.0,1.0,0.4805194805194805,0.875,0.5,0.475,0.7666666666666667,0.4444444444444444
1255,object,no,0,0.9090909090909091,0.8181818181818182,0.8181818181818182,0.6727272727272727,0.8,0.6,0.8,0.6,0.7532467532467533,0.7666666666666667,0.7666666666666667,0.675,0.675,0.6444444444444445
1257,attribute,no,0,1.0,1.0,0.9090909090909091,0.8181818181818182,1.0,1.0,0.8,0.6,0.9090909090909091,1.0,0.875,0.875,0.7666666666666667,0.8
1258,object,no,0,0.9090909090909091,0.8181818181818182,0.9090909090909091,0.8181818181818182,1.0,1.0,0.6,0.4,0.8268398268398268,0.875,0.675,0.875,0.675,0.6444444444444445
1259,counting,no,0,1.0,1.0,1.0,1.0,1.0,1.0,1.0,1.0,1.0,1.0,1.0,1.0,1.0,1.0
1261,positional,no,0,1.0,1.0,0.9090909090909091,0.8181818181818182,1.0,1.0,0.8,0.6,0.9090909090909091,1.0,0.875,0.875,0.7666666666666667,0.8
1262,sentiment,no,0,1.0,1.0,0.2727272727272727,0.5636363636363636,1.0,1.0,0.2,0.6,0.5151515151515151,1.0,0.6,0.4666666666666667,0.6,0.4666666666666667
1263,counting,no,0,1.0,1.0,1.0,1.0,1.0,1.0,0.6,0.4,1.0,1.0,0.7666666666666667,1.0,0.7666666666666667,0.6444444444444445
1264,positional,no,0,0.9090909090909091,0.8181818181818182,0.7272727272727273,0.5636363636363636,1.0,1.0,0.6,0.4,0.6883116883116883,0.875,0.675,0.675,0.5416666666666666,0.6444444444444445
1265,object,no,0,1.0,1.0,1.0,1.0,0.8,0.6,0.6,0.4,1.0,0.875,0.7666666666666667,0.875,0.7666666666666667,0.5333333333333333
1266,positional,no,0,1.0,1.0,1.0,1.0,1.0,1.0,1.0,1.0,1.0,1.0,1.0,1.0,1.0,1.0
1267,attribute,no,0,0.9090909090909091,0.8181818181818182,0.0,1.0,1.0,1.0,0.0,1.0,0.4805194805194805,0.875,0.5,0.5416666666666666,1.0,0.4444444444444444
1268,positional,no,1,1.0,1.0,1.0,1.0,0.6,0.4,1.0,1.0,1.0,0.7666666666666667,1.0,0.7666666666666667,1.0,0.6444444444444445
1269,object,no,0,0.9090909090909091,0.8181818181818182,0.9090909090909091,0.8181818181818182,1.0,1.0,0.8,0.6,0.8268398268398268,0.875,0.7666666666666667,0.875,0.7666666666666667,0.8
1270,attribute,no,0,1.0,1.0,1.0,1.0,1.0,1.0,0.8,0.6,1.0,1.0,0.875,1.0,0.875,0.8
1271,sentiment,no,0,1.0,1.0,1.0,1.0,1.0,1.0,1.0,1.0,1.0,1.0,1.0,1.0,1.0,1.0
1272,object,no,0,0.8181818181818182,0.6727272727272727,0.18181818181818182,0.6727272727272727,1.0,1.0,0.4,0.4,0.47619047619047616,0.7666666666666667,0.5416666666666666,0.475,0.6,0.5333333333333333
1273,positional,no,0,0.9090909090909091,0.8181818181818182,0.5454545454545454,0.45454545454545453,1.0,1.0,0.8,0.6,0.5844155844155844,0.875,0.7666666666666667,0.5416666666666666,0.5,0.8
1274,counting,no,0,1.0,1.0,1.0,1.0,1.0,1.0,0.8,0.6,1.0,1.0,0.875,1.0,0.875,0.8
1275,positional,no,0,1.0,1.0,1.0,1.0,1.0,1.0,0.6,0.4,1.0,1.0,0.7666666666666667,1.0,0.7666666666666667,0.6444444444444445
1276,positional,no,0,1.0,1.0,0.6363636363636364,0.4909090909090909,1.0,1.0,0.8,0.6,0.6883116883116883,1.0,0.875,0.6,0.5416666666666666,0.8
1277,sentiment,no,0,1.0,1.0,0.6363636363636364,0.4909090909090909,1.0,1.0,0.8,0.6,0.6883116883116883,1.0,0.875,0.6,0.5416666666666666,0.8
1278,attribute,no,0,1.0,1.0,1.0,1.0,1.0,1.0,1.0,1.0,1.0,1.0,1.0,1.0,1.0,1.0
1279,object,no,0,1.0,1.0,1.0,1.0,1.0,1.0,1.0,1.0,1.0,1.0,1.0,1.0,1.0,1.0
1280,attribute,no,0,1.0,1.0,1.0,1.0,1.0,1.0,1.0,1.0,1.0,1.0,1.0,1.0,1.0,1.0
1281,attribute,no,0,1.0,1.0,0.9090909090909091,0.8181818181818182,1.0,1.0,0.8,0.6,0.9090909090909091,1.0,0.875,0.875,0.7666666666666667,0.8
1282,sentiment,no,0,1.0,1.0,0.0,1.0,1.0,1.0,0.0,1.0,0.47619047619047616,1.0,0.5416666666666666,0.5416666666666666,1.0,0.4444444444444444
1283,attribute,no,0,1.0,1.0,0.7272727272727273,0.5636363636363636,1.0,1.0,1.0,1.0,0.7532467532467533,1.0,1.0,0.675,0.675,1.0
1284,positional,no,0,0.9090909090909091,0.8181818181818182,0.7272727272727273,0.5636363636363636,1.0,1.0,0.4,0.4,0.6883116883116883,0.875,0.6,0.675,0.5,0.5333333333333333
1285,attribute,no,0,1.0,1.0,1.0,1.0,1.0,1.0,1.0,1.0,1.0,1.0,1.0,1.0,1.0,1.0
1286,object,no,0,1.0,1.0,1.0,1.0,1.0,1.0,1.0,1.0,1.0,1.0,1.0,1.0,1.0,1.0
1287,positional,no,0,0.09090909090909091,0.8181818181818182,1.0,1.0,0.2,0.6,0.8,0.6,0.4805194805194805,0.7666666666666667,0.5416666666666666,0.6,0.875,0.4444444444444444
1288,object,no,0,0.8181818181818182,0.6727272727272727,0.8181818181818182,0.6727272727272727,0.8,0.6,0.8,0.6,0.6883116883116883,0.675,0.675,0.675,0.675,0.6444444444444445
1289,attribute,no,0,1.0,1.0,1.0,1.0,1.0,1.0,1.0,1.0,1.0,1.0,1.0,1.0,1.0,1.0
1290,positional,no,0,1.0,1.0,1.0,1.0,1.0,1.0,0.8,0.6,1.0,1.0,0.875,1.0,0.875,0.8
1291,object,no,0,1.0,1.0,1.0,1.0,1.0,1.0,1.0,1.0,1.0,1.0,1.0,1.0,1.0,1.0
1292,counting,no,0,1.0,1.0,0.0,1.0,1.0,1.0,0.0,1.0,0.47619047619047616,1.0,0.5416666666666666,0.5416666666666666,1.0,0.4444444444444444
1293,attribute,no,0,1.0,1.0,0.6363636363636364,0.4909090909090909,1.0,1.0,0.6,0.4,0.6883116883116883,1.0,0.7666666666666667,0.6,0.5,0.6444444444444445
1294,counting,no,0,1.0,1.0,0.0,1.0,1.0,1.0,0.0,1.0,0.47619047619047616,1.0,0.5416666666666666,0.5416666666666666,1.0,0.4444444444444444
1295,counting,no,0,1.0,1.0,0.0,1.0,0.6,0.4,0.0,1.0,0.47619047619047616,0.7666666666666667,0.5416666666666666,0.675,1.0,0.5333333333333333
1296,object,no,0,1.0,1.0,0.6363636363636364,0.4909090909090909,1.0,1.0,0.2,0.6,0.6883116883116883,1.0,0.6,0.6,0.4666666666666667,0.4666666666666667
1297,attribute,no,0,1.0,1.0,1.0,1.0,1.0,1.0,1.0,1.0,1.0,1.0,1.0,1.0,1.0,1.0
1299,object,no,0,1.0,1.0,0.9090909090909091,0.8181818181818182,1.0,1.0,1.0,1.0,0.9090909090909091,1.0,1.0,0.875,0.875,1.0
1300,counting,no,0,1.0,1.0,0.0,1.0,1.0,1.0,0.0,1.0,0.47619047619047616,1.0,0.5416666666666666,0.5416666666666666,1.0,0.4444444444444444
1301,object,no,0,1.0,1.0,1.0,1.0,1.0,1.0,0.8,0.6,1.0,1.0,0.875,1.0,0.875,0.8
1302,object,no,0,1.0,1.0,0.7272727272727273,0.5636363636363636,0.6,0.4,0.2,0.6,0.7532467532467533,0.7666666666666667,0.6,0.5416666666666666,0.475,0.4666666666666667
1303,object,no,0,1.0,1.0,1.0,1.0,1.0,1.0,1.0,1.0,1.0,1.0,1.0,1.0,1.0,1.0
1304,object,no,0,1.0,1.0,1.0,1.0,1.0,1.0,1.0,1.0,1.0,1.0,1.0,1.0,1.0,1.0
1306,object,no,0,1.0,1.0,1.0,1.0,1.0,1.0,1.0,1.0,1.0,1.0,1.0,1.0,1.0,1.0
1307,object,no,0,1.0,1.0,1.0,1.0,1.0,1.0,1.0,1.0,1.0,1.0,1.0,1.0,1.0,1.0
1308,counting,no,0,1.0,1.0,1.0,1.0,1.0,1.0,0.8,0.6,1.0,1.0,0.875,1.0,0.875,0.8
1310,attribute,no,0,0.7272727272727273,0.5636363636363636,0.7272727272727273,0.5636363636363636,1.0,1.0,1.0,1.0,0.5844155844155844,0.675,0.675,0.675,0.675,1.0
1312,object,no,0,1.0,1.0,0.6363636363636364,0.4909090909090909,1.0,1.0,0.8,0.6,0.6883116883116883,1.0,0.875,0.6,0.5416666666666666,0.8
1313,attribute,no,0,1.0,1.0,1.0,1.0,1.0,1.0,1.0,1.0,1.0,1.0,1.0,1.0,1.0,1.0
1314,attribute,no,0,1.0,1.0,0.6363636363636364,0.4909090909090909,0.8,0.6,0.8,0.6,0.6883116883116883,0.875,0.875,0.5416666666666666,0.5416666666666666,0.6444444444444445
1316,attribute,no,0,1.0,1.0,0.9090909090909091,0.8181818181818182,0.8,0.6,0.8,0.6,0.9090909090909091,0.875,0.875,0.7666666666666667,0.7666666666666667,0.6444444444444445
1317,object,no,0,1.0,1.0,1.0,1.0,0.8,0.6,0.8,0.6,1.0,0.875,0.875,0.875,0.875,0.6444444444444445
1318,object,no,0,1.0,1.0,0.09090909090909091,0.8181818181818182,1.0,1.0,0.0,1.0,0.4805194805194805,1.0,0.5416666666666666,0.5,0.875,0.4444444444444444
1319,positional,no,0,0.8181818181818182,0.6727272727272727,1.0,1.0,1.0,1.0,0.8,0.6,0.8268398268398268,0.7666666666666667,0.675,1.0,0.875,0.8
1320,object,no,0,1.0,1.0,1.0,1.0,1.0,1.0,1.0,1.0,1.0,1.0,1.0,1.0,1.0,1.0
1322,object,no,0,1.0,1.0,1.0,1.0,1.0,1.0,0.8,0.6,1.0,1.0,0.875,1.0,0.875,0.8
1324,object,no,0,1.0,1.0,1.0,1.0,1.0,1.0,0.8,0.6,1.0,1.0,0.875,1.0,0.875,0.8
1325,positional,no,0,1.0,1.0,1.0,1.0,1.0,1.0,1.0,1.0,1.0,1.0,1.0,1.0,1.0,1.0
1326,attribute,no,0,1.0,1.0,0.6363636363636364,0.4909090909090909,1.0,1.0,0.8,0.6,0.6883116883116883,1.0,0.875,0.6,0.5416666666666666,0.8
1327,counting,no,0,0.18181818181818182,0.6727272727272727,0.0,1.0,0.0,1.0,0.4,0.4,0.8268398268398268,0.7666666666666667,0.6,1.0,0.7666666666666667,0.6444444444444445
1328,object,no,0,1.0,1.0,0.7272727272727273,0.5636363636363636,0.8,0.6,0.0,1.0,0.7532467532467533,0.875,0.5416666666666666,0.6,0.4666666666666667,0.4666666666666667
1329,attribute,no,0,1.0,1.0,1.0,1.0,1.0,1.0,1.0,1.0,1.0,1.0,1.0,1.0,1.0,1.0
1331,object,no,0,1.0,1.0,1.0,1.0,1.0,1.0,0.8,0.6,1.0,1.0,0.875,1.0,0.875,0.8
1332,positional,no,0,1.0,1.0,0.0,1.0,0.8,0.6,0.0,1.0,0.47619047619047616,0.875,0.5416666666666666,0.6,1.0,0.4666666666666667
1333,object,no,0,1.0,1.0,0.18181818181818182,0.6727272727272727,1.0,1.0,0.8,0.6,0.4935064935064935,1.0,0.875,0.475,0.5,0.8
1334,attribute,no,0,1.0,1.0,0.09090909090909091,0.8181818181818182,1.0,1.0,0.2,0.6,0.4805194805194805,1.0,0.6,0.5,0.7666666666666667,0.4666666666666667
1335,object,no,0,1.0,1.0,1.0,1.0,1.0,1.0,0.8,0.6,1.0,1.0,0.875,1.0,0.875,0.8
1336,attribute,no,0,0.2727272727272727,0.5636363636363636,0.2727272727272727,0.5636363636363636,0.0,1.0,0.2,0.6,0.5844155844155844,0.675,0.6,0.675,0.6,0.8
1337,counting,no,0,1.0,1.0,1.0,1.0,1.0,1.0,1.0,1.0,1.0,1.0,1.0,1.0,1.0,1.0
1339,object,no,0,1.0,1.0,1.0,1.0,0.6,0.4,0.4,0.4,1.0,0.7666666666666667,0.675,0.7666666666666667,0.675,0.4444444444444444
1340,sentiment,no,0,1.0,1.0,1.0,1.0,1.0,1.0,1.0,1.0,1.0,1.0,1.0,1.0,1.0,1.0
1341,object,no,0,0.6363636363636364,0.4909090909090909,0.7272727272727273,0.5636363636363636,0.6,0.4,0.8,0.6,0.5454545454545454,0.5,0.5416666666666666,0.5416666666666666,0.6,0.5333333333333333
1343,sentiment,no,0,1.0,1.0,0.7272727272727273,0.5636363636363636,1.0,1.0,0.8,0.6,0.7532467532467533,1.0,0.875,0.675,0.6,0.8
1344,attribute,no,0,1.0,1.0,1.0,1.0,0.4,0.4,0.6,0.4,1.0,0.675,0.7666666666666667,0.675,0.7666666666666667,0.4444444444444444
1345,object,no,0,1.0,1.0,1.0,1.0,1.0,1.0,0.6,0.4,1.0,1.0,0.7666666666666667,1.0,0.7666666666666667,0.6444444444444445
1346,object,no,0,1.0,1.0,0.2727272727272727,0.5636363636363636,0.8,0.6,0.0,1.0,0.5151515151515151,0.875,0.5416666666666666,0.475,0.675,0.4666666666666667
1347,object,no,0,1.0,1.0,1.0,1.0,1.0,1.0,0.8,0.6,1.0,1.0,0.875,1.0,0.875,0.8
1348,sentiment,no,0,1.0,1.0,0.0,1.0,0.8,0.6,0.0,1.0,0.47619047619047616,0.875,0.5416666666666666,0.6,1.0,0.4666666666666667
1349,object,no,0,1.0,1.0,1.0,1.0,0.8,0.6,0.8,0.6,1.0,0.875,0.875,0.875,0.875,0.6444444444444445
1350,object,no,0,1.0,1.0,1.0,1.0,1.0,1.0,1.0,1.0,1.0,1.0,1.0,1.0,1.0,1.0
1351,attribute,no,0,1.0,1.0,1.0,1.0,1.0,1.0,0.8,0.6,1.0,1.0,0.875,1.0,0.875,0.8
1352,attribute,no,0,0.8181818181818182,0.6727272727272727,0.36363636363636365,0.4909090909090909,1.0,1.0,0.2,0.6,0.4935064935064935,0.7666666666666667,0.5,0.475,0.5416666666666666,0.4666666666666667
1353,positional,no,0,0.6363636363636364,0.4909090909090909,1.0,1.0,1.0,1.0,0.8,0.6,0.6883116883116883,0.6,0.5416666666666666,1.0,0.875,0.8
1354,counting,no,0,1.0,1.0,1.0,1.0,1.0,1.0,0.4,0.4,1.0,1.0,0.675,1.0,0.675,0.5333333333333333
1355,attribute,no,0,1.0,1.0,0.9090909090909091,0.8181818181818182,1.0,1.0,1.0,1.0,0.9090909090909091,1.0,1.0,0.875,0.875,1.0
1356,positional,no,0,1.0,1.0,0.0,1.0,1.0,1.0,0.2,0.6,0.47619047619047616,1.0,0.6,0.5416666666666666,0.875,0.4666666666666667
1357,object,no,0,0.9090909090909091,0.8181818181818182,0.9090909090909091,0.8181818181818182,1.0,1.0,1.0,1.0,0.8268398268398268,0.875,0.875,0.875,0.875,1.0
1358,object,no,1,0.7272727272727273,0.5636363636363636,0.9090909090909091,0.8181818181818182,1.0,1.0,1.0,1.0,0.6883116883116883,0.675,0.675,0.875,0.875,1.0
1359,positional,no,0,1.0,1.0,0.09090909090909091,0.8181818181818182,1.0,1.0,0.6,0.4,0.4805194805194805,1.0,0.7666666666666667,0.5,0.6,0.6444444444444445
1360,positional,no,0,0.6363636363636364,0.4909090909090909,0.9090909090909091,0.8181818181818182,0.8,0.6,0.8,0.6,0.6320346320346321,0.5416666666666666,0.5416666666666666,0.7666666666666667,0.7666666666666667,0.6444444444444445
1361,attribute,no,0,1.0,1.0,1.0,1.0,1.0,1.0,0.8,0.6,1.0,1.0,0.875,1.0,0.875,0.8
1362,attribute,no,0,1.0,1.0,1.0,1.0,1.0,1.0,1.0,1.0,1.0,1.0,1.0,1.0,1.0,1.0
1363,object,no,0,1.0,1.0,0.9090909090909091,0.8181818181818182,1.0,1.0,0.8,0.6,0.9090909090909091,1.0,0.875,0.875,0.7666666666666667,0.8
1364,attribute,no,0,1.0,1.0,0.9090909090909091,0.8181818181818182,1.0,1.0,0.8,0.6,0.9090909090909091,1.0,0.875,0.875,0.7666666666666667,0.8
1365,object,no,0,0.8181818181818182,0.6727272727272727,0.8181818181818182,0.6727272727272727,1.0,1.0,1.0,1.0,0.6883116883116883,0.7666666666666667,0.7666666666666667,0.7666666666666667,0.7666666666666667,1.0
1366,object,no,0,1.0,1.0,1.0,1.0,0.8,0.6,0.4,0.4,1.0,0.875,0.675,0.875,0.675,0.4666666666666667
1367,positional,no,1,0.09090909090909091,0.8181818181818182,0.09090909090909091,0.8181818181818182,0.0,1.0,0.4,0.4,0.8268398268398268,0.875,0.675,0.875,0.675,0.6444444444444445
1368,object,no,0,1.0,1.0,1.0,1.0,1.0,1.0,0.8,0.6,1.0,1.0,0.875,1.0,0.875,0.8
1369,object,no,0,0.18181818181818182,0.6727272727272727,0.09090909090909091,0.8181818181818182,0.2,0.6,0.4,0.4,0.7532467532467533,0.675,0.6,0.7666666666666667,0.675,0.5333333333333333
1370,object,no,0,0.9090909090909091,0.8181818181818182,0.5454545454545454,0.45454545454545453,0.8,0.6,1.0,1.0,0.5844155844155844,0.7666666666666667,0.875,0.5,0.5416666666666666,0.8
1371,positional,no,0,1.0,1.0,0.09090909090909091,0.8181818181818182,0.8,0.6,0.0,1.0,0.4805194805194805,0.875,0.5416666666666666,0.5416666666666666,0.875,0.4666666666666667
1372,object,no,0,1.0,1.0,1.0,1.0,0.8,0.6,1.0,1.0,1.0,0.875,1.0,0.875,1.0,0.8
1373,attribute,no,0,0.6363636363636364,0.4909090909090909,0.45454545454545453,0.45454545454545453,0.4,0.4,0.8,0.6,0.4805194805194805,0.475,0.5416666666666666,0.475,0.475,0.4666666666666667
1374,object,no,1,0.6363636363636364,0.4909090909090909,1.0,1.0,1.0,1.0,0.8,0.6,0.6883116883116883,0.6,0.5416666666666666,1.0,0.875,0.8
1376,counting,no,0,1.0,1.0,1.0,1.0,1.0,1.0,1.0,1.0,1.0,1.0,1.0,1.0,1.0,1.0
1378,object,no,0,1.0,1.0,1.0,1.0,1.0,1.0,1.0,1.0,1.0,1.0,1.0,1.0,1.0,1.0
1379,object,no,0,0.9090909090909091,0.8181818181818182,0.6363636363636364,0.4909090909090909,1.0,1.0,0.4,0.4,0.6320346320346321,0.875,0.6,0.6,0.475,0.5333333333333333
1380,sentiment,no,0,1.0,1.0,1.0,1.0,1.0,1.0,1.0,1.0,1.0,1.0,1.0,1.0,1.0,1.0
1381,counting,no,0,0.8181818181818182,0.6727272727272727,0.0,1.0,0.6,0.4,0.2,0.6,0.4935064935064935,0.6,0.5,0.675,0.875,0.4666666666666667
1382,attribute,no,0,0.6363636363636364,0.4909090909090909,0.0,1.0,1.0,1.0,0.0,1.0,0.5454545454545454,0.6,0.475,0.5416666666666666,1.0,0.4444444444444444
1383,sentiment,no,0,1.0,1.0,1.0,1.0,1.0,1.0,1.0,1.0,1.0,1.0,1.0,1.0,1.0,1.0
1384,object,no,0,1.0,1.0,1.0,1.0,1.0,1.0,0.8,0.6,1.0,1.0,0.875,1.0,0.875,0.8
1386,sentiment,no,0,0.09090909090909091,0.8181818181818182,0.0,1.0,0.0,1.0,0.0,1.0,0.9090909090909091,0.875,0.875,1.0,1.0,1.0
1388,attribute,no,0,1.0,1.0,1.0,1.0,1.0,1.0,1.0,1.0,1.0,1.0,1.0,1.0,1.0,1.0
1389,object,no,1,1.0,1.0,1.0,1.0,1.0,1.0,1.0,1.0,1.0,1.0,1.0,1.0,1.0,1.0
1390,object,no,0,1.0,1.0,0.9090909090909091,0.8181818181818182,1.0,1.0,0.8,0.6,0.9090909090909091,1.0,0.875,0.875,0.7666666666666667,0.8
1391,attribute,no,0,1.0,1.0,0.9090909090909091,0.8181818181818182,1.0,1.0,1.0,1.0,0.9090909090909091,1.0,1.0,0.875,0.875,1.0
1392,object,no,0,1.0,1.0,1.0,1.0,1.0,1.0,0.8,0.6,1.0,1.0,0.875,1.0,0.875,0.8
1394,counting,no,0,0.2727272727272727,0.5636363636363636,0.0,1.0,0.4,0.4,0.2,0.6,0.7532467532467533,0.5416666666666666,0.6,0.7666666666666667,0.875,0.5333333333333333
1395,positional,no,0,1.0,1.0,1.0,1.0,1.0,1.0,1.0,1.0,1.0,1.0,1.0,1.0,1.0,1.0
1396,attribute,no,0,1.0,1.0,1.0,1.0,1.0,1.0,1.0,1.0,1.0,1.0,1.0,1.0,1.0,1.0
1397,object,no,0,1.0,1.0,0.9090909090909091,0.8181818181818182,1.0,1.0,1.0,1.0,0.9090909090909091,1.0,1.0,0.875,0.875,1.0
1398,sentiment,no,0,1.0,1.0,0.2727272727272727,0.5636363636363636,0.8,0.6,0.2,0.6,0.5151515151515151,0.875,0.6,0.475,0.6,0.4444444444444444
1399,positional,no,0,0.8181818181818182,0.6727272727272727,0.5454545454545454,0.45454545454545453,1.0,1.0,0.6,0.4,0.5454545454545454,0.7666666666666667,0.6,0.5416666666666666,0.475,0.6444444444444445
1400,attribute,no,0,1.0,1.0,1.0,1.0,1.0,1.0,1.0,1.0,1.0,1.0,1.0,1.0,1.0,1.0
1401,object,no,0,0.8181818181818182,0.6727272727272727,0.45454545454545453,0.45454545454545453,0.8,0.6,0.4,0.4,0.5151515151515151,0.675,0.5416666666666666,0.475,0.475,0.4666666666666667
1402,attribute,no,0,1.0,1.0,1.0,1.0,1.0,1.0,1.0,1.0,1.0,1.0,1.0,1.0,1.0,1.0
1403,sentiment,no,0,0.9090909090909091,0.8181818181818182,0.0,1.0,0.4,0.4,0.0,1.0,0.4805194805194805,0.6,0.5,0.7666666666666667,1.0,0.6444444444444445
1404,attribute,no,0,1.0,1.0,1.0,1.0,1.0,1.0,1.0,1.0,1.0,1.0,1.0,1.0,1.0,1.0
1405,positional,no,0,1.0,1.0,1.0,1.0,0.8,0.6,1.0,1.0,1.0,0.875,1.0,0.875,1.0,0.8
1406,attribute,no,1,0.45454545454545453,0.45454545454545453,0.8181818181818182,0.6727272727272727,1.0,1.0,0.6,0.4,0.5151515151515151,0.5,0.4666666666666667,0.7666666666666667,0.6,0.6444444444444445
1407,counting,no,0,1.0,1.0,0.0,1.0,1.0,1.0,0.0,1.0,0.47619047619047616,1.0,0.5416666666666666,0.5416666666666666,1.0,0.4444444444444444
1408,positional,no,0,0.0,1.0,0.0,1.0,0.2,0.6,0.0,1.0,1.0,0.875,1.0,0.875,1.0,0.8
1409,object,no,0,1.0,1.0,1.0,1.0,0.8,0.6,0.8,0.6,1.0,0.875,0.875,0.875,0.875,0.6444444444444445
1410,sentiment,no,0,0.5454545454545454,0.45454545454545453,0.0,1.0,1.0,1.0,0.2,0.6,0.5844155844155844,0.5416666666666666,0.475,0.5416666666666666,0.875,0.4666666666666667
1411,attribute,no,0,1.0,1.0,1.0,1.0,1.0,1.0,0.6,0.4,1.0,1.0,0.7666666666666667,1.0,0.7666666666666667,0.6444444444444445
1412,object,no,0,1.0,1.0,0.7272727272727273,0.5636363636363636,0.8,0.6,0.8,0.6,0.7532467532467533,0.875,0.875,0.6,0.6,0.6444444444444445
1413,object,no,0,0.7272727272727273,0.5636363636363636,0.5454545454545454,0.45454545454545453,1.0,1.0,1.0,1.0,0.5151515151515151,0.675,0.675,0.5416666666666666,0.5416666666666666,1.0
1414,counting,no,0,1.0,1.0,1.0,1.0,1.0,1.0,0.6,0.4,1.0,1.0,0.7666666666666667,1.0,0.7666666666666667,0.6444444444444445
1415,attribute,no,0,1.0,1.0,1.0,1.0,0.6,0.4,0.8,0.6,1.0,0.7666666666666667,0.875,0.7666666666666667,0.875,0.5333333333333333
1416,object,no,0,1.0,1.0,1.0,1.0,1.0,1.0,1.0,1.0,1.0,1.0,1.0,1.0,1.0,1.0
1417,object,no,0,1.0,1.0,0.8181818181818182,0.6727272727272727,0.8,0.6,0.8,0.6,0.8268398268398268,0.875,0.875,0.675,0.675,0.6444444444444445
1418,attribute,no,0,1.0,1.0,0.45454545454545453,0.45454545454545453,1.0,1.0,1.0,1.0,0.5844155844155844,1.0,1.0,0.5,0.5,1.0
1419,positional,no,0,1.0,1.0,1.0,1.0,1.0,1.0,0.8,0.6,1.0,1.0,0.875,1.0,0.875,0.8
1420,counting,no,1,1.0,1.0,1.0,1.0,1.0,1.0,0.6,0.4,1.0,1.0,0.7666666666666667,1.0,0.7666666666666667,0.6444444444444445
1421,positional,no,0,0.9090909090909091,0.8181818181818182,0.0,1.0,0.6,0.4,0.0,1.0,0.4805194805194805,0.675,0.5,0.675,1.0,0.5333333333333333
1422,positional,no,0,1.0,1.0,1.0,1.0,1.0,1.0,1.0,1.0,1.0,1.0,1.0,1.0,1.0,1.0
1423,object,no,0,1.0,1.0,0.9090909090909091,0.8181818181818182,1.0,1.0,1.0,1.0,0.9090909090909091,1.0,1.0,0.875,0.875,1.0
1424,attribute,no,0,0.9090909090909091,0.8181818181818182,0.09090909090909091,0.8181818181818182,0.4,0.4,0.2,0.6,0.47619047619047616,0.6,0.5416666666666666,0.675,0.7666666666666667,0.5333333333333333
1425,attribute,no,1,0.7272727272727273,0.5636363636363636,1.0,1.0,0.8,0.6,0.8,0.6,0.7532467532467533,0.6,0.6,0.875,0.875,0.6444444444444445
1426,object,no,0,1.0,1.0,1.0,1.0,1.0,1.0,0.4,0.4,1.0,1.0,0.675,1.0,0.675,0.5333333333333333
1427,counting,no,0,1.0,1.0,0.2727272727272727,0.5636363636363636,1.0,1.0,0.0,1.0,0.5151515151515151,1.0,0.5416666666666666,0.4666666666666667,0.675,0.4444444444444444
1429,attribute,no,0,1.0,1.0,0.9090909090909091,0.8181818181818182,1.0,1.0,1.0,1.0,0.9090909090909091,1.0,1.0,0.875,0.875,1.0
1430,attribute,no,0,1.0,1.0,1.0,1.0,1.0,1.0,1.0,1.0,1.0,1.0,1.0,1.0,1.0,1.0
1431,object,no,0,1.0,1.0,1.0,1.0,0.8,0.6,0.6,0.4,1.0,0.875,0.7666666666666667,0.875,0.7666666666666667,0.5333333333333333
1432,object,no,1,0.9090909090909091,0.8181818181818182,0.9090909090909091,0.8181818181818182,1.0,1.0,1.0,1.0,0.8268398268398268,0.875,0.875,0.875,0.875,1.0
1433,object,no,1,1.0,1.0,1.0,1.0,0.8,0.6,1.0,1.0,1.0,0.875,1.0,0.875,1.0,0.8
1434,positional,no,0,0.7272727272727273,0.5636363636363636,0.7272727272727273,0.5636363636363636,1.0,1.0,0.6,0.4,0.5844155844155844,0.675,0.5416666666666666,0.675,0.5416666666666666,0.6444444444444445
1435,positional,no,0,1.0,1.0,1.0,1.0,1.0,1.0,1.0,1.0,1.0,1.0,1.0,1.0,1.0,1.0
1436,attribute,no,0,1.0,1.0,1.0,1.0,1.0,1.0,1.0,1.0,1.0,1.0,1.0,1.0,1.0,1.0
1437,object,no,1,0.9090909090909091,0.8181818181818182,0.9090909090909091,0.8181818181818182,1.0,1.0,1.0,1.0,0.8268398268398268,0.875,0.875,0.875,0.875,1.0
1438,object,no,0,1.0,1.0,1.0,1.0,1.0,1.0,1.0,1.0,1.0,1.0,1.0,1.0,1.0,1.0
1439,object,no,0,1.0,1.0,0.8181818181818182,0.6727272727272727,1.0,1.0,0.8,0.6,0.8268398268398268,1.0,0.875,0.7666666666666667,0.675,0.8
1440,attribute,no,0,0.8181818181818182,0.6727272727272727,0.18181818181818182,0.6727272727272727,0.4,0.4,0.4,0.4,0.47619047619047616,0.5416666666666666,0.5416666666666666,0.6,0.6,0.4666666666666667
1441,positional,no,1,0.5454545454545454,0.45454545454545453,0.5454545454545454,0.45454545454545453,0.6,0.4,0.6,0.4,0.4805194805194805,0.475,0.475,0.475,0.475,0.4666666666666667
1442,attribute,no,0,1.0,1.0,1.0,1.0,1.0,1.0,0.8,0.6,1.0,1.0,0.875,1.0,0.875,0.8
1443,object,no,0,1.0,1.0,1.0,1.0,1.0,1.0,1.0,1.0,1.0,1.0,1.0,1.0,1.0,1.0
1444,attribute,no,0,1.0,1.0,0.2727272727272727,0.5636363636363636,0.6,0.4,0.6,0.4,0.5151515151515151,0.7666666666666667,0.7666666666666667,0.5,0.5,0.4666666666666667
1445,positional,no,0,1.0,1.0,1.0,1.0,1.0,1.0,1.0,1.0,1.0,1.0,1.0,1.0,1.0,1.0
1446,object,no,0,0.9090909090909091,0.8181818181818182,0.45454545454545453,0.45454545454545453,1.0,1.0,0.0,1.0,0.5454545454545454,0.875,0.5,0.5,0.5416666666666666,0.4444444444444444
1447,attribute,no,0,1.0,1.0,1.0,1.0,1.0,1.0,0.8,0.6,1.0,1.0,0.875,1.0,0.875,0.8
1448,positional,no,0,1.0,1.0,0.8181818181818182,0.6727272727272727,1.0,1.0,0.2,0.6,0.8268398268398268,1.0,0.6,0.7666666666666667,0.5,0.4666666666666667
1450,positional,no,0,0.9090909090909091,0.8181818181818182,0.8181818181818182,0.6727272727272727,0.8,0.6,0.6,0.4,0.7532467532467533,0.7666666666666667,0.675,0.675,0.6,0.5333333333333333
1451,counting,no,0,1.0,1.0,0.0,1.0,1.0,1.0,0.2,0.6,0.47619047619047616,1.0,0.6,0.5416666666666666,0.875,0.4666666666666667
1452,positional,no,0,1.0,1.0,0.2727272727272727,0.5636363636363636,0.6,0.4,0.6,0.4,0.5151515151515151,0.7666666666666667,0.7666666666666667,0.5,0.5,0.4666666666666667
1453,attribute,no,0,0.9090909090909091,0.8181818181818182,0.9090909090909091,0.8181818181818182,1.0,1.0,0.6,0.4,0.8268398268398268,0.875,0.675,0.875,0.675,0.6444444444444445
1454,object,no,0,1.0,1.0,0.9090909090909091,0.8181818181818182,1.0,1.0,0.8,0.6,0.9090909090909091,1.0,0.875,0.875,0.7666666666666667,0.8
1455,object,no,0,1.0,1.0,1.0,1.0,1.0,1.0,1.0,1.0,1.0,1.0,1.0,1.0,1.0,1.0
1456,counting,no,0,0.09090909090909091,0.8181818181818182,0.0,1.0,0.4,0.4,0.2,0.6,0.9090909090909091,0.675,0.7666666666666667,0.7666666666666667,0.875,0.5333333333333333
1457,object,no,0,1.0,1.0,1.0,1.0,1.0,1.0,1.0,1.0,1.0,1.0,1.0,1.0,1.0,1.0
1458,counting,no,0,0.18181818181818182,0.6727272727272727,0.0,1.0,0.2,0.6,0.2,0.6,0.8268398268398268,0.675,0.675,0.875,0.875,0.6444444444444445
1459,object,no,1,1.0,1.0,1.0,1.0,1.0,1.0,1.0,1.0,1.0,1.0,1.0,1.0,1.0,1.0
1460,counting,no,0,0.9090909090909091,0.8181818181818182,0.0,1.0,1.0,1.0,0.0,1.0,0.4805194805194805,0.875,0.5,0.5416666666666666,1.0,0.4444444444444444
1461,object,no,0,1.0,1.0,0.9090909090909091,0.8181818181818182,0.8,0.6,1.0,1.0,0.9090909090909091,0.875,1.0,0.7666666666666667,0.875,0.8
1462,object,no,0,1.0,1.0,1.0,1.0,1.0,1.0,0.8,0.6,1.0,1.0,0.875,1.0,0.875,0.8
1463,object,no,0,1.0,1.0,1.0,1.0,1.0,1.0,1.0,1.0,1.0,1.0,1.0,1.0,1.0,1.0
1464,sentiment,no,0,1.0,1.0,0.0,1.0,1.0,1.0,0.0,1.0,0.47619047619047616,1.0,0.5416666666666666,0.5416666666666666,1.0,0.4444444444444444
1465,positional,no,0,1.0,1.0,1.0,1.0,1.0,1.0,1.0,1.0,1.0,1.0,1.0,1.0,1.0,1.0
1466,attribute,no,0,1.0,1.0,1.0,1.0,1.0,1.0,1.0,1.0,1.0,1.0,1.0,1.0,1.0,1.0
1467,attribute,no,0,1.0,1.0,1.0,1.0,1.0,1.0,1.0,1.0,1.0,1.0,1.0,1.0,1.0,1.0
1468,counting,no,1,0.7272727272727273,0.5636363636363636,1.0,1.0,1.0,1.0,0.8,0.6,0.7532467532467533,0.675,0.6,1.0,0.875,0.8
1469,sentiment,no,0,1.0,1.0,0.18181818181818182,0.6727272727272727,1.0,1.0,0.0,1.0,0.4935064935064935,1.0,0.5416666666666666,0.475,0.7666666666666667,0.4444444444444444
1470,object,no,1,0.45454545454545453,0.45454545454545453,1.0,1.0,1.0,1.0,1.0,1.0,0.5844155844155844,0.5,0.5,1.0,1.0,1.0
1472,sentiment,no,0,1.0,1.0,0.09090909090909091,0.8181818181818182,1.0,1.0,0.2,0.6,0.4805194805194805,1.0,0.6,0.5,0.7666666666666667,0.4666666666666667
1473,attribute,no,0,0.0,1.0,0.0,1.0,0.0,1.0,0.0,1.0,1.0,1.0,1.0,1.0,1.0,1.0
1474,positional,no,0,0.09090909090909091,0.8181818181818182,1.0,1.0,0.2,0.6,0.8,0.6,0.4805194805194805,0.7666666666666667,0.5416666666666666,0.6,0.875,0.4444444444444444
1475,object,no,0,0.8181818181818182,0.6727272727272727,0.0,1.0,0.8,0.6,0.0,1.0,0.4935064935064935,0.675,0.475,0.6,1.0,0.4666666666666667
1476,attribute,no,0,1.0,1.0,1.0,1.0,1.0,1.0,1.0,1.0,1.0,1.0,1.0,1.0,1.0,1.0
1477,object,no,0,1.0,1.0,1.0,1.0,0.6,0.4,0.6,0.4,1.0,0.7666666666666667,0.7666666666666667,0.7666666666666667,0.7666666666666667,0.4666666666666667
1478,attribute,no,0,1.0,1.0,0.0,1.0,1.0,1.0,0.2,0.6,0.47619047619047616,1.0,0.6,0.5416666666666666,0.875,0.4666666666666667
1479,object,no,0,1.0,1.0,1.0,1.0,1.0,1.0,1.0,1.0,1.0,1.0,1.0,1.0,1.0,1.0
1480,attribute,no,0,0.8181818181818182,0.6727272727272727,0.5454545454545454,0.45454545454545453,1.0,1.0,0.2,0.6,0.5454545454545454,0.7666666666666667,0.5,0.5416666666666666,0.475,0.4666666666666667
1481,counting,no,0,0.9090909090909091,0.8181818181818182,1.0,1.0,1.0,1.0,0.4,0.4,0.9090909090909091,0.875,0.6,1.0,0.675,0.5333333333333333
1482,attribute,no,0,0.9090909090909091,0.8181818181818182,0.8181818181818182,0.6727272727272727,0.4,0.4,0.4,0.4,0.7532467532467533,0.6,0.6,0.5416666666666666,0.5416666666666666,0.4666666666666667
1483,attribute,no,0,1.0,1.0,1.0,1.0,1.0,1.0,0.8,0.6,1.0,1.0,0.875,1.0,0.875,0.8
1484,object,no,0,1.0,1.0,1.0,1.0,1.0,1.0,0.8,0.6,1.0,1.0,0.875,1.0,0.875,0.8
1485,attribute,no,1,0.09090909090909091,0.8181818181818182,0.0,1.0,0.4,0.4,0.4,0.4,0.9090909090909091,0.675,0.675,0.7666666666666667,0.7666666666666667,0.4666666666666667
1486,object,no,0,0.9090909090909091,0.8181818181818182,0.18181818181818182,0.6727272727272727,1.0,1.0,0.0,1.0,0.4805194805194805,0.875,0.5,0.475,0.7666666666666667,0.4444444444444444
1487,positional,no,0,1.0,1.0,0.09090909090909091,0.8181818181818182,1.0,1.0,0.0,1.0,0.4805194805194805,1.0,0.5416666666666666,0.5,0.875,0.4444444444444444
1488,object,no,0,1.0,1.0,0.9090909090909091,0.8181818181818182,0.8,0.6,0.4,0.4,0.9090909090909091,0.875,0.675,0.7666666666666667,0.6,0.4666666666666667
1489,sentiment,no,0,1.0,1.0,0.8181818181818182,0.6727272727272727,1.0,1.0,1.0,1.0,0.8268398268398268,1.0,1.0,0.7666666666666667,0.7666666666666667,1.0
1490,counting,no,0,0.8181818181818182,0.6727272727272727,0.0,1.0,1.0,1.0,0.0,1.0,0.4935064935064935,0.7666666666666667,0.475,0.5416666666666666,1.0,0.4444444444444444
1492,object,no,0,1.0,1.0,1.0,1.0,1.0,1.0,1.0,1.0,1.0,1.0,1.0,1.0,1.0,1.0
1493,positional,no,0,1.0,1.0,1.0,1.0,1.0,1.0,1.0,1.0,1.0,1.0,1.0,1.0,1.0,1.0
1495,counting,no,0,1.0,1.0,1.0,1.0,1.0,1.0,0.8,0.6,1.0,1.0,0.875,1.0,0.875,0.8
1496,counting,no,0,1.0,1.0,0.0,1.0,1.0,1.0,0.0,1.0,0.47619047619047616,1.0,0.5416666666666666,0.5416666666666666,1.0,0.4444444444444444
1497,positional,no,1,0.9090909090909091,0.8181818181818182,0.0,1.0,1.0,1.0,0.0,1.0,0.4805194805194805,0.875,0.5,0.5416666666666666,1.0,0.4444444444444444
1498,object,no,0,1.0,1.0,1.0,1.0,0.6,0.4,0.6,0.4,1.0,0.7666666666666667,0.7666666666666667,0.7666666666666667,0.7666666666666667,0.4666666666666667
1499,attribute,no,0,1.0,1.0,1.0,1.0,0.8,0.6,0.8,0.6,1.0,0.875,0.875,0.875,0.875,0.6444444444444445
1500,counting,no,1,0.18181818181818182,0.6727272727272727,0.9090909090909091,0.8181818181818182,0.0,1.0,1.0,1.0,0.4805194805194805,0.7666666666666667,0.475,0.5,0.875,0.4444444444444444
1501,object,no,1,1.0,1.0,1.0,1.0,0.8,0.6,1.0,1.0,1.0,0.875,1.0,0.875,1.0,0.8
1502,counting,no,0,1.0,1.0,1.0,1.0,1.0,1.0,0.6,0.4,1.0,1.0,0.7666666666666667,1.0,0.7666666666666667,0.6444444444444445
1503,positional,no,0,1.0,1.0,0.0,1.0,1.0,1.0,0.0,1.0,0.47619047619047616,1.0,0.5416666666666666,0.5416666666666666,1.0,0.4444444444444444
1504,attribute,no,0,1.0,1.0,0.9090909090909091,0.8181818181818182,1.0,1.0,1.0,1.0,0.9090909090909091,1.0,1.0,0.875,0.875,1.0
1505,object,no,0,0.8181818181818182,0.6727272727272727,0.6363636363636364,0.4909090909090909,1.0,1.0,0.8,0.6,0.5844155844155844,0.7666666666666667,0.675,0.6,0.5416666666666666,0.8
1506,attribute,no,0,1.0,1.0,0.8181818181818182,0.6727272727272727,1.0,1.0,1.0,1.0,0.8268398268398268,1.0,1.0,0.7666666666666667,0.7666666666666667,1.0
1507,attribute,no,0,1.0,1.0,1.0,1.0,1.0,1.0,1.0,1.0,1.0,1.0,1.0,1.0,1.0,1.0
1508,object,no,0,1.0,1.0,1.0,1.0,1.0,1.0,1.0,1.0,1.0,1.0,1.0,1.0,1.0,1.0
1510,object,no,0,1.0,1.0,1.0,1.0,1.0,1.0,1.0,1.0,1.0,1.0,1.0,1.0,1.0,1.0
1511,attribute,no,0,0.9090909090909091,0.8181818181818182,0.18181818181818182,0.6727272727272727,1.0,1.0,0.6,0.4,0.4805194805194805,0.875,0.675,0.475,0.5416666666666666,0.6444444444444445
1512,attribute,no,0,1.0,1.0,1.0,1.0,1.0,1.0,1.0,1.0,1.0,1.0,1.0,1.0,1.0,1.0
1513,object,no,0,1.0,1.0,1.0,1.0,1.0,1.0,0.8,0.6,1.0,1.0,0.875,1.0,0.875,0.8
1514,object,no,0,0.8181818181818182,0.6727272727272727,0.8181818181818182,0.6727272727272727,1.0,1.0,1.0,1.0,0.6883116883116883,0.7666666666666667,0.7666666666666667,0.7666666666666667,0.7666666666666667,1.0
1515,attribute,no,0,0.36363636363636365,0.4909090909090909,0.8181818181818182,0.6727272727272727,0.6,0.4,1.0,1.0,0.4935064935064935,0.475,0.475,0.6,0.7666666666666667,0.6444444444444445
1516,object,no,0,1.0,1.0,0.45454545454545453,0.45454545454545453,1.0,1.0,0.8,0.6,0.5844155844155844,1.0,0.875,0.5,0.475,0.8
1517,object,no,0,1.0,1.0,1.0,1.0,1.0,1.0,0.8,0.6,1.0,1.0,0.875,1.0,0.875,0.8
1518,object,no,0,1.0,1.0,1.0,1.0,1.0,1.0,0.8,0.6,1.0,1.0,0.875,1.0,0.875,0.8
1519,counting,no,0,1.0,1.0,1.0,1.0,1.0,1.0,0.6,0.4,1.0,1.0,0.7666666666666667,1.0,0.7666666666666667,0.6444444444444445
1520,object,no,0,1.0,1.0,1.0,1.0,1.0,1.0,1.0,1.0,1.0,1.0,1.0,1.0,1.0,1.0
1521,positional,no,0,1.0,1.0,0.45454545454545453,0.45454545454545453,1.0,1.0,1.0,1.0,0.5844155844155844,1.0,1.0,0.5,0.5,1.0
1522,counting,no,1,1.0,1.0,1.0,1.0,0.8,0.6,0.8,0.6,1.0,0.875,0.875,0.875,0.875,0.6444444444444445
1523,counting,no,0,0.9090909090909091,0.8181818181818182,0.0,1.0,1.0,1.0,0.0,1.0,0.4805194805194805,0.875,0.5,0.5416666666666666,1.0,0.4444444444444444
1525,object,no,0,1.0,1.0,1.0,1.0,1.0,1.0,1.0,1.0,1.0,1.0,1.0,1.0,1.0,1.0
1526,positional,no,0,0.9090909090909091,0.8181818181818182,0.9090909090909091,0.8181818181818182,1.0,1.0,1.0,1.0,0.8268398268398268,0.875,0.875,0.875,0.875,1.0
1527,object,no,0,1.0,1.0,0.9090909090909091,0.8181818181818182,1.0,1.0,1.0,1.0,0.9090909090909091,1.0,1.0,0.875,0.875,1.0
1528,counting,no,0,0.9090909090909091,0.8181818181818182,0.0,1.0,1.0,1.0,0.0,1.0,0.4805194805194805,0.875,0.5,0.5416666666666666,1.0,0.4444444444444444
1529,object,no,1,0.8181818181818182,0.6727272727272727,0.9090909090909091,0.8181818181818182,1.0,1.0,1.0,1.0,0.7532467532467533,0.7666666666666667,0.7666666666666667,0.875,0.875,1.0
1530,attribute,no,0,1.0,1.0,1.0,1.0,1.0,1.0,0.8,0.6,1.0,1.0,0.875,1.0,0.875,0.8
1531,counting,no,0,1.0,1.0,0.9090909090909091,0.8181818181818182,1.0,1.0,1.0,1.0,0.9090909090909091,1.0,1.0,0.875,0.875,1.0
1532,object,no,0,1.0,1.0,0.18181818181818182,0.6727272727272727,1.0,1.0,0.4,0.4,0.4935064935064935,1.0,0.675,0.475,0.6,0.5333333333333333
1533,counting,no,0,1.0,1.0,0.2727272727272727,0.5636363636363636,1.0,1.0,0.2,0.6,0.5151515151515151,1.0,0.6,0.4666666666666667,0.6,0.4666666666666667
1534,positional,no,1,1.0,1.0,0.7272727272727273,0.5636363636363636,1.0,1.0,0.8,0.6,0.7532467532467533,1.0,0.875,0.675,0.6,0.8
1535,counting,no,0,0.8181818181818182,0.6727272727272727,0.6363636363636364,0.4909090909090909,0.0,1.0,0.6,0.4,0.5844155844155844,0.475,0.6,0.475,0.5,0.5333333333333333
1536,attribute,no,0,0.9090909090909091,0.8181818181818182,0.6363636363636364,0.4909090909090909,0.6,0.4,0.2,0.6,0.6320346320346321,0.675,0.5416666666666666,0.5,0.4666666666666667,0.4666666666666667
1537,sentiment,no,0,1.0,1.0,0.09090909090909091,0.8181818181818182,1.0,1.0,0.2,0.6,0.4805194805194805,1.0,0.6,0.5,0.7666666666666667,0.4666666666666667
1538,object,no,0,1.0,1.0,0.8181818181818182,0.6727272727272727,1.0,1.0,0.2,0.6,0.8268398268398268,1.0,0.6,0.7666666666666667,0.5,0.4666666666666667
1539,object,no,0,1.0,1.0,1.0,1.0,1.0,1.0,0.8,0.6,1.0,1.0,0.875,1.0,0.875,0.8
1540,attribute,no,0,0.8181818181818182,0.6727272727272727,0.7272727272727273,0.5636363636363636,1.0,1.0,0.8,0.6,0.6320346320346321,0.7666666666666667,0.675,0.675,0.6,0.8
1542,counting,no,0,1.0,1.0,0.6363636363636364,0.4909090909090909,1.0,1.0,0.4,0.4,0.6883116883116883,1.0,0.675,0.6,0.475,0.5333333333333333
1543,counting,no,0,0.18181818181818182,0.6727272727272727,0.09090909090909091,0.8181818181818182,0.0,1.0,0.2,0.6,0.7532467532467533,0.7666666666666667,0.675,0.875,0.7666666666666667,0.8
1544,object,no,0,1.0,1.0,1.0,1.0,1.0,1.0,0.8,0.6,1.0,1.0,0.875,1.0,0.875,0.8
1545,attribute,no,0,1.0,1.0,1.0,1.0,1.0,1.0,1.0,1.0,1.0,1.0,1.0,1.0,1.0,1.0
1546,counting,no,0,1.0,1.0,1.0,1.0,1.0,1.0,0.6,0.4,1.0,1.0,0.7666666666666667,1.0,0.7666666666666667,0.6444444444444445
1547,object,no,0,1.0,1.0,1.0,1.0,1.0,1.0,1.0,1.0,1.0,1.0,1.0,1.0,1.0,1.0
1548,attribute,no,1,0.9090909090909091,0.8181818181818182,1.0,1.0,0.8,0.6,0.8,0.6,0.9090909090909091,0.7666666666666667,0.7666666666666667,0.875,0.875,0.6444444444444445
1549,positional,no,0,1.0,1.0,0.0,1.0,0.8,0.6,0.2,0.6,0.47619047619047616,0.875,0.6,0.6,0.875,0.4444444444444444
1550,counting,no,0,0.6363636363636364,0.4909090909090909,0.0,1.0,0.4,0.4,0.2,0.6,0.5454545454545454,0.475,0.4666666666666667,0.7666666666666667,0.875,0.5333333333333333
1551,attribute,no,0,1.0,1.0,1.0,1.0,1.0,1.0,1.0,1.0,1.0,1.0,1.0,1.0,1.0,1.0
1552,object,no,1,0.9090909090909091,0.8181818181818182,0.9090909090909091,0.8181818181818182,1.0,1.0,1.0,1.0,0.8268398268398268,0.875,0.875,0.875,0.875,1.0
1553,counting,no,0,0.5454545454545454,0.45454545454545453,1.0,1.0,0.8,0.6,0.6,0.4,0.6320346320346321,0.5,0.475,0.875,0.7666666666666667,0.5333333333333333
1554,object,no,0,0.9090909090909091,0.8181818181818182,0.5454545454545454,0.45454545454545453,1.0,1.0,1.0,1.0,0.5844155844155844,0.875,0.875,0.5416666666666666,0.5416666666666666,1.0
1555,attribute,no,0,1.0,1.0,0.5454545454545454,0.45454545454545453,1.0,1.0,0.6,0.4,0.6320346320346321,1.0,0.7666666666666667,0.5416666666666666,0.475,0.6444444444444445
1557,object,no,0,1.0,1.0,1.0,1.0,1.0,1.0,1.0,1.0,1.0,1.0,1.0,1.0,1.0,1.0
1558,object,no,0,0.45454545454545453,0.45454545454545453,0.2727272727272727,0.5636363636363636,1.0,1.0,1.0,1.0,0.5151515151515151,0.5,0.5,0.4666666666666667,0.4666666666666667,1.0
1559,positional,no,1,0.6363636363636364,0.4909090909090909,0.2727272727272727,0.5636363636363636,0.8,0.6,0.4,0.4,0.4805194805194805,0.5416666666666666,0.475,0.475,0.5416666666666666,0.4666666666666667
1560,object,no,0,1.0,1.0,1.0,1.0,1.0,1.0,0.6,0.4,1.0,1.0,0.7666666666666667,1.0,0.7666666666666667,0.6444444444444445
1561,object,no,0,1.0,1.0,1.0,1.0,1.0,1.0,1.0,1.0,1.0,1.0,1.0,1.0,1.0,1.0
1564,sentiment,no,0,1.0,1.0,0.0,1.0,1.0,1.0,0.2,0.6,0.47619047619047616,1.0,0.6,0.5416666666666666,0.875,0.4666666666666667
1565,object,no,0,1.0,1.0,1.0,1.0,1.0,1.0,1.0,1.0,1.0,1.0,1.0,1.0,1.0,1.0
1566,sentiment,no,0,1.0,1.0,1.0,1.0,1.0,1.0,0.8,0.6,1.0,1.0,0.875,1.0,0.875,0.8
1567,object,no,0,1.0,1.0,1.0,1.0,1.0,1.0,1.0,1.0,1.0,1.0,1.0,1.0,1.0,1.0
1568,attribute,no,1,0.7272727272727273,0.5636363636363636,0.7272727272727273,0.5636363636363636,1.0,1.0,1.0,1.0,0.5844155844155844,0.675,0.675,0.675,0.675,1.0
1569,object,no,0,1.0,1.0,1.0,1.0,1.0,1.0,0.6,0.4,1.0,1.0,0.7666666666666667,1.0,0.7666666666666667,0.6444444444444445
1570,attribute,no,0,0.2727272727272727,0.5636363636363636,0.0,1.0,0.2,0.6,0.0,1.0,0.7532467532467533,0.6,0.675,0.875,1.0,0.8
1571,attribute,no,0,1.0,1.0,0.8181818181818182,0.6727272727272727,1.0,1.0,1.0,1.0,0.8268398268398268,1.0,1.0,0.7666666666666667,0.7666666666666667,1.0
1572,counting,no,0,1.0,1.0,0.9090909090909091,0.8181818181818182,1.0,1.0,0.4,0.4,0.9090909090909091,1.0,0.675,0.875,0.6,0.5333333333333333
1573,object,no,0,1.0,1.0,1.0,1.0,1.0,1.0,1.0,1.0,1.0,1.0,1.0,1.0,1.0,1.0
1574,attribute,no,0,1.0,1.0,0.0,1.0,1.0,1.0,0.4,0.4,0.47619047619047616,1.0,0.675,0.5416666666666666,0.7666666666666667,0.5333333333333333
1575,positional,no,0,1.0,1.0,0.7272727272727273,0.5636363636363636,1.0,1.0,0.8,0.6,0.7532467532467533,1.0,0.875,0.675,0.6,0.8
1577,object,no,0,1.0,1.0,1.0,1.0,1.0,1.0,1.0,1.0,1.0,1.0,1.0,1.0,1.0,1.0
1578,object,no,1,0.8181818181818182,0.6727272727272727,1.0,1.0,1.0,1.0,1.0,1.0,0.8268398268398268,0.7666666666666667,0.7666666666666667,1.0,1.0,1.0
1579,positional,no,0,0.5454545454545454,0.45454545454545453,0.45454545454545453,0.45454545454545453,1.0,1.0,0.0,1.0,0.47619047619047616,0.5416666666666666,0.5,0.5,0.5416666666666666,0.4444444444444444
1580,object,no,0,1.0,1.0,1.0,1.0,1.0,1.0,0.8,0.6,1.0,1.0,0.875,1.0,0.875,0.8
1582,counting,no,0,0.45454545454545453,0.45454545454545453,0.8181818181818182,0.6727272727272727,0.0,1.0,1.0,1.0,0.5151515151515151,0.5416666666666666,0.5,0.475,0.7666666666666667,0.4444444444444444
1583,object,no,0,1.0,1.0,1.0,1.0,1.0,1.0,1.0,1.0,1.0,1.0,1.0,1.0,1.0,1.0
1584,attribute,no,0,1.0,1.0,1.0,1.0,1.0,1.0,0.8,0.6,1.0,1.0,0.875,1.0,0.875,0.8
1585,attribute,no,0,1.0,1.0,0.36363636363636365,0.4909090909090909,1.0,1.0,0.0,1.0,0.5454545454545454,1.0,0.5416666666666666,0.475,0.6,0.4444444444444444
1586,object,no,0,1.0,1.0,1.0,1.0,1.0,1.0,1.0,1.0,1.0,1.0,1.0,1.0,1.0,1.0
1587,object,no,0,1.0,1.0,0.6363636363636364,0.4909090909090909,0.8,0.6,1.0,1.0,0.6883116883116883,0.875,1.0,0.5416666666666666,0.6,0.8
1588,attribute,no,0,1.0,1.0,0.8181818181818182,0.6727272727272727,1.0,1.0,0.8,0.6,0.8268398268398268,1.0,0.875,0.7666666666666667,0.675,0.8
1589,counting,no,0,1.0,1.0,0.0,1.0,1.0,1.0,0.0,1.0,0.47619047619047616,1.0,0.5416666666666666,0.5416666666666666,1.0,0.4444444444444444
1590,object,no,0,1.0,1.0,1.0,1.0,1.0,1.0,1.0,1.0,1.0,1.0,1.0,1.0,1.0,1.0
1591,object,no,0,0.18181818181818182,0.6727272727272727,0.45454545454545453,0.45454545454545453,0.0,1.0,0.0,1.0,0.5454545454545454,0.7666666666666667,0.7666666666666667,0.5416666666666666,0.5416666666666666,1.0
1592,object,no,0,1.0,1.0,1.0,1.0,1.0,1.0,1.0,1.0,1.0,1.0,1.0,1.0,1.0,1.0
1593,object,no,0,1.0,1.0,1.0,1.0,1.0,1.0,1.0,1.0,1.0,1.0,1.0,1.0,1.0,1.0
1594,object,no,0,1.0,1.0,1.0,1.0,1.0,1.0,1.0,1.0,1.0,1.0,1.0,1.0,1.0,1.0
1595,object,no,0,1.0,1.0,1.0,1.0,1.0,1.0,1.0,1.0,1.0,1.0,1.0,1.0,1.0,1.0
1596,attribute,no,0,1.0,1.0,0.9090909090909091,0.8181818181818182,1.0,1.0,1.0,1.0,0.9090909090909091,1.0,1.0,0.875,0.875,1.0
1597,object,no,0,1.0,1.0,1.0,1.0,1.0,1.0,1.0,1.0,1.0,1.0,1.0,1.0,1.0,1.0
1598,object,no,0,1.0,1.0,1.0,1.0,1.0,1.0,1.0,1.0,1.0,1.0,1.0,1.0,1.0,1.0
1599,counting,no,0,1.0,1.0,1.0,1.0,1.0,1.0,0.8,0.6,1.0,1.0,0.875,1.0,0.875,0.8
1600,object,no,0,0.9090909090909091,0.8181818181818182,0.0,1.0,1.0,1.0,0.0,1.0,0.4805194805194805,0.875,0.5,0.5416666666666666,1.0,0.4444444444444444
1601,object,no,0,1.0,1.0,1.0,1.0,1.0,1.0,1.0,1.0,1.0,1.0,1.0,1.0,1.0,1.0
1602,attribute,no,0,1.0,1.0,0.0,1.0,0.8,0.6,0.2,0.6,0.47619047619047616,0.875,0.6,0.6,0.875,0.4444444444444444
1603,object,no,1,1.0,1.0,1.0,1.0,1.0,1.0,1.0,1.0,1.0,1.0,1.0,1.0,1.0,1.0
1604,object,no,0,1.0,1.0,1.0,1.0,1.0,1.0,1.0,1.0,1.0,1.0,1.0,1.0,1.0,1.0
1605,attribute,no,0,0.9090909090909091,0.8181818181818182,0.9090909090909091,0.8181818181818182,0.8,0.6,1.0,1.0,0.8268398268398268,0.7666666666666667,0.875,0.7666666666666667,0.875,0.8
1606,object,no,0,1.0,1.0,1.0,1.0,1.0,1.0,1.0,1.0,1.0,1.0,1.0,1.0,1.0,1.0
1607,attribute,no,0,0.9090909090909091,0.8181818181818182,0.18181818181818182,0.6727272727272727,1.0,1.0,0.6,0.4,0.4805194805194805,0.875,0.675,0.475,0.5416666666666666,0.6444444444444445
1608,object,no,0,1.0,1.0,1.0,1.0,1.0,1.0,1.0,1.0,1.0,1.0,1.0,1.0,1.0,1.0
1609,object,no,0,0.2727272727272727,0.5636363636363636,0.18181818181818182,0.6727272727272727,0.6,0.4,0.6,0.4,0.6320346320346321,0.5,0.5,0.5416666666666666,0.5416666666666666,0.4666666666666667
1610,attribute,no,0,0.9090909090909091,0.8181818181818182,0.5454545454545454,0.45454545454545453,1.0,1.0,0.6,0.4,0.5844155844155844,0.875,0.675,0.5416666666666666,0.475,0.6444444444444445
1611,attribute,no,0,1.0,1.0,1.0,1.0,1.0,1.0,1.0,1.0,1.0,1.0,1.0,1.0,1.0,1.0
1612,counting,no,0,0.9090909090909091,0.8181818181818182,1.0,1.0,1.0,1.0,0.6,0.4,0.9090909090909091,0.875,0.675,1.0,0.7666666666666667,0.6444444444444445
1613,attribute,no,0,1.0,1.0,0.8181818181818182,0.6727272727272727,0.6,0.4,0.4,0.4,0.8268398268398268,0.7666666666666667,0.675,0.6,0.5416666666666666,0.4444444444444444
1614,positional,no,0,1.0,1.0,0.0,1.0,1.0,1.0,0.2,0.6,0.47619047619047616,1.0,0.6,0.5416666666666666,0.875,0.4666666666666667
1615,attribute,no,0,1.0,1.0,1.0,1.0,1.0,1.0,1.0,1.0,1.0,1.0,1.0,1.0,1.0,1.0
1616,sentiment,no,0,1.0,1.0,0.0,1.0,1.0,1.0,0.2,0.6,0.47619047619047616,1.0,0.6,0.5416666666666666,0.875,0.4666666666666667
1617,attribute,no,0,1.0,1.0,1.0,1.0,1.0,1.0,1.0,1.0,1.0,1.0,1.0,1.0,1.0,1.0
1618,counting,no,0,0.9090909090909091,0.8181818181818182,0.0,1.0,1.0,1.0,0.0,1.0,0.4805194805194805,0.875,0.5,0.5416666666666666,1.0,0.4444444444444444
1619,object,no,0,1.0,1.0,1.0,1.0,1.0,1.0,1.0,1.0,1.0,1.0,1.0,1.0,1.0,1.0
1620,positional,no,0,1.0,1.0,0.0,1.0,1.0,1.0,0.0,1.0,0.47619047619047616,1.0,0.5416666666666666,0.5416666666666666,1.0,0.4444444444444444
1621,attribute,no,1,0.6363636363636364,0.4909090909090909,0.8181818181818182,0.6727272727272727,1.0,1.0,1.0,1.0,0.5844155844155844,0.6,0.6,0.7666666666666667,0.7666666666666667,1.0
1622,object,no,1,0.9090909090909091,0.8181818181818182,0.9090909090909091,0.8181818181818182,1.0,1.0,1.0,1.0,0.8268398268398268,0.875,0.875,0.875,0.875,1.0
1623,object,no,0,1.0,1.0,1.0,1.0,1.0,1.0,1.0,1.0,1.0,1.0,1.0,1.0,1.0,1.0
1624,attribute,no,0,1.0,1.0,1.0,1.0,1.0,1.0,1.0,1.0,1.0,1.0,1.0,1.0,1.0,1.0
1625,object,no,0,1.0,1.0,0.7272727272727273,0.5636363636363636,1.0,1.0,1.0,1.0,0.7532467532467533,1.0,1.0,0.675,0.675,1.0
1626,positional,no,0,0.36363636363636365,0.4909090909090909,0.0,1.0,0.6,0.4,0.2,0.6,0.6883116883116883,0.475,0.5416666666666666,0.675,0.875,0.4666666666666667
1627,attribute,no,0,0.0,1.0,0.09090909090909091,0.8181818181818182,0.2,0.6,0.0,1.0,0.9090909090909091,0.875,1.0,0.7666666666666667,0.875,0.8
1628,counting,no,0,1.0,1.0,0.0,1.0,1.0,1.0,0.2,0.6,0.47619047619047616,1.0,0.6,0.5416666666666666,0.875,0.4666666666666667
1629,object,no,0,1.0,1.0,1.0,1.0,1.0,1.0,1.0,1.0,1.0,1.0,1.0,1.0,1.0,1.0
1630,attribute,no,0,0.7272727272727273,0.5636363636363636,0.7272727272727273,0.5636363636363636,1.0,1.0,0.8,0.6,0.5844155844155844,0.675,0.6,0.675,0.6,0.8
1631,object,no,0,0.8181818181818182,0.6727272727272727,0.6363636363636364,0.4909090909090909,1.0,1.0,1.0,1.0,0.5844155844155844,0.7666666666666667,0.7666666666666667,0.6,0.6,1.0
1632,object,no,0,1.0,1.0,0.8181818181818182,0.6727272727272727,1.0,1.0,0.8,0.6,0.8268398268398268,1.0,0.875,0.7666666666666667,0.675,0.8
1633,attribute,no,0,1.0,1.0,1.0,1.0,1.0,1.0,1.0,1.0,1.0,1.0,1.0,1.0,1.0,1.0
1634,object,no,0,1.0,1.0,1.0,1.0,1.0,1.0,1.0,1.0,1.0,1.0,1.0,1.0,1.0,1.0
1635,attribute,no,0,1.0,1.0,1.0,1.0,1.0,1.0,1.0,1.0,1.0,1.0,1.0,1.0,1.0,1.0
1636,attribute,no,0,0.9090909090909091,0.8181818181818182,0.6363636363636364,0.4909090909090909,0.8,0.6,0.0,1.0,0.6320346320346321,0.7666666666666667,0.5,0.5416666666666666,0.475,0.4666666666666667
1637,attribute,no,1,0.6363636363636364,0.4909090909090909,0.7272727272727273,0.5636363636363636,1.0,1.0,1.0,1.0,0.5454545454545454,0.6,0.6,0.675,0.675,1.0
1638,object,no,0,1.0,1.0,1.0,1.0,1.0,1.0,0.8,0.6,1.0,1.0,0.875,1.0,0.875,0.8
1639,positional,no,0,1.0,1.0,1.0,1.0,1.0,1.0,1.0,1.0,1.0,1.0,1.0,1.0,1.0,1.0
1640,counting,no,0,1.0,1.0,0.0,1.0,1.0,1.0,0.4,0.4,0.47619047619047616,1.0,0.675,0.5416666666666666,0.7666666666666667,0.5333333333333333
1641,object,no,0,0.8181818181818182,0.6727272727272727,0.6363636363636364,0.4909090909090909,1.0,1.0,1.0,1.0,0.5844155844155844,0.7666666666666667,0.7666666666666667,0.6,0.6,1.0
1642,object,no,0,1.0,1.0,1.0,1.0,1.0,1.0,0.8,0.6,1.0,1.0,0.875,1.0,0.875,0.8
1643,attribute,no,0,0.8181818181818182,0.6727272727272727,0.2727272727272727,0.5636363636363636,1.0,1.0,0.0,1.0,0.4805194805194805,0.7666666666666667,0.475,0.4666666666666667,0.675,0.4444444444444444
1644,counting,no,0,0.36363636363636365,0.4909090909090909,0.0,1.0,0.8,0.6,0.0,1.0,0.6883116883116883,0.4666666666666667,0.6,0.6,1.0,0.4666666666666667
1646,attribute,no,0,1.0,1.0,1.0,1.0,1.0,1.0,0.6,0.4,1.0,1.0,0.7666666666666667,1.0,0.7666666666666667,0.6444444444444445
1647,positional,no,0,1.0,1.0,1.0,1.0,1.0,1.0,0.8,0.6,1.0,1.0,0.875,1.0,0.875,0.8
1648,attribute,no,0,1.0,1.0,1.0,1.0,1.0,1.0,1.0,1.0,1.0,1.0,1.0,1.0,1.0,1.0
1649,positional,no,0,0.09090909090909091,0.8181818181818182,1.0,1.0,0.4,0.4,0.6,0.4,0.4805194805194805,0.675,0.6,0.675,0.7666666666666667,0.4444444444444444
1650,object,no,0,0.45454545454545453,0.45454545454545453,0.09090909090909091,0.8181818181818182,0.8,0.6,0.0,1.0,0.5844155844155844,0.475,0.5416666666666666,0.5416666666666666,0.875,0.4666666666666667
1651,object,no,0,0.09090909090909091,0.8181818181818182,0.0,1.0,0.2,0.6,0.0,1.0,0.9090909090909091,0.7666666666666667,0.875,0.875,1.0,0.8
1652,object,no,0,1.0,1.0,0.9090909090909091,0.8181818181818182,1.0,1.0,0.6,0.4,0.9090909090909091,1.0,0.7666666666666667,0.875,0.675,0.6444444444444445
1653,attribute,no,0,1.0,1.0,1.0,1.0,1.0,1.0,1.0,1.0,1.0,1.0,1.0,1.0,1.0,1.0
1654,positional,no,0,0.9090909090909091,0.8181818181818182,1.0,1.0,1.0,1.0,1.0,1.0,0.9090909090909091,0.875,0.875,1.0,1.0,1.0
1655,counting,no,0,1.0,1.0,0.9090909090909091,0.8181818181818182,1.0,1.0,0.4,0.4,0.9090909090909091,1.0,0.675,0.875,0.6,0.5333333333333333
1656,positional,no,0,1.0,1.0,0.6363636363636364,0.4909090909090909,1.0,1.0,0.6,0.4,0.6883116883116883,1.0,0.7666666666666667,0.6,0.5,0.6444444444444445
1657,attribute,no,0,1.0,1.0,1.0,1.0,1.0,1.0,1.0,1.0,1.0,1.0,1.0,1.0,1.0,1.0
1658,counting,no,0,1.0,1.0,1.0,1.0,1.0,1.0,0.6,0.4,1.0,1.0,0.7666666666666667,1.0,0.7666666666666667,0.6444444444444445
1659,sentiment,no,0,1.0,1.0,0.5454545454545454,0.45454545454545453,1.0,1.0,0.6,0.4,0.6320346320346321,1.0,0.7666666666666667,0.5416666666666666,0.475,0.6444444444444445
1660,positional,no,0,0.45454545454545453,0.45454545454545453,1.0,1.0,0.4,0.4,0.4,0.4,0.5844155844155844,0.475,0.475,0.675,0.675,0.4666666666666667
1662,object,no,0,0.6363636363636364,0.4909090909090909,0.0,1.0,0.8,0.6,0.0,1.0,0.5454545454545454,0.5416666666666666,0.475,0.6,1.0,0.4666666666666667
1663,sentiment,no,0,0.6363636363636364,0.4909090909090909,0.36363636363636365,0.4909090909090909,0.4,0.4,0.2,0.6,0.47619047619047616,0.475,0.4666666666666667,0.5,0.5416666666666666,0.5333333333333333
1664,attribute,no,0,1.0,1.0,0.8181818181818182,0.6727272727272727,1.0,1.0,1.0,1.0,0.8268398268398268,1.0,1.0,0.7666666666666667,0.7666666666666667,1.0
1665,object,no,0,1.0,1.0,1.0,1.0,1.0,1.0,1.0,1.0,1.0,1.0,1.0,1.0,1.0,1.0
1666,object,no,1,0.8181818181818182,0.6727272727272727,1.0,1.0,1.0,1.0,1.0,1.0,0.8268398268398268,0.7666666666666667,0.7666666666666667,1.0,1.0,1.0
1667,counting,no,0,1.0,1.0,0.09090909090909091,0.8181818181818182,1.0,1.0,0.0,1.0,0.4805194805194805,1.0,0.5416666666666666,0.5,0.875,0.4444444444444444
1669,attribute,no,1,0.8181818181818182,0.6727272727272727,0.9090909090909091,0.8181818181818182,1.0,1.0,1.0,1.0,0.7532467532467533,0.7666666666666667,0.7666666666666667,0.875,0.875,1.0
1670,object,no,0,0.45454545454545453,0.45454545454545453,0.45454545454545453,0.45454545454545453,0.8,0.6,0.8,0.6,0.4805194805194805,0.475,0.475,0.475,0.475,0.6444444444444445
1671,object,no,0,1.0,1.0,1.0,1.0,0.8,0.6,0.8,0.6,1.0,0.875,0.875,0.875,0.875,0.6444444444444445
1673,attribute,no,0,1.0,1.0,1.0,1.0,1.0,1.0,0.8,0.6,1.0,1.0,0.875,1.0,0.875,0.8
1674,counting,no,0,0.8181818181818182,0.6727272727272727,0.0,1.0,0.4,0.4,0.2,0.6,0.4935064935064935,0.5416666666666666,0.5,0.7666666666666667,0.875,0.5333333333333333
1675,attribute,no,0,1.0,1.0,0.0,1.0,0.2,0.6,0.2,0.6,0.47619047619047616,0.6,0.6,0.875,0.875,0.6444444444444445
1676,sentiment,no,0,1.0,1.0,0.18181818181818182,0.6727272727272727,1.0,1.0,0.6,0.4,0.4935064935064935,1.0,0.7666666666666667,0.475,0.5416666666666666,0.6444444444444445
1677,object,no,0,0.5454545454545454,0.45454545454545453,0.45454545454545453,0.45454545454545453,0.8,0.6,0.0,1.0,0.47619047619047616,0.5,0.5,0.475,0.5416666666666666,0.4666666666666667
1678,sentiment,no,0,1.0,1.0,0.9090909090909091,0.8181818181818182,1.0,1.0,1.0,1.0,0.9090909090909091,1.0,1.0,0.875,0.875,1.0
1680,positional,no,1,0.5454545454545454,0.45454545454545453,0.2727272727272727,0.5636363636363636,0.8,0.6,0.6,0.4,0.4935064935064935,0.5,0.475,0.475,0.5,0.5333333333333333
1681,sentiment,no,0,1.0,1.0,0.0,1.0,1.0,1.0,0.0,1.0,0.47619047619047616,1.0,0.5416666666666666,0.5416666666666666,1.0,0.4444444444444444
1682,attribute,no,0,0.7272727272727273,0.5636363636363636,0.7272727272727273,0.5636363636363636,1.0,1.0,0.8,0.6,0.5844155844155844,0.675,0.6,0.675,0.6,0.8
1683,counting,no,0,1.0,1.0,1.0,1.0,1.0,1.0,0.6,0.4,1.0,1.0,0.7666666666666667,1.0,0.7666666666666667,0.6444444444444445
1684,object,no,0,1.0,1.0,1.0,1.0,1.0,1.0,1.0,1.0,1.0,1.0,1.0,1.0,1.0,1.0
1685,counting,no,0,0.9090909090909091,0.8181818181818182,0.45454545454545453,0.45454545454545453,1.0,1.0,0.2,0.6,0.5454545454545454,0.875,0.5416666666666666,0.5,0.5,0.4666666666666667
1686,object,no,0,1.0,1.0,0.7272727272727273,0.5636363636363636,1.0,1.0,1.0,1.0,0.7532467532467533,1.0,1.0,0.675,0.675,1.0
1687,positional,no,0,1.0,1.0,0.7272727272727273,0.5636363636363636,1.0,1.0,0.4,0.4,0.7532467532467533,1.0,0.675,0.675,0.5,0.5333333333333333
1688,attribute,no,0,1.0,1.0,1.0,1.0,1.0,1.0,1.0,1.0,1.0,1.0,1.0,1.0,1.0,1.0
1690,attribute,no,0,1.0,1.0,0.6363636363636364,0.4909090909090909,1.0,1.0,0.2,0.6,0.6883116883116883,1.0,0.6,0.6,0.4666666666666667,0.4666666666666667
1691,object,no,0,1.0,1.0,1.0,1.0,1.0,1.0,1.0,1.0,1.0,1.0,1.0,1.0,1.0,1.0
1692,counting,no,0,1.0,1.0,1.0,1.0,1.0,1.0,0.8,0.6,1.0,1.0,0.875,1.0,0.875,0.8
1694,object,no,0,1.0,1.0,0.9090909090909091,0.8181818181818182,1.0,1.0,1.0,1.0,0.9090909090909091,1.0,1.0,0.875,0.875,1.0
1695,positional,no,0,1.0,1.0,0.5454545454545454,0.45454545454545453,1.0,1.0,0.8,0.6,0.6320346320346321,1.0,0.875,0.5416666666666666,0.5,0.8
1696,sentiment,no,0,0.9090909090909091,0.8181818181818182,0.0,1.0,1.0,1.0,0.0,1.0,0.4805194805194805,0.875,0.5,0.5416666666666666,1.0,0.4444444444444444
1697,positional,no,0,1.0,1.0,0.18181818181818182,0.6727272727272727,1.0,1.0,0.2,0.6,0.4935064935064935,1.0,0.6,0.475,0.675,0.4666666666666667
1698,attribute,no,0,1.0,1.0,0.36363636363636365,0.4909090909090909,0.6,0.4,0.4,0.4,0.5454545454545454,0.7666666666666667,0.675,0.475,0.5,0.4444444444444444
1699,positional,no,0,1.0,1.0,0.9090909090909091,0.8181818181818182,1.0,1.0,0.6,0.4,0.9090909090909091,1.0,0.7666666666666667,0.875,0.675,0.6444444444444445
1700,sentiment,no,0,1.0,1.0,0.0,1.0,1.0,1.0,0.0,1.0,0.47619047619047616,1.0,0.5416666666666666,0.5416666666666666,1.0,0.4444444444444444
1701,attribute,no,0,1.0,1.0,0.0,1.0,0.6,0.4,0.0,1.0,0.47619047619047616,0.7666666666666667,0.5416666666666666,0.675,1.0,0.5333333333333333
1702,object,no,0,1.0,1.0,1.0,1.0,1.0,1.0,0.8,0.6,1.0,1.0,0.875,1.0,0.875,0.8
1703,counting,no,0,0.36363636363636365,0.4909090909090909,0.5454545454545454,0.45454545454545453,0.6,0.4,0.6,0.4,0.4805194805194805,0.475,0.475,0.475,0.475,0.4666666666666667
1704,attribute,no,0,1.0,1.0,1.0,1.0,1.0,1.0,1.0,1.0,1.0,1.0,1.0,1.0,1.0,1.0
1705,object,no,0,1.0,1.0,0.9090909090909091,0.8181818181818182,1.0,1.0,1.0,1.0,0.9090909090909091,1.0,1.0,0.875,0.875,1.0
1706,sentiment,no,0,0.9090909090909091,0.8181818181818182,0.6363636363636364,0.4909090909090909,1.0,1.0,1.0,1.0,0.6320346320346321,0.875,0.875,0.6,0.6,1.0
1707,positional,no,0,0.7272727272727273,0.5636363636363636,0.9090909090909091,0.8181818181818182,1.0,1.0,0.6,0.4,0.6883116883116883,0.675,0.5416666666666666,0.875,0.675,0.6444444444444445
1708,attribute,no,0,1.0,1.0,1.0,1.0,1.0,1.0,0.6,0.4,1.0,1.0,0.7666666666666667,1.0,0.7666666666666667,0.6444444444444445
1709,counting,no,0,0.18181818181818182,0.6727272727272727,0.09090909090909091,0.8181818181818182,0.0,1.0,0.4,0.4,0.7532467532467533,0.7666666666666667,0.6,0.875,0.675,0.6444444444444445
1710,attribute,no,0,1.0,1.0,0.5454545454545454,0.45454545454545453,0.6,0.4,0.8,0.6,0.6320346320346321,0.7666666666666667,0.875,0.475,0.5,0.5333333333333333
1714,attribute,no,0,1.0,1.0,1.0,1.0,1.0,1.0,1.0,1.0,1.0,1.0,1.0,1.0,1.0,1.0
1715,object,no,0,1.0,1.0,1.0,1.0,1.0,1.0,0.4,0.4,1.0,1.0,0.675,1.0,0.675,0.5333333333333333
1716,sentiment,no,0,0.2727272727272727,0.5636363636363636,0.0,1.0,0.0,1.0,0.0,1.0,0.7532467532467533,0.675,0.675,1.0,1.0,1.0
1717,positional,no,0,1.0,1.0,1.0,1.0,1.0,1.0,0.4,0.4,1.0,1.0,0.675,1.0,0.675,0.5333333333333333
1718,attribute,no,0,1.0,1.0,0.5454545454545454,0.45454545454545453,1.0,1.0,0.2,0.6,0.6320346320346321,1.0,0.6,0.5416666666666666,0.475,0.4666666666666667
1719,counting,no,0,0.18181818181818182,0.6727272727272727,0.0,1.0,0.6,0.4,0.2,0.6,0.8268398268398268,0.5416666666666666,0.675,0.675,0.875,0.4666666666666667
1720,object,no,0,1.0,1.0,0.5454545454545454,0.45454545454545453,1.0,1.0,1.0,1.0,0.6320346320346321,1.0,1.0,0.5416666666666666,0.5416666666666666,1.0
1721,attribute,no,0,0.7272727272727273,0.5636363636363636,0.7272727272727273,0.5636363636363636,1.0,1.0,1.0,1.0,0.5844155844155844,0.675,0.675,0.675,0.675,1.0
1723,object,no,0,0.6363636363636364,0.4909090909090909,0.2727272727272727,0.5636363636363636,1.0,1.0,0.0,1.0,0.4805194805194805,0.6,0.475,0.4666666666666667,0.675,0.4444444444444444
1724,attribute,no,0,1.0,1.0,1.0,1.0,1.0,1.0,1.0,1.0,1.0,1.0,1.0,1.0,1.0,1.0
1725,object,no,0,0.8181818181818182,0.6727272727272727,0.2727272727272727,0.5636363636363636,1.0,1.0,1.0,1.0,0.4805194805194805,0.7666666666666667,0.7666666666666667,0.4666666666666667,0.4666666666666667,1.0
1726,attribute,no,0,0.9090909090909091,0.8181818181818182,0.8181818181818182,0.6727272727272727,1.0,1.0,0.8,0.6,0.7532467532467533,0.875,0.7666666666666667,0.7666666666666667,0.675,0.8
1727,sentiment,no,0,0.09090909090909091,0.8181818181818182,0.0,1.0,0.0,1.0,0.2,0.6,0.9090909090909091,0.875,0.7666666666666667,1.0,0.875,0.8
1729,counting,no,0,0.9090909090909091,0.8181818181818182,0.0,1.0,1.0,1.0,0.0,1.0,0.4805194805194805,0.875,0.5,0.5416666666666666,1.0,0.4444444444444444
1730,positional,no,1,0.9090909090909091,0.8181818181818182,0.36363636363636365,0.4909090909090909,1.0,1.0,0.2,0.6,0.5151515151515151,0.875,0.5416666666666666,0.475,0.5416666666666666,0.4666666666666667
1731,positional,no,0,1.0,1.0,1.0,1.0,1.0,1.0,1.0,1.0,1.0,1.0,1.0,1.0,1.0,1.0
1732,counting,no,0,0.18181818181818182,0.6727272727272727,0.0,1.0,1.0,1.0,0.2,0.6,0.8268398268398268,0.475,0.675,0.5416666666666666,0.875,0.4666666666666667
1734,object,no,0,1.0,1.0,1.0,1.0,1.0,1.0,1.0,1.0,1.0,1.0,1.0,1.0,1.0,1.0
1735,attribute,no,0,1.0,1.0,1.0,1.0,0.8,0.6,0.8,0.6,1.0,0.875,0.875,0.875,0.875,0.6444444444444445
1736,object,no,0,1.0,1.0,1.0,1.0,1.0,1.0,1.0,1.0,1.0,1.0,1.0,1.0,1.0,1.0
1737,attribute,no,1,0.36363636363636365,0.4909090909090909,1.0,1.0,0.6,0.4,1.0,1.0,0.5454545454545454,0.475,0.475,0.7666666666666667,1.0,0.6444444444444445
1738,attribute,no,0,0.5454545454545454,0.45454545454545453,0.5454545454545454,0.45454545454545453,1.0,1.0,1.0,1.0,0.4805194805194805,0.5416666666666666,0.5416666666666666,0.5416666666666666,0.5416666666666666,1.0
1740,object,no,0,1.0,1.0,1.0,1.0,1.0,1.0,1.0,1.0,1.0,1.0,1.0,1.0,1.0,1.0
1741,attribute,no,0,1.0,1.0,0.7272727272727273,0.5636363636363636,1.0,1.0,0.4,0.4,0.7532467532467533,1.0,0.675,0.675,0.5,0.5333333333333333
1742,attribute,no,0,1.0,1.0,1.0,1.0,1.0,1.0,0.8,0.6,1.0,1.0,0.875,1.0,0.875,0.8
1743,attribute,no,0,1.0,1.0,1.0,1.0,1.0,1.0,0.8,0.6,1.0,1.0,0.875,1.0,0.875,0.8
1744,attribute,no,0,1.0,1.0,1.0,1.0,1.0,1.0,1.0,1.0,1.0,1.0,1.0,1.0,1.0,1.0
1745,object,no,0,0.9090909090909091,0.8181818181818182,0.36363636363636365,0.4909090909090909,1.0,1.0,1.0,1.0,0.5151515151515151,0.875,0.875,0.475,0.475,1.0
1746,object,no,0,1.0,1.0,0.7272727272727273,0.5636363636363636,1.0,1.0,0.6,0.4,0.7532467532467533,1.0,0.7666666666666667,0.675,0.5416666666666666,0.6444444444444445
1747,sentiment,no,0,1.0,1.0,0.8181818181818182,0.6727272727272727,1.0,1.0,0.6,0.4,0.8268398268398268,1.0,0.7666666666666667,0.7666666666666667,0.6,0.6444444444444445
1748,object,no,0,0.9090909090909091,0.8181818181818182,0.6363636363636364,0.4909090909090909,1.0,1.0,0.8,0.6,0.6320346320346321,0.875,0.7666666666666667,0.6,0.5416666666666666,0.8
1749,positional,no,0,1.0,1.0,0.0,1.0,1.0,1.0,0.6,0.4,0.47619047619047616,1.0,0.7666666666666667,0.5416666666666666,0.675,0.6444444444444445
1751,attribute,no,0,0.7272727272727273,0.5636363636363636,0.09090909090909091,0.8181818181818182,1.0,1.0,0.2,0.6,0.4935064935064935,0.675,0.475,0.5,0.7666666666666667,0.4666666666666667
1752,object,no,0,1.0,1.0,1.0,1.0,1.0,1.0,0.8,0.6,1.0,1.0,0.875,1.0,0.875,0.8
1753,attribute,no,0,1.0,1.0,1.0,1.0,1.0,1.0,1.0,1.0,1.0,1.0,1.0,1.0,1.0,1.0
1754,object,no,0,0.6363636363636364,0.4909090909090909,0.6363636363636364,0.4909090909090909,1.0,1.0,1.0,1.0,0.5151515151515151,0.6,0.6,0.6,0.6,1.0
1755,object,no,1,0.9090909090909091,0.8181818181818182,1.0,1.0,1.0,1.0,1.0,1.0,0.9090909090909091,0.875,0.875,1.0,1.0,1.0
1756,attribute,no,0,1.0,1.0,0.45454545454545453,0.45454545454545453,0.8,0.6,0.4,0.4,0.5844155844155844,0.875,0.675,0.475,0.475,0.4666666666666667
1757,sentiment,no,0,1.0,1.0,0.0,1.0,1.0,1.0,0.0,1.0,0.47619047619047616,1.0,0.5416666666666666,0.5416666666666666,1.0,0.4444444444444444
1758,object,no,1,0.6363636363636364,0.4909090909090909,0.7272727272727273,0.5636363636363636,1.0,1.0,1.0,1.0,0.5454545454545454,0.6,0.6,0.675,0.675,1.0
1759,object,no,0,1.0,1.0,1.0,1.0,1.0,1.0,0.8,0.6,1.0,1.0,0.875,1.0,0.875,0.8
1760,object,no,0,1.0,1.0,1.0,1.0,1.0,1.0,1.0,1.0,1.0,1.0,1.0,1.0,1.0,1.0
1761,attribute,no,0,1.0,1.0,0.36363636363636365,0.4909090909090909,1.0,1.0,0.8,0.6,0.5454545454545454,1.0,0.875,0.475,0.4666666666666667,0.8
1762,positional,no,0,0.9090909090909091,0.8181818181818182,1.0,1.0,1.0,1.0,0.4,0.4,0.9090909090909091,0.875,0.6,1.0,0.675,0.5333333333333333
1763,object,no,0,1.0,1.0,1.0,1.0,0.8,0.6,0.8,0.6,1.0,0.875,0.875,0.875,0.875,0.6444444444444445
1764,positional,no,0,0.8181818181818182,0.6727272727272727,0.6363636363636364,0.4909090909090909,1.0,1.0,0.8,0.6,0.5844155844155844,0.7666666666666667,0.675,0.6,0.5416666666666666,0.8
1765,object,no,0,1.0,1.0,1.0,1.0,1.0,1.0,1.0,1.0,1.0,1.0,1.0,1.0,1.0,1.0
1766,attribute,no,0,0.36363636363636365,0.4909090909090909,0.0,1.0,0.8,0.6,0.2,0.6,0.6883116883116883,0.4666666666666667,0.5416666666666666,0.6,0.875,0.4444444444444444
1767,attribute,no,0,1.0,1.0,1.0,1.0,1.0,1.0,0.8,0.6,1.0,1.0,0.875,1.0,0.875,0.8
1768,sentiment,no,0,1.0,1.0,0.0,1.0,0.6,0.4,0.0,1.0,0.47619047619047616,0.7666666666666667,0.5416666666666666,0.675,1.0,0.5333333333333333
1769,object,no,0,1.0,1.0,0.18181818181818182,0.6727272727272727,1.0,1.0,0.0,1.0,0.4935064935064935,1.0,0.5416666666666666,0.475,0.7666666666666667,0.4444444444444444
1771,positional,no,0,1.0,1.0,0.36363636363636365,0.4909090909090909,1.0,1.0,0.8,0.6,0.5454545454545454,1.0,0.875,0.475,0.4666666666666667,0.8
1772,attribute,no,0,1.0,1.0,1.0,1.0,1.0,1.0,1.0,1.0,1.0,1.0,1.0,1.0,1.0,1.0
1774,positional,no,0,1.0,1.0,1.0,1.0,1.0,1.0,0.8,0.6,1.0,1.0,0.875,1.0,0.875,0.8
1775,counting,no,0,1.0,1.0,0.0,1.0,1.0,1.0,0.0,1.0,0.47619047619047616,1.0,0.5416666666666666,0.5416666666666666,1.0,0.4444444444444444
1776,object,no,0,1.0,1.0,0.9090909090909091,0.8181818181818182,1.0,1.0,1.0,1.0,0.9090909090909091,1.0,1.0,0.875,0.875,1.0
1777,object,no,0,1.0,1.0,0.9090909090909091,0.8181818181818182,1.0,1.0,1.0,1.0,0.9090909090909091,1.0,1.0,0.875,0.875,1.0
1778,attribute,no,0,1.0,1.0,1.0,1.0,1.0,1.0,1.0,1.0,1.0,1.0,1.0,1.0,1.0,1.0
1779,counting,no,0,0.9090909090909091,0.8181818181818182,0.0,1.0,0.8,0.6,0.2,0.6,0.4805194805194805,0.7666666666666667,0.5416666666666666,0.6,0.875,0.4444444444444444
1780,attribute,no,0,0.9090909090909091,0.8181818181818182,0.36363636363636365,0.4909090909090909,0.8,0.6,0.0,1.0,0.5151515151515151,0.7666666666666667,0.5,0.4666666666666667,0.6,0.4666666666666667
1781,counting,no,0,1.0,1.0,0.8181818181818182,0.6727272727272727,1.0,1.0,0.8,0.6,0.8268398268398268,1.0,0.875,0.7666666666666667,0.675,0.8
1782,positional,no,0,1.0,1.0,0.0,1.0,1.0,1.0,0.0,1.0,0.47619047619047616,1.0,0.5416666666666666,0.5416666666666666,1.0,0.4444444444444444
1783,positional,no,1,0.9090909090909091,0.8181818181818182,0.0,1.0,1.0,1.0,0.0,1.0,0.4805194805194805,0.875,0.5,0.5416666666666666,1.0,0.4444444444444444
1785,attribute,no,0,1.0,1.0,1.0,1.0,1.0,1.0,1.0,1.0,1.0,1.0,1.0,1.0,1.0,1.0
1786,attribute,no,0,1.0,1.0,0.0,1.0,0.4,0.4,0.0,1.0,0.47619047619047616,0.675,0.5416666666666666,0.7666666666666667,1.0,0.6444444444444445
1788,positional,no,0,0.8181818181818182,0.6727272727272727,0.09090909090909091,0.8181818181818182,0.8,0.6,0.2,0.6,0.4805194805194805,0.675,0.5,0.5416666666666666,0.7666666666666667,0.4444444444444444
1789,attribute,no,0,1.0,1.0,1.0,1.0,1.0,1.0,1.0,1.0,1.0,1.0,1.0,1.0,1.0,1.0
1790,positional,no,0,1.0,1.0,0.36363636363636365,0.4909090909090909,1.0,1.0,0.6,0.4,0.5454545454545454,1.0,0.7666666666666667,0.475,0.475,0.6444444444444445
1791,counting,no,0,1.0,1.0,0.6363636363636364,0.4909090909090909,1.0,1.0,0.6,0.4,0.6883116883116883,1.0,0.7666666666666667,0.6,0.5,0.6444444444444445
1793,attribute,no,0,0.7272727272727273,0.5636363636363636,0.7272727272727273,0.5636363636363636,1.0,1.0,1.0,1.0,0.5844155844155844,0.675,0.675,0.675,0.675,1.0
1794,attribute,no,1,0.8181818181818182,0.6727272727272727,0.9090909090909091,0.8181818181818182,0.8,0.6,1.0,1.0,0.7532467532467533,0.675,0.7666666666666667,0.7666666666666667,0.875,0.8
1795,object,no,0,0.45454545454545453,0.45454545454545453,0.5454545454545454,0.45454545454545453,0.6,0.4,0.6,0.4,0.47619047619047616,0.4666666666666667,0.4666666666666667,0.475,0.475,0.4666666666666667
1796,attribute,no,0,1.0,1.0,0.0,1.0,1.0,1.0,0.0,1.0,0.47619047619047616,1.0,0.5416666666666666,0.5416666666666666,1.0,0.4444444444444444
1797,object,no,0,1.0,1.0,0.9090909090909091,0.8181818181818182,1.0,1.0,0.8,0.6,0.9090909090909091,1.0,0.875,0.875,0.7666666666666667,0.8
1798,attribute,no,0,1.0,1.0,1.0,1.0,1.0,1.0,1.0,1.0,1.0,1.0,1.0,1.0,1.0,1.0
1799,attribute,no,0,0.2727272727272727,0.5636363636363636,0.0,1.0,0.0,1.0,0.2,0.6,0.7532467532467533,0.675,0.6,1.0,0.875,0.8
1800,object,no,0,0.7272727272727273,0.5636363636363636,0.6363636363636364,0.4909090909090909,1.0,1.0,1.0,1.0,0.5454545454545454,0.675,0.675,0.6,0.6,1.0
1801,object,no,0,1.0,1.0,1.0,1.0,1.0,1.0,0.6,0.4,1.0,1.0,0.7666666666666667,1.0,0.7666666666666667,0.6444444444444445
1802,sentiment,no,0,1.0,1.0,0.0,1.0,0.8,0.6,0.0,1.0,0.47619047619047616,0.875,0.5416666666666666,0.6,1.0,0.4666666666666667
1803,object,no,0,1.0,1.0,1.0,1.0,1.0,1.0,1.0,1.0,1.0,1.0,1.0,1.0,1.0,1.0
1804,attribute,no,0,0.8181818181818182,0.6727272727272727,0.0,1.0,0.8,0.6,0.0,1.0,0.4935064935064935,0.675,0.475,0.6,1.0,0.4666666666666667
1805,attribute,no,1,0.6363636363636364,0.4909090909090909,1.0,1.0,0.8,0.6,1.0,1.0,0.6883116883116883,0.5416666666666666,0.6,0.875,1.0,0.8
1806,sentiment,no,0,0.6363636363636364,0.4909090909090909,0.09090909090909091,0.8181818181818182,1.0,1.0,0.2,0.6,0.5151515151515151,0.6,0.4666666666666667,0.5,0.7666666666666667,0.4666666666666667
1808,sentiment,no,0,1.0,1.0,0.0,1.0,1.0,1.0,0.0,1.0,0.47619047619047616,1.0,0.5416666666666666,0.5416666666666666,1.0,0.4444444444444444
1809,counting,no,0,0.8181818181818182,0.6727272727272727,0.09090909090909091,0.8181818181818182,1.0,1.0,0.0,1.0,0.4805194805194805,0.7666666666666667,0.475,0.5,0.875,0.4444444444444444
1810,object,no,0,1.0,1.0,1.0,1.0,1.0,1.0,1.0,1.0,1.0,1.0,1.0,1.0,1.0,1.0
1811,object,no,0,1.0,1.0,1.0,1.0,1.0,1.0,1.0,1.0,1.0,1.0,1.0,1.0,1.0,1.0
1812,object,no,0,1.0,1.0,1.0,1.0,1.0,1.0,1.0,1.0,1.0,1.0,1.0,1.0,1.0,1.0
1813,object,no,0,1.0,1.0,0.09090909090909091,0.8181818181818182,0.8,0.6,0.6,0.4,0.4805194805194805,0.875,0.7666666666666667,0.5416666666666666,0.6,0.5333333333333333
1814,positional,no,0,1.0,1.0,0.6363636363636364,0.4909090909090909,1.0,1.0,0.8,0.6,0.6883116883116883,1.0,0.875,0.6,0.5416666666666666,0.8
1815,object,no,1,0.45454545454545453,0.45454545454545453,0.6363636363636364,0.4909090909090909,0.6,0.4,1.0,1.0,0.4805194805194805,0.4666666666666667,0.5,0.5,0.6,0.6444444444444445
1816,object,no,0,1.0,1.0,1.0,1.0,1.0,1.0,1.0,1.0,1.0,1.0,1.0,1.0,1.0,1.0
1817,attribute,no,0,1.0,1.0,1.0,1.0,0.8,0.6,1.0,1.0,1.0,0.875,1.0,0.875,1.0,0.8
1818,positional,no,1,0.9090909090909091,0.8181818181818182,0.09090909090909091,0.8181818181818182,0.6,0.4,0.4,0.4,0.47619047619047616,0.675,0.6,0.6,0.675,0.4444444444444444
1819,attribute,no,0,1.0,1.0,1.0,1.0,1.0,1.0,1.0,1.0,1.0,1.0,1.0,1.0,1.0,1.0
1820,sentiment,no,1,1.0,1.0,1.0,1.0,1.0,1.0,1.0,1.0,1.0,1.0,1.0,1.0,1.0,1.0
1821,sentiment,no,0,1.0,1.0,0.2727272727272727,0.5636363636363636,0.4,0.4,0.4,0.4,0.5151515151515151,0.675,0.675,0.5416666666666666,0.5416666666666666,0.4666666666666667
1824,object,no,0,1.0,1.0,1.0,1.0,1.0,1.0,1.0,1.0,1.0,1.0,1.0,1.0,1.0,1.0
1825,object,no,0,1.0,1.0,1.0,1.0,0.8,0.6,0.8,0.6,1.0,0.875,0.875,0.875,0.875,0.6444444444444445
1826,object,no,0,1.0,1.0,1.0,1.0,1.0,1.0,1.0,1.0,1.0,1.0,1.0,1.0,1.0,1.0
1828,positional,no,0,1.0,1.0,0.9090909090909091,0.8181818181818182,1.0,1.0,0.4,0.4,0.9090909090909091,1.0,0.675,0.875,0.6,0.5333333333333333
1829,object,no,0,0.9090909090909091,0.8181818181818182,0.8181818181818182,0.6727272727272727,1.0,1.0,0.8,0.6,0.7532467532467533,0.875,0.7666666666666667,0.7666666666666667,0.675,0.8
1830,object,no,0,1.0,1.0,1.0,1.0,1.0,1.0,1.0,1.0,1.0,1.0,1.0,1.0,1.0,1.0
1832,positional,no,0,1.0,1.0,1.0,1.0,1.0,1.0,0.6,0.4,1.0,1.0,0.7666666666666667,1.0,0.7666666666666667,0.6444444444444445
1833,object,no,0,1.0,1.0,1.0,1.0,1.0,1.0,0.8,0.6,1.0,1.0,0.875,1.0,0.875,0.8
1834,object,no,0,1.0,1.0,1.0,1.0,1.0,1.0,0.8,0.6,1.0,1.0,0.875,1.0,0.875,0.8
1835,sentiment,no,0,1.0,1.0,0.7272727272727273,0.5636363636363636,1.0,1.0,1.0,1.0,0.7532467532467533,1.0,1.0,0.675,0.675,1.0
1836,positional,no,0,0.0,1.0,0.0,1.0,0.4,0.4,0.6,0.4,1.0,0.7666666666666667,0.675,0.7666666666666667,0.675,0.4444444444444444
1837,attribute,no,0,1.0,1.0,1.0,1.0,1.0,1.0,1.0,1.0,1.0,1.0,1.0,1.0,1.0,1.0
1838,object,no,0,1.0,1.0,1.0,1.0,1.0,1.0,0.8,0.6,1.0,1.0,0.875,1.0,0.875,0.8
1839,counting,no,0,1.0,1.0,0.0,1.0,1.0,1.0,0.0,1.0,0.47619047619047616,1.0,0.5416666666666666,0.5416666666666666,1.0,0.4444444444444444
1840,counting,no,0,1.0,1.0,1.0,1.0,1.0,1.0,0.6,0.4,1.0,1.0,0.7666666666666667,1.0,0.7666666666666667,0.6444444444444445
1841,object,no,0,1.0,1.0,1.0,1.0,0.8,0.6,0.6,0.4,1.0,0.875,0.7666666666666667,0.875,0.7666666666666667,0.5333333333333333
1842,attribute,no,0,0.9090909090909091,0.8181818181818182,0.7272727272727273,0.5636363636363636,0.4,0.4,0.8,0.6,0.6883116883116883,0.6,0.7666666666666667,0.5,0.6,0.4666666666666667
1843,attribute,no,0,1.0,1.0,0.9090909090909091,0.8181818181818182,1.0,1.0,0.6,0.4,0.9090909090909091,1.0,0.7666666666666667,0.875,0.675,0.6444444444444445
1844,sentiment,no,0,1.0,1.0,0.0,1.0,0.6,0.4,0.4,0.4,0.47619047619047616,0.7666666666666667,0.675,0.675,0.7666666666666667,0.4444444444444444
1845,object,no,0,1.0,1.0,1.0,1.0,1.0,1.0,1.0,1.0,1.0,1.0,1.0,1.0,1.0,1.0
1846,object,no,0,1.0,1.0,1.0,1.0,1.0,1.0,1.0,1.0,1.0,1.0,1.0,1.0,1.0,1.0
1847,positional,no,1,0.09090909090909091,0.8181818181818182,0.45454545454545453,0.45454545454545453,0.0,1.0,0.8,0.6,0.5844155844155844,0.875,0.5416666666666666,0.5416666666666666,0.475,0.4666666666666667
1848,attribute,no,0,1.0,1.0,0.5454545454545454,0.45454545454545453,1.0,1.0,0.4,0.4,0.6320346320346321,1.0,0.675,0.5416666666666666,0.4666666666666667,0.5333333333333333
1849,object,no,0,1.0,1.0,1.0,1.0,1.0,1.0,0.8,0.6,1.0,1.0,0.875,1.0,0.875,0.8
1850,attribute,no,0,0.9090909090909091,0.8181818181818182,0.9090909090909091,0.8181818181818182,1.0,1.0,1.0,1.0,0.8268398268398268,0.875,0.875,0.875,0.875,1.0
1851,attribute,no,0,1.0,1.0,0.7272727272727273,0.5636363636363636,1.0,1.0,0.6,0.4,0.7532467532467533,1.0,0.7666666666666667,0.675,0.5416666666666666,0.6444444444444445
1852,positional,no,0,0.36363636363636365,0.4909090909090909,0.0,1.0,1.0,1.0,0.0,1.0,0.6883116883116883,0.475,0.6,0.5416666666666666,1.0,0.4444444444444444
1853,attribute,no,0,0.36363636363636365,0.4909090909090909,0.09090909090909091,0.8181818181818182,0.8,0.6,0.6,0.4,0.6320346320346321,0.4666666666666667,0.475,0.5416666666666666,0.6,0.5333333333333333
1854,object,no,0,1.0,1.0,0.9090909090909091,0.8181818181818182,1.0,1.0,1.0,1.0,0.9090909090909091,1.0,1.0,0.875,0.875,1.0
1855,counting,no,0,0.8181818181818182,0.6727272727272727,1.0,1.0,0.0,1.0,0.4,0.4,0.8268398268398268,0.475,0.5416666666666666,0.5416666666666666,0.675,0.6444444444444445
1856,counting,no,0,0.9090909090909091,0.8181818181818182,0.2727272727272727,0.5636363636363636,1.0,1.0,0.0,1.0,0.4935064935064935,0.875,0.5,0.4666666666666667,0.675,0.4444444444444444
1857,attribute,no,0,1.0,1.0,0.5454545454545454,0.45454545454545453,0.6,0.4,0.6,0.4,0.6320346320346321,0.7666666666666667,0.7666666666666667,0.475,0.475,0.4666666666666667
1858,attribute,no,0,1.0,1.0,0.9090909090909091,0.8181818181818182,1.0,1.0,1.0,1.0,0.9090909090909091,1.0,1.0,0.875,0.875,1.0
1860,object,no,0,1.0,1.0,1.0,1.0,1.0,1.0,1.0,1.0,1.0,1.0,1.0,1.0,1.0,1.0
1861,attribute,no,0,1.0,1.0,0.9090909090909091,0.8181818181818182,0.8,0.6,1.0,1.0,0.9090909090909091,0.875,1.0,0.7666666666666667,0.875,0.8
1862,object,no,0,1.0,1.0,0.9090909090909091,0.8181818181818182,1.0,1.0,1.0,1.0,0.9090909090909091,1.0,1.0,0.875,0.875,1.0
1863,object,no,0,1.0,1.0,1.0,1.0,1.0,1.0,0.8,0.6,1.0,1.0,0.875,1.0,0.875,0.8
1864,sentiment,no,0,1.0,1.0,1.0,1.0,1.0,1.0,1.0,1.0,1.0,1.0,1.0,1.0,1.0,1.0
1865,counting,no,0,1.0,1.0,0.2727272727272727,0.5636363636363636,1.0,1.0,0.6,0.4,0.5151515151515151,1.0,0.7666666666666667,0.4666666666666667,0.5,0.6444444444444445
1866,positional,no,0,1.0,1.0,0.45454545454545453,0.45454545454545453,0.6,0.4,0.4,0.4,0.5844155844155844,0.7666666666666667,0.675,0.4666666666666667,0.475,0.4444444444444444
1867,object,no,0,1.0,1.0,1.0,1.0,1.0,1.0,1.0,1.0,1.0,1.0,1.0,1.0,1.0,1.0
1868,positional,no,0,0.09090909090909091,0.8181818181818182,1.0,1.0,0.8,0.6,0.6,0.4,0.4805194805194805,0.5416666666666666,0.6,0.875,0.7666666666666667,0.5333333333333333
1870,object,no,0,1.0,1.0,0.9090909090909091,0.8181818181818182,1.0,1.0,0.8,0.6,0.9090909090909091,1.0,0.875,0.875,0.7666666666666667,0.8
1871,counting,no,0,0.0,1.0,0.09090909090909091,0.8181818181818182,0.0,1.0,0.2,0.6,0.9090909090909091,1.0,0.875,0.875,0.7666666666666667,0.8
1873,attribute,no,0,1.0,1.0,0.7272727272727273,0.5636363636363636,1.0,1.0,0.8,0.6,0.7532467532467533,1.0,0.875,0.675,0.6,0.8
1874,attribute,no,0,1.0,1.0,1.0,1.0,1.0,1.0,0.8,0.6,1.0,1.0,0.875,1.0,0.875,0.8
1875,attribute,no,1,0.7272727272727273,0.5636363636363636,1.0,1.0,1.0,1.0,1.0,1.0,0.7532467532467533,0.675,0.675,1.0,1.0,1.0
1877,attribute,no,0,1.0,1.0,0.9090909090909091,0.8181818181818182,1.0,1.0,0.8,0.6,0.9090909090909091,1.0,0.875,0.875,0.7666666666666667,0.8
1878,object,no,0,1.0,1.0,1.0,1.0,1.0,1.0,0.8,0.6,1.0,1.0,0.875,1.0,0.875,0.8
1880,attribute,no,0,1.0,1.0,1.0,1.0,1.0,1.0,1.0,1.0,1.0,1.0,1.0,1.0,1.0,1.0
1881,positional,no,0,1.0,1.0,1.0,1.0,1.0,1.0,0.4,0.4,1.0,1.0,0.675,1.0,0.675,0.5333333333333333
1883,counting,no,0,1.0,1.0,1.0,1.0,1.0,1.0,0.6,0.4,1.0,1.0,0.7666666666666667,1.0,0.7666666666666667,0.6444444444444445
1885,sentiment,no,0,0.45454545454545453,0.45454545454545453,0.0,1.0,0.4,0.4,0.0,1.0,0.6320346320346321,0.475,0.5416666666666666,0.7666666666666667,1.0,0.6444444444444445
1886,sentiment,no,0,0.7272727272727273,0.5636363636363636,0.2727272727272727,0.5636363636363636,0.8,0.6,0.0,1.0,0.47619047619047616,0.6,0.4666666666666667,0.475,0.675,0.4666666666666667
1887,sentiment,no,0,1.0,1.0,0.8181818181818182,0.6727272727272727,1.0,1.0,0.8,0.6,0.8268398268398268,1.0,0.875,0.7666666666666667,0.675,0.8
1888,counting,no,0,0.2727272727272727,0.5636363636363636,0.7272727272727273,0.5636363636363636,0.2,0.6,0.6,0.4,0.47619047619047616,0.6,0.5,0.475,0.5416666666666666,0.4666666666666667
1890,attribute,no,0,1.0,1.0,1.0,1.0,1.0,1.0,0.6,0.4,1.0,1.0,0.7666666666666667,1.0,0.7666666666666667,0.6444444444444445
1891,attribute,no,0,1.0,1.0,1.0,1.0,0.8,0.6,0.8,0.6,1.0,0.875,0.875,0.875,0.875,0.6444444444444445
1892,sentiment,no,0,1.0,1.0,0.0,1.0,0.8,0.6,0.2,0.6,0.47619047619047616,0.875,0.6,0.6,0.875,0.4444444444444444
1893,counting,no,0,0.9090909090909091,0.8181818181818182,0.0,1.0,1.0,1.0,0.0,1.0,0.4805194805194805,0.875,0.5,0.5416666666666666,1.0,0.4444444444444444
1894,object,no,0,1.0,1.0,1.0,1.0,1.0,1.0,1.0,1.0,1.0,1.0,1.0,1.0,1.0,1.0
1897,object,no,1,1.0,1.0,1.0,1.0,0.8,0.6,1.0,1.0,1.0,0.875,1.0,0.875,1.0,0.8
1898,counting,no,0,1.0,1.0,0.09090909090909091,0.8181818181818182,1.0,1.0,0.0,1.0,0.4805194805194805,1.0,0.5416666666666666,0.5,0.875,0.4444444444444444
1899,attribute,no,0,1.0,1.0,1.0,1.0,1.0,1.0,0.8,0.6,1.0,1.0,0.875,1.0,0.875,0.8
1900,object,no,0,1.0,1.0,1.0,1.0,1.0,1.0,1.0,1.0,1.0,1.0,1.0,1.0,1.0,1.0
1901,attribute,no,0,1.0,1.0,0.8181818181818182,0.6727272727272727,1.0,1.0,0.6,0.4,0.8268398268398268,1.0,0.7666666666666667,0.7666666666666667,0.6,0.6444444444444445
1902,sentiment,no,0,1.0,1.0,0.5454545454545454,0.45454545454545453,1.0,1.0,1.0,1.0,0.6320346320346321,1.0,1.0,0.5416666666666666,0.5416666666666666,1.0
1903,object,no,0,1.0,1.0,1.0,1.0,1.0,1.0,1.0,1.0,1.0,1.0,1.0,1.0,1.0,1.0
1904,sentiment,no,0,1.0,1.0,0.36363636363636365,0.4909090909090909,1.0,1.0,0.4,0.4,0.5454545454545454,1.0,0.675,0.475,0.5,0.5333333333333333
1905,sentiment,no,0,1.0,1.0,0.0,1.0,1.0,1.0,0.0,1.0,0.47619047619047616,1.0,0.5416666666666666,0.5416666666666666,1.0,0.4444444444444444
1906,positional,no,0,0.9090909090909091,0.8181818181818182,1.0,1.0,0.8,0.6,0.4,0.4,0.9090909090909091,0.7666666666666667,0.6,0.875,0.675,0.4666666666666667
1907,sentiment,no,1,0.9090909090909091,0.8181818181818182,0.9090909090909091,0.8181818181818182,1.0,1.0,1.0,1.0,0.8268398268398268,0.875,0.875,0.875,0.875,1.0
1908,object,no,0,1.0,1.0,1.0,1.0,1.0,1.0,1.0,1.0,1.0,1.0,1.0,1.0,1.0,1.0
1909,attribute,no,0,1.0,1.0,1.0,1.0,1.0,1.0,1.0,1.0,1.0,1.0,1.0,1.0,1.0,1.0
1910,attribute,no,0,0.7272727272727273,0.5636363636363636,0.0,1.0,1.0,1.0,0.2,0.6,0.5151515151515151,0.675,0.475,0.5416666666666666,0.875,0.4666666666666667
1911,object,no,1,1.0,1.0,1.0,1.0,1.0,1.0,1.0,1.0,1.0,1.0,1.0,1.0,1.0,1.0
1912,counting,no,0,0.5454545454545454,0.45454545454545453,0.18181818181818182,0.6727272727272727,1.0,1.0,0.0,1.0,0.5151515151515151,0.5416666666666666,0.5,0.475,0.7666666666666667,0.4444444444444444
1914,counting,no,0,1.0,1.0,1.0,1.0,1.0,1.0,0.6,0.4,1.0,1.0,0.7666666666666667,1.0,0.7666666666666667,0.6444444444444445
1915,sentiment,no,0,1.0,1.0,0.9090909090909091,0.8181818181818182,1.0,1.0,0.8,0.6,0.9090909090909091,1.0,0.875,0.875,0.7666666666666667,0.8
1917,positional,no,0,0.09090909090909091,0.8181818181818182,0.5454545454545454,0.45454545454545453,0.2,0.6,0.6,0.4,0.5454545454545454,0.7666666666666667,0.6,0.475,0.475,0.4666666666666667
1918,attribute,no,0,1.0,1.0,1.0,1.0,1.0,1.0,0.8,0.6,1.0,1.0,0.875,1.0,0.875,0.8
1919,counting,no,0,1.0,1.0,0.0,1.0,1.0,1.0,0.0,1.0,0.47619047619047616,1.0,0.5416666666666666,0.5416666666666666,1.0,0.4444444444444444
1920,positional,no,0,1.0,1.0,1.0,1.0,1.0,1.0,0.8,0.6,1.0,1.0,0.875,1.0,0.875,0.8
1921,counting,no,0,1.0,1.0,1.0,1.0,0.6,0.4,0.6,0.4,1.0,0.7666666666666667,0.7666666666666667,0.7666666666666667,0.7666666666666667,0.4666666666666667
1922,sentiment,no,0,1.0,1.0,0.0,1.0,1.0,1.0,0.6,0.4,0.47619047619047616,1.0,0.7666666666666667,0.5416666666666666,0.675,0.6444444444444445
1923,attribute,no,0,1.0,1.0,0.9090909090909091,0.8181818181818182,0.8,0.6,1.0,1.0,0.9090909090909091,0.875,1.0,0.7666666666666667,0.875,0.8
1924,attribute,no,0,1.0,1.0,0.9090909090909091,0.8181818181818182,1.0,1.0,0.8,0.6,0.9090909090909091,1.0,0.875,0.875,0.7666666666666667,0.8
1925,positional,no,0,0.45454545454545453,0.45454545454545453,1.0,1.0,0.4,0.4,0.6,0.4,0.5844155844155844,0.475,0.4666666666666667,0.675,0.7666666666666667,0.4444444444444444
1926,object,no,0,0.6363636363636364,0.4909090909090909,0.5454545454545454,0.45454545454545453,1.0,1.0,1.0,1.0,0.4935064935064935,0.6,0.6,0.5416666666666666,0.5416666666666666,1.0
1927,attribute,no,0,1.0,1.0,0.7272727272727273,0.5636363636363636,1.0,1.0,1.0,1.0,0.7532467532467533,1.0,1.0,0.675,0.675,1.0
1928,attribute,no,0,0.36363636363636365,0.4909090909090909,0.2727272727272727,0.5636363636363636,0.0,1.0,0.0,1.0,0.5454545454545454,0.6,0.6,0.675,0.675,1.0
1929,positional,no,0,0.9090909090909091,0.8181818181818182,0.0,1.0,1.0,1.0,0.0,1.0,0.4805194805194805,0.875,0.5,0.5416666666666666,1.0,0.4444444444444444
1930,positional,no,0,1.0,1.0,0.0,1.0,1.0,1.0,0.4,0.4,0.47619047619047616,1.0,0.675,0.5416666666666666,0.7666666666666667,0.5333333333333333
1931,attribute,no,0,0.2727272727272727,0.5636363636363636,0.0,1.0,0.0,1.0,0.0,1.0,0.7532467532467533,0.675,0.675,1.0,1.0,1.0
1932,attribute,no,0,1.0,1.0,1.0,1.0,1.0,1.0,1.0,1.0,1.0,1.0,1.0,1.0,1.0,1.0
1933,object,no,1,0.8181818181818182,0.6727272727272727,1.0,1.0,1.0,1.0,1.0,1.0,0.8268398268398268,0.7666666666666667,0.7666666666666667,1.0,1.0,1.0
1934,object,no,0,1.0,1.0,1.0,1.0,0.6,0.4,0.8,0.6,1.0,0.7666666666666667,0.875,0.7666666666666667,0.875,0.5333333333333333
1935,object,no,1,0.2727272727272727,0.5636363636363636,0.6363636363636364,0.4909090909090909,0.0,1.0,0.6,0.4,0.4805194805194805,0.675,0.5,0.475,0.5,0.5333333333333333
1936,sentiment,no,1,1.0,1.0,1.0,1.0,0.8,0.6,1.0,1.0,1.0,0.875,1.0,0.875,1.0,0.8
1937,positional,no,0,0.8181818181818182,0.6727272727272727,0.7272727272727273,0.5636363636363636,0.8,0.6,1.0,1.0,0.6320346320346321,0.675,0.7666666666666667,0.6,0.675,0.8
1938,object,no,0,1.0,1.0,1.0,1.0,1.0,1.0,0.8,0.6,1.0,1.0,0.875,1.0,0.875,0.8
1939,object,no,0,0.9090909090909091,0.8181818181818182,0.9090909090909091,0.8181818181818182,1.0,1.0,0.8,0.6,0.8268398268398268,0.875,0.7666666666666667,0.875,0.7666666666666667,0.8
1940,attribute,no,0,1.0,1.0,1.0,1.0,1.0,1.0,1.0,1.0,1.0,1.0,1.0,1.0,1.0,1.0
1941,attribute,no,0,0.9090909090909091,0.8181818181818182,0.7272727272727273,0.5636363636363636,1.0,1.0,1.0,1.0,0.6883116883116883,0.875,0.875,0.675,0.675,1.0
1942,counting,no,0,1.0,1.0,1.0,1.0,1.0,1.0,0.6,0.4,1.0,1.0,0.7666666666666667,1.0,0.7666666666666667,0.6444444444444445
1943,object,no,1,0.9090909090909091,0.8181818181818182,0.9090909090909091,0.8181818181818182,1.0,1.0,1.0,1.0,0.8268398268398268,0.875,0.875,0.875,0.875,1.0
1947,object,no,0,1.0,1.0,1.0,1.0,1.0,1.0,1.0,1.0,1.0,1.0,1.0,1.0,1.0,1.0
1948,object,no,0,1.0,1.0,1.0,1.0,1.0,1.0,1.0,1.0,1.0,1.0,1.0,1.0,1.0,1.0
1949,counting,no,0,1.0,1.0,1.0,1.0,1.0,1.0,1.0,1.0,1.0,1.0,1.0,1.0,1.0,1.0
1950,object,no,0,0.8181818181818182,0.6727272727272727,0.6363636363636364,0.4909090909090909,1.0,1.0,0.8,0.6,0.5844155844155844,0.7666666666666667,0.675,0.6,0.5416666666666666,0.8
1951,object,no,0,0.9090909090909091,0.8181818181818182,0.8181818181818182,0.6727272727272727,1.0,1.0,1.0,1.0,0.7532467532467533,0.875,0.875,0.7666666666666667,0.7666666666666667,1.0
1953,positional,no,0,1.0,1.0,0.7272727272727273,0.5636363636363636,1.0,1.0,1.0,1.0,0.7532467532467533,1.0,1.0,0.675,0.675,1.0
1954,object,no,1,0.7272727272727273,0.5636363636363636,0.9090909090909091,0.8181818181818182,1.0,1.0,0.8,0.6,0.6883116883116883,0.675,0.6,0.875,0.7666666666666667,0.8
1955,object,no,0,0.18181818181818182,0.6727272727272727,0.09090909090909091,0.8181818181818182,0.2,0.6,0.2,0.6,0.7532467532467533,0.675,0.675,0.7666666666666667,0.7666666666666667,0.6444444444444445
1956,object,no,0,1.0,1.0,0.9090909090909091,0.8181818181818182,0.8,0.6,0.8,0.6,0.9090909090909091,0.875,0.875,0.7666666666666667,0.7666666666666667,0.6444444444444445
1957,object,no,0,1.0,1.0,1.0,1.0,1.0,1.0,1.0,1.0,1.0,1.0,1.0,1.0,1.0,1.0
1958,counting,no,0,1.0,1.0,1.0,1.0,1.0,1.0,0.6,0.4,1.0,1.0,0.7666666666666667,1.0,0.7666666666666667,0.6444444444444445
1959,counting,no,0,1.0,1.0,1.0,1.0,1.0,1.0,0.4,0.4,1.0,1.0,0.675,1.0,0.675,0.5333333333333333
1960,sentiment,no,0,1.0,1.0,0.6363636363636364,0.4909090909090909,1.0,1.0,0.6,0.4,0.6883116883116883,1.0,0.7666666666666667,0.6,0.5,0.6444444444444445
1961,object,no,0,1.0,1.0,0.8181818181818182,0.6727272727272727,1.0,1.0,1.0,1.0,0.8268398268398268,1.0,1.0,0.7666666666666667,0.7666666666666667,1.0
1962,attribute,no,0,1.0,1.0,0.8181818181818182,0.6727272727272727,0.6,0.4,0.0,1.0,0.8268398268398268,0.7666666666666667,0.5416666666666666,0.6,0.475,0.5333333333333333
1964,counting,no,0,1.0,1.0,0.45454545454545453,0.45454545454545453,1.0,1.0,0.0,1.0,0.5844155844155844,1.0,0.5416666666666666,0.5,0.5416666666666666,0.4444444444444444
1965,counting,no,0,0.8181818181818182,0.6727272727272727,0.0,1.0,1.0,1.0,0.0,1.0,0.4935064935064935,0.7666666666666667,0.475,0.5416666666666666,1.0,0.4444444444444444
1966,attribute,no,0,0.7272727272727273,0.5636363636363636,0.5454545454545454,0.45454545454545453,0.8,0.6,0.6,0.4,0.5151515151515151,0.6,0.5416666666666666,0.5,0.475,0.5333333333333333
1967,object,no,0,0.6363636363636364,0.4909090909090909,0.2727272727272727,0.5636363636363636,1.0,1.0,0.2,0.6,0.4805194805194805,0.6,0.4666666666666667,0.4666666666666667,0.6,0.4666666666666667
1968,object,no,0,1.0,1.0,1.0,1.0,1.0,1.0,1.0,1.0,1.0,1.0,1.0,1.0,1.0,1.0
1969,attribute,no,0,0.9090909090909091,0.8181818181818182,0.9090909090909091,0.8181818181818182,0.8,0.6,0.8,0.6,0.8268398268398268,0.7666666666666667,0.7666666666666667,0.7666666666666667,0.7666666666666667,0.6444444444444445
1970,attribute,no,0,1.0,1.0,1.0,1.0,1.0,1.0,1.0,1.0,1.0,1.0,1.0,1.0,1.0,1.0
1971,attribute,no,1,0.18181818181818182,0.6727272727272727,1.0,1.0,0.4,0.4,1.0,1.0,0.4935064935064935,0.6,0.475,0.675,1.0,0.5333333333333333
1972,attribute,no,0,1.0,1.0,0.0,1.0,1.0,1.0,0.0,1.0,0.47619047619047616,1.0,0.5416666666666666,0.5416666666666666,1.0,0.4444444444444444
1973,sentiment,no,0,1.0,1.0,0.9090909090909091,0.8181818181818182,1.0,1.0,0.6,0.4,0.9090909090909091,1.0,0.7666666666666667,0.875,0.675,0.6444444444444445
1974,sentiment,no,0,1.0,1.0,0.8181818181818182,0.6727272727272727,1.0,1.0,0.4,0.4,0.8268398268398268,1.0,0.675,0.7666666666666667,0.5416666666666666,0.5333333333333333
1975,attribute,no,0,1.0,1.0,0.9090909090909091,0.8181818181818182,1.0,1.0,0.6,0.4,0.9090909090909091,1.0,0.7666666666666667,0.875,0.675,0.6444444444444445
1976,attribute,no,0,0.7272727272727273,0.5636363636363636,0.0,1.0,0.2,0.6,0.2,0.6,0.5151515151515151,0.475,0.475,0.875,0.875,0.6444444444444445
1977,sentiment,no,0,1.0,1.0,1.0,1.0,1.0,1.0,0.8,0.6,1.0,1.0,0.875,1.0,0.875,0.8
1978,object,no,0,1.0,1.0,1.0,1.0,1.0,1.0,1.0,1.0,1.0,1.0,1.0,1.0,1.0,1.0
1979,object,no,0,0.9090909090909091,0.8181818181818182,0.6363636363636364,0.4909090909090909,1.0,1.0,1.0,1.0,0.6320346320346321,0.875,0.875,0.6,0.6,1.0
1980,counting,no,0,0.9090909090909091,0.8181818181818182,1.0,1.0,1.0,1.0,0.8,0.6,0.9090909090909091,0.875,0.7666666666666667,1.0,0.875,0.8
1981,sentiment,no,0,1.0,1.0,0.0,1.0,0.4,0.4,0.2,0.6,0.47619047619047616,0.675,0.6,0.7666666666666667,0.875,0.5333333333333333
1982,counting,no,0,0.5454545454545454,0.45454545454545453,0.8181818181818182,0.6727272727272727,0.4,0.4,0.2,0.6,0.5454545454545454,0.4666666666666667,0.475,0.5416666666666666,0.5,0.5333333333333333
1984,sentiment,no,0,1.0,1.0,0.0,1.0,1.0,1.0,0.0,1.0,0.47619047619047616,1.0,0.5416666666666666,0.5416666666666666,1.0,0.4444444444444444
1985,object,no,0,1.0,1.0,0.6363636363636364,0.4909090909090909,1.0,1.0,0.6,0.4,0.6883116883116883,1.0,0.7666666666666667,0.6,0.5,0.6444444444444445
1986,object,no,0,1.0,1.0,1.0,1.0,1.0,1.0,1.0,1.0,1.0,1.0,1.0,1.0,1.0,1.0
1987,counting,no,0,0.9090909090909091,0.8181818181818182,1.0,1.0,1.0,1.0,0.4,0.4,0.9090909090909091,0.875,0.6,1.0,0.675,0.5333333333333333
1988,object,no,0,1.0,1.0,0.9090909090909091,0.8181818181818182,1.0,1.0,1.0,1.0,0.9090909090909091,1.0,1.0,0.875,0.875,1.0
1989,sentiment,no,1,0.0,1.0,0.18181818181818182,0.6727272727272727,0.0,1.0,0.2,0.6,0.8268398268398268,1.0,0.875,0.7666666666666667,0.675,0.8
1991,object,no,0,0.6363636363636364,0.4909090909090909,0.18181818181818182,0.6727272727272727,1.0,1.0,0.2,0.6,0.4935064935064935,0.6,0.4666666666666667,0.475,0.675,0.4666666666666667
1992,counting,no,0,1.0,1.0,1.0,1.0,1.0,1.0,0.6,0.4,1.0,1.0,0.7666666666666667,1.0,0.7666666666666667,0.6444444444444445
1993,counting,no,0,1.0,1.0,0.18181818181818182,0.6727272727272727,1.0,1.0,0.0,1.0,0.4935064935064935,1.0,0.5416666666666666,0.475,0.7666666666666667,0.4444444444444444
1994,positional,no,0,0.7272727272727273,0.5636363636363636,0.45454545454545453,0.45454545454545453,0.6,0.4,0.4,0.4,0.4935064935064935,0.5416666666666666,0.5,0.4666666666666667,0.475,0.4444444444444444
1995,object,no,0,0.6363636363636364,0.4909090909090909,0.36363636363636365,0.4909090909090909,0.8,0.6,0.2,0.6,0.47619047619047616,0.5416666666666666,0.4666666666666667,0.4666666666666667,0.5416666666666666,0.4444444444444444
1997,attribute,no,0,0.8181818181818182,0.6727272727272727,0.2727272727272727,0.5636363636363636,0.4,0.4,0.0,1.0,0.4805194805194805,0.5416666666666666,0.475,0.5416666666666666,0.675,0.6444444444444445
1998,object,no,0,0.0,1.0,0.0,1.0,0.0,1.0,0.0,1.0,1.0,1.0,1.0,1.0,1.0,1.0
1999,object,no,0,1.0,1.0,1.0,1.0,1.0,1.0,1.0,1.0,1.0,1.0,1.0,1.0,1.0,1.0
2000,object,no,0,1.0,1.0,0.36363636363636365,0.4909090909090909,0.8,0.6,0.0,1.0,0.5454545454545454,0.875,0.5416666666666666,0.4666666666666667,0.6,0.4666666666666667
2001,counting,no,0,0.7272727272727273,0.5636363636363636,0.09090909090909091,0.8181818181818182,1.0,1.0,0.0,1.0,0.4935064935064935,0.675,0.4666666666666667,0.5,0.875,0.4444444444444444
2002,positional,no,0,1.0,1.0,0.2727272727272727,0.5636363636363636,1.0,1.0,0.0,1.0,0.5151515151515151,1.0,0.5416666666666666,0.4666666666666667,0.675,0.4444444444444444
2003,object,no,0,1.0,1.0,1.0,1.0,1.0,1.0,1.0,1.0,1.0,1.0,1.0,1.0,1.0,1.0
2005,counting,no,0,1.0,1.0,1.0,1.0,1.0,1.0,0.6,0.4,1.0,1.0,0.7666666666666667,1.0,0.7666666666666667,0.6444444444444445
2006,attribute,no,0,1.0,1.0,1.0,1.0,1.0,1.0,1.0,1.0,1.0,1.0,1.0,1.0,1.0,1.0
2008,object,no,0,1.0,1.0,0.7272727272727273,0.5636363636363636,0.8,0.6,1.0,1.0,0.7532467532467533,0.875,1.0,0.6,0.675,0.8
2009,positional,no,0,0.9090909090909091,0.8181818181818182,0.5454545454545454,0.45454545454545453,1.0,1.0,0.6,0.4,0.5844155844155844,0.875,0.675,0.5416666666666666,0.475,0.6444444444444445
2010,object,no,0,1.0,1.0,1.0,1.0,1.0,1.0,1.0,1.0,1.0,1.0,1.0,1.0,1.0,1.0
2011,object,no,1,1.0,1.0,1.0,1.0,1.0,1.0,1.0,1.0,1.0,1.0,1.0,1.0,1.0,1.0
2012,object,no,0,1.0,1.0,1.0,1.0,1.0,1.0,0.8,0.6,1.0,1.0,0.875,1.0,0.875,0.8
2013,sentiment,no,0,1.0,1.0,0.36363636363636365,0.4909090909090909,1.0,1.0,0.2,0.6,0.5454545454545454,1.0,0.6,0.475,0.5416666666666666,0.4666666666666667
2014,attribute,no,0,0.6363636363636364,0.4909090909090909,0.5454545454545454,0.45454545454545453,0.8,0.6,1.0,1.0,0.4935064935064935,0.5416666666666666,0.6,0.5,0.5416666666666666,0.8
2015,object,no,0,1.0,1.0,1.0,1.0,1.0,1.0,1.0,1.0,1.0,1.0,1.0,1.0,1.0,1.0
2016,object,no,0,0.6363636363636364,0.4909090909090909,0.2727272727272727,0.5636363636363636,0.8,0.6,0.6,0.4,0.4805194805194805,0.5416666666666666,0.5,0.475,0.5,0.5333333333333333
2017,counting,no,0,0.5454545454545454,0.45454545454545453,0.0,1.0,0.4,0.4,0.2,0.6,0.5844155844155844,0.4666666666666667,0.475,0.7666666666666667,0.875,0.5333333333333333
2018,object,no,0,1.0,1.0,1.0,1.0,0.8,0.6,1.0,1.0,1.0,0.875,1.0,0.875,1.0,0.8
2019,positional,no,1,0.9090909090909091,0.8181818181818182,0.9090909090909091,0.8181818181818182,1.0,1.0,1.0,1.0,0.8268398268398268,0.875,0.875,0.875,0.875,1.0
2020,object,no,0,1.0,1.0,1.0,1.0,1.0,1.0,0.8,0.6,1.0,1.0,0.875,1.0,0.875,0.8
2021,object,no,0,1.0,1.0,1.0,1.0,1.0,1.0,1.0,1.0,1.0,1.0,1.0,1.0,1.0,1.0
2022,object,no,0,1.0,1.0,1.0,1.0,0.8,0.6,1.0,1.0,1.0,0.875,1.0,0.875,1.0,0.8
2023,object,no,0,1.0,1.0,1.0,1.0,1.0,1.0,0.8,0.6,1.0,1.0,0.875,1.0,0.875,0.8
2024,object,no,0,0.2727272727272727,0.5636363636363636,0.0,1.0,0.2,0.6,0.0,1.0,0.7532467532467533,0.6,0.675,0.875,1.0,0.8
2025,sentiment,no,0,1.0,1.0,0.2727272727272727,0.5636363636363636,1.0,1.0,0.0,1.0,0.5151515151515151,1.0,0.5416666666666666,0.4666666666666667,0.675,0.4444444444444444
2026,sentiment,no,0,0.0,1.0,0.0,1.0,0.0,1.0,0.0,1.0,1.0,1.0,1.0,1.0,1.0,1.0
2027,counting,no,0,0.9090909090909091,0.8181818181818182,0.45454545454545453,0.45454545454545453,1.0,1.0,0.0,1.0,0.5454545454545454,0.875,0.5,0.5,0.5416666666666666,0.4444444444444444
2028,object,no,0,1.0,1.0,1.0,1.0,0.8,0.6,0.8,0.6,1.0,0.875,0.875,0.875,0.875,0.6444444444444445
2030,attribute,no,0,1.0,1.0,1.0,1.0,1.0,1.0,0.8,0.6,1.0,1.0,0.875,1.0,0.875,0.8
2031,positional,no,0,0.9090909090909091,0.8181818181818182,1.0,1.0,1.0,1.0,0.8,0.6,0.9090909090909091,0.875,0.7666666666666667,1.0,0.875,0.8
2032,sentiment,no,0,1.0,1.0,0.09090909090909091,0.8181818181818182,0.8,0.6,0.0,1.0,0.4805194805194805,0.875,0.5416666666666666,0.5416666666666666,0.875,0.4666666666666667
2033,attribute,no,0,0.36363636363636365,0.4909090909090909,0.18181818181818182,0.6727272727272727,0.0,1.0,0.0,1.0,0.5844155844155844,0.6,0.6,0.7666666666666667,0.7666666666666667,1.0
2034,attribute,no,0,1.0,1.0,0.8181818181818182,0.6727272727272727,1.0,1.0,0.0,1.0,0.8268398268398268,1.0,0.5416666666666666,0.7666666666666667,0.475,0.4444444444444444
2036,object,no,0,0.9090909090909091,0.8181818181818182,0.0,1.0,1.0,1.0,0.0,1.0,0.4805194805194805,0.875,0.5,0.5416666666666666,1.0,0.4444444444444444
2038,positional,no,0,1.0,1.0,1.0,1.0,1.0,1.0,0.4,0.4,1.0,1.0,0.675,1.0,0.675,0.5333333333333333
2039,counting,no,0,0.7272727272727273,0.5636363636363636,0.45454545454545453,0.45454545454545453,1.0,1.0,0.0,1.0,0.4935064935064935,0.675,0.4666666666666667,0.5,0.5416666666666666,0.4444444444444444
2040,attribute,no,0,1.0,1.0,1.0,1.0,1.0,1.0,1.0,1.0,1.0,1.0,1.0,1.0,1.0,1.0
2041,object,no,0,0.9090909090909091,0.8181818181818182,0.36363636363636365,0.4909090909090909,1.0,1.0,1.0,1.0,0.5151515151515151,0.875,0.875,0.475,0.475,1.0
2042,object,no,0,1.0,1.0,1.0,1.0,0.8,0.6,1.0,1.0,1.0,0.875,1.0,0.875,1.0,0.8
2043,object,no,0,1.0,1.0,0.8181818181818182,0.6727272727272727,0.8,0.6,0.8,0.6,0.8268398268398268,0.875,0.875,0.675,0.675,0.6444444444444445
2044,attribute,no,0,1.0,1.0,1.0,1.0,1.0,1.0,1.0,1.0,1.0,1.0,1.0,1.0,1.0,1.0
2045,attribute,no,0,1.0,1.0,0.9090909090909091,0.8181818181818182,1.0,1.0,1.0,1.0,0.9090909090909091,1.0,1.0,0.875,0.875,1.0
2046,object,no,0,1.0,1.0,1.0,1.0,1.0,1.0,0.8,0.6,1.0,1.0,0.875,1.0,0.875,0.8
2047,positional,no,0,1.0,1.0,0.18181818181818182,0.6727272727272727,0.6,0.4,0.0,1.0,0.4935064935064935,0.7666666666666667,0.5416666666666666,0.5416666666666666,0.7666666666666667,0.5333333333333333
2048,sentiment,no,0,1.0,1.0,0.36363636363636365,0.4909090909090909,1.0,1.0,1.0,1.0,0.5454545454545454,1.0,1.0,0.475,0.475,1.0
2049,object,no,0,1.0,1.0,1.0,1.0,1.0,1.0,1.0,1.0,1.0,1.0,1.0,1.0,1.0,1.0
2050,attribute,no,0,1.0,1.0,1.0,1.0,1.0,1.0,0.8,0.6,1.0,1.0,0.875,1.0,0.875,0.8
2051,counting,no,0,1.0,1.0,0.09090909090909091,0.8181818181818182,1.0,1.0,0.0,1.0,0.4805194805194805,1.0,0.5416666666666666,0.5,0.875,0.4444444444444444
2052,attribute,no,0,1.0,1.0,0.09090909090909091,0.8181818181818182,0.6,0.4,0.0,1.0,0.4805194805194805,0.7666666666666667,0.5416666666666666,0.6,0.875,0.5333333333333333
2053,counting,no,0,0.9090909090909091,0.8181818181818182,0.18181818181818182,0.6727272727272727,1.0,1.0,0.0,1.0,0.4805194805194805,0.875,0.5,0.475,0.7666666666666667,0.4444444444444444
2054,attribute,no,0,1.0,1.0,0.9090909090909091,0.8181818181818182,1.0,1.0,0.8,0.6,0.9090909090909091,1.0,0.875,0.875,0.7666666666666667,0.8
2055,positional,no,0,0.9090909090909091,0.8181818181818182,0.6363636363636364,0.4909090909090909,1.0,1.0,0.8,0.6,0.6320346320346321,0.875,0.7666666666666667,0.6,0.5416666666666666,0.8
2056,attribute,no,0,1.0,1.0,0.09090909090909091,0.8181818181818182,1.0,1.0,0.2,0.6,0.4805194805194805,1.0,0.6,0.5,0.7666666666666667,0.4666666666666667
2057,object,no,0,1.0,1.0,1.0,1.0,1.0,1.0,1.0,1.0,1.0,1.0,1.0,1.0,1.0,1.0
2058,object,no,0,1.0,1.0,1.0,1.0,1.0,1.0,0.8,0.6,1.0,1.0,0.875,1.0,0.875,0.8
2059,sentiment,no,0,0.0,1.0,0.0,1.0,0.2,0.6,0.2,0.6,1.0,0.875,0.875,0.875,0.875,0.6444444444444445
2060,positional,no,0,1.0,1.0,0.0,1.0,1.0,1.0,0.0,1.0,0.47619047619047616,1.0,0.5416666666666666,0.5416666666666666,1.0,0.4444444444444444
2061,counting,no,0,0.7272727272727273,0.5636363636363636,0.18181818181818182,0.6727272727272727,0.8,0.6,0.0,1.0,0.4805194805194805,0.6,0.4666666666666667,0.5,0.7666666666666667,0.4666666666666667
2062,attribute,no,0,0.7272727272727273,0.5636363636363636,0.9090909090909091,0.8181818181818182,0.4,0.4,0.4,0.4,0.6883116883116883,0.5,0.5,0.6,0.6,0.4666666666666667
2063,attribute,no,0,1.0,1.0,1.0,1.0,1.0,1.0,0.8,0.6,1.0,1.0,0.875,1.0,0.875,0.8
2064,sentiment,no,0,1.0,1.0,0.45454545454545453,0.45454545454545453,1.0,1.0,0.8,0.6,0.5844155844155844,1.0,0.875,0.5,0.475,0.8
2065,object,no,1,0.9090909090909091,0.8181818181818182,1.0,1.0,1.0,1.0,1.0,1.0,0.9090909090909091,0.875,0.875,1.0,1.0,1.0
2066,sentiment,no,0,0.7272727272727273,0.5636363636363636,0.0,1.0,0.4,0.4,0.0,1.0,0.5151515151515151,0.5,0.4666666666666667,0.7666666666666667,1.0,0.6444444444444445
2067,object,no,0,1.0,1.0,1.0,1.0,1.0,1.0,1.0,1.0,1.0,1.0,1.0,1.0,1.0,1.0
2068,object,no,0,1.0,1.0,0.9090909090909091,0.8181818181818182,1.0,1.0,1.0,1.0,0.9090909090909091,1.0,1.0,0.875,0.875,1.0
2069,counting,no,0,0.09090909090909091,0.8181818181818182,0.0,1.0,0.0,1.0,0.4,0.4,0.9090909090909091,0.875,0.675,1.0,0.7666666666666667,0.6444444444444445
2070,object,no,0,1.0,1.0,1.0,1.0,1.0,1.0,0.8,0.6,1.0,1.0,0.875,1.0,0.875,0.8
2071,positional,no,0,0.8181818181818182,0.6727272727272727,0.9090909090909091,0.8181818181818182,1.0,1.0,0.6,0.4,0.7532467532467533,0.7666666666666667,0.6,0.875,0.675,0.6444444444444445
2072,object,no,0,1.0,1.0,1.0,1.0,1.0,1.0,0.6,0.4,1.0,1.0,0.7666666666666667,1.0,0.7666666666666667,0.6444444444444445
2073,object,no,0,1.0,1.0,1.0,1.0,1.0,1.0,0.8,0.6,1.0,1.0,0.875,1.0,0.875,0.8
2074,counting,no,0,1.0,1.0,0.09090909090909091,0.8181818181818182,1.0,1.0,0.0,1.0,0.4805194805194805,1.0,0.5416666666666666,0.5,0.875,0.4444444444444444
2075,object,no,0,1.0,1.0,0.8181818181818182,0.6727272727272727,1.0,1.0,1.0,1.0,0.8268398268398268,1.0,1.0,0.7666666666666667,0.7666666666666667,1.0
2076,counting,no,0,0.8181818181818182,0.6727272727272727,0.8181818181818182,0.6727272727272727,0.8,0.6,0.8,0.6,0.6883116883116883,0.675,0.675,0.675,0.675,0.6444444444444445
2077,object,no,0,1.0,1.0,1.0,1.0,1.0,1.0,1.0,1.0,1.0,1.0,1.0,1.0,1.0,1.0
2078,attribute,no,0,0.9090909090909091,0.8181818181818182,0.9090909090909091,0.8181818181818182,1.0,1.0,1.0,1.0,0.8268398268398268,0.875,0.875,0.875,0.875,1.0
2080,attribute,no,0,0.0,1.0,1.0,1.0,0.4,0.4,0.6,0.4,0.47619047619047616,0.7666666666666667,0.675,0.675,0.7666666666666667,0.4444444444444444
2081,positional,no,0,1.0,1.0,0.18181818181818182,0.6727272727272727,0.6,0.4,0.0,1.0,0.4935064935064935,0.7666666666666667,0.5416666666666666,0.5416666666666666,0.7666666666666667,0.5333333333333333
2082,attribute,no,0,0.6363636363636364,0.4909090909090909,0.0,1.0,0.2,0.6,0.2,0.6,0.5454545454545454,0.4666666666666667,0.4666666666666667,0.875,0.875,0.6444444444444445
2083,sentiment,no,0,1.0,1.0,0.6363636363636364,0.4909090909090909,1.0,1.0,0.2,0.6,0.6883116883116883,1.0,0.6,0.6,0.4666666666666667,0.4666666666666667
2084,sentiment,no,0,0.0,1.0,0.0,1.0,0.0,1.0,0.2,0.6,1.0,1.0,0.875,1.0,0.875,0.8
2085,object,no,0,1.0,1.0,1.0,1.0,1.0,1.0,0.8,0.6,1.0,1.0,0.875,1.0,0.875,0.8
2086,attribute,no,0,0.09090909090909091,0.8181818181818182,0.0,1.0,0.2,0.6,0.0,1.0,0.9090909090909091,0.7666666666666667,0.875,0.875,1.0,0.8
2087,positional,no,0,1.0,1.0,1.0,1.0,1.0,1.0,0.8,0.6,1.0,1.0,0.875,1.0,0.875,0.8
2088,attribute,no,0,1.0,1.0,1.0,1.0,1.0,1.0,0.8,0.6,1.0,1.0,0.875,1.0,0.875,0.8
2089,sentiment,no,0,1.0,1.0,0.7272727272727273,0.5636363636363636,0.8,0.6,0.4,0.4,0.7532467532467533,0.875,0.675,0.6,0.5,0.4666666666666667
2090,sentiment,no,0,1.0,1.0,0.09090909090909091,0.8181818181818182,1.0,1.0,0.0,1.0,0.4805194805194805,1.0,0.5416666666666666,0.5,0.875,0.4444444444444444
2091,object,no,0,1.0,1.0,1.0,1.0,1.0,1.0,1.0,1.0,1.0,1.0,1.0,1.0,1.0,1.0
2092,positional,no,1,0.7272727272727273,0.5636363636363636,0.0,1.0,0.4,0.4,0.4,0.4,0.5151515151515151,0.5,0.5,0.7666666666666667,0.7666666666666667,0.4666666666666667
2093,counting,no,0,1.0,1.0,0.9090909090909091,0.8181818181818182,1.0,1.0,0.6,0.4,0.9090909090909091,1.0,0.7666666666666667,0.875,0.675,0.6444444444444445
2094,attribute,no,0,1.0,1.0,1.0,1.0,0.8,0.6,0.8,0.6,1.0,0.875,0.875,0.875,0.875,0.6444444444444445
2095,object,no,0,1.0,1.0,0.7272727272727273,0.5636363636363636,1.0,1.0,0.8,0.6,0.7532467532467533,1.0,0.875,0.675,0.6,0.8
2096,counting,no,0,1.0,1.0,1.0,1.0,1.0,1.0,0.8,0.6,1.0,1.0,0.875,1.0,0.875,0.8
2097,attribute,no,0,1.0,1.0,1.0,1.0,1.0,1.0,0.8,0.6,1.0,1.0,0.875,1.0,0.875,0.8
2098,object,no,0,1.0,1.0,1.0,1.0,1.0,1.0,0.6,0.4,1.0,1.0,0.7666666666666667,1.0,0.7666666666666667,0.6444444444444445
2099,counting,no,0,1.0,1.0,1.0,1.0,1.0,1.0,0.6,0.4,1.0,1.0,0.7666666666666667,1.0,0.7666666666666667,0.6444444444444445
2101,sentiment,no,0,1.0,1.0,0.45454545454545453,0.45454545454545453,1.0,1.0,0.6,0.4,0.5844155844155844,1.0,0.7666666666666667,0.5,0.4666666666666667,0.6444444444444445
2102,positional,no,0,0.9090909090909091,0.8181818181818182,1.0,1.0,1.0,1.0,0.8,0.6,0.9090909090909091,0.875,0.7666666666666667,1.0,0.875,0.8
2103,sentiment,no,1,1.0,1.0,1.0,1.0,1.0,1.0,1.0,1.0,1.0,1.0,1.0,1.0,1.0,1.0
2104,object,no,0,1.0,1.0,1.0,1.0,0.8,0.6,1.0,1.0,1.0,0.875,1.0,0.875,1.0,0.8
2105,object,no,0,1.0,1.0,1.0,1.0,1.0,1.0,0.8,0.6,1.0,1.0,0.875,1.0,0.875,0.8
2106,object,no,0,1.0,1.0,1.0,1.0,1.0,1.0,1.0,1.0,1.0,1.0,1.0,1.0,1.0,1.0
2107,attribute,no,0,1.0,1.0,0.8181818181818182,0.6727272727272727,1.0,1.0,0.8,0.6,0.8268398268398268,1.0,0.875,0.7666666666666667,0.675,0.8
2108,sentiment,no,1,0.8181818181818182,0.6727272727272727,1.0,1.0,1.0,1.0,1.0,1.0,0.8268398268398268,0.7666666666666667,0.7666666666666667,1.0,1.0,1.0
2109,object,no,0,0.9090909090909091,0.8181818181818182,0.45454545454545453,0.45454545454545453,0.8,0.6,0.8,0.6,0.5454545454545454,0.7666666666666667,0.7666666666666667,0.475,0.475,0.6444444444444445
2110,attribute,no,0,0.7272727272727273,0.5636363636363636,0.2727272727272727,0.5636363636363636,1.0,1.0,0.2,0.6,0.47619047619047616,0.675,0.475,0.4666666666666667,0.6,0.4666666666666667
2111,attribute,no,0,1.0,1.0,1.0,1.0,1.0,1.0,0.8,0.6,1.0,1.0,0.875,1.0,0.875,0.8
2112,counting,no,0,0.9090909090909091,0.8181818181818182,0.5454545454545454,0.45454545454545453,0.8,0.6,0.2,0.6,0.5844155844155844,0.7666666666666667,0.5416666666666666,0.5,0.475,0.4444444444444444
2113,object,no,0,1.0,1.0,1.0,1.0,1.0,1.0,1.0,1.0,1.0,1.0,1.0,1.0,1.0,1.0
2114,sentiment,no,0,0.9090909090909091,0.8181818181818182,0.0,1.0,1.0,1.0,0.0,1.0,0.4805194805194805,0.875,0.5,0.5416666666666666,1.0,0.4444444444444444
2116,attribute,no,0,0.45454545454545453,0.45454545454545453,0.2727272727272727,0.5636363636363636,0.0,1.0,0.0,1.0,0.5151515151515151,0.5416666666666666,0.5416666666666666,0.675,0.675,1.0
2117,counting,no,1,0.9090909090909091,0.8181818181818182,1.0,1.0,1.0,1.0,0.6,0.4,0.9090909090909091,0.875,0.675,1.0,0.7666666666666667,0.6444444444444445
2118,attribute,no,0,1.0,1.0,1.0,1.0,1.0,1.0,0.8,0.6,1.0,1.0,0.875,1.0,0.875,0.8
2119,object,no,0,1.0,1.0,1.0,1.0,1.0,1.0,1.0,1.0,1.0,1.0,1.0,1.0,1.0,1.0
2120,positional,no,0,1.0,1.0,0.0,1.0,1.0,1.0,0.0,1.0,0.47619047619047616,1.0,0.5416666666666666,0.5416666666666666,1.0,0.4444444444444444
2122,attribute,no,0,1.0,1.0,1.0,1.0,1.0,1.0,1.0,1.0,1.0,1.0,1.0,1.0,1.0,1.0
2123,counting,no,0,0.45454545454545453,0.45454545454545453,0.2727272727272727,0.5636363636363636,1.0,1.0,0.2,0.6,0.5151515151515151,0.5,0.5,0.4666666666666667,0.6,0.4666666666666667
2124,attribute,no,0,1.0,1.0,0.9090909090909091,0.8181818181818182,1.0,1.0,0.8,0.6,0.9090909090909091,1.0,0.875,0.875,0.7666666666666667,0.8
2125,attribute,no,0,1.0,1.0,0.2727272727272727,0.5636363636363636,1.0,1.0,0.0,1.0,0.5151515151515151,1.0,0.5416666666666666,0.4666666666666667,0.675,0.4444444444444444
2126,object,no,1,0.45454545454545453,0.45454545454545453,0.7272727272727273,0.5636363636363636,1.0,1.0,0.8,0.6,0.4935064935064935,0.5,0.475,0.675,0.6,0.8
2127,attribute,no,1,1.0,1.0,1.0,1.0,1.0,1.0,0.8,0.6,1.0,1.0,0.875,1.0,0.875,0.8
2128,object,no,0,0.9090909090909091,0.8181818181818182,0.8181818181818182,0.6727272727272727,0.8,0.6,0.8,0.6,0.7532467532467533,0.7666666666666667,0.7666666666666667,0.675,0.675,0.6444444444444445
2129,sentiment,no,0,1.0,1.0,0.7272727272727273,0.5636363636363636,1.0,1.0,0.4,0.4,0.7532467532467533,1.0,0.675,0.675,0.5,0.5333333333333333
2130,counting,no,0,0.8181818181818182,0.6727272727272727,0.7272727272727273,0.5636363636363636,0.6,0.4,0.6,0.4,0.6320346320346321,0.6,0.6,0.5416666666666666,0.5416666666666666,0.4666666666666667
2131,counting,no,0,1.0,1.0,1.0,1.0,0.8,0.6,0.8,0.6,1.0,0.875,0.875,0.875,0.875,0.6444444444444445
2132,object,no,1,1.0,1.0,1.0,1.0,1.0,1.0,1.0,1.0,1.0,1.0,1.0,1.0,1.0,1.0
2133,counting,no,0,1.0,1.0,0.9090909090909091,0.8181818181818182,1.0,1.0,0.6,0.4,0.9090909090909091,1.0,0.7666666666666667,0.875,0.675,0.6444444444444445
2134,positional,no,1,0.9090909090909091,0.8181818181818182,1.0,1.0,0.8,0.6,0.8,0.6,0.9090909090909091,0.7666666666666667,0.7666666666666667,0.875,0.875,0.6444444444444445
2135,counting,no,0,1.0,1.0,1.0,1.0,1.0,1.0,1.0,1.0,1.0,1.0,1.0,1.0,1.0,1.0
2136,object,no,0,1.0,1.0,1.0,1.0,1.0,1.0,0.8,0.6,1.0,1.0,0.875,1.0,0.875,0.8
2137,positional,no,0,0.8181818181818182,0.6727272727272727,0.9090909090909091,0.8181818181818182,1.0,1.0,0.6,0.4,0.7532467532467533,0.7666666666666667,0.6,0.875,0.675,0.6444444444444445
2138,object,no,0,1.0,1.0,0.6363636363636364,0.4909090909090909,1.0,1.0,0.8,0.6,0.6883116883116883,1.0,0.875,0.6,0.5416666666666666,0.8
2139,counting,no,0,1.0,1.0,0.09090909090909091,0.8181818181818182,1.0,1.0,0.0,1.0,0.4805194805194805,1.0,0.5416666666666666,0.5,0.875,0.4444444444444444
2140,object,no,0,1.0,1.0,1.0,1.0,1.0,1.0,0.8,0.6,1.0,1.0,0.875,1.0,0.875,0.8
2141,object,no,1,0.36363636363636365,0.4909090909090909,0.7272727272727273,0.5636363636363636,0.8,0.6,1.0,1.0,0.4805194805194805,0.4666666666666667,0.475,0.6,0.675,0.8
2143,object,no,0,1.0,1.0,1.0,1.0,1.0,1.0,1.0,1.0,1.0,1.0,1.0,1.0,1.0,1.0
2145,attribute,no,0,1.0,1.0,0.18181818181818182,0.6727272727272727,1.0,1.0,0.4,0.4,0.4935064935064935,1.0,0.675,0.475,0.6,0.5333333333333333
2146,object,no,0,1.0,1.0,1.0,1.0,1.0,1.0,1.0,1.0,1.0,1.0,1.0,1.0,1.0,1.0
2147,attribute,no,0,1.0,1.0,1.0,1.0,1.0,1.0,1.0,1.0,1.0,1.0,1.0,1.0,1.0,1.0
2148,counting,no,0,1.0,1.0,0.0,1.0,0.8,0.6,0.0,1.0,0.47619047619047616,0.875,0.5416666666666666,0.6,1.0,0.4666666666666667
2149,object,no,0,1.0,1.0,1.0,1.0,1.0,1.0,1.0,1.0,1.0,1.0,1.0,1.0,1.0,1.0
2150,object,no,0,1.0,1.0,1.0,1.0,0.8,0.6,0.6,0.4,1.0,0.875,0.7666666666666667,0.875,0.7666666666666667,0.5333333333333333
2151,positional,no,0,1.0,1.0,0.8181818181818182,0.6727272727272727,1.0,1.0,1.0,1.0,0.8268398268398268,1.0,1.0,0.7666666666666667,0.7666666666666667,1.0
2152,counting,no,0,1.0,1.0,0.2727272727272727,0.5636363636363636,1.0,1.0,0.0,1.0,0.5151515151515151,1.0,0.5416666666666666,0.4666666666666667,0.675,0.4444444444444444
2153,counting,no,0,1.0,1.0,0.8181818181818182,0.6727272727272727,0.8,0.6,0.6,0.4,0.8268398268398268,0.875,0.7666666666666667,0.675,0.6,0.5333333333333333
2154,sentiment,no,0,1.0,1.0,0.9090909090909091,0.8181818181818182,1.0,1.0,1.0,1.0,0.9090909090909091,1.0,1.0,0.875,0.875,1.0
2155,counting,no,0,1.0,1.0,0.9090909090909091,0.8181818181818182,1.0,1.0,0.4,0.4,0.9090909090909091,1.0,0.675,0.875,0.6,0.5333333333333333
2156,object,no,0,1.0,1.0,0.9090909090909091,0.8181818181818182,1.0,1.0,1.0,1.0,0.9090909090909091,1.0,1.0,0.875,0.875,1.0
2158,positional,no,1,1.0,1.0,0.0,1.0,0.6,0.4,0.2,0.6,0.47619047619047616,0.7666666666666667,0.6,0.675,0.875,0.4666666666666667
2160,object,no,0,1.0,1.0,1.0,1.0,1.0,1.0,1.0,1.0,1.0,1.0,1.0,1.0,1.0,1.0
2161,attribute,no,0,1.0,1.0,1.0,1.0,0.8,0.6,0.8,0.6,1.0,0.875,0.875,0.875,0.875,0.6444444444444445
2162,object,no,0,0.9090909090909091,0.8181818181818182,0.45454545454545453,0.45454545454545453,0.8,0.6,0.6,0.4,0.5454545454545454,0.7666666666666667,0.675,0.475,0.4666666666666667,0.5333333333333333
2163,positional,no,0,1.0,1.0,0.0,1.0,1.0,1.0,0.0,1.0,0.47619047619047616,1.0,0.5416666666666666,0.5416666666666666,1.0,0.4444444444444444
2164,object,no,0,1.0,1.0,0.6363636363636364,0.4909090909090909,1.0,1.0,1.0,1.0,0.6883116883116883,1.0,1.0,0.6,0.6,1.0
2167,sentiment,no,0,0.09090909090909091,0.8181818181818182,0.0,1.0,0.8,0.6,0.2,0.6,0.9090909090909091,0.5416666666666666,0.7666666666666667,0.6,0.875,0.4444444444444444
2168,positional,no,0,0.8181818181818182,0.6727272727272727,0.5454545454545454,0.45454545454545453,1.0,1.0,1.0,1.0,0.5454545454545454,0.7666666666666667,0.7666666666666667,0.5416666666666666,0.5416666666666666,1.0
2169,positional,no,0,1.0,1.0,0.6363636363636364,0.4909090909090909,1.0,1.0,0.6,0.4,0.6883116883116883,1.0,0.7666666666666667,0.6,0.5,0.6444444444444445
2170,positional,no,1,0.7272727272727273,0.5636363636363636,0.36363636363636365,0.4909090909090909,0.8,0.6,0.4,0.4,0.4805194805194805,0.6,0.5,0.4666666666666667,0.5,0.4666666666666667
2172,object,no,0,1.0,1.0,1.0,1.0,1.0,1.0,1.0,1.0,1.0,1.0,1.0,1.0,1.0,1.0
2173,attribute,no,0,1.0,1.0,1.0,1.0,1.0,1.0,1.0,1.0,1.0,1.0,1.0,1.0,1.0,1.0
2174,positional,no,1,0.9090909090909091,0.8181818181818182,0.45454545454545453,0.45454545454545453,0.6,0.4,0.8,0.6,0.5454545454545454,0.675,0.7666666666666667,0.4666666666666667,0.475,0.5333333333333333
2175,attribute,no,0,1.0,1.0,0.8181818181818182,0.6727272727272727,1.0,1.0,0.8,0.6,0.8268398268398268,1.0,0.875,0.7666666666666667,0.675,0.8
2176,attribute,no,0,1.0,1.0,1.0,1.0,1.0,1.0,1.0,1.0,1.0,1.0,1.0,1.0,1.0,1.0
2177,positional,no,0,1.0,1.0,0.9090909090909091,0.8181818181818182,1.0,1.0,0.8,0.6,0.9090909090909091,1.0,0.875,0.875,0.7666666666666667,0.8
2178,object,no,0,1.0,1.0,1.0,1.0,1.0,1.0,1.0,1.0,1.0,1.0,1.0,1.0,1.0,1.0
2179,object,no,0,1.0,1.0,1.0,1.0,1.0,1.0,0.8,0.6,1.0,1.0,0.875,1.0,0.875,0.8
2181,object,no,0,1.0,1.0,0.7272727272727273,0.5636363636363636,1.0,1.0,0.8,0.6,0.7532467532467533,1.0,0.875,0.675,0.6,0.8
2182,attribute,no,1,0.9090909090909091,0.8181818181818182,0.9090909090909091,0.8181818181818182,0.2,0.6,0.6,0.4,0.8268398268398268,0.5416666666666666,0.675,0.5416666666666666,0.675,0.4666666666666667
2183,counting,no,0,1.0,1.0,0.9090909090909091,0.8181818181818182,1.0,1.0,0.4,0.4,0.9090909090909091,1.0,0.675,0.875,0.6,0.5333333333333333
2184,counting,no,0,0.18181818181818182,0.6727272727272727,0.0,1.0,0.2,0.6,0.2,0.6,0.8268398268398268,0.675,0.675,0.875,0.875,0.6444444444444445
2185,object,no,0,0.9090909090909091,0.8181818181818182,0.7272727272727273,0.5636363636363636,0.8,0.6,1.0,1.0,0.6883116883116883,0.7666666666666667,0.875,0.6,0.675,0.8
2186,counting,no,0,1.0,1.0,0.2727272727272727,0.5636363636363636,1.0,1.0,0.4,0.4,0.5151515151515151,1.0,0.675,0.4666666666666667,0.5416666666666666,0.5333333333333333
2188,object,no,0,1.0,1.0,1.0,1.0,1.0,1.0,0.8,0.6,1.0,1.0,0.875,1.0,0.875,0.8
2189,positional,no,0,1.0,1.0,0.6363636363636364,0.4909090909090909,1.0,1.0,0.2,0.6,0.6883116883116883,1.0,0.6,0.6,0.4666666666666667,0.4666666666666667
2190,object,no,0,1.0,1.0,1.0,1.0,1.0,1.0,1.0,1.0,1.0,1.0,1.0,1.0,1.0,1.0
2191,counting,no,0,0.36363636363636365,0.4909090909090909,1.0,1.0,0.4,0.4,0.4,0.4,0.5454545454545454,0.5,0.5,0.675,0.675,0.4666666666666667
2192,object,no,0,1.0,1.0,1.0,1.0,1.0,1.0,1.0,1.0,1.0,1.0,1.0,1.0,1.0,1.0
2193,object,no,0,1.0,1.0,1.0,1.0,1.0,1.0,1.0,1.0,1.0,1.0,1.0,1.0,1.0,1.0
2194,object,no,0,1.0,1.0,1.0,1.0,1.0,1.0,1.0,1.0,1.0,1.0,1.0,1.0,1.0,1.0
2195,object,no,0,1.0,1.0,1.0,1.0,1.0,1.0,1.0,1.0,1.0,1.0,1.0,1.0,1.0,1.0
2196,sentiment,no,0,1.0,1.0,0.0,1.0,1.0,1.0,0.0,1.0,0.47619047619047616,1.0,0.5416666666666666,0.5416666666666666,1.0,0.4444444444444444
2197,counting,no,0,1.0,1.0,0.0,1.0,1.0,1.0,0.4,0.4,0.47619047619047616,1.0,0.675,0.5416666666666666,0.7666666666666667,0.5333333333333333
2199,counting,no,0,0.45454545454545453,0.45454545454545453,0.18181818181818182,0.6727272727272727,0.4,0.4,0.0,1.0,0.5454545454545454,0.475,0.5416666666666666,0.6,0.7666666666666667,0.6444444444444445
2200,object,no,0,1.0,1.0,1.0,1.0,1.0,1.0,0.4,0.4,1.0,1.0,0.675,1.0,0.675,0.5333333333333333
2201,attribute,no,1,0.36363636363636365,0.4909090909090909,0.5454545454545454,0.45454545454545453,0.8,0.6,0.8,0.6,0.4805194805194805,0.4666666666666667,0.4666666666666667,0.5,0.5,0.6444444444444445
2202,object,no,0,1.0,1.0,1.0,1.0,0.8,0.6,0.8,0.6,1.0,0.875,0.875,0.875,0.875,0.6444444444444445
2206,attribute,no,0,1.0,1.0,1.0,1.0,1.0,1.0,0.8,0.6,1.0,1.0,0.875,1.0,0.875,0.8
2207,object,no,0,1.0,1.0,1.0,1.0,1.0,1.0,0.8,0.6,1.0,1.0,0.875,1.0,0.875,0.8
2208,sentiment,no,0,0.6363636363636364,0.4909090909090909,0.0,1.0,0.2,0.6,0.0,1.0,0.5454545454545454,0.4666666666666667,0.475,0.875,1.0,0.8
2209,attribute,no,0,0.45454545454545453,0.45454545454545453,0.36363636363636365,0.4909090909090909,0.2,0.6,0.0,1.0,0.4935064935064935,0.5,0.5416666666666666,0.5416666666666666,0.6,0.8
2210,attribute,no,0,0.9090909090909091,0.8181818181818182,0.7272727272727273,0.5636363636363636,1.0,1.0,1.0,1.0,0.6883116883116883,0.875,0.875,0.675,0.675,1.0
2211,counting,no,0,0.9090909090909091,0.8181818181818182,0.18181818181818182,0.6727272727272727,1.0,1.0,0.0,1.0,0.4805194805194805,0.875,0.5,0.475,0.7666666666666667,0.4444444444444444
2213,sentiment,no,0,1.0,1.0,0.9090909090909091,0.8181818181818182,1.0,1.0,0.8,0.6,0.9090909090909091,1.0,0.875,0.875,0.7666666666666667,0.8
2214,attribute,no,0,0.7272727272727273,0.5636363636363636,0.7272727272727273,0.5636363636363636,1.0,1.0,0.8,0.6,0.5844155844155844,0.675,0.6,0.675,0.6,0.8
2215,object,no,0,0.9090909090909091,0.8181818181818182,0.8181818181818182,0.6727272727272727,1.0,1.0,1.0,1.0,0.7532467532467533,0.875,0.875,0.7666666666666667,0.7666666666666667,1.0
2216,attribute,no,0,1.0,1.0,0.9090909090909091,0.8181818181818182,1.0,1.0,0.4,0.4,0.9090909090909091,1.0,0.675,0.875,0.6,0.5333333333333333
2217,object,no,0,1.0,1.0,0.8181818181818182,0.6727272727272727,1.0,1.0,0.8,0.6,0.8268398268398268,1.0,0.875,0.7666666666666667,0.675,0.8
2218,attribute,no,0,1.0,1.0,1.0,1.0,1.0,1.0,1.0,1.0,1.0,1.0,1.0,1.0,1.0,1.0
2219,object,no,0,1.0,1.0,1.0,1.0,1.0,1.0,1.0,1.0,1.0,1.0,1.0,1.0,1.0,1.0
2220,object,no,0,1.0,1.0,1.0,1.0,1.0,1.0,1.0,1.0,1.0,1.0,1.0,1.0,1.0,1.0
2221,attribute,no,1,0.9090909090909091,0.8181818181818182,1.0,1.0,1.0,1.0,1.0,1.0,0.9090909090909091,0.875,0.875,1.0,1.0,1.0
2222,object,no,0,0.9090909090909091,0.8181818181818182,0.9090909090909091,0.8181818181818182,1.0,1.0,1.0,1.0,0.8268398268398268,0.875,0.875,0.875,0.875,1.0
2223,object,no,0,1.0,1.0,1.0,1.0,1.0,1.0,1.0,1.0,1.0,1.0,1.0,1.0,1.0,1.0
2225,counting,no,0,0.36363636363636365,0.4909090909090909,0.7272727272727273,0.5636363636363636,0.4,0.4,0.8,0.6,0.4805194805194805,0.5,0.4666666666666667,0.5,0.6,0.4666666666666667
2226,positional,no,0,1.0,1.0,0.9090909090909091,0.8181818181818182,1.0,1.0,1.0,1.0,0.9090909090909091,1.0,1.0,0.875,0.875,1.0
2227,attribute,no,0,0.7272727272727273,0.5636363636363636,0.7272727272727273,0.5636363636363636,1.0,1.0,0.8,0.6,0.5844155844155844,0.675,0.6,0.675,0.6,0.8
2228,attribute,no,0,0.2727272727272727,0.5636363636363636,0.0,1.0,0.6,0.4,0.0,1.0,0.7532467532467533,0.5,0.675,0.675,1.0,0.5333333333333333
2229,positional,no,0,1.0,1.0,0.09090909090909091,0.8181818181818182,1.0,1.0,0.0,1.0,0.4805194805194805,1.0,0.5416666666666666,0.5,0.875,0.4444444444444444
2231,object,no,0,1.0,1.0,0.9090909090909091,0.8181818181818182,1.0,1.0,1.0,1.0,0.9090909090909091,1.0,1.0,0.875,0.875,1.0
2232,object,no,0,1.0,1.0,0.6363636363636364,0.4909090909090909,1.0,1.0,1.0,1.0,0.6883116883116883,1.0,1.0,0.6,0.6,1.0
2233,object,no,0,0.9090909090909091,0.8181818181818182,0.9090909090909091,0.8181818181818182,1.0,1.0,1.0,1.0,0.8268398268398268,0.875,0.875,0.875,0.875,1.0
2234,sentiment,no,0,1.0,1.0,0.9090909090909091,0.8181818181818182,1.0,1.0,1.0,1.0,0.9090909090909091,1.0,1.0,0.875,0.875,1.0
2235,counting,no,0,1.0,1.0,0.0,1.0,1.0,1.0,0.0,1.0,0.47619047619047616,1.0,0.5416666666666666,0.5416666666666666,1.0,0.4444444444444444
2236,object,no,0,0.8181818181818182,0.6727272727272727,1.0,1.0,1.0,1.0,1.0,1.0,0.8268398268398268,0.7666666666666667,0.7666666666666667,1.0,1.0,1.0
2237,attribute,no,0,1.0,1.0,0.45454545454545453,0.45454545454545453,0.4,0.4,0.2,0.6,0.5844155844155844,0.675,0.6,0.475,0.5,0.5333333333333333
2238,positional,no,0,1.0,1.0,0.9090909090909091,0.8181818181818182,1.0,1.0,0.4,0.4,0.9090909090909091,1.0,0.675,0.875,0.6,0.5333333333333333
2240,object,no,0,0.9090909090909091,0.8181818181818182,0.6363636363636364,0.4909090909090909,1.0,1.0,0.8,0.6,0.6320346320346321,0.875,0.7666666666666667,0.6,0.5416666666666666,0.8
2241,attribute,no,0,0.5454545454545454,0.45454545454545453,0.0,1.0,0.6,0.4,0.4,0.4,0.5844155844155844,0.475,0.4666666666666667,0.675,0.7666666666666667,0.4444444444444444
2242,positional,no,0,1.0,1.0,0.36363636363636365,0.4909090909090909,1.0,1.0,0.6,0.4,0.5454545454545454,1.0,0.7666666666666667,0.475,0.475,0.6444444444444445
2243,positional,no,0,0.5454545454545454,0.45454545454545453,0.0,1.0,0.6,0.4,0.4,0.4,0.5844155844155844,0.475,0.4666666666666667,0.675,0.7666666666666667,0.4444444444444444
2244,positional,no,1,1.0,1.0,0.0,1.0,0.4,0.4,0.4,0.4,0.47619047619047616,0.675,0.675,0.7666666666666667,0.7666666666666667,0.4666666666666667
2245,attribute,no,0,1.0,1.0,1.0,1.0,0.8,0.6,1.0,1.0,1.0,0.875,1.0,0.875,1.0,0.8
2246,positional,no,0,0.6363636363636364,0.4909090909090909,0.0,1.0,0.8,0.6,0.0,1.0,0.5454545454545454,0.5416666666666666,0.475,0.6,1.0,0.4666666666666667
2247,attribute,no,0,1.0,1.0,1.0,1.0,1.0,1.0,0.6,0.4,1.0,1.0,0.7666666666666667,1.0,0.7666666666666667,0.6444444444444445
2248,positional,no,1,0.9090909090909091,0.8181818181818182,0.9090909090909091,0.8181818181818182,0.6,0.4,0.6,0.4,0.8268398268398268,0.675,0.675,0.675,0.675,0.4666666666666667
2249,object,no,0,1.0,1.0,1.0,1.0,1.0,1.0,0.6,0.4,1.0,1.0,0.7666666666666667,1.0,0.7666666666666667,0.6444444444444445
2250,object,no,0,1.0,1.0,1.0,1.0,1.0,1.0,1.0,1.0,1.0,1.0,1.0,1.0,1.0,1.0
2251,counting,no,0,1.0,1.0,0.2727272727272727,0.5636363636363636,1.0,1.0,0.6,0.4,0.5151515151515151,1.0,0.7666666666666667,0.4666666666666667,0.5,0.6444444444444445
2253,counting,no,0,1.0,1.0,1.0,1.0,1.0,1.0,1.0,1.0,1.0,1.0,1.0,1.0,1.0,1.0
2254,attribute,no,0,1.0,1.0,1.0,1.0,1.0,1.0,1.0,1.0,1.0,1.0,1.0,1.0,1.0,1.0
2255,object,no,0,1.0,1.0,1.0,1.0,0.8,0.6,0.8,0.6,1.0,0.875,0.875,0.875,0.875,0.6444444444444445
2256,object,no,1,1.0,1.0,1.0,1.0,1.0,1.0,1.0,1.0,1.0,1.0,1.0,1.0,1.0,1.0
2257,sentiment,no,0,0.09090909090909091,0.8181818181818182,0.0,1.0,0.0,1.0,0.0,1.0,0.9090909090909091,0.875,0.875,1.0,1.0,1.0
2258,sentiment,no,0,0.9090909090909091,0.8181818181818182,0.5454545454545454,0.45454545454545453,1.0,1.0,0.2,0.6,0.5844155844155844,0.875,0.5416666666666666,0.5416666666666666,0.475,0.4666666666666667
2259,counting,no,0,0.9090909090909091,0.8181818181818182,0.09090909090909091,0.8181818181818182,1.0,1.0,0.4,0.4,0.47619047619047616,0.875,0.6,0.5,0.675,0.5333333333333333
2260,object,no,0,1.0,1.0,0.45454545454545453,0.45454545454545453,1.0,1.0,0.8,0.6,0.5844155844155844,1.0,0.875,0.5,0.475,0.8
2261,attribute,no,0,1.0,1.0,0.9090909090909091,0.8181818181818182,0.8,0.6,0.8,0.6,0.9090909090909091,0.875,0.875,0.7666666666666667,0.7666666666666667,0.6444444444444445
2262,object,no,0,0.9090909090909091,0.8181818181818182,0.5454545454545454,0.45454545454545453,1.0,1.0,0.8,0.6,0.5844155844155844,0.875,0.7666666666666667,0.5416666666666666,0.5,0.8
2263,object,no,0,0.8181818181818182,0.6727272727272727,0.8181818181818182,0.6727272727272727,0.8,0.6,0.8,0.6,0.6883116883116883,0.675,0.675,0.675,0.675,0.6444444444444445
2264,object,no,0,1.0,1.0,1.0,1.0,1.0,1.0,1.0,1.0,1.0,1.0,1.0,1.0,1.0,1.0
2265,positional,no,1,1.0,1.0,0.0,1.0,0.6,0.4,0.0,1.0,0.47619047619047616,0.7666666666666667,0.5416666666666666,0.675,1.0,0.5333333333333333
2266,positional,no,0,0.2727272727272727,0.5636363636363636,0.2727272727272727,0.5636363636363636,0.2,0.6,0.2,0.6,0.5844155844155844,0.6,0.6,0.6,0.6,0.6444444444444445
2267,object,no,0,0.18181818181818182,0.6727272727272727,0.18181818181818182,0.6727272727272727,0.2,0.6,0.0,1.0,0.6883116883116883,0.675,0.7666666666666667,0.675,0.7666666666666667,0.8
2269,positional,no,0,1.0,1.0,1.0,1.0,1.0,1.0,1.0,1.0,1.0,1.0,1.0,1.0,1.0,1.0
2270,object,no,0,1.0,1.0,1.0,1.0,1.0,1.0,1.0,1.0,1.0,1.0,1.0,1.0,1.0,1.0
2271,sentiment,no,0,1.0,1.0,1.0,1.0,0.8,0.6,0.2,0.6,1.0,0.875,0.6,0.875,0.6,0.4444444444444444
2272,attribute,no,0,0.2727272727272727,0.5636363636363636,0.0,1.0,0.8,0.6,0.4,0.4,0.7532467532467533,0.475,0.5416666666666666,0.6,0.7666666666666667,0.4666666666666667
2273,object,no,0,1.0,1.0,1.0,1.0,1.0,1.0,0.8,0.6,1.0,1.0,0.875,1.0,0.875,0.8
2274,object,no,0,1.0,1.0,1.0,1.0,1.0,1.0,1.0,1.0,1.0,1.0,1.0,1.0,1.0,1.0
2275,object,no,0,0.9090909090909091,0.8181818181818182,0.8181818181818182,0.6727272727272727,1.0,1.0,0.2,0.6,0.7532467532467533,0.875,0.5416666666666666,0.7666666666666667,0.5,0.4666666666666667
2276,positional,no,0,1.0,1.0,0.9090909090909091,0.8181818181818182,1.0,1.0,1.0,1.0,0.9090909090909091,1.0,1.0,0.875,0.875,1.0
2277,object,no,0,0.2727272727272727,0.5636363636363636,0.0,1.0,0.4,0.4,0.0,1.0,0.7532467532467533,0.5416666666666666,0.675,0.7666666666666667,1.0,0.6444444444444445
2278,counting,no,0,1.0,1.0,0.09090909090909091,0.8181818181818182,1.0,1.0,0.0,1.0,0.4805194805194805,1.0,0.5416666666666666,0.5,0.875,0.4444444444444444
2280,counting,no,0,1.0,1.0,0.0,1.0,1.0,1.0,0.0,1.0,0.47619047619047616,1.0,0.5416666666666666,0.5416666666666666,1.0,0.4444444444444444
2281,positional,no,0,1.0,1.0,1.0,1.0,1.0,1.0,1.0,1.0,1.0,1.0,1.0,1.0,1.0,1.0
2282,object,no,0,1.0,1.0,1.0,1.0,1.0,1.0,0.8,0.6,1.0,1.0,0.875,1.0,0.875,0.8
2284,positional,no,0,1.0,1.0,0.8181818181818182,0.6727272727272727,0.4,0.4,0.6,0.4,0.8268398268398268,0.675,0.7666666666666667,0.5416666666666666,0.6,0.4444444444444444
2285,positional,no,0,1.0,1.0,1.0,1.0,1.0,1.0,0.8,0.6,1.0,1.0,0.875,1.0,0.875,0.8
2286,sentiment,no,0,1.0,1.0,1.0,1.0,1.0,1.0,0.8,0.6,1.0,1.0,0.875,1.0,0.875,0.8
2287,object,no,1,1.0,1.0,1.0,1.0,1.0,1.0,1.0,1.0,1.0,1.0,1.0,1.0,1.0,1.0
2288,sentiment,no,0,0.0,1.0,0.0,1.0,0.0,1.0,0.2,0.6,1.0,1.0,0.875,1.0,0.875,0.8
2289,positional,no,0,0.6363636363636364,0.4909090909090909,1.0,1.0,0.8,0.6,0.6,0.4,0.6883116883116883,0.5416666666666666,0.5,0.875,0.7666666666666667,0.5333333333333333
2290,positional,no,0,1.0,1.0,1.0,1.0,1.0,1.0,0.8,0.6,1.0,1.0,0.875,1.0,0.875,0.8
2291,object,no,0,1.0,1.0,1.0,1.0,1.0,1.0,1.0,1.0,1.0,1.0,1.0,1.0,1.0,1.0
2292,positional,no,1,1.0,1.0,0.0,1.0,0.6,0.4,0.4,0.4,0.47619047619047616,0.7666666666666667,0.675,0.675,0.7666666666666667,0.4444444444444444
2293,object,no,0,1.0,1.0,1.0,1.0,1.0,1.0,0.8,0.6,1.0,1.0,0.875,1.0,0.875,0.8
2294,attribute,no,0,1.0,1.0,1.0,1.0,1.0,1.0,1.0,1.0,1.0,1.0,1.0,1.0,1.0,1.0
2295,counting,no,0,0.8181818181818182,0.6727272727272727,1.0,1.0,1.0,1.0,0.8,0.6,0.8268398268398268,0.7666666666666667,0.675,1.0,0.875,0.8
2296,sentiment,no,0,1.0,1.0,0.5454545454545454,0.45454545454545453,1.0,1.0,0.4,0.4,0.6320346320346321,1.0,0.675,0.5416666666666666,0.4666666666666667,0.5333333333333333
2297,sentiment,no,1,0.9090909090909091,0.8181818181818182,0.9090909090909091,0.8181818181818182,0.8,0.6,1.0,1.0,0.8268398268398268,0.7666666666666667,0.875,0.7666666666666667,0.875,0.8
2298,attribute,no,0,1.0,1.0,0.9090909090909091,0.8181818181818182,1.0,1.0,1.0,1.0,0.9090909090909091,1.0,1.0,0.875,0.875,1.0
2299,object,no,0,1.0,1.0,1.0,1.0,1.0,1.0,1.0,1.0,1.0,1.0,1.0,1.0,1.0,1.0
2301,counting,no,0,1.0,1.0,1.0,1.0,1.0,1.0,0.6,0.4,1.0,1.0,0.7666666666666667,1.0,0.7666666666666667,0.6444444444444445
2302,positional,no,1,1.0,1.0,0.0,1.0,0.8,0.6,0.4,0.4,0.47619047619047616,0.875,0.675,0.6,0.7666666666666667,0.4666666666666667
2303,positional,no,0,1.0,1.0,1.0,1.0,1.0,1.0,0.4,0.4,1.0,1.0,0.675,1.0,0.675,0.5333333333333333
2304,positional,no,1,1.0,1.0,0.2727272727272727,0.5636363636363636,0.8,0.6,0.6,0.4,0.5151515151515151,0.875,0.7666666666666667,0.475,0.5,0.5333333333333333
2305,counting,no,0,1.0,1.0,0.9090909090909091,0.8181818181818182,0.8,0.6,1.0,1.0,0.9090909090909091,0.875,1.0,0.7666666666666667,0.875,0.8
2307,object,no,1,1.0,1.0,1.0,1.0,1.0,1.0,1.0,1.0,1.0,1.0,1.0,1.0,1.0,1.0
2308,object,no,0,1.0,1.0,0.6363636363636364,0.4909090909090909,1.0,1.0,0.2,0.6,0.6883116883116883,1.0,0.6,0.6,0.4666666666666667,0.4666666666666667
2309,object,no,0,1.0,1.0,0.9090909090909091,0.8181818181818182,1.0,1.0,1.0,1.0,0.9090909090909091,1.0,1.0,0.875,0.875,1.0
2311,positional,no,0,1.0,1.0,1.0,1.0,0.8,0.6,0.2,0.6,1.0,0.875,0.6,0.875,0.6,0.4444444444444444
2312,counting,no,0,1.0,1.0,0.9090909090909091,0.8181818181818182,1.0,1.0,0.4,0.4,0.9090909090909091,1.0,0.675,0.875,0.6,0.5333333333333333
2313,attribute,no,0,1.0,1.0,0.2727272727272727,0.5636363636363636,0.6,0.4,0.4,0.4,0.5151515151515151,0.7666666666666667,0.675,0.5,0.5416666666666666,0.4444444444444444
2315,attribute,no,0,1.0,1.0,1.0,1.0,1.0,1.0,1.0,1.0,1.0,1.0,1.0,1.0,1.0,1.0
2316,positional,no,0,1.0,1.0,1.0,1.0,0.8,0.6,1.0,1.0,1.0,0.875,1.0,0.875,1.0,0.8
2317,object,no,0,1.0,1.0,1.0,1.0,1.0,1.0,1.0,1.0,1.0,1.0,1.0,1.0,1.0,1.0
2319,object,no,0,1.0,1.0,0.9090909090909091,0.8181818181818182,0.8,0.6,0.6,0.4,0.9090909090909091,0.875,0.7666666666666667,0.7666666666666667,0.675,0.5333333333333333
2320,attribute,no,0,1.0,1.0,1.0,1.0,1.0,1.0,0.6,0.4,1.0,1.0,0.7666666666666667,1.0,0.7666666666666667,0.6444444444444445
2321,object,no,0,1.0,1.0,1.0,1.0,1.0,1.0,0.8,0.6,1.0,1.0,0.875,1.0,0.875,0.8
2322,object,no,0,1.0,1.0,1.0,1.0,1.0,1.0,1.0,1.0,1.0,1.0,1.0,1.0,1.0,1.0
2323,positional,no,0,1.0,1.0,0.5454545454545454,0.45454545454545453,1.0,1.0,0.0,1.0,0.6320346320346321,1.0,0.5416666666666666,0.5416666666666666,0.5,0.4444444444444444
2324,counting,no,0,1.0,1.0,1.0,1.0,1.0,1.0,0.8,0.6,1.0,1.0,0.875,1.0,0.875,0.8
2325,attribute,no,0,0.0,1.0,0.0,1.0,0.4,0.4,0.0,1.0,1.0,0.7666666666666667,1.0,0.7666666666666667,1.0,0.6444444444444445
2326,object,no,0,1.0,1.0,1.0,1.0,1.0,1.0,0.8,0.6,1.0,1.0,0.875,1.0,0.875,0.8
2327,attribute,no,0,1.0,1.0,1.0,1.0,1.0,1.0,0.8,0.6,1.0,1.0,0.875,1.0,0.875,0.8
2328,counting,no,0,1.0,1.0,0.9090909090909091,0.8181818181818182,1.0,1.0,0.6,0.4,0.9090909090909091,1.0,0.7666666666666667,0.875,0.675,0.6444444444444445
2329,object,no,0,1.0,1.0,0.9090909090909091,0.8181818181818182,0.8,0.6,0.6,0.4,0.9090909090909091,0.875,0.7666666666666667,0.7666666666666667,0.675,0.5333333333333333
2331,counting,no,0,1.0,1.0,1.0,1.0,1.0,1.0,0.4,0.4,1.0,1.0,0.675,1.0,0.675,0.5333333333333333
2332,object,no,0,1.0,1.0,1.0,1.0,1.0,1.0,1.0,1.0,1.0,1.0,1.0,1.0,1.0,1.0
2333,counting,no,0,0.8181818181818182,0.6727272727272727,0.7272727272727273,0.5636363636363636,1.0,1.0,0.0,1.0,0.6320346320346321,0.7666666666666667,0.475,0.675,0.4666666666666667,0.4444444444444444
2334,object,no,0,0.9090909090909091,0.8181818181818182,0.9090909090909091,0.8181818181818182,1.0,1.0,1.0,1.0,0.8268398268398268,0.875,0.875,0.875,0.875,1.0
2335,sentiment,no,0,1.0,1.0,0.36363636363636365,0.4909090909090909,0.4,0.4,0.8,0.6,0.5454545454545454,0.675,0.875,0.5,0.4666666666666667,0.4666666666666667
2336,attribute,no,0,1.0,1.0,1.0,1.0,1.0,1.0,1.0,1.0,1.0,1.0,1.0,1.0,1.0,1.0
2337,object,no,0,1.0,1.0,1.0,1.0,1.0,1.0,1.0,1.0,1.0,1.0,1.0,1.0,1.0,1.0
2338,counting,no,0,1.0,1.0,0.0,1.0,1.0,1.0,0.0,1.0,0.47619047619047616,1.0,0.5416666666666666,0.5416666666666666,1.0,0.4444444444444444
2339,object,no,0,1.0,1.0,0.2727272727272727,0.5636363636363636,0.8,0.6,0.0,1.0,0.5151515151515151,0.875,0.5416666666666666,0.475,0.675,0.4666666666666667
2340,attribute,no,0,1.0,1.0,0.6363636363636364,0.4909090909090909,0.6,0.4,1.0,1.0,0.6883116883116883,0.7666666666666667,1.0,0.5,0.6,0.6444444444444445
2341,positional,no,0,1.0,1.0,0.09090909090909091,0.8181818181818182,1.0,1.0,0.2,0.6,0.4805194805194805,1.0,0.6,0.5,0.7666666666666667,0.4666666666666667
2342,counting,no,0,0.9090909090909091,0.8181818181818182,0.0,1.0,1.0,1.0,0.0,1.0,0.4805194805194805,0.875,0.5,0.5416666666666666,1.0,0.4444444444444444
2343,attribute,no,0,0.8181818181818182,0.6727272727272727,0.18181818181818182,0.6727272727272727,1.0,1.0,0.0,1.0,0.47619047619047616,0.7666666666666667,0.475,0.475,0.7666666666666667,0.4444444444444444
2344,attribute,no,0,1.0,1.0,1.0,1.0,0.6,0.4,0.8,0.6,1.0,0.7666666666666667,0.875,0.7666666666666667,0.875,0.5333333333333333
2345,object,no,0,1.0,1.0,1.0,1.0,1.0,1.0,1.0,1.0,1.0,1.0,1.0,1.0,1.0,1.0
2346,counting,no,0,1.0,1.0,0.7272727272727273,0.5636363636363636,1.0,1.0,0.2,0.6,0.7532467532467533,1.0,0.6,0.675,0.475,0.4666666666666667
2347,object,no,0,1.0,1.0,1.0,1.0,0.8,0.6,1.0,1.0,1.0,0.875,1.0,0.875,1.0,0.8
2348,object,no,0,0.9090909090909091,0.8181818181818182,1.0,1.0,1.0,1.0,1.0,1.0,0.9090909090909091,0.875,0.875,1.0,1.0,1.0
2349,object,no,0,1.0,1.0,1.0,1.0,1.0,1.0,0.8,0.6,1.0,1.0,0.875,1.0,0.875,0.8
2350,object,no,0,1.0,1.0,1.0,1.0,1.0,1.0,0.8,0.6,1.0,1.0,0.875,1.0,0.875,0.8
2351,object,no,0,1.0,1.0,0.9090909090909091,0.8181818181818182,0.8,0.6,0.6,0.4,0.9090909090909091,0.875,0.7666666666666667,0.7666666666666667,0.675,0.5333333333333333
2352,attribute,no,0,1.0,1.0,0.36363636363636365,0.4909090909090909,0.6,0.4,0.4,0.4,0.5454545454545454,0.7666666666666667,0.675,0.475,0.5,0.4444444444444444
2353,positional,no,0,1.0,1.0,0.5454545454545454,0.45454545454545453,1.0,1.0,0.8,0.6,0.6320346320346321,1.0,0.875,0.5416666666666666,0.5,0.8
2354,attribute,no,0,1.0,1.0,0.9090909090909091,0.8181818181818182,1.0,1.0,1.0,1.0,0.9090909090909091,1.0,1.0,0.875,0.875,1.0
2356,attribute,no,0,1.0,1.0,1.0,1.0,1.0,1.0,1.0,1.0,1.0,1.0,1.0,1.0,1.0,1.0
2357,object,no,0,1.0,1.0,0.8181818181818182,0.6727272727272727,1.0,1.0,1.0,1.0,0.8268398268398268,1.0,1.0,0.7666666666666667,0.7666666666666667,1.0
2358,object,no,0,1.0,1.0,1.0,1.0,1.0,1.0,1.0,1.0,1.0,1.0,1.0,1.0,1.0,1.0
2360,positional,no,0,1.0,1.0,1.0,1.0,1.0,1.0,1.0,1.0,1.0,1.0,1.0,1.0,1.0,1.0
2361,counting,no,0,1.0,1.0,0.0,1.0,1.0,1.0,0.0,1.0,0.47619047619047616,1.0,0.5416666666666666,0.5416666666666666,1.0,0.4444444444444444
2362,object,no,0,1.0,1.0,1.0,1.0,1.0,1.0,1.0,1.0,1.0,1.0,1.0,1.0,1.0,1.0
2363,object,no,1,0.5454545454545454,0.45454545454545453,0.7272727272727273,0.5636363636363636,1.0,1.0,1.0,1.0,0.5151515151515151,0.5416666666666666,0.5416666666666666,0.675,0.675,1.0
2364,sentiment,no,0,1.0,1.0,0.09090909090909091,0.8181818181818182,1.0,1.0,0.2,0.6,0.4805194805194805,1.0,0.6,0.5,0.7666666666666667,0.4666666666666667
2365,counting,no,0,0.8181818181818182,0.6727272727272727,1.0,1.0,0.8,0.6,0.6,0.4,0.8268398268398268,0.675,0.6,0.875,0.7666666666666667,0.5333333333333333
2366,attribute,no,0,1.0,1.0,0.2727272727272727,0.5636363636363636,1.0,1.0,0.4,0.4,0.5151515151515151,1.0,0.675,0.4666666666666667,0.5416666666666666,0.5333333333333333
2367,positional,no,0,1.0,1.0,1.0,1.0,1.0,1.0,1.0,1.0,1.0,1.0,1.0,1.0,1.0,1.0
2368,counting,no,0,1.0,1.0,0.09090909090909091,0.8181818181818182,1.0,1.0,0.0,1.0,0.4805194805194805,1.0,0.5416666666666666,0.5,0.875,0.4444444444444444
2369,sentiment,no,0,1.0,1.0,0.0,1.0,1.0,1.0,0.0,1.0,0.47619047619047616,1.0,0.5416666666666666,0.5416666666666666,1.0,0.4444444444444444
2370,attribute,no,0,0.7272727272727273,0.5636363636363636,0.7272727272727273,0.5636363636363636,1.0,1.0,1.0,1.0,0.5844155844155844,0.675,0.675,0.675,0.675,1.0
2371,counting,no,0,0.45454545454545453,0.45454545454545453,0.09090909090909091,0.8181818181818182,0.4,0.4,0.0,1.0,0.5844155844155844,0.475,0.5416666666666666,0.675,0.875,0.6444444444444445
2372,positional,no,0,1.0,1.0,0.0,1.0,0.6,0.4,0.0,1.0,0.47619047619047616,0.7666666666666667,0.5416666666666666,0.675,1.0,0.5333333333333333
2373,object,no,0,1.0,1.0,1.0,1.0,1.0,1.0,1.0,1.0,1.0,1.0,1.0,1.0,1.0,1.0
2374,attribute,no,0,0.9090909090909091,0.8181818181818182,0.6363636363636364,0.4909090909090909,0.6,0.4,0.6,0.4,0.6320346320346321,0.675,0.675,0.5,0.5,0.4666666666666667
2375,sentiment,no,0,1.0,1.0,0.0,1.0,0.6,0.4,0.0,1.0,0.47619047619047616,0.7666666666666667,0.5416666666666666,0.675,1.0,0.5333333333333333
2376,attribute,no,0,0.09090909090909091,0.8181818181818182,0.2727272727272727,0.5636363636363636,0.0,1.0,0.6,0.4,0.6883116883116883,0.875,0.6,0.675,0.5,0.5333333333333333
2377,object,no,0,1.0,1.0,1.0,1.0,1.0,1.0,1.0,1.0,1.0,1.0,1.0,1.0,1.0,1.0
2378,object,no,0,1.0,1.0,1.0,1.0,1.0,1.0,0.8,0.6,1.0,1.0,0.875,1.0,0.875,0.8
2379,positional,no,0,0.9090909090909091,0.8181818181818182,0.5454545454545454,0.45454545454545453,1.0,1.0,0.2,0.6,0.5844155844155844,0.875,0.5416666666666666,0.5416666666666666,0.475,0.4666666666666667
2380,object,no,0,1.0,1.0,0.9090909090909091,0.8181818181818182,1.0,1.0,1.0,1.0,0.9090909090909091,1.0,1.0,0.875,0.875,1.0
2381,counting,no,0,1.0,1.0,0.9090909090909091,0.8181818181818182,1.0,1.0,0.4,0.4,0.9090909090909091,1.0,0.675,0.875,0.6,0.5333333333333333
2382,object,no,0,1.0,1.0,1.0,1.0,1.0,1.0,0.8,0.6,1.0,1.0,0.875,1.0,0.875,0.8
2383,counting,no,0,1.0,1.0,0.0,1.0,1.0,1.0,0.0,1.0,0.47619047619047616,1.0,0.5416666666666666,0.5416666666666666,1.0,0.4444444444444444
2384,attribute,no,0,0.9090909090909091,0.8181818181818182,0.45454545454545453,0.45454545454545453,1.0,1.0,0.8,0.6,0.5454545454545454,0.875,0.7666666666666667,0.5,0.475,0.8
2385,positional,no,1,0.9090909090909091,0.8181818181818182,0.0,1.0,0.8,0.6,0.2,0.6,0.4805194805194805,0.7666666666666667,0.5416666666666666,0.6,0.875,0.4444444444444444
2386,attribute,no,0,1.0,1.0,0.45454545454545453,0.45454545454545453,1.0,1.0,1.0,1.0,0.5844155844155844,1.0,1.0,0.5,0.5,1.0
2387,attribute,no,1,0.6363636363636364,0.4909090909090909,0.9090909090909091,0.8181818181818182,1.0,1.0,1.0,1.0,0.6320346320346321,0.6,0.6,0.875,0.875,1.0
2388,attribute,no,0,0.9090909090909091,0.8181818181818182,0.9090909090909091,0.8181818181818182,1.0,1.0,0.8,0.6,0.8268398268398268,0.875,0.7666666666666667,0.875,0.7666666666666667,0.8
2389,attribute,no,0,0.5454545454545454,0.45454545454545453,0.09090909090909091,0.8181818181818182,1.0,1.0,0.2,0.6,0.5454545454545454,0.5416666666666666,0.475,0.5,0.7666666666666667,0.4666666666666667
2390,sentiment,no,0,1.0,1.0,0.9090909090909091,0.8181818181818182,1.0,1.0,1.0,1.0,0.9090909090909091,1.0,1.0,0.875,0.875,1.0
2392,object,no,0,1.0,1.0,1.0,1.0,1.0,1.0,1.0,1.0,1.0,1.0,1.0,1.0,1.0,1.0
2393,sentiment,no,0,0.5454545454545454,0.45454545454545453,0.18181818181818182,0.6727272727272727,1.0,1.0,0.0,1.0,0.5151515151515151,0.5416666666666666,0.5,0.475,0.7666666666666667,0.4444444444444444
2394,object,no,0,1.0,1.0,1.0,1.0,1.0,1.0,1.0,1.0,1.0,1.0,1.0,1.0,1.0,1.0
2395,object,no,0,0.7272727272727273,0.5636363636363636,0.36363636363636365,0.4909090909090909,0.8,0.6,0.2,0.6,0.4805194805194805,0.6,0.475,0.4666666666666667,0.5416666666666666,0.4444444444444444
2396,object,no,0,0.7272727272727273,0.5636363636363636,0.0,1.0,0.8,0.6,0.0,1.0,0.5151515151515151,0.6,0.4666666666666667,0.6,1.0,0.4666666666666667
2397,object,no,0,0.9090909090909091,0.8181818181818182,0.5454545454545454,0.45454545454545453,1.0,1.0,1.0,1.0,0.5844155844155844,0.875,0.875,0.5416666666666666,0.5416666666666666,1.0
2398,object,no,0,1.0,1.0,1.0,1.0,1.0,1.0,0.8,0.6,1.0,1.0,0.875,1.0,0.875,0.8
2399,attribute,no,0,1.0,1.0,1.0,1.0,0.6,0.4,0.6,0.4,1.0,0.7666666666666667,0.7666666666666667,0.7666666666666667,0.7666666666666667,0.4666666666666667
2400,attribute,no,0,1.0,1.0,1.0,1.0,1.0,1.0,1.0,1.0,1.0,1.0,1.0,1.0,1.0,1.0
2401,attribute,no,0,1.0,1.0,1.0,1.0,1.0,1.0,1.0,1.0,1.0,1.0,1.0,1.0,1.0,1.0
2402,object,no,1,0.6363636363636364,0.4909090909090909,1.0,1.0,0.2,0.6,1.0,1.0,0.6883116883116883,0.4666666666666667,0.6,0.6,1.0,0.4666666666666667
2403,attribute,no,0,1.0,1.0,1.0,1.0,1.0,1.0,1.0,1.0,1.0,1.0,1.0,1.0,1.0,1.0
2404,attribute,no,0,0.8181818181818182,0.6727272727272727,0.45454545454545453,0.45454545454545453,1.0,1.0,0.8,0.6,0.5151515151515151,0.7666666666666667,0.675,0.5,0.475,0.8
2405,counting,no,0,1.0,1.0,0.0,1.0,1.0,1.0,0.0,1.0,0.47619047619047616,1.0,0.5416666666666666,0.5416666666666666,1.0,0.4444444444444444
2406,object,no,0,1.0,1.0,1.0,1.0,1.0,1.0,0.8,0.6,1.0,1.0,0.875,1.0,0.875,0.8
2408,positional,no,0,0.6363636363636364,0.4909090909090909,1.0,1.0,1.0,1.0,1.0,1.0,0.6883116883116883,0.6,0.6,1.0,1.0,1.0
2409,object,no,0,1.0,1.0,0.8181818181818182,0.6727272727272727,1.0,1.0,0.8,0.6,0.8268398268398268,1.0,0.875,0.7666666666666667,0.675,0.8
2410,sentiment,no,0,1.0,1.0,1.0,1.0,1.0,1.0,1.0,1.0,1.0,1.0,1.0,1.0,1.0,1.0
2411,positional,no,1,0.9090909090909091,0.8181818181818182,0.9090909090909091,0.8181818181818182,0.4,0.4,1.0,1.0,0.8268398268398268,0.6,0.875,0.6,0.875,0.5333333333333333
2412,sentiment,no,0,1.0,1.0,0.0,1.0,1.0,1.0,0.0,1.0,0.47619047619047616,1.0,0.5416666666666666,0.5416666666666666,1.0,0.4444444444444444
2413,object,no,0,1.0,1.0,1.0,1.0,1.0,1.0,0.4,0.4,1.0,1.0,0.675,1.0,0.675,0.5333333333333333
2414,positional,no,0,1.0,1.0,0.8181818181818182,0.6727272727272727,1.0,1.0,0.6,0.4,0.8268398268398268,1.0,0.7666666666666667,0.7666666666666667,0.6,0.6444444444444445
2415,object,no,0,0.8181818181818182,0.6727272727272727,0.8181818181818182,0.6727272727272727,0.8,0.6,1.0,1.0,0.6883116883116883,0.675,0.7666666666666667,0.675,0.7666666666666667,0.8
2416,object,no,0,1.0,1.0,0.45454545454545453,0.45454545454545453,0.8,0.6,0.4,0.4,0.5844155844155844,0.875,0.675,0.475,0.475,0.4666666666666667
2417,object,no,0,1.0,1.0,0.9090909090909091,0.8181818181818182,1.0,1.0,1.0,1.0,0.9090909090909091,1.0,1.0,0.875,0.875,1.0
2418,attribute,no,0,1.0,1.0,0.8181818181818182,0.6727272727272727,1.0,1.0,1.0,1.0,0.8268398268398268,1.0,1.0,0.7666666666666667,0.7666666666666667,1.0
2420,object,no,1,1.0,1.0,1.0,1.0,1.0,1.0,1.0,1.0,1.0,1.0,1.0,1.0,1.0,1.0
2421,positional,no,0,1.0,1.0,0.6363636363636364,0.4909090909090909,1.0,1.0,0.4,0.4,0.6883116883116883,1.0,0.675,0.6,0.475,0.5333333333333333
2422,object,no,0,1.0,1.0,0.36363636363636365,0.4909090909090909,1.0,1.0,0.2,0.6,0.5454545454545454,1.0,0.6,0.475,0.5416666666666666,0.4666666666666667
2423,attribute,no,0,0.8181818181818182,0.6727272727272727,0.18181818181818182,0.6727272727272727,1.0,1.0,0.0,1.0,0.47619047619047616,0.7666666666666667,0.475,0.475,0.7666666666666667,0.4444444444444444
2424,attribute,no,0,1.0,1.0,0.9090909090909091,0.8181818181818182,1.0,1.0,0.8,0.6,0.9090909090909091,1.0,0.875,0.875,0.7666666666666667,0.8
2425,object,no,0,1.0,1.0,1.0,1.0,1.0,1.0,0.8,0.6,1.0,1.0,0.875,1.0,0.875,0.8
2426,object,no,0,1.0,1.0,1.0,1.0,1.0,1.0,0.6,0.4,1.0,1.0,0.7666666666666667,1.0,0.7666666666666667,0.6444444444444445
2427,object,no,0,1.0,1.0,1.0,1.0,1.0,1.0,1.0,1.0,1.0,1.0,1.0,1.0,1.0,1.0
2428,attribute,no,0,0.8181818181818182,0.6727272727272727,0.7272727272727273,0.5636363636363636,0.8,0.6,0.6,0.4,0.6320346320346321,0.675,0.6,0.6,0.5416666666666666,0.5333333333333333
2429,object,no,0,1.0,1.0,1.0,1.0,1.0,1.0,1.0,1.0,1.0,1.0,1.0,1.0,1.0,1.0
2430,object,no,1,0.8181818181818182,0.6727272727272727,0.9090909090909091,0.8181818181818182,1.0,1.0,1.0,1.0,0.7532467532467533,0.7666666666666667,0.7666666666666667,0.875,0.875,1.0
2431,attribute,no,0,1.0,1.0,1.0,1.0,1.0,1.0,0.8,0.6,1.0,1.0,0.875,1.0,0.875,0.8
2432,attribute,no,0,1.0,1.0,0.7272727272727273,0.5636363636363636,0.8,0.6,1.0,1.0,0.7532467532467533,0.875,1.0,0.6,0.675,0.8
2433,sentiment,no,0,1.0,1.0,0.0,1.0,1.0,1.0,0.0,1.0,0.47619047619047616,1.0,0.5416666666666666,0.5416666666666666,1.0,0.4444444444444444
2434,positional,no,0,1.0,1.0,1.0,1.0,1.0,1.0,0.6,0.4,1.0,1.0,0.7666666666666667,1.0,0.7666666666666667,0.6444444444444445
2436,object,no,0,0.9090909090909091,0.8181818181818182,0.8181818181818182,0.6727272727272727,0.8,0.6,1.0,1.0,0.7532467532467533,0.7666666666666667,0.875,0.675,0.7666666666666667,0.8
2437,object,no,0,1.0,1.0,1.0,1.0,1.0,1.0,0.8,0.6,1.0,1.0,0.875,1.0,0.875,0.8
2438,counting,no,0,1.0,1.0,0.9090909090909091,0.8181818181818182,1.0,1.0,0.8,0.6,0.9090909090909091,1.0,0.875,0.875,0.7666666666666667,0.8
2439,object,no,0,1.0,1.0,0.5454545454545454,0.45454545454545453,1.0,1.0,0.4,0.4,0.6320346320346321,1.0,0.675,0.5416666666666666,0.4666666666666667,0.5333333333333333
2440,attribute,no,0,1.0,1.0,1.0,1.0,1.0,1.0,0.6,0.4,1.0,1.0,0.7666666666666667,1.0,0.7666666666666667,0.6444444444444445
2442,object,no,0,1.0,1.0,0.9090909090909091,0.8181818181818182,0.8,0.6,1.0,1.0,0.9090909090909091,0.875,1.0,0.7666666666666667,0.875,0.8
2443,object,no,1,0.8181818181818182,0.6727272727272727,0.9090909090909091,0.8181818181818182,1.0,1.0,0.8,0.6,0.7532467532467533,0.7666666666666667,0.675,0.875,0.7666666666666667,0.8
2444,object,no,0,1.0,1.0,1.0,1.0,1.0,1.0,1.0,1.0,1.0,1.0,1.0,1.0,1.0,1.0
2445,object,no,0,1.0,1.0,1.0,1.0,1.0,1.0,1.0,1.0,1.0,1.0,1.0,1.0,1.0,1.0
2446,attribute,no,0,0.6363636363636364,0.4909090909090909,0.09090909090909091,0.8181818181818182,0.4,0.4,0.2,0.6,0.5151515151515151,0.475,0.4666666666666667,0.675,0.7666666666666667,0.5333333333333333
2447,sentiment,no,0,1.0,1.0,0.0,1.0,0.8,0.6,0.2,0.6,0.47619047619047616,0.875,0.6,0.6,0.875,0.4444444444444444
2448,counting,no,0,0.45454545454545453,0.45454545454545453,0.0,1.0,1.0,1.0,0.0,1.0,0.6320346320346321,0.5,0.5416666666666666,0.5416666666666666,1.0,0.4444444444444444
2449,attribute,no,0,1.0,1.0,0.0,1.0,0.4,0.4,0.0,1.0,0.47619047619047616,0.675,0.5416666666666666,0.7666666666666667,1.0,0.6444444444444445
2450,object,no,1,0.9090909090909091,0.8181818181818182,0.9090909090909091,0.8181818181818182,1.0,1.0,1.0,1.0,0.8268398268398268,0.875,0.875,0.875,0.875,1.0
2451,counting,no,0,1.0,1.0,1.0,1.0,1.0,1.0,0.6,0.4,1.0,1.0,0.7666666666666667,1.0,0.7666666666666667,0.6444444444444445
2452,object,no,0,0.45454545454545453,0.45454545454545453,0.2727272727272727,0.5636363636363636,0.0,1.0,0.2,0.6,0.5151515151515151,0.5416666666666666,0.5,0.675,0.6,0.8
2453,attribute,no,0,1.0,1.0,1.0,1.0,1.0,1.0,1.0,1.0,1.0,1.0,1.0,1.0,1.0,1.0
2454,counting,no,1,0.0,1.0,0.09090909090909091,0.8181818181818182,0.0,1.0,0.4,0.4,0.9090909090909091,1.0,0.7666666666666667,0.875,0.675,0.6444444444444445
2455,attribute,no,0,0.9090909090909091,0.8181818181818182,0.7272727272727273,0.5636363636363636,1.0,1.0,0.8,0.6,0.6883116883116883,0.875,0.7666666666666667,0.675,0.6,0.8
2456,positional,no,0,1.0,1.0,0.0,1.0,1.0,1.0,0.4,0.4,0.47619047619047616,1.0,0.675,0.5416666666666666,0.7666666666666667,0.5333333333333333
2457,counting,no,0,0.9090909090909091,0.8181818181818182,0.2727272727272727,0.5636363636363636,1.0,1.0,0.2,0.6,0.4935064935064935,0.875,0.5416666666666666,0.4666666666666667,0.6,0.4666666666666667
2458,object,no,0,1.0,1.0,0.9090909090909091,0.8181818181818182,1.0,1.0,0.8,0.6,0.9090909090909091,1.0,0.875,0.875,0.7666666666666667,0.8
2459,object,no,0,1.0,1.0,1.0,1.0,1.0,1.0,1.0,1.0,1.0,1.0,1.0,1.0,1.0,1.0
2460,sentiment,no,0,1.0,1.0,0.0,1.0,1.0,1.0,0.0,1.0,0.47619047619047616,1.0,0.5416666666666666,0.5416666666666666,1.0,0.4444444444444444
2461,sentiment,no,0,1.0,1.0,0.8181818181818182,0.6727272727272727,1.0,1.0,0.6,0.4,0.8268398268398268,1.0,0.7666666666666667,0.7666666666666667,0.6,0.6444444444444445
2462,object,no,0,1.0,1.0,1.0,1.0,1.0,1.0,0.8,0.6,1.0,1.0,0.875,1.0,0.875,0.8
2463,counting,no,0,1.0,1.0,1.0,1.0,1.0,1.0,0.4,0.4,1.0,1.0,0.675,1.0,0.675,0.5333333333333333
2464,attribute,no,0,0.9090909090909091,0.8181818181818182,0.9090909090909091,0.8181818181818182,1.0,1.0,1.0,1.0,0.8268398268398268,0.875,0.875,0.875,0.875,1.0
2465,sentiment,no,0,1.0,1.0,1.0,1.0,1.0,1.0,1.0,1.0,1.0,1.0,1.0,1.0,1.0,1.0
2466,object,no,0,0.8181818181818182,0.6727272727272727,0.45454545454545453,0.45454545454545453,1.0,1.0,1.0,1.0,0.5151515151515151,0.7666666666666667,0.7666666666666667,0.5,0.5,1.0
2467,sentiment,no,0,1.0,1.0,0.0,1.0,1.0,1.0,0.0,1.0,0.47619047619047616,1.0,0.5416666666666666,0.5416666666666666,1.0,0.4444444444444444
2468,object,no,0,1.0,1.0,1.0,1.0,1.0,1.0,0.4,0.4,1.0,1.0,0.675,1.0,0.675,0.5333333333333333
2469,object,no,0,1.0,1.0,0.6363636363636364,0.4909090909090909,0.8,0.6,0.6,0.4,0.6883116883116883,0.875,0.7666666666666667,0.5416666666666666,0.5,0.5333333333333333
2470,sentiment,no,1,0.18181818181818182,0.6727272727272727,0.6363636363636364,0.4909090909090909,0.4,0.4,1.0,1.0,0.4935064935064935,0.6,0.475,0.475,0.6,0.5333333333333333
2471,object,no,0,1.0,1.0,1.0,1.0,1.0,1.0,1.0,1.0,1.0,1.0,1.0,1.0,1.0,1.0
2472,object,no,0,1.0,1.0,1.0,1.0,1.0,1.0,1.0,1.0,1.0,1.0,1.0,1.0,1.0,1.0
2474,counting,no,0,1.0,1.0,0.0,1.0,1.0,1.0,0.0,1.0,0.47619047619047616,1.0,0.5416666666666666,0.5416666666666666,1.0,0.4444444444444444
2475,attribute,no,0,0.9090909090909091,0.8181818181818182,0.0,1.0,0.6,0.4,0.4,0.4,0.4805194805194805,0.675,0.6,0.675,0.7666666666666667,0.4444444444444444
2476,attribute,no,0,0.7272727272727273,0.5636363636363636,0.0,1.0,0.8,0.6,0.0,1.0,0.5151515151515151,0.6,0.4666666666666667,0.6,1.0,0.4666666666666667
2477,attribute,no,0,1.0,1.0,1.0,1.0,1.0,1.0,1.0,1.0,1.0,1.0,1.0,1.0,1.0,1.0
2478,attribute,no,0,0.9090909090909091,0.8181818181818182,0.45454545454545453,0.45454545454545453,1.0,1.0,0.6,0.4,0.5454545454545454,0.875,0.675,0.5,0.4666666666666667,0.6444444444444445
2479,attribute,no,0,1.0,1.0,0.45454545454545453,0.45454545454545453,1.0,1.0,0.0,1.0,0.5844155844155844,1.0,0.5416666666666666,0.5,0.5416666666666666,0.4444444444444444
2480,sentiment,no,0,1.0,1.0,0.9090909090909091,0.8181818181818182,1.0,1.0,1.0,1.0,0.9090909090909091,1.0,1.0,0.875,0.875,1.0
2481,counting,no,0,1.0,1.0,0.0,1.0,1.0,1.0,0.0,1.0,0.47619047619047616,1.0,0.5416666666666666,0.5416666666666666,1.0,0.4444444444444444
2482,counting,no,0,1.0,1.0,0.0,1.0,1.0,1.0,0.0,1.0,0.47619047619047616,1.0,0.5416666666666666,0.5416666666666666,1.0,0.4444444444444444
2483,attribute,no,0,0.9090909090909091,0.8181818181818182,0.7272727272727273,0.5636363636363636,1.0,1.0,0.8,0.6,0.6883116883116883,0.875,0.7666666666666667,0.675,0.6,0.8
2485,attribute,no,0,0.9090909090909091,0.8181818181818182,0.7272727272727273,0.5636363636363636,0.8,0.6,0.8,0.6,0.6883116883116883,0.7666666666666667,0.7666666666666667,0.6,0.6,0.6444444444444445
2486,object,no,0,1.0,1.0,1.0,1.0,1.0,1.0,0.6,0.4,1.0,1.0,0.7666666666666667,1.0,0.7666666666666667,0.6444444444444445
2487,attribute,no,0,0.8181818181818182,0.6727272727272727,0.0,1.0,1.0,1.0,0.4,0.4,0.4935064935064935,0.7666666666666667,0.5416666666666666,0.5416666666666666,0.7666666666666667,0.5333333333333333
2488,positional,no,0,1.0,1.0,0.0,1.0,1.0,1.0,0.2,0.6,0.47619047619047616,1.0,0.6,0.5416666666666666,0.875,0.4666666666666667
2489,counting,no,0,1.0,1.0,0.45454545454545453,0.45454545454545453,1.0,1.0,0.0,1.0,0.5844155844155844,1.0,0.5416666666666666,0.5,0.5416666666666666,0.4444444444444444
2490,object,no,0,1.0,1.0,1.0,1.0,1.0,1.0,1.0,1.0,1.0,1.0,1.0,1.0,1.0,1.0
2491,attribute,no,0,0.8181818181818182,0.6727272727272727,0.09090909090909091,0.8181818181818182,0.8,0.6,0.2,0.6,0.4805194805194805,0.675,0.5,0.5416666666666666,0.7666666666666667,0.4444444444444444
2492,positional,no,1,0.9090909090909091,0.8181818181818182,0.09090909090909091,0.8181818181818182,1.0,1.0,0.2,0.6,0.47619047619047616,0.875,0.5416666666666666,0.5,0.7666666666666667,0.4666666666666667
2493,counting,no,0,0.9090909090909091,0.8181818181818182,0.0,1.0,1.0,1.0,0.0,1.0,0.4805194805194805,0.875,0.5,0.5416666666666666,1.0,0.4444444444444444
2494,positional,no,0,1.0,1.0,0.0,1.0,1.0,1.0,0.4,0.4,0.47619047619047616,1.0,0.675,0.5416666666666666,0.7666666666666667,0.5333333333333333
2495,object,no,0,1.0,1.0,1.0,1.0,1.0,1.0,1.0,1.0,1.0,1.0,1.0,1.0,1.0,1.0
2496,sentiment,no,0,0.36363636363636365,0.4909090909090909,0.0,1.0,0.2,0.6,0.0,1.0,0.6883116883116883,0.5416666666666666,0.6,0.875,1.0,0.8
2497,counting,no,0,0.18181818181818182,0.6727272727272727,1.0,1.0,0.4,0.4,1.0,1.0,0.4935064935064935,0.6,0.475,0.675,1.0,0.5333333333333333
2498,attribute,no,0,0.7272727272727273,0.5636363636363636,0.7272727272727273,0.5636363636363636,1.0,1.0,1.0,1.0,0.5844155844155844,0.675,0.675,0.675,0.675,1.0
2499,object,no,0,1.0,1.0,1.0,1.0,1.0,1.0,0.8,0.6,1.0,1.0,0.875,1.0,0.875,0.8
2500,object,no,0,1.0,1.0,1.0,1.0,1.0,1.0,1.0,1.0,1.0,1.0,1.0,1.0,1.0,1.0
2501,attribute,no,1,0.18181818181818182,0.6727272727272727,1.0,1.0,0.8,0.6,1.0,1.0,0.4935064935064935,0.5,0.475,0.875,1.0,0.8
2502,counting,no,0,1.0,1.0,0.5454545454545454,0.45454545454545453,1.0,1.0,0.8,0.6,0.6320346320346321,1.0,0.875,0.5416666666666666,0.5,0.8
2503,object,no,0,1.0,1.0,0.5454545454545454,0.45454545454545453,0.8,0.6,0.8,0.6,0.6320346320346321,0.875,0.875,0.5,0.5,0.6444444444444445
2504,positional,no,0,1.0,1.0,0.0,1.0,1.0,1.0,0.2,0.6,0.47619047619047616,1.0,0.6,0.5416666666666666,0.875,0.4666666666666667
2507,counting,no,0,1.0,1.0,0.45454545454545453,0.45454545454545453,1.0,1.0,0.0,1.0,0.5844155844155844,1.0,0.5416666666666666,0.5,0.5416666666666666,0.4444444444444444
2508,object,no,0,1.0,1.0,1.0,1.0,1.0,1.0,1.0,1.0,1.0,1.0,1.0,1.0,1.0,1.0
2509,counting,no,0,1.0,1.0,0.45454545454545453,0.45454545454545453,1.0,1.0,0.0,1.0,0.5844155844155844,1.0,0.5416666666666666,0.5,0.5416666666666666,0.4444444444444444
2510,object,no,0,1.0,1.0,1.0,1.0,1.0,1.0,1.0,1.0,1.0,1.0,1.0,1.0,1.0,1.0
2511,sentiment,no,0,1.0,1.0,0.0,1.0,1.0,1.0,0.0,1.0,0.47619047619047616,1.0,0.5416666666666666,0.5416666666666666,1.0,0.4444444444444444
2513,object,no,0,1.0,1.0,0.7272727272727273,0.5636363636363636,1.0,1.0,0.8,0.6,0.7532467532467533,1.0,0.875,0.675,0.6,0.8
2514,attribute,no,0,0.6363636363636364,0.4909090909090909,0.2727272727272727,0.5636363636363636,0.8,0.6,0.0,1.0,0.4805194805194805,0.5416666666666666,0.475,0.475,0.675,0.4666666666666667
2515,attribute,no,0,1.0,1.0,1.0,1.0,1.0,1.0,1.0,1.0,1.0,1.0,1.0,1.0,1.0,1.0
2516,positional,no,0,1.0,1.0,0.5454545454545454,0.45454545454545453,1.0,1.0,0.2,0.6,0.6320346320346321,1.0,0.6,0.5416666666666666,0.475,0.4666666666666667
2517,attribute,no,0,1.0,1.0,1.0,1.0,1.0,1.0,0.8,0.6,1.0,1.0,0.875,1.0,0.875,0.8
2518,positional,no,0,1.0,1.0,0.09090909090909091,0.8181818181818182,0.8,0.6,0.6,0.4,0.4805194805194805,0.875,0.7666666666666667,0.5416666666666666,0.6,0.5333333333333333
2519,positional,no,0,1.0,1.0,0.18181818181818182,0.6727272727272727,1.0,1.0,0.2,0.6,0.4935064935064935,1.0,0.6,0.475,0.675,0.4666666666666667
2520,counting,no,0,1.0,1.0,1.0,1.0,1.0,1.0,0.4,0.4,1.0,1.0,0.675,1.0,0.675,0.5333333333333333
2521,object,no,0,1.0,1.0,1.0,1.0,1.0,1.0,0.8,0.6,1.0,1.0,0.875,1.0,0.875,0.8
2522,sentiment,no,0,1.0,1.0,0.0,1.0,1.0,1.0,0.0,1.0,0.47619047619047616,1.0,0.5416666666666666,0.5416666666666666,1.0,0.4444444444444444
2523,object,no,0,0.9090909090909091,0.8181818181818182,0.9090909090909091,0.8181818181818182,0.8,0.6,0.8,0.6,0.8268398268398268,0.7666666666666667,0.7666666666666667,0.7666666666666667,0.7666666666666667,0.6444444444444445
2524,attribute,no,0,1.0,1.0,1.0,1.0,1.0,1.0,0.8,0.6,1.0,1.0,0.875,1.0,0.875,0.8
2525,object,no,0,0.9090909090909091,0.8181818181818182,0.2727272727272727,0.5636363636363636,1.0,1.0,0.4,0.4,0.4935064935064935,0.875,0.6,0.4666666666666667,0.5416666666666666,0.5333333333333333
2526,object,no,0,1.0,1.0,1.0,1.0,1.0,1.0,1.0,1.0,1.0,1.0,1.0,1.0,1.0,1.0
2527,sentiment,no,0,1.0,1.0,0.9090909090909091,0.8181818181818182,1.0,1.0,1.0,1.0,0.9090909090909091,1.0,1.0,0.875,0.875,1.0
2528,counting,no,0,1.0,1.0,1.0,1.0,1.0,1.0,1.0,1.0,1.0,1.0,1.0,1.0,1.0,1.0
2529,attribute,no,0,1.0,1.0,1.0,1.0,1.0,1.0,1.0,1.0,1.0,1.0,1.0,1.0,1.0,1.0
2530,object,no,0,1.0,1.0,1.0,1.0,1.0,1.0,1.0,1.0,1.0,1.0,1.0,1.0,1.0,1.0
2531,object,no,0,1.0,1.0,1.0,1.0,1.0,1.0,1.0,1.0,1.0,1.0,1.0,1.0,1.0,1.0
2532,sentiment,no,0,0.45454545454545453,0.45454545454545453,0.09090909090909091,0.8181818181818182,0.4,0.4,0.0,1.0,0.5844155844155844,0.475,0.5416666666666666,0.675,0.875,0.6444444444444445
2533,object,no,0,0.9090909090909091,0.8181818181818182,0.2727272727272727,0.5636363636363636,1.0,1.0,0.6,0.4,0.4935064935064935,0.875,0.675,0.4666666666666667,0.5,0.6444444444444445
2534,object,no,0,1.0,1.0,1.0,1.0,1.0,1.0,0.6,0.4,1.0,1.0,0.7666666666666667,1.0,0.7666666666666667,0.6444444444444445
2535,counting,no,0,0.36363636363636365,0.4909090909090909,0.6363636363636364,0.4909090909090909,1.0,1.0,0.6,0.4,0.47619047619047616,0.475,0.475,0.6,0.5,0.6444444444444445
2536,object,no,0,1.0,1.0,1.0,1.0,1.0,1.0,1.0,1.0,1.0,1.0,1.0,1.0,1.0,1.0
2537,object,no,0,1.0,1.0,0.0,1.0,1.0,1.0,0.4,0.4,0.47619047619047616,1.0,0.675,0.5416666666666666,0.7666666666666667,0.5333333333333333
2538,positional,no,0,1.0,1.0,0.36363636363636365,0.4909090909090909,1.0,1.0,0.2,0.6,0.5454545454545454,1.0,0.6,0.475,0.5416666666666666,0.4666666666666667
2539,counting,no,0,1.0,1.0,0.0,1.0,1.0,1.0,0.0,1.0,0.47619047619047616,1.0,0.5416666666666666,0.5416666666666666,1.0,0.4444444444444444
2540,counting,no,0,1.0,1.0,0.0,1.0,1.0,1.0,0.0,1.0,0.47619047619047616,1.0,0.5416666666666666,0.5416666666666666,1.0,0.4444444444444444
2541,object,no,0,1.0,1.0,1.0,1.0,1.0,1.0,0.8,0.6,1.0,1.0,0.875,1.0,0.875,0.8
2542,object,no,1,0.9090909090909091,0.8181818181818182,1.0,1.0,1.0,1.0,1.0,1.0,0.9090909090909091,0.875,0.875,1.0,1.0,1.0
2543,counting,no,0,1.0,1.0,0.9090909090909091,0.8181818181818182,0.4,0.4,0.6,0.4,0.9090909090909091,0.675,0.7666666666666667,0.6,0.675,0.4444444444444444
2544,object,no,0,1.0,1.0,1.0,1.0,1.0,1.0,0.8,0.6,1.0,1.0,0.875,1.0,0.875,0.8
2545,object,no,0,1.0,1.0,1.0,1.0,1.0,1.0,1.0,1.0,1.0,1.0,1.0,1.0,1.0,1.0
2546,sentiment,no,0,0.9090909090909091,0.8181818181818182,0.0,1.0,0.8,0.6,0.0,1.0,0.4805194805194805,0.7666666666666667,0.5,0.6,1.0,0.4666666666666667
2547,attribute,no,1,0.7272727272727273,0.5636363636363636,0.7272727272727273,0.5636363636363636,1.0,1.0,0.8,0.6,0.5844155844155844,0.675,0.6,0.675,0.6,0.8
2548,object,no,0,1.0,1.0,1.0,1.0,1.0,1.0,0.8,0.6,1.0,1.0,0.875,1.0,0.875,0.8
2550,sentiment,no,0,0.09090909090909091,0.8181818181818182,0.0,1.0,0.0,1.0,0.0,1.0,0.9090909090909091,0.875,0.875,1.0,1.0,1.0
2551,object,no,0,1.0,1.0,1.0,1.0,1.0,1.0,0.8,0.6,1.0,1.0,0.875,1.0,0.875,0.8
2552,object,no,0,1.0,1.0,1.0,1.0,1.0,1.0,1.0,1.0,1.0,1.0,1.0,1.0,1.0,1.0
2553,counting,no,0,1.0,1.0,0.9090909090909091,0.8181818181818182,1.0,1.0,0.8,0.6,0.9090909090909091,1.0,0.875,0.875,0.7666666666666667,0.8
2554,object,no,0,0.7272727272727273,0.5636363636363636,0.2727272727272727,0.5636363636363636,0.4,0.4,0.0,1.0,0.47619047619047616,0.5,0.4666666666666667,0.5416666666666666,0.675,0.6444444444444445
2556,object,no,0,0.0,1.0,0.0,1.0,0.4,0.4,0.0,1.0,1.0,0.7666666666666667,1.0,0.7666666666666667,1.0,0.6444444444444445
2557,positional,no,0,1.0,1.0,0.8181818181818182,0.6727272727272727,1.0,1.0,0.6,0.4,0.8268398268398268,1.0,0.7666666666666667,0.7666666666666667,0.6,0.6444444444444445
2558,positional,no,0,1.0,1.0,0.0,1.0,0.8,0.6,0.4,0.4,0.47619047619047616,0.875,0.675,0.6,0.7666666666666667,0.4666666666666667
2559,counting,no,0,0.36363636363636365,0.4909090909090909,0.09090909090909091,0.8181818181818182,1.0,1.0,0.0,1.0,0.6320346320346321,0.475,0.6,0.5,0.875,0.4444444444444444
2560,object,no,0,1.0,1.0,0.9090909090909091,0.8181818181818182,1.0,1.0,1.0,1.0,0.9090909090909091,1.0,1.0,0.875,0.875,1.0
2561,object,no,0,1.0,1.0,1.0,1.0,1.0,1.0,0.8,0.6,1.0,1.0,0.875,1.0,0.875,0.8
2562,object,no,0,0.9090909090909091,0.8181818181818182,0.9090909090909091,0.8181818181818182,0.8,0.6,1.0,1.0,0.8268398268398268,0.7666666666666667,0.875,0.7666666666666667,0.875,0.8
2563,object,no,1,0.6363636363636364,0.4909090909090909,1.0,1.0,1.0,1.0,1.0,1.0,0.6883116883116883,0.6,0.6,1.0,1.0,1.0
2564,counting,no,0,1.0,1.0,1.0,1.0,1.0,1.0,0.4,0.4,1.0,1.0,0.675,1.0,0.675,0.5333333333333333
2565,attribute,no,0,1.0,1.0,1.0,1.0,1.0,1.0,1.0,1.0,1.0,1.0,1.0,1.0,1.0,1.0
2566,object,no,0,1.0,1.0,1.0,1.0,0.8,0.6,0.4,0.4,1.0,0.875,0.675,0.875,0.675,0.4666666666666667
2567,object,no,0,1.0,1.0,1.0,1.0,1.0,1.0,1.0,1.0,1.0,1.0,1.0,1.0,1.0,1.0
2568,object,no,0,1.0,1.0,1.0,1.0,1.0,1.0,0.8,0.6,1.0,1.0,0.875,1.0,0.875,0.8
2569,object,no,0,1.0,1.0,0.9090909090909091,0.8181818181818182,1.0,1.0,1.0,1.0,0.9090909090909091,1.0,1.0,0.875,0.875,1.0
2570,object,no,0,0.9090909090909091,0.8181818181818182,0.9090909090909091,0.8181818181818182,1.0,1.0,1.0,1.0,0.8268398268398268,0.875,0.875,0.875,0.875,1.0
2571,attribute,no,1,0.7272727272727273,0.5636363636363636,0.9090909090909091,0.8181818181818182,1.0,1.0,1.0,1.0,0.6883116883116883,0.675,0.675,0.875,0.875,1.0
2572,object,no,0,1.0,1.0,1.0,1.0,1.0,1.0,0.8,0.6,1.0,1.0,0.875,1.0,0.875,0.8
2573,counting,no,0,1.0,1.0,1.0,1.0,1.0,1.0,0.4,0.4,1.0,1.0,0.675,1.0,0.675,0.5333333333333333
2574,attribute,no,0,1.0,1.0,1.0,1.0,0.6,0.4,1.0,1.0,1.0,0.7666666666666667,1.0,0.7666666666666667,1.0,0.6444444444444445
2575,attribute,no,0,1.0,1.0,0.0,1.0,1.0,1.0,0.0,1.0,0.47619047619047616,1.0,0.5416666666666666,0.5416666666666666,1.0,0.4444444444444444
2576,object,no,0,0.18181818181818182,0.6727272727272727,0.18181818181818182,0.6727272727272727,0.0,1.0,0.0,1.0,0.6883116883116883,0.7666666666666667,0.7666666666666667,0.7666666666666667,0.7666666666666667,1.0
2577,sentiment,no,0,1.0,1.0,0.0,1.0,1.0,1.0,0.0,1.0,0.47619047619047616,1.0,0.5416666666666666,0.5416666666666666,1.0,0.4444444444444444
2578,object,no,0,0.9090909090909091,0.8181818181818182,0.9090909090909091,0.8181818181818182,0.8,0.6,0.4,0.4,0.8268398268398268,0.7666666666666667,0.6,0.7666666666666667,0.6,0.4666666666666667
2579,object,no,0,1.0,1.0,0.45454545454545453,0.45454545454545453,1.0,1.0,0.8,0.6,0.5844155844155844,1.0,0.875,0.5,0.475,0.8
2580,counting,no,0,1.0,1.0,1.0,1.0,1.0,1.0,0.8,0.6,1.0,1.0,0.875,1.0,0.875,0.8
2581,attribute,no,0,1.0,1.0,1.0,1.0,1.0,1.0,1.0,1.0,1.0,1.0,1.0,1.0,1.0,1.0
2582,counting,no,0,1.0,1.0,0.09090909090909091,0.8181818181818182,1.0,1.0,0.2,0.6,0.4805194805194805,1.0,0.6,0.5,0.7666666666666667,0.4666666666666667
2583,object,no,0,0.8181818181818182,0.6727272727272727,0.09090909090909091,0.8181818181818182,0.8,0.6,0.2,0.6,0.4805194805194805,0.675,0.5,0.5416666666666666,0.7666666666666667,0.4444444444444444
2584,attribute,no,0,1.0,1.0,1.0,1.0,1.0,1.0,1.0,1.0,1.0,1.0,1.0,1.0,1.0,1.0
2585,object,no,0,1.0,1.0,1.0,1.0,0.8,0.6,1.0,1.0,1.0,0.875,1.0,0.875,1.0,0.8
2586,sentiment,no,0,1.0,1.0,0.9090909090909091,0.8181818181818182,1.0,1.0,1.0,1.0,0.9090909090909091,1.0,1.0,0.875,0.875,1.0
2587,object,no,0,1.0,1.0,1.0,1.0,0.8,0.6,0.6,0.4,1.0,0.875,0.7666666666666667,0.875,0.7666666666666667,0.5333333333333333
2588,attribute,no,0,1.0,1.0,1.0,1.0,1.0,1.0,1.0,1.0,1.0,1.0,1.0,1.0,1.0,1.0
2589,object,no,0,1.0,1.0,1.0,1.0,1.0,1.0,0.8,0.6,1.0,1.0,0.875,1.0,0.875,0.8
2591,attribute,no,0,0.8181818181818182,0.6727272727272727,0.36363636363636365,0.4909090909090909,1.0,1.0,1.0,1.0,0.4935064935064935,0.7666666666666667,0.7666666666666667,0.475,0.475,1.0
2592,positional,no,0,1.0,1.0,1.0,1.0,1.0,1.0,1.0,1.0,1.0,1.0,1.0,1.0,1.0,1.0
2593,counting,no,0,1.0,1.0,0.18181818181818182,0.6727272727272727,1.0,1.0,0.0,1.0,0.4935064935064935,1.0,0.5416666666666666,0.475,0.7666666666666667,0.4444444444444444
2594,sentiment,no,0,0.0,1.0,0.0,1.0,0.2,0.6,0.0,1.0,1.0,0.875,1.0,0.875,1.0,0.8
2595,counting,no,0,1.0,1.0,0.18181818181818182,0.6727272727272727,1.0,1.0,0.4,0.4,0.4935064935064935,1.0,0.675,0.475,0.6,0.5333333333333333
2596,counting,no,0,1.0,1.0,0.7272727272727273,0.5636363636363636,1.0,1.0,0.2,0.6,0.7532467532467533,1.0,0.6,0.675,0.475,0.4666666666666667
2597,positional,no,0,1.0,1.0,0.9090909090909091,0.8181818181818182,1.0,1.0,0.8,0.6,0.9090909090909091,1.0,0.875,0.875,0.7666666666666667,0.8
2598,object,no,0,1.0,1.0,0.8181818181818182,0.6727272727272727,1.0,1.0,1.0,1.0,0.8268398268398268,1.0,1.0,0.7666666666666667,0.7666666666666667,1.0
2599,object,no,0,0.9090909090909091,0.8181818181818182,0.9090909090909091,0.8181818181818182,1.0,1.0,1.0,1.0,0.8268398268398268,0.875,0.875,0.875,0.875,1.0
2600,counting,no,0,0.7272727272727273,0.5636363636363636,0.7272727272727273,0.5636363636363636,1.0,1.0,0.0,1.0,0.5844155844155844,0.675,0.4666666666666667,0.675,0.4666666666666667,0.4444444444444444
2601,sentiment,no,0,0.2727272727272727,0.5636363636363636,0.0,1.0,0.8,0.6,0.0,1.0,0.7532467532467533,0.475,0.675,0.6,1.0,0.4666666666666667
2602,object,no,0,1.0,1.0,1.0,1.0,1.0,1.0,1.0,1.0,1.0,1.0,1.0,1.0,1.0,1.0
2603,object,no,0,1.0,1.0,1.0,1.0,1.0,1.0,1.0,1.0,1.0,1.0,1.0,1.0,1.0,1.0
2604,object,no,0,1.0,1.0,1.0,1.0,1.0,1.0,0.8,0.6,1.0,1.0,0.875,1.0,0.875,0.8
2605,positional,no,0,1.0,1.0,0.6363636363636364,0.4909090909090909,1.0,1.0,1.0,1.0,0.6883116883116883,1.0,1.0,0.6,0.6,1.0
2606,positional,no,0,1.0,1.0,0.7272727272727273,0.5636363636363636,1.0,1.0,1.0,1.0,0.7532467532467533,1.0,1.0,0.675,0.675,1.0
2607,attribute,no,0,1.0,1.0,0.9090909090909091,0.8181818181818182,1.0,1.0,0.8,0.6,0.9090909090909091,1.0,0.875,0.875,0.7666666666666667,0.8
2608,object,no,0,1.0,1.0,1.0,1.0,0.8,0.6,0.8,0.6,1.0,0.875,0.875,0.875,0.875,0.6444444444444445
2609,attribute,no,0,1.0,1.0,1.0,1.0,1.0,1.0,1.0,1.0,1.0,1.0,1.0,1.0,1.0,1.0
2610,sentiment,no,0,1.0,1.0,0.0,1.0,0.6,0.4,0.2,0.6,0.47619047619047616,0.7666666666666667,0.6,0.675,0.875,0.4666666666666667
2611,counting,no,0,0.9090909090909091,0.8181818181818182,1.0,1.0,1.0,1.0,0.4,0.4,0.9090909090909091,0.875,0.6,1.0,0.675,0.5333333333333333
2612,attribute,no,0,1.0,1.0,0.2727272727272727,0.5636363636363636,1.0,1.0,0.2,0.6,0.5151515151515151,1.0,0.6,0.4666666666666667,0.6,0.4666666666666667
2613,object,no,0,1.0,1.0,1.0,1.0,1.0,1.0,1.0,1.0,1.0,1.0,1.0,1.0,1.0,1.0
2614,object,no,0,1.0,1.0,1.0,1.0,1.0,1.0,1.0,1.0,1.0,1.0,1.0,1.0,1.0,1.0
2615,attribute,no,0,0.8181818181818182,0.6727272727272727,0.7272727272727273,0.5636363636363636,1.0,1.0,0.8,0.6,0.6320346320346321,0.7666666666666667,0.675,0.675,0.6,0.8
2617,attribute,no,0,1.0,1.0,1.0,1.0,1.0,1.0,1.0,1.0,1.0,1.0,1.0,1.0,1.0,1.0
2618,counting,no,0,1.0,1.0,0.0,1.0,1.0,1.0,0.0,1.0,0.47619047619047616,1.0,0.5416666666666666,0.5416666666666666,1.0,0.4444444444444444
2619,positional,no,0,1.0,1.0,0.6363636363636364,0.4909090909090909,1.0,1.0,0.4,0.4,0.6883116883116883,1.0,0.675,0.6,0.475,0.5333333333333333
2620,attribute,no,0,1.0,1.0,0.9090909090909091,0.8181818181818182,1.0,1.0,0.6,0.4,0.9090909090909091,1.0,0.7666666666666667,0.875,0.675,0.6444444444444445
2621,counting,no,0,1.0,1.0,0.0,1.0,1.0,1.0,0.0,1.0,0.47619047619047616,1.0,0.5416666666666666,0.5416666666666666,1.0,0.4444444444444444
2622,sentiment,no,1,0.2727272727272727,0.5636363636363636,1.0,1.0,0.6,0.4,1.0,1.0,0.5151515151515151,0.5,0.4666666666666667,0.7666666666666667,1.0,0.6444444444444445
2623,counting,no,0,0.0,1.0,0.0,1.0,0.0,1.0,0.4,0.4,1.0,1.0,0.7666666666666667,1.0,0.7666666666666667,0.6444444444444445
2624,attribute,no,0,1.0,1.0,0.5454545454545454,0.45454545454545453,0.8,0.6,0.4,0.4,0.6320346320346321,0.875,0.675,0.5,0.4666666666666667,0.4666666666666667
2625,positional,no,0,0.0,1.0,0.0,1.0,0.2,0.6,0.0,1.0,1.0,0.875,1.0,0.875,1.0,0.8
2626,object,no,0,1.0,1.0,1.0,1.0,1.0,1.0,1.0,1.0,1.0,1.0,1.0,1.0,1.0,1.0
2627,object,no,1,0.45454545454545453,0.45454545454545453,0.09090909090909091,0.8181818181818182,0.2,0.6,0.4,0.4,0.5844155844155844,0.5,0.475,0.7666666666666667,0.675,0.5333333333333333
2628,object,no,1,1.0,1.0,0.9090909090909091,0.8181818181818182,0.8,0.6,0.8,0.6,0.9090909090909091,0.875,0.875,0.7666666666666667,0.7666666666666667,0.6444444444444445
2629,object,no,0,1.0,1.0,0.7272727272727273,0.5636363636363636,1.0,1.0,1.0,1.0,0.7532467532467533,1.0,1.0,0.675,0.675,1.0
2631,object,no,0,0.36363636363636365,0.4909090909090909,0.0,1.0,0.6,0.4,0.0,1.0,0.6883116883116883,0.475,0.6,0.675,1.0,0.5333333333333333
2632,sentiment,no,0,1.0,1.0,0.0,1.0,0.6,0.4,0.0,1.0,0.47619047619047616,0.7666666666666667,0.5416666666666666,0.675,1.0,0.5333333333333333
2633,counting,no,0,1.0,1.0,0.9090909090909091,0.8181818181818182,1.0,1.0,0.4,0.4,0.9090909090909091,1.0,0.675,0.875,0.6,0.5333333333333333
2634,object,no,0,1.0,1.0,0.36363636363636365,0.4909090909090909,0.8,0.6,0.6,0.4,0.5454545454545454,0.875,0.7666666666666667,0.4666666666666667,0.475,0.5333333333333333
2635,attribute,no,0,1.0,1.0,1.0,1.0,1.0,1.0,0.8,0.6,1.0,1.0,0.875,1.0,0.875,0.8
2636,attribute,no,0,1.0,1.0,1.0,1.0,1.0,1.0,1.0,1.0,1.0,1.0,1.0,1.0,1.0,1.0
2638,object,no,0,1.0,1.0,1.0,1.0,1.0,1.0,1.0,1.0,1.0,1.0,1.0,1.0,1.0,1.0
2639,attribute,no,0,1.0,1.0,0.9090909090909091,0.8181818181818182,1.0,1.0,1.0,1.0,0.9090909090909091,1.0,1.0,0.875,0.875,1.0
2640,object,no,0,1.0,1.0,1.0,1.0,0.8,0.6,0.8,0.6,1.0,0.875,0.875,0.875,0.875,0.6444444444444445
2641,counting,no,0,0.6363636363636364,0.4909090909090909,0.0,1.0,1.0,1.0,0.0,1.0,0.5454545454545454,0.6,0.475,0.5416666666666666,1.0,0.4444444444444444
2642,object,no,0,1.0,1.0,1.0,1.0,0.8,0.6,0.8,0.6,1.0,0.875,0.875,0.875,0.875,0.6444444444444445
2643,sentiment,no,0,0.7272727272727273,0.5636363636363636,0.0,1.0,1.0,1.0,0.0,1.0,0.5151515151515151,0.675,0.4666666666666667,0.5416666666666666,1.0,0.4444444444444444
2644,sentiment,no,0,1.0,1.0,0.0,1.0,1.0,1.0,0.0,1.0,0.47619047619047616,1.0,0.5416666666666666,0.5416666666666666,1.0,0.4444444444444444
2645,attribute,no,0,1.0,1.0,1.0,1.0,1.0,1.0,1.0,1.0,1.0,1.0,1.0,1.0,1.0,1.0
2646,positional,no,0,0.18181818181818182,0.6727272727272727,1.0,1.0,0.0,1.0,1.0,1.0,0.4935064935064935,0.7666666666666667,0.475,0.5416666666666666,1.0,0.4444444444444444
2647,attribute,no,0,1.0,1.0,0.2727272727272727,0.5636363636363636,0.8,0.6,0.0,1.0,0.5151515151515151,0.875,0.5416666666666666,0.475,0.675,0.4666666666666667
2648,attribute,no,0,0.7272727272727273,0.5636363636363636,0.09090909090909091,0.8181818181818182,1.0,1.0,0.8,0.6,0.4935064935064935,0.675,0.6,0.5,0.5416666666666666,0.8
2649,attribute,no,0,1.0,1.0,0.36363636363636365,0.4909090909090909,1.0,1.0,0.8,0.6,0.5454545454545454,1.0,0.875,0.475,0.4666666666666667,0.8
2650,attribute,no,0,1.0,1.0,0.9090909090909091,0.8181818181818182,1.0,1.0,0.6,0.4,0.9090909090909091,1.0,0.7666666666666667,0.875,0.675,0.6444444444444445
2651,counting,no,0,1.0,1.0,0.0,1.0,1.0,1.0,0.0,1.0,0.47619047619047616,1.0,0.5416666666666666,0.5416666666666666,1.0,0.4444444444444444
2652,object,no,0,1.0,1.0,1.0,1.0,1.0,1.0,1.0,1.0,1.0,1.0,1.0,1.0,1.0,1.0
2653,sentiment,no,0,0.09090909090909091,0.8181818181818182,0.0,1.0,0.0,1.0,0.0,1.0,0.9090909090909091,0.875,0.875,1.0,1.0,1.0
2654,positional,no,0,1.0,1.0,1.0,1.0,1.0,1.0,0.8,0.6,1.0,1.0,0.875,1.0,0.875,0.8
2655,positional,no,0,1.0,1.0,0.9090909090909091,0.8181818181818182,0.8,0.6,0.8,0.6,0.9090909090909091,0.875,0.875,0.7666666666666667,0.7666666666666667,0.6444444444444445
2656,positional,no,0,1.0,1.0,0.36363636363636365,0.4909090909090909,1.0,1.0,0.8,0.6,0.5454545454545454,1.0,0.875,0.475,0.4666666666666667,0.8
2658,sentiment,no,0,1.0,1.0,1.0,1.0,1.0,1.0,1.0,1.0,1.0,1.0,1.0,1.0,1.0,1.0
2659,sentiment,no,0,1.0,1.0,0.0,1.0,1.0,1.0,0.0,1.0,0.47619047619047616,1.0,0.5416666666666666,0.5416666666666666,1.0,0.4444444444444444
2660,object,no,1,0.7272727272727273,0.5636363636363636,0.9090909090909091,0.8181818181818182,0.6,0.4,0.8,0.6,0.6883116883116883,0.5416666666666666,0.6,0.675,0.7666666666666667,0.5333333333333333
2661,sentiment,no,0,0.18181818181818182,0.6727272727272727,0.0,1.0,0.2,0.6,0.0,1.0,0.8268398268398268,0.675,0.7666666666666667,0.875,1.0,0.8
2662,attribute,no,0,1.0,1.0,0.9090909090909091,0.8181818181818182,0.8,0.6,0.8,0.6,0.9090909090909091,0.875,0.875,0.7666666666666667,0.7666666666666667,0.6444444444444445
2663,positional,no,0,0.9090909090909091,0.8181818181818182,0.9090909090909091,0.8181818181818182,1.0,1.0,0.6,0.4,0.8268398268398268,0.875,0.675,0.875,0.675,0.6444444444444445
2664,sentiment,no,0,0.18181818181818182,0.6727272727272727,0.0,1.0,0.0,1.0,0.0,1.0,0.8268398268398268,0.7666666666666667,0.7666666666666667,1.0,1.0,1.0
2665,object,no,0,0.8181818181818182,0.6727272727272727,0.8181818181818182,0.6727272727272727,1.0,1.0,0.8,0.6,0.6883116883116883,0.7666666666666667,0.675,0.7666666666666667,0.675,0.8
2666,sentiment,no,0,0.9090909090909091,0.8181818181818182,0.09090909090909091,0.8181818181818182,0.8,0.6,0.0,1.0,0.47619047619047616,0.7666666666666667,0.5,0.5416666666666666,0.875,0.4666666666666667
2667,positional,no,0,1.0,1.0,1.0,1.0,1.0,1.0,1.0,1.0,1.0,1.0,1.0,1.0,1.0,1.0
2668,positional,no,0,1.0,1.0,1.0,1.0,1.0,1.0,0.8,0.6,1.0,1.0,0.875,1.0,0.875,0.8
2669,object,no,0,1.0,1.0,1.0,1.0,1.0,1.0,1.0,1.0,1.0,1.0,1.0,1.0,1.0,1.0
2670,attribute,no,0,0.9090909090909091,0.8181818181818182,0.8181818181818182,0.6727272727272727,0.6,0.4,0.8,0.6,0.7532467532467533,0.675,0.7666666666666667,0.6,0.675,0.5333333333333333
2671,counting,no,0,1.0,1.0,0.0,1.0,1.0,1.0,0.0,1.0,0.47619047619047616,1.0,0.5416666666666666,0.5416666666666666,1.0,0.4444444444444444
2672,object,no,0,1.0,1.0,1.0,1.0,1.0,1.0,0.6,0.4,1.0,1.0,0.7666666666666667,1.0,0.7666666666666667,0.6444444444444445
2673,positional,no,0,1.0,1.0,1.0,1.0,0.8,0.6,0.6,0.4,1.0,0.875,0.7666666666666667,0.875,0.7666666666666667,0.5333333333333333
2675,counting,no,0,1.0,1.0,0.0,1.0,0.4,0.4,0.4,0.4,0.47619047619047616,0.675,0.675,0.7666666666666667,0.7666666666666667,0.4666666666666667
2676,counting,no,0,1.0,1.0,0.0,1.0,1.0,1.0,0.0,1.0,0.47619047619047616,1.0,0.5416666666666666,0.5416666666666666,1.0,0.4444444444444444
2678,object,no,0,1.0,1.0,1.0,1.0,1.0,1.0,1.0,1.0,1.0,1.0,1.0,1.0,1.0,1.0
2679,object,no,0,1.0,1.0,1.0,1.0,0.6,0.4,0.8,0.6,1.0,0.7666666666666667,0.875,0.7666666666666667,0.875,0.5333333333333333
2680,positional,no,0,0.9090909090909091,0.8181818181818182,0.9090909090909091,0.8181818181818182,1.0,1.0,0.8,0.6,0.8268398268398268,0.875,0.7666666666666667,0.875,0.7666666666666667,0.8
2682,attribute,no,0,1.0,1.0,0.7272727272727273,0.5636363636363636,0.8,0.6,0.4,0.4,0.7532467532467533,0.875,0.675,0.6,0.5,0.4666666666666667
2683,sentiment,no,0,0.0,1.0,0.0,1.0,0.0,1.0,0.0,1.0,1.0,1.0,1.0,1.0,1.0,1.0
2684,object,no,0,1.0,1.0,1.0,1.0,1.0,1.0,0.6,0.4,1.0,1.0,0.7666666666666667,1.0,0.7666666666666667,0.6444444444444445
2685,sentiment,no,0,1.0,1.0,0.09090909090909091,0.8181818181818182,1.0,1.0,0.0,1.0,0.4805194805194805,1.0,0.5416666666666666,0.5,0.875,0.4444444444444444
2686,positional,no,0,1.0,1.0,1.0,1.0,1.0,1.0,0.8,0.6,1.0,1.0,0.875,1.0,0.875,0.8
2687,sentiment,no,0,0.8181818181818182,0.6727272727272727,0.0,1.0,0.6,0.4,0.0,1.0,0.4935064935064935,0.6,0.475,0.675,1.0,0.5333333333333333
2688,sentiment,no,0,1.0,1.0,0.6363636363636364,0.4909090909090909,1.0,1.0,0.4,0.4,0.6883116883116883,1.0,0.675,0.6,0.475,0.5333333333333333
2689,attribute,no,0,1.0,1.0,0.7272727272727273,0.5636363636363636,1.0,1.0,0.8,0.6,0.7532467532467533,1.0,0.875,0.675,0.6,0.8
2690,attribute,no,0,1.0,1.0,0.7272727272727273,0.5636363636363636,1.0,1.0,1.0,1.0,0.7532467532467533,1.0,1.0,0.675,0.675,1.0
2691,attribute,no,0,1.0,1.0,0.8181818181818182,0.6727272727272727,1.0,1.0,1.0,1.0,0.8268398268398268,1.0,1.0,0.7666666666666667,0.7666666666666667,1.0
2692,object,no,1,0.9090909090909091,0.8181818181818182,0.9090909090909091,0.8181818181818182,0.2,0.6,0.2,0.6,0.8268398268398268,0.5416666666666666,0.5416666666666666,0.5416666666666666,0.5416666666666666,0.6444444444444445
2693,counting,no,0,1.0,1.0,0.0,1.0,1.0,1.0,0.0,1.0,0.47619047619047616,1.0,0.5416666666666666,0.5416666666666666,1.0,0.4444444444444444
2694,positional,no,0,1.0,1.0,0.0,1.0,1.0,1.0,0.0,1.0,0.47619047619047616,1.0,0.5416666666666666,0.5416666666666666,1.0,0.4444444444444444
2695,attribute,no,0,1.0,1.0,0.5454545454545454,0.45454545454545453,0.8,0.6,0.0,1.0,0.6320346320346321,0.875,0.5416666666666666,0.5,0.5,0.4666666666666667
2696,positional,no,0,1.0,1.0,0.5454545454545454,0.45454545454545453,1.0,1.0,0.6,0.4,0.6320346320346321,1.0,0.7666666666666667,0.5416666666666666,0.475,0.6444444444444445
2697,counting,no,0,0.9090909090909091,0.8181818181818182,0.09090909090909091,0.8181818181818182,1.0,1.0,0.2,0.6,0.47619047619047616,0.875,0.5416666666666666,0.5,0.7666666666666667,0.4666666666666667
2698,counting,no,0,1.0,1.0,1.0,1.0,1.0,1.0,0.2,0.6,1.0,1.0,0.6,1.0,0.6,0.4666666666666667
2699,object,no,0,1.0,1.0,0.8181818181818182,0.6727272727272727,1.0,1.0,1.0,1.0,0.8268398268398268,1.0,1.0,0.7666666666666667,0.7666666666666667,1.0
2700,attribute,no,0,0.7272727272727273,0.5636363636363636,0.5454545454545454,0.45454545454545453,1.0,1.0,0.6,0.4,0.5151515151515151,0.675,0.5416666666666666,0.5416666666666666,0.475,0.6444444444444445
2701,positional,no,0,0.9090909090909091,0.8181818181818182,1.0,1.0,1.0,1.0,0.6,0.4,0.9090909090909091,0.875,0.675,1.0,0.7666666666666667,0.6444444444444445
2702,sentiment,no,0,1.0,1.0,1.0,1.0,1.0,1.0,1.0,1.0,1.0,1.0,1.0,1.0,1.0,1.0
2703,attribute,no,0,1.0,1.0,0.9090909090909091,0.8181818181818182,1.0,1.0,0.8,0.6,0.9090909090909091,1.0,0.875,0.875,0.7666666666666667,0.8
2704,object,no,0,1.0,1.0,1.0,1.0,1.0,1.0,0.4,0.4,1.0,1.0,0.675,1.0,0.675,0.5333333333333333
2705,object,no,0,1.0,1.0,1.0,1.0,0.8,0.6,0.8,0.6,1.0,0.875,0.875,0.875,0.875,0.6444444444444445
2706,counting,no,0,0.6363636363636364,0.4909090909090909,0.0,1.0,1.0,1.0,0.0,1.0,0.5454545454545454,0.6,0.475,0.5416666666666666,1.0,0.4444444444444444
2707,positional,no,0,1.0,1.0,0.0,1.0,1.0,1.0,0.2,0.6,0.47619047619047616,1.0,0.6,0.5416666666666666,0.875,0.4666666666666667
2708,object,no,0,1.0,1.0,1.0,1.0,1.0,1.0,1.0,1.0,1.0,1.0,1.0,1.0,1.0,1.0
2710,counting,no,0,0.9090909090909091,0.8181818181818182,0.0,1.0,1.0,1.0,0.0,1.0,0.4805194805194805,0.875,0.5,0.5416666666666666,1.0,0.4444444444444444
2711,positional,no,0,1.0,1.0,0.45454545454545453,0.45454545454545453,1.0,1.0,0.6,0.4,0.5844155844155844,1.0,0.7666666666666667,0.5,0.4666666666666667,0.6444444444444445
2712,attribute,no,0,1.0,1.0,1.0,1.0,1.0,1.0,1.0,1.0,1.0,1.0,1.0,1.0,1.0,1.0
2713,sentiment,no,0,0.9090909090909091,0.8181818181818182,0.0,1.0,0.4,0.4,0.0,1.0,0.4805194805194805,0.6,0.5,0.7666666666666667,1.0,0.6444444444444445
2714,attribute,no,0,1.0,1.0,1.0,1.0,1.0,1.0,1.0,1.0,1.0,1.0,1.0,1.0,1.0,1.0
2715,object,no,0,1.0,1.0,0.9090909090909091,0.8181818181818182,1.0,1.0,1.0,1.0,0.9090909090909091,1.0,1.0,0.875,0.875,1.0
2717,positional,no,0,1.0,1.0,0.9090909090909091,0.8181818181818182,1.0,1.0,0.6,0.4,0.9090909090909091,1.0,0.7666666666666667,0.875,0.675,0.6444444444444445
2718,sentiment,no,0,1.0,1.0,0.0,1.0,1.0,1.0,0.4,0.4,0.47619047619047616,1.0,0.675,0.5416666666666666,0.7666666666666667,0.5333333333333333
2719,counting,no,0,1.0,1.0,0.8181818181818182,0.6727272727272727,1.0,1.0,0.8,0.6,0.8268398268398268,1.0,0.875,0.7666666666666667,0.675,0.8
2720,attribute,no,0,1.0,1.0,1.0,1.0,1.0,1.0,1.0,1.0,1.0,1.0,1.0,1.0,1.0,1.0
2721,object,no,0,1.0,1.0,0.8181818181818182,0.6727272727272727,1.0,1.0,0.8,0.6,0.8268398268398268,1.0,0.875,0.7666666666666667,0.675,0.8
2722,sentiment,no,0,1.0,1.0,0.5454545454545454,0.45454545454545453,1.0,1.0,1.0,1.0,0.6320346320346321,1.0,1.0,0.5416666666666666,0.5416666666666666,1.0
2723,attribute,no,0,1.0,1.0,1.0,1.0,1.0,1.0,0.6,0.4,1.0,1.0,0.7666666666666667,1.0,0.7666666666666667,0.6444444444444445
2724,attribute,no,0,0.6363636363636364,0.4909090909090909,0.18181818181818182,0.6727272727272727,0.4,0.4,0.0,1.0,0.4935064935064935,0.475,0.475,0.6,0.7666666666666667,0.6444444444444445
2725,attribute,no,0,1.0,1.0,1.0,1.0,1.0,1.0,0.8,0.6,1.0,1.0,0.875,1.0,0.875,0.8
2726,sentiment,no,0,1.0,1.0,1.0,1.0,0.8,0.6,0.2,0.6,1.0,0.875,0.6,0.875,0.6,0.4444444444444444
2727,counting,no,0,1.0,1.0,0.0,1.0,1.0,1.0,0.0,1.0,0.47619047619047616,1.0,0.5416666666666666,0.5416666666666666,1.0,0.4444444444444444
2728,sentiment,no,0,1.0,1.0,0.6363636363636364,0.4909090909090909,1.0,1.0,0.8,0.6,0.6883116883116883,1.0,0.875,0.6,0.5416666666666666,0.8
2729,object,no,0,1.0,1.0,0.9090909090909091,0.8181818181818182,1.0,1.0,0.8,0.6,0.9090909090909091,1.0,0.875,0.875,0.7666666666666667,0.8
2730,object,no,0,1.0,1.0,1.0,1.0,1.0,1.0,1.0,1.0,1.0,1.0,1.0,1.0,1.0,1.0
2731,positional,no,0,1.0,1.0,0.0,1.0,0.8,0.6,0.0,1.0,0.47619047619047616,0.875,0.5416666666666666,0.6,1.0,0.4666666666666667
2732,counting,no,0,1.0,1.0,0.9090909090909091,0.8181818181818182,1.0,1.0,0.6,0.4,0.9090909090909091,1.0,0.7666666666666667,0.875,0.675,0.6444444444444445
2733,object,no,0,0.36363636363636365,0.4909090909090909,0.0,1.0,0.4,0.4,0.0,1.0,0.6883116883116883,0.5,0.6,0.7666666666666667,1.0,0.6444444444444445
2734,object,no,0,1.0,1.0,1.0,1.0,1.0,1.0,1.0,1.0,1.0,1.0,1.0,1.0,1.0,1.0
2737,object,no,0,1.0,1.0,0.8181818181818182,0.6727272727272727,1.0,1.0,1.0,1.0,0.8268398268398268,1.0,1.0,0.7666666666666667,0.7666666666666667,1.0
2738,object,no,0,1.0,1.0,1.0,1.0,0.8,0.6,0.8,0.6,1.0,0.875,0.875,0.875,0.875,0.6444444444444445
2739,attribute,no,0,0.7272727272727273,0.5636363636363636,0.7272727272727273,0.5636363636363636,1.0,1.0,1.0,1.0,0.5844155844155844,0.675,0.675,0.675,0.675,1.0
2741,object,no,0,0.9090909090909091,0.8181818181818182,0.8181818181818182,0.6727272727272727,1.0,1.0,1.0,1.0,0.7532467532467533,0.875,0.875,0.7666666666666667,0.7666666666666667,1.0
2743,sentiment,no,0,1.0,1.0,0.36363636363636365,0.4909090909090909,1.0,1.0,0.0,1.0,0.5454545454545454,1.0,0.5416666666666666,0.475,0.6,0.4444444444444444
2745,object,no,0,1.0,1.0,1.0,1.0,1.0,1.0,1.0,1.0,1.0,1.0,1.0,1.0,1.0,1.0
2746,attribute,no,0,1.0,1.0,1.0,1.0,0.6,0.4,1.0,1.0,1.0,0.7666666666666667,1.0,0.7666666666666667,1.0,0.6444444444444445
2747,positional,no,0,1.0,1.0,0.7272727272727273,0.5636363636363636,1.0,1.0,0.6,0.4,0.7532467532467533,1.0,0.7666666666666667,0.675,0.5416666666666666,0.6444444444444445
2749,positional,no,0,1.0,1.0,0.0,1.0,1.0,1.0,0.0,1.0,0.47619047619047616,1.0,0.5416666666666666,0.5416666666666666,1.0,0.4444444444444444
2750,object,no,0,1.0,1.0,0.9090909090909091,0.8181818181818182,1.0,1.0,0.8,0.6,0.9090909090909091,1.0,0.875,0.875,0.7666666666666667,0.8
2751,positional,no,0,0.18181818181818182,0.6727272727272727,1.0,1.0,0.8,0.6,1.0,1.0,0.4935064935064935,0.5,0.475,0.875,1.0,0.8
2752,counting,no,0,1.0,1.0,0.5454545454545454,0.45454545454545453,1.0,1.0,0.4,0.4,0.6320346320346321,1.0,0.675,0.5416666666666666,0.4666666666666667,0.5333333333333333
2753,counting,no,1,0.7272727272727273,0.5636363636363636,0.7272727272727273,0.5636363636363636,1.0,1.0,0.8,0.6,0.5844155844155844,0.675,0.6,0.675,0.6,0.8
2754,object,no,0,1.0,1.0,0.45454545454545453,0.45454545454545453,1.0,1.0,0.0,1.0,0.5844155844155844,1.0,0.5416666666666666,0.5,0.5416666666666666,0.4444444444444444
2755,counting,no,0,1.0,1.0,1.0,1.0,1.0,1.0,1.0,1.0,1.0,1.0,1.0,1.0,1.0,1.0
2756,attribute,no,0,0.5454545454545454,0.45454545454545453,0.36363636363636365,0.4909090909090909,0.2,0.6,0.0,1.0,0.4805194805194805,0.475,0.5,0.5416666666666666,0.6,0.8
2757,sentiment,no,0,1.0,1.0,0.9090909090909091,0.8181818181818182,1.0,1.0,1.0,1.0,0.9090909090909091,1.0,1.0,0.875,0.875,1.0
2758,counting,no,0,0.45454545454545453,0.45454545454545453,0.0,1.0,0.2,0.6,0.0,1.0,0.6320346320346321,0.5,0.5416666666666666,0.875,1.0,0.8
2759,attribute,no,0,1.0,1.0,0.9090909090909091,0.8181818181818182,1.0,1.0,0.8,0.6,0.9090909090909091,1.0,0.875,0.875,0.7666666666666667,0.8
2760,counting,no,0,1.0,1.0,0.45454545454545453,0.45454545454545453,1.0,1.0,0.0,1.0,0.5844155844155844,1.0,0.5416666666666666,0.5,0.5416666666666666,0.4444444444444444
2761,positional,no,0,0.5454545454545454,0.45454545454545453,1.0,1.0,0.0,1.0,0.8,0.6,0.6320346320346321,0.5,0.5,0.5416666666666666,0.875,0.4666666666666667
2763,object,no,0,1.0,1.0,0.45454545454545453,0.45454545454545453,1.0,1.0,0.6,0.4,0.5844155844155844,1.0,0.7666666666666667,0.5,0.4666666666666667,0.6444444444444445
2764,attribute,no,0,1.0,1.0,0.0,1.0,1.0,1.0,0.6,0.4,0.47619047619047616,1.0,0.7666666666666667,0.5416666666666666,0.675,0.6444444444444445
2765,positional,no,0,1.0,1.0,0.9090909090909091,0.8181818181818182,1.0,1.0,0.4,0.4,0.9090909090909091,1.0,0.675,0.875,0.6,0.5333333333333333
2766,positional,no,1,0.45454545454545453,0.45454545454545453,0.5454545454545454,0.45454545454545453,0.6,0.4,1.0,1.0,0.47619047619047616,0.4666666666666667,0.5,0.475,0.5416666666666666,0.6444444444444445
2767,sentiment,no,0,1.0,1.0,0.9090909090909091,0.8181818181818182,1.0,1.0,1.0,1.0,0.9090909090909091,1.0,1.0,0.875,0.875,1.0
2768,object,no,1,1.0,1.0,1.0,1.0,1.0,1.0,1.0,1.0,1.0,1.0,1.0,1.0,1.0,1.0
2769,attribute,no,0,0.7272727272727273,0.5636363636363636,0.7272727272727273,0.5636363636363636,1.0,1.0,1.0,1.0,0.5844155844155844,0.675,0.675,0.675,0.675,1.0
2770,positional,no,0,0.8181818181818182,0.6727272727272727,1.0,1.0,1.0,1.0,0.6,0.4,0.8268398268398268,0.7666666666666667,0.6,1.0,0.7666666666666667,0.6444444444444445
2771,object,no,0,1.0,1.0,1.0,1.0,0.8,0.6,1.0,1.0,1.0,0.875,1.0,0.875,1.0,0.8
2772,object,no,0,0.8181818181818182,0.6727272727272727,0.8181818181818182,0.6727272727272727,1.0,1.0,0.8,0.6,0.6883116883116883,0.7666666666666667,0.675,0.7666666666666667,0.675,0.8
2773,attribute,no,0,0.7272727272727273,0.5636363636363636,0.2727272727272727,0.5636363636363636,0.4,0.4,0.0,1.0,0.47619047619047616,0.5,0.4666666666666667,0.5416666666666666,0.675,0.6444444444444445
2774,object,no,0,0.9090909090909091,0.8181818181818182,0.18181818181818182,0.6727272727272727,1.0,1.0,0.2,0.6,0.4805194805194805,0.875,0.5416666666666666,0.475,0.675,0.4666666666666667
2775,object,no,0,1.0,1.0,1.0,1.0,1.0,1.0,0.8,0.6,1.0,1.0,0.875,1.0,0.875,0.8
2776,object,no,0,0.8181818181818182,0.6727272727272727,0.0,1.0,1.0,1.0,0.4,0.4,0.4935064935064935,0.7666666666666667,0.5416666666666666,0.5416666666666666,0.7666666666666667,0.5333333333333333
2777,object,no,1,0.09090909090909091,0.8181818181818182,1.0,1.0,0.4,0.4,1.0,1.0,0.4805194805194805,0.675,0.5,0.675,1.0,0.5333333333333333
2778,object,no,0,0.9090909090909091,0.8181818181818182,0.7272727272727273,0.5636363636363636,1.0,1.0,0.8,0.6,0.6883116883116883,0.875,0.7666666666666667,0.675,0.6,0.8
2779,counting,no,0,1.0,1.0,0.09090909090909091,0.8181818181818182,1.0,1.0,0.0,1.0,0.4805194805194805,1.0,0.5416666666666666,0.5,0.875,0.4444444444444444
2780,positional,no,0,1.0,1.0,1.0,1.0,1.0,1.0,0.6,0.4,1.0,1.0,0.7666666666666667,1.0,0.7666666666666667,0.6444444444444445
2781,counting,no,1,0.9090909090909091,0.8181818181818182,1.0,1.0,0.8,0.6,0.8,0.6,0.9090909090909091,0.7666666666666667,0.7666666666666667,0.875,0.875,0.6444444444444445
2782,object,no,0,1.0,1.0,0.8181818181818182,0.6727272727272727,1.0,1.0,1.0,1.0,0.8268398268398268,1.0,1.0,0.7666666666666667,0.7666666666666667,1.0
2783,attribute,no,0,1.0,1.0,0.45454545454545453,0.45454545454545453,0.4,0.4,0.0,1.0,0.5844155844155844,0.675,0.5416666666666666,0.475,0.5416666666666666,0.6444444444444445
2784,attribute,no,0,1.0,1.0,0.9090909090909091,0.8181818181818182,0.8,0.6,0.4,0.4,0.9090909090909091,0.875,0.675,0.7666666666666667,0.6,0.4666666666666667
2785,attribute,no,0,0.5454545454545454,0.45454545454545453,0.09090909090909091,0.8181818181818182,0.4,0.4,0.2,0.6,0.5454545454545454,0.4666666666666667,0.475,0.675,0.7666666666666667,0.5333333333333333
2786,counting,no,0,0.9090909090909091,0.8181818181818182,0.0,1.0,0.6,0.4,0.2,0.6,0.4805194805194805,0.675,0.5416666666666666,0.675,0.875,0.4666666666666667
2787,object,no,0,1.0,1.0,1.0,1.0,1.0,1.0,0.8,0.6,1.0,1.0,0.875,1.0,0.875,0.8
2789,object,no,0,0.36363636363636365,0.4909090909090909,0.09090909090909091,0.8181818181818182,0.8,0.6,0.0,1.0,0.6320346320346321,0.4666666666666667,0.6,0.5416666666666666,0.875,0.4666666666666667
2790,counting,no,0,1.0,1.0,0.8181818181818182,0.6727272727272727,1.0,1.0,0.8,0.6,0.8268398268398268,1.0,0.875,0.7666666666666667,0.675,0.8
2791,sentiment,no,0,0.7272727272727273,0.5636363636363636,0.0,1.0,0.8,0.6,0.2,0.6,0.5151515151515151,0.6,0.475,0.6,0.875,0.4444444444444444
2792,object,no,0,1.0,1.0,1.0,1.0,1.0,1.0,1.0,1.0,1.0,1.0,1.0,1.0,1.0,1.0
2793,positional,no,0,1.0,1.0,1.0,1.0,1.0,1.0,0.4,0.4,1.0,1.0,0.675,1.0,0.675,0.5333333333333333
2795,positional,no,0,0.0,1.0,0.7272727272727273,0.5636363636363636,0.0,1.0,0.8,0.6,0.5151515151515151,1.0,0.6,0.4666666666666667,0.6,0.4666666666666667
2796,object,no,1,1.0,1.0,1.0,1.0,0.8,0.6,0.8,0.6,1.0,0.875,0.875,0.875,0.875,0.6444444444444445
2797,object,no,0,1.0,1.0,1.0,1.0,1.0,1.0,0.8,0.6,1.0,1.0,0.875,1.0,0.875,0.8
2798,positional,no,1,1.0,1.0,0.09090909090909091,0.8181818181818182,0.8,0.6,0.8,0.6,0.4805194805194805,0.875,0.875,0.5416666666666666,0.5416666666666666,0.6444444444444445
2799,object,no,0,0.8181818181818182,0.6727272727272727,0.8181818181818182,0.6727272727272727,1.0,1.0,0.8,0.6,0.6883116883116883,0.7666666666666667,0.675,0.7666666666666667,0.675,0.8
2800,attribute,no,0,1.0,1.0,1.0,1.0,0.4,0.4,1.0,1.0,1.0,0.675,1.0,0.675,1.0,0.5333333333333333
2801,attribute,no,0,1.0,1.0,0.9090909090909091,0.8181818181818182,1.0,1.0,1.0,1.0,0.9090909090909091,1.0,1.0,0.875,0.875,1.0
2802,positional,no,0,1.0,1.0,0.6363636363636364,0.4909090909090909,1.0,1.0,1.0,1.0,0.6883116883116883,1.0,1.0,0.6,0.6,1.0
2803,attribute,no,0,1.0,1.0,0.9090909090909091,0.8181818181818182,0.8,0.6,0.6,0.4,0.9090909090909091,0.875,0.7666666666666667,0.7666666666666667,0.675,0.5333333333333333
2804,sentiment,no,0,1.0,1.0,0.9090909090909091,0.8181818181818182,1.0,1.0,1.0,1.0,0.9090909090909091,1.0,1.0,0.875,0.875,1.0
2805,positional,no,0,1.0,1.0,0.09090909090909091,0.8181818181818182,0.8,0.6,0.2,0.6,0.4805194805194805,0.875,0.6,0.5416666666666666,0.7666666666666667,0.4444444444444444
2806,positional,no,0,1.0,1.0,1.0,1.0,1.0,1.0,1.0,1.0,1.0,1.0,1.0,1.0,1.0,1.0
2807,object,no,0,1.0,1.0,1.0,1.0,1.0,1.0,1.0,1.0,1.0,1.0,1.0,1.0,1.0,1.0
2808,object,no,0,0.7272727272727273,0.5636363636363636,0.6363636363636364,0.4909090909090909,0.8,0.6,0.8,0.6,0.5454545454545454,0.6,0.6,0.5416666666666666,0.5416666666666666,0.6444444444444445
2809,counting,no,1,1.0,1.0,0.6363636363636364,0.4909090909090909,1.0,1.0,1.0,1.0,0.6883116883116883,1.0,1.0,0.6,0.6,1.0
2810,sentiment,no,0,0.36363636363636365,0.4909090909090909,0.0,1.0,0.6,0.4,0.0,1.0,0.6883116883116883,0.475,0.6,0.675,1.0,0.5333333333333333
2811,counting,no,0,1.0,1.0,0.36363636363636365,0.4909090909090909,1.0,1.0,0.2,0.6,0.5454545454545454,1.0,0.6,0.475,0.5416666666666666,0.4666666666666667
2812,object,no,0,1.0,1.0,1.0,1.0,1.0,1.0,0.8,0.6,1.0,1.0,0.875,1.0,0.875,0.8
2813,object,no,0,1.0,1.0,1.0,1.0,1.0,1.0,1.0,1.0,1.0,1.0,1.0,1.0,1.0,1.0
2814,attribute,no,0,1.0,1.0,1.0,1.0,1.0,1.0,0.8,0.6,1.0,1.0,0.875,1.0,0.875,0.8
2815,object,no,0,0.6363636363636364,0.4909090909090909,0.09090909090909091,0.8181818181818182,0.8,0.6,0.0,1.0,0.5151515151515151,0.5416666666666666,0.475,0.5416666666666666,0.875,0.4666666666666667
2816,object,no,0,1.0,1.0,0.9090909090909091,0.8181818181818182,1.0,1.0,0.6,0.4,0.9090909090909091,1.0,0.7666666666666667,0.875,0.675,0.6444444444444445
2817,sentiment,no,1,0.18181818181818182,0.6727272727272727,1.0,1.0,0.0,1.0,1.0,1.0,0.4935064935064935,0.7666666666666667,0.475,0.5416666666666666,1.0,0.4444444444444444
2818,attribute,no,0,0.9090909090909091,0.8181818181818182,0.18181818181818182,0.6727272727272727,1.0,1.0,0.0,1.0,0.4805194805194805,0.875,0.5,0.475,0.7666666666666667,0.4444444444444444
2819,object,no,1,1.0,1.0,1.0,1.0,1.0,1.0,1.0,1.0,1.0,1.0,1.0,1.0,1.0,1.0
2820,counting,no,0,1.0,1.0,1.0,1.0,1.0,1.0,0.8,0.6,1.0,1.0,0.875,1.0,0.875,0.8
2822,attribute,no,0,1.0,1.0,0.9090909090909091,0.8181818181818182,0.8,0.6,0.8,0.6,0.9090909090909091,0.875,0.875,0.7666666666666667,0.7666666666666667,0.6444444444444445
2823,positional,no,0,1.0,1.0,0.09090909090909091,0.8181818181818182,0.8,0.6,0.0,1.0,0.4805194805194805,0.875,0.5416666666666666,0.5416666666666666,0.875,0.4666666666666667
2824,attribute,no,0,1.0,1.0,1.0,1.0,0.8,0.6,0.6,0.4,1.0,0.875,0.7666666666666667,0.875,0.7666666666666667,0.5333333333333333
2825,positional,no,0,1.0,1.0,1.0,1.0,1.0,1.0,0.8,0.6,1.0,1.0,0.875,1.0,0.875,0.8
2826,positional,no,1,0.9090909090909091,0.8181818181818182,0.0,1.0,1.0,1.0,0.2,0.6,0.4805194805194805,0.875,0.5416666666666666,0.5416666666666666,0.875,0.4666666666666667
2828,object,no,0,1.0,1.0,1.0,1.0,1.0,1.0,1.0,1.0,1.0,1.0,1.0,1.0,1.0,1.0
2829,object,no,0,1.0,1.0,0.9090909090909091,0.8181818181818182,1.0,1.0,1.0,1.0,0.9090909090909091,1.0,1.0,0.875,0.875,1.0
2830,attribute,no,0,1.0,1.0,1.0,1.0,1.0,1.0,1.0,1.0,1.0,1.0,1.0,1.0,1.0,1.0
2831,object,no,1,0.5454545454545454,0.45454545454545453,0.9090909090909091,0.8181818181818182,1.0,1.0,1.0,1.0,0.5844155844155844,0.5416666666666666,0.5416666666666666,0.875,0.875,1.0
2832,attribute,no,0,1.0,1.0,0.9090909090909091,0.8181818181818182,1.0,1.0,0.8,0.6,0.9090909090909091,1.0,0.875,0.875,0.7666666666666667,0.8
2833,counting,no,0,1.0,1.0,0.0,1.0,1.0,1.0,0.0,1.0,0.47619047619047616,1.0,0.5416666666666666,0.5416666666666666,1.0,0.4444444444444444
2834,object,no,1,1.0,1.0,1.0,1.0,0.8,0.6,1.0,1.0,1.0,0.875,1.0,0.875,1.0,0.8
2835,object,no,0,0.8181818181818182,0.6727272727272727,0.8181818181818182,0.6727272727272727,0.8,0.6,0.6,0.4,0.6883116883116883,0.675,0.6,0.675,0.6,0.5333333333333333
2836,attribute,no,0,1.0,1.0,0.6363636363636364,0.4909090909090909,1.0,1.0,0.6,0.4,0.6883116883116883,1.0,0.7666666666666667,0.6,0.5,0.6444444444444445
2837,object,no,0,0.9090909090909091,0.8181818181818182,0.7272727272727273,0.5636363636363636,0.8,0.6,0.8,0.6,0.6883116883116883,0.7666666666666667,0.7666666666666667,0.6,0.6,0.6444444444444445
2838,object,no,0,0.45454545454545453,0.45454545454545453,0.0,1.0,0.8,0.6,0.0,1.0,0.6320346320346321,0.475,0.5416666666666666,0.6,1.0,0.4666666666666667
2839,sentiment,no,0,0.0,1.0,0.0,1.0,0.0,1.0,0.2,0.6,1.0,1.0,0.875,1.0,0.875,0.8
2840,sentiment,no,0,1.0,1.0,0.09090909090909091,0.8181818181818182,0.8,0.6,0.0,1.0,0.4805194805194805,0.875,0.5416666666666666,0.5416666666666666,0.875,0.4666666666666667
2841,counting,no,0,1.0,1.0,1.0,1.0,0.8,0.6,0.8,0.6,1.0,0.875,0.875,0.875,0.875,0.6444444444444445
2842,attribute,no,0,0.0,1.0,0.0,1.0,0.4,0.4,0.4,0.4,1.0,0.7666666666666667,0.7666666666666667,0.7666666666666667,0.7666666666666667,0.4666666666666667
2843,object,no,0,1.0,1.0,1.0,1.0,1.0,1.0,1.0,1.0,1.0,1.0,1.0,1.0,1.0,1.0
2844,object,no,0,1.0,1.0,1.0,1.0,1.0,1.0,1.0,1.0,1.0,1.0,1.0,1.0,1.0,1.0
2845,attribute,no,0,1.0,1.0,1.0,1.0,0.6,0.4,0.8,0.6,1.0,0.7666666666666667,0.875,0.7666666666666667,0.875,0.5333333333333333
2846,object,no,0,1.0,1.0,1.0,1.0,1.0,1.0,1.0,1.0,1.0,1.0,1.0,1.0,1.0,1.0
2847,positional,no,1,0.9090909090909091,0.8181818181818182,0.09090909090909091,0.8181818181818182,0.4,0.4,0.6,0.4,0.47619047619047616,0.6,0.675,0.675,0.6,0.4444444444444444
2848,positional,no,0,0.45454545454545453,0.45454545454545453,0.09090909090909091,0.8181818181818182,0.4,0.4,0.2,0.6,0.5844155844155844,0.475,0.5,0.675,0.7666666666666667,0.5333333333333333
2850,attribute,no,0,1.0,1.0,1.0,1.0,1.0,1.0,1.0,1.0,1.0,1.0,1.0,1.0,1.0,1.0
2851,object,no,0,1.0,1.0,1.0,1.0,1.0,1.0,1.0,1.0,1.0,1.0,1.0,1.0,1.0,1.0
2852,sentiment,no,0,1.0,1.0,0.6363636363636364,0.4909090909090909,1.0,1.0,1.0,1.0,0.6883116883116883,1.0,1.0,0.6,0.6,1.0
2854,counting,no,0,0.8181818181818182,0.6727272727272727,1.0,1.0,1.0,1.0,0.8,0.6,0.8268398268398268,0.7666666666666667,0.675,1.0,0.875,0.8
2856,object,no,0,0.9090909090909091,0.8181818181818182,0.9090909090909091,0.8181818181818182,1.0,1.0,0.6,0.4,0.8268398268398268,0.875,0.675,0.875,0.675,0.6444444444444445
2857,attribute,no,0,1.0,1.0,1.0,1.0,1.0,1.0,0.8,0.6,1.0,1.0,0.875,1.0,0.875,0.8
2858,positional,no,0,1.0,1.0,1.0,1.0,1.0,1.0,0.8,0.6,1.0,1.0,0.875,1.0,0.875,0.8
2859,attribute,no,0,0.8181818181818182,0.6727272727272727,0.7272727272727273,0.5636363636363636,1.0,1.0,0.8,0.6,0.6320346320346321,0.7666666666666667,0.675,0.675,0.6,0.8
2860,object,no,0,1.0,1.0,0.9090909090909091,0.8181818181818182,0.8,0.6,1.0,1.0,0.9090909090909091,0.875,1.0,0.7666666666666667,0.875,0.8
2861,attribute,no,0,0.5454545454545454,0.45454545454545453,0.18181818181818182,0.6727272727272727,0.2,0.6,0.2,0.6,0.5151515151515151,0.475,0.475,0.675,0.675,0.6444444444444445
2862,sentiment,no,0,0.7272727272727273,0.5636363636363636,0.5454545454545454,0.45454545454545453,1.0,1.0,0.6,0.4,0.5151515151515151,0.675,0.5416666666666666,0.5416666666666666,0.475,0.6444444444444445
2863,attribute,no,0,1.0,1.0,0.9090909090909091,0.8181818181818182,1.0,1.0,0.8,0.6,0.9090909090909091,1.0,0.875,0.875,0.7666666666666667,0.8
2864,object,no,0,1.0,1.0,1.0,1.0,1.0,1.0,0.8,0.6,1.0,1.0,0.875,1.0,0.875,0.8
2865,attribute,no,0,1.0,1.0,1.0,1.0,1.0,1.0,0.4,0.4,1.0,1.0,0.675,1.0,0.675,0.5333333333333333
2866,positional,no,0,1.0,1.0,1.0,1.0,1.0,1.0,0.8,0.6,1.0,1.0,0.875,1.0,0.875,0.8
2867,object,no,1,1.0,1.0,1.0,1.0,1.0,1.0,1.0,1.0,1.0,1.0,1.0,1.0,1.0,1.0
2868,sentiment,no,0,1.0,1.0,0.7272727272727273,0.5636363636363636,1.0,1.0,1.0,1.0,0.7532467532467533,1.0,1.0,0.675,0.675,1.0
2869,attribute,no,0,1.0,1.0,1.0,1.0,0.4,0.4,1.0,1.0,1.0,0.675,1.0,0.675,1.0,0.5333333333333333
2870,counting,no,0,1.0,1.0,0.9090909090909091,0.8181818181818182,1.0,1.0,0.0,1.0,0.9090909090909091,1.0,0.5416666666666666,0.875,0.5,0.4444444444444444
2871,attribute,no,0,0.7272727272727273,0.5636363636363636,0.0,1.0,0.6,0.4,0.2,0.6,0.5151515151515151,0.5416666666666666,0.475,0.675,0.875,0.4666666666666667
2872,counting,no,0,1.0,1.0,1.0,1.0,1.0,1.0,1.0,1.0,1.0,1.0,1.0,1.0,1.0,1.0
2873,counting,no,0,1.0,1.0,0.45454545454545453,0.45454545454545453,1.0,1.0,0.0,1.0,0.5844155844155844,1.0,0.5416666666666666,0.5,0.5416666666666666,0.4444444444444444
2874,counting,no,0,0.2727272727272727,0.5636363636363636,0.0,1.0,0.0,1.0,0.2,0.6,0.7532467532467533,0.675,0.6,1.0,0.875,0.8
2875,object,no,0,1.0,1.0,0.9090909090909091,0.8181818181818182,1.0,1.0,0.8,0.6,0.9090909090909091,1.0,0.875,0.875,0.7666666666666667,0.8
2876,object,no,0,1.0,1.0,1.0,1.0,1.0,1.0,1.0,1.0,1.0,1.0,1.0,1.0,1.0,1.0
2877,attribute,no,0,1.0,1.0,1.0,1.0,1.0,1.0,0.8,0.6,1.0,1.0,0.875,1.0,0.875,0.8
2878,positional,no,0,0.0,1.0,1.0,1.0,0.0,1.0,0.8,0.6,0.47619047619047616,1.0,0.6,0.5416666666666666,0.875,0.4666666666666667
2879,object,no,0,0.5454545454545454,0.45454545454545453,0.36363636363636365,0.4909090909090909,1.0,1.0,1.0,1.0,0.4805194805194805,0.5416666666666666,0.5416666666666666,0.475,0.475,1.0
2880,object,no,0,1.0,1.0,1.0,1.0,1.0,1.0,1.0,1.0,1.0,1.0,1.0,1.0,1.0,1.0
2881,sentiment,no,0,1.0,1.0,0.0,1.0,1.0,1.0,0.0,1.0,0.47619047619047616,1.0,0.5416666666666666,0.5416666666666666,1.0,0.4444444444444444
2882,object,no,0,1.0,1.0,1.0,1.0,1.0,1.0,1.0,1.0,1.0,1.0,1.0,1.0,1.0,1.0
2883,sentiment,no,0,0.7272727272727273,0.5636363636363636,0.18181818181818182,0.6727272727272727,0.6,0.4,0.0,1.0,0.4805194805194805,0.5416666666666666,0.4666666666666667,0.5416666666666666,0.7666666666666667,0.5333333333333333
2884,object,no,0,1.0,1.0,0.8181818181818182,0.6727272727272727,0.8,0.6,0.6,0.4,0.8268398268398268,0.875,0.7666666666666667,0.675,0.6,0.5333333333333333
2885,object,no,0,0.9090909090909091,0.8181818181818182,0.7272727272727273,0.5636363636363636,0.8,0.6,0.8,0.6,0.6883116883116883,0.7666666666666667,0.7666666666666667,0.6,0.6,0.6444444444444445
2887,object,no,0,1.0,1.0,1.0,1.0,1.0,1.0,0.8,0.6,1.0,1.0,0.875,1.0,0.875,0.8
2888,object,no,0,1.0,1.0,1.0,1.0,1.0,1.0,1.0,1.0,1.0,1.0,1.0,1.0,1.0,1.0
2889,object,no,0,0.9090909090909091,0.8181818181818182,0.5454545454545454,0.45454545454545453,0.8,0.6,0.0,1.0,0.5844155844155844,0.7666666666666667,0.5,0.5,0.5,0.4666666666666667
2890,positional,no,0,1.0,1.0,0.8181818181818182,0.6727272727272727,1.0,1.0,0.4,0.4,0.8268398268398268,1.0,0.675,0.7666666666666667,0.5416666666666666,0.5333333333333333
2891,attribute,no,0,0.7272727272727273,0.5636363636363636,0.5454545454545454,0.45454545454545453,1.0,1.0,0.8,0.6,0.5151515151515151,0.675,0.6,0.5416666666666666,0.5,0.8
2892,counting,no,0,0.6363636363636364,0.4909090909090909,0.09090909090909091,0.8181818181818182,0.8,0.6,0.0,1.0,0.5151515151515151,0.5416666666666666,0.475,0.5416666666666666,0.875,0.4666666666666667
2893,positional,no,1,1.0,1.0,0.0,1.0,1.0,1.0,0.4,0.4,0.47619047619047616,1.0,0.675,0.5416666666666666,0.7666666666666667,0.5333333333333333
2894,object,no,0,1.0,1.0,0.6363636363636364,0.4909090909090909,1.0,1.0,0.4,0.4,0.6883116883116883,1.0,0.675,0.6,0.475,0.5333333333333333
2895,object,no,0,1.0,1.0,1.0,1.0,1.0,1.0,1.0,1.0,1.0,1.0,1.0,1.0,1.0,1.0
2896,sentiment,no,0,0.8181818181818182,0.6727272727272727,0.5454545454545454,0.45454545454545453,1.0,1.0,0.0,1.0,0.5454545454545454,0.7666666666666667,0.475,0.5416666666666666,0.5,0.4444444444444444
2897,counting,no,0,1.0,1.0,0.6363636363636364,0.4909090909090909,1.0,1.0,0.0,1.0,0.6883116883116883,1.0,0.5416666666666666,0.6,0.475,0.4444444444444444
2899,positional,no,0,1.0,1.0,1.0,1.0,1.0,1.0,0.8,0.6,1.0,1.0,0.875,1.0,0.875,0.8
2900,object,no,0,1.0,1.0,1.0,1.0,0.8,0.6,0.6,0.4,1.0,0.875,0.7666666666666667,0.875,0.7666666666666667,0.5333333333333333
2901,sentiment,no,0,1.0,1.0,0.0,1.0,1.0,1.0,0.0,1.0,0.47619047619047616,1.0,0.5416666666666666,0.5416666666666666,1.0,0.4444444444444444
2902,object,no,0,1.0,1.0,1.0,1.0,1.0,1.0,0.8,0.6,1.0,1.0,0.875,1.0,0.875,0.8
2904,attribute,no,0,1.0,1.0,1.0,1.0,1.0,1.0,0.8,0.6,1.0,1.0,0.875,1.0,0.875,0.8
2905,attribute,no,0,1.0,1.0,0.0,1.0,0.2,0.6,0.0,1.0,0.47619047619047616,0.6,0.5416666666666666,0.875,1.0,0.8
2907,object,no,0,1.0,1.0,0.18181818181818182,0.6727272727272727,0.4,0.4,0.2,0.6,0.4935064935064935,0.675,0.6,0.6,0.675,0.5333333333333333
2908,object,no,0,1.0,1.0,1.0,1.0,1.0,1.0,0.8,0.6,1.0,1.0,0.875,1.0,0.875,0.8
2909,counting,no,0,1.0,1.0,0.18181818181818182,0.6727272727272727,1.0,1.0,0.0,1.0,0.4935064935064935,1.0,0.5416666666666666,0.475,0.7666666666666667,0.4444444444444444
2910,counting,no,0,1.0,1.0,0.0,1.0,1.0,1.0,0.0,1.0,0.47619047619047616,1.0,0.5416666666666666,0.5416666666666666,1.0,0.4444444444444444
2911,counting,no,0,1.0,1.0,0.18181818181818182,0.6727272727272727,1.0,1.0,0.2,0.6,0.4935064935064935,1.0,0.6,0.475,0.675,0.4666666666666667
2912,attribute,no,0,0.9090909090909091,0.8181818181818182,0.7272727272727273,0.5636363636363636,0.8,0.6,1.0,1.0,0.6883116883116883,0.7666666666666667,0.875,0.6,0.675,0.8
2913,object,no,0,0.9090909090909091,0.8181818181818182,0.7272727272727273,0.5636363636363636,0.8,0.6,0.4,0.4,0.6883116883116883,0.7666666666666667,0.6,0.6,0.5,0.4666666666666667
2914,object,no,0,0.09090909090909091,0.8181818181818182,0.09090909090909091,0.8181818181818182,0.2,0.6,0.0,1.0,0.8268398268398268,0.7666666666666667,0.875,0.7666666666666667,0.875,0.8
2915,counting,no,0,0.9090909090909091,0.8181818181818182,0.09090909090909091,0.8181818181818182,1.0,1.0,0.0,1.0,0.47619047619047616,0.875,0.5,0.5,0.875,0.4444444444444444
2916,object,no,0,1.0,1.0,0.8181818181818182,0.6727272727272727,1.0,1.0,0.8,0.6,0.8268398268398268,1.0,0.875,0.7666666666666667,0.675,0.8
2917,object,no,0,1.0,1.0,1.0,1.0,1.0,1.0,0.8,0.6,1.0,1.0,0.875,1.0,0.875,0.8
2918,object,no,0,0.7272727272727273,0.5636363636363636,0.6363636363636364,0.4909090909090909,0.8,0.6,0.8,0.6,0.5454545454545454,0.6,0.6,0.5416666666666666,0.5416666666666666,0.6444444444444445
2919,attribute,no,0,0.9090909090909091,0.8181818181818182,0.45454545454545453,0.45454545454545453,1.0,1.0,1.0,1.0,0.5454545454545454,0.875,0.875,0.5,0.5,1.0
2920,object,no,0,1.0,1.0,1.0,1.0,1.0,1.0,0.8,0.6,1.0,1.0,0.875,1.0,0.875,0.8
2921,attribute,no,0,0.18181818181818182,0.6727272727272727,0.0,1.0,0.2,0.6,0.2,0.6,0.8268398268398268,0.675,0.675,0.875,0.875,0.6444444444444445
2922,attribute,no,0,1.0,1.0,1.0,1.0,0.6,0.4,0.8,0.6,1.0,0.7666666666666667,0.875,0.7666666666666667,0.875,0.5333333333333333
2923,attribute,no,0,1.0,1.0,1.0,1.0,1.0,1.0,0.6,0.4,1.0,1.0,0.7666666666666667,1.0,0.7666666666666667,0.6444444444444445
2924,object,no,0,0.7272727272727273,0.5636363636363636,0.0,1.0,0.2,0.6,0.0,1.0,0.5151515151515151,0.475,0.4666666666666667,0.875,1.0,0.8
2925,object,no,0,0.9090909090909091,0.8181818181818182,0.7272727272727273,0.5636363636363636,0.8,0.6,0.6,0.4,0.6883116883116883,0.7666666666666667,0.675,0.6,0.5416666666666666,0.5333333333333333
2927,attribute,no,0,1.0,1.0,1.0,1.0,0.6,0.4,0.8,0.6,1.0,0.7666666666666667,0.875,0.7666666666666667,0.875,0.5333333333333333
2928,attribute,no,0,0.09090909090909091,0.8181818181818182,0.18181818181818182,0.6727272727272727,0.0,1.0,0.6,0.4,0.7532467532467533,0.875,0.6,0.7666666666666667,0.5416666666666666,0.5333333333333333
2929,attribute,no,0,0.0,1.0,0.0,1.0,0.0,1.0,0.0,1.0,1.0,1.0,1.0,1.0,1.0,1.0
2930,object,no,0,1.0,1.0,0.36363636363636365,0.4909090909090909,1.0,1.0,0.8,0.6,0.5454545454545454,1.0,0.875,0.475,0.4666666666666667,0.8
2931,object,no,0,0.6363636363636364,0.4909090909090909,0.45454545454545453,0.45454545454545453,1.0,1.0,0.8,0.6,0.4805194805194805,0.6,0.5416666666666666,0.5,0.475,0.8
2932,positional,no,1,1.0,1.0,0.36363636363636365,0.4909090909090909,0.6,0.4,0.8,0.6,0.5454545454545454,0.7666666666666667,0.875,0.475,0.4666666666666667,0.5333333333333333
2933,attribute,no,0,0.9090909090909091,0.8181818181818182,0.0,1.0,0.6,0.4,0.2,0.6,0.4805194805194805,0.675,0.5416666666666666,0.675,0.875,0.4666666666666667
2934,positional,no,1,1.0,1.0,0.5454545454545454,0.45454545454545453,0.8,0.6,1.0,1.0,0.6320346320346321,0.875,1.0,0.5,0.5416666666666666,0.8
2935,positional,no,0,1.0,1.0,1.0,1.0,1.0,1.0,1.0,1.0,1.0,1.0,1.0,1.0,1.0,1.0
2937,counting,no,0,0.9090909090909091,0.8181818181818182,0.18181818181818182,0.6727272727272727,1.0,1.0,0.8,0.6,0.4805194805194805,0.875,0.7666666666666667,0.475,0.5,0.8
2939,attribute,no,0,0.9090909090909091,0.8181818181818182,0.36363636363636365,0.4909090909090909,1.0,1.0,0.6,0.4,0.5151515151515151,0.875,0.675,0.475,0.475,0.6444444444444445
2940,object,no,0,1.0,1.0,1.0,1.0,1.0,1.0,1.0,1.0,1.0,1.0,1.0,1.0,1.0,1.0
2941,positional,no,0,1.0,1.0,0.9090909090909091,0.8181818181818182,1.0,1.0,0.6,0.4,0.9090909090909091,1.0,0.7666666666666667,0.875,0.675,0.6444444444444445
2942,object,no,0,1.0,1.0,1.0,1.0,1.0,1.0,1.0,1.0,1.0,1.0,1.0,1.0,1.0,1.0
2943,object,no,0,0.7272727272727273,0.5636363636363636,0.18181818181818182,0.6727272727272727,0.8,0.6,0.0,1.0,0.4805194805194805,0.6,0.4666666666666667,0.5,0.7666666666666667,0.4666666666666667
2944,object,no,0,1.0,1.0,0.2727272727272727,0.5636363636363636,1.0,1.0,0.8,0.6,0.5151515151515151,1.0,0.875,0.4666666666666667,0.475,0.8
2945,attribute,no,0,1.0,1.0,1.0,1.0,1.0,1.0,0.8,0.6,1.0,1.0,0.875,1.0,0.875,0.8
2946,positional,no,0,0.5454545454545454,0.45454545454545453,1.0,1.0,0.8,0.6,0.8,0.6,0.6320346320346321,0.5,0.5,0.875,0.875,0.6444444444444445
2947,attribute,no,0,1.0,1.0,0.45454545454545453,0.45454545454545453,1.0,1.0,0.2,0.6,0.5844155844155844,1.0,0.6,0.5,0.5,0.4666666666666667
2948,attribute,no,1,0.7272727272727273,0.5636363636363636,0.7272727272727273,0.5636363636363636,1.0,1.0,1.0,1.0,0.5844155844155844,0.675,0.675,0.675,0.675,1.0
2949,attribute,no,0,1.0,1.0,1.0,1.0,1.0,1.0,0.8,0.6,1.0,1.0,0.875,1.0,0.875,0.8
2950,object,no,0,0.6363636363636364,0.4909090909090909,0.36363636363636365,0.4909090909090909,1.0,1.0,0.8,0.6,0.47619047619047616,0.6,0.5416666666666666,0.475,0.4666666666666667,0.8
2951,object,no,0,1.0,1.0,1.0,1.0,1.0,1.0,1.0,1.0,1.0,1.0,1.0,1.0,1.0,1.0
2952,object,no,0,1.0,1.0,0.45454545454545453,0.45454545454545453,1.0,1.0,1.0,1.0,0.5844155844155844,1.0,1.0,0.5,0.5,1.0
2954,attribute,no,0,0.9090909090909091,0.8181818181818182,0.45454545454545453,0.45454545454545453,0.8,0.6,0.2,0.6,0.5454545454545454,0.7666666666666667,0.5416666666666666,0.475,0.5,0.4444444444444444
2956,positional,no,0,1.0,1.0,0.0,1.0,1.0,1.0,0.2,0.6,0.47619047619047616,1.0,0.6,0.5416666666666666,0.875,0.4666666666666667
2957,counting,no,0,1.0,1.0,1.0,1.0,1.0,1.0,0.4,0.4,1.0,1.0,0.675,1.0,0.675,0.5333333333333333
2958,attribute,no,0,1.0,1.0,0.36363636363636365,0.4909090909090909,1.0,1.0,0.2,0.6,0.5454545454545454,1.0,0.6,0.475,0.5416666666666666,0.4666666666666667
2959,attribute,no,0,1.0,1.0,0.5454545454545454,0.45454545454545453,1.0,1.0,0.4,0.4,0.6320346320346321,1.0,0.675,0.5416666666666666,0.4666666666666667,0.5333333333333333
2960,object,no,0,1.0,1.0,1.0,1.0,0.8,0.6,0.8,0.6,1.0,0.875,0.875,0.875,0.875,0.6444444444444445
2961,counting,no,0,1.0,1.0,0.09090909090909091,0.8181818181818182,1.0,1.0,0.0,1.0,0.4805194805194805,1.0,0.5416666666666666,0.5,0.875,0.4444444444444444
2962,object,no,0,1.0,1.0,1.0,1.0,1.0,1.0,1.0,1.0,1.0,1.0,1.0,1.0,1.0,1.0
2963,object,no,0,1.0,1.0,1.0,1.0,1.0,1.0,1.0,1.0,1.0,1.0,1.0,1.0,1.0,1.0
2964,attribute,no,0,1.0,1.0,1.0,1.0,0.2,0.6,0.8,0.6,1.0,0.6,0.875,0.6,0.875,0.4444444444444444
2965,attribute,no,0,1.0,1.0,0.18181818181818182,0.6727272727272727,1.0,1.0,0.2,0.6,0.4935064935064935,1.0,0.6,0.475,0.675,0.4666666666666667
2966,object,no,0,1.0,1.0,1.0,1.0,0.8,0.6,0.6,0.4,1.0,0.875,0.7666666666666667,0.875,0.7666666666666667,0.5333333333333333
2967,sentiment,no,0,1.0,1.0,0.09090909090909091,0.8181818181818182,1.0,1.0,0.0,1.0,0.4805194805194805,1.0,0.5416666666666666,0.5,0.875,0.4444444444444444
2968,object,no,0,1.0,1.0,1.0,1.0,1.0,1.0,0.8,0.6,1.0,1.0,0.875,1.0,0.875,0.8
2969,counting,no,0,1.0,1.0,1.0,1.0,1.0,1.0,0.6,0.4,1.0,1.0,0.7666666666666667,1.0,0.7666666666666667,0.6444444444444445
2970,object,no,0,1.0,1.0,1.0,1.0,1.0,1.0,1.0,1.0,1.0,1.0,1.0,1.0,1.0,1.0
2971,counting,no,0,1.0,1.0,0.2727272727272727,0.5636363636363636,1.0,1.0,0.0,1.0,0.5151515151515151,1.0,0.5416666666666666,0.4666666666666667,0.675,0.4444444444444444
2972,object,no,0,1.0,1.0,0.8181818181818182,0.6727272727272727,1.0,1.0,0.4,0.4,0.8268398268398268,1.0,0.675,0.7666666666666667,0.5416666666666666,0.5333333333333333
2973,sentiment,no,0,1.0,1.0,0.7272727272727273,0.5636363636363636,1.0,1.0,0.6,0.4,0.7532467532467533,1.0,0.7666666666666667,0.675,0.5416666666666666,0.6444444444444445
2974,attribute,no,0,1.0,1.0,0.9090909090909091,0.8181818181818182,1.0,1.0,1.0,1.0,0.9090909090909091,1.0,1.0,0.875,0.875,1.0
2975,object,no,0,1.0,1.0,1.0,1.0,1.0,1.0,1.0,1.0,1.0,1.0,1.0,1.0,1.0,1.0
2976,attribute,no,0,1.0,1.0,1.0,1.0,1.0,1.0,1.0,1.0,1.0,1.0,1.0,1.0,1.0,1.0
2977,object,no,0,1.0,1.0,0.9090909090909091,0.8181818181818182,1.0,1.0,0.8,0.6,0.9090909090909091,1.0,0.875,0.875,0.7666666666666667,0.8
2978,object,no,0,1.0,1.0,1.0,1.0,1.0,1.0,1.0,1.0,1.0,1.0,1.0,1.0,1.0,1.0
2979,attribute,no,0,0.9090909090909091,0.8181818181818182,0.0,1.0,0.2,0.6,0.2,0.6,0.4805194805194805,0.5416666666666666,0.5416666666666666,0.875,0.875,0.6444444444444445
2980,attribute,no,0,1.0,1.0,0.8181818181818182,0.6727272727272727,1.0,1.0,0.8,0.6,0.8268398268398268,1.0,0.875,0.7666666666666667,0.675,0.8
2981,attribute,no,0,0.36363636363636365,0.4909090909090909,0.2727272727272727,0.5636363636363636,0.2,0.6,0.2,0.6,0.5454545454545454,0.5416666666666666,0.5416666666666666,0.6,0.6,0.6444444444444445
2982,object,no,0,1.0,1.0,1.0,1.0,1.0,1.0,1.0,1.0,1.0,1.0,1.0,1.0,1.0,1.0
2983,counting,no,0,1.0,1.0,0.6363636363636364,0.4909090909090909,1.0,1.0,0.0,1.0,0.6883116883116883,1.0,0.5416666666666666,0.6,0.475,0.4444444444444444
2984,attribute,no,0,1.0,1.0,1.0,1.0,0.6,0.4,0.8,0.6,1.0,0.7666666666666667,0.875,0.7666666666666667,0.875,0.5333333333333333
2985,sentiment,no,0,1.0,1.0,1.0,1.0,0.8,0.6,0.8,0.6,1.0,0.875,0.875,0.875,0.875,0.6444444444444445
2986,counting,no,0,0.09090909090909091,0.8181818181818182,0.7272727272727273,0.5636363636363636,0.2,0.6,0.8,0.6,0.4935064935064935,0.7666666666666667,0.5416666666666666,0.475,0.6,0.4444444444444444
2987,attribute,no,0,1.0,1.0,1.0,1.0,1.0,1.0,0.8,0.6,1.0,1.0,0.875,1.0,0.875,0.8
2988,attribute,no,1,0.8181818181818182,0.6727272727272727,0.8181818181818182,0.6727272727272727,1.0,1.0,1.0,1.0,0.6883116883116883,0.7666666666666667,0.7666666666666667,0.7666666666666667,0.7666666666666667,1.0
2989,object,no,0,1.0,1.0,1.0,1.0,1.0,1.0,1.0,1.0,1.0,1.0,1.0,1.0,1.0,1.0
2990,object,no,0,1.0,1.0,1.0,1.0,1.0,1.0,0.8,0.6,1.0,1.0,0.875,1.0,0.875,0.8
2991,object,no,0,1.0,1.0,1.0,1.0,0.8,0.6,0.6,0.4,1.0,0.875,0.7666666666666667,0.875,0.7666666666666667,0.5333333333333333
2994,object,no,0,1.0,1.0,1.0,1.0,1.0,1.0,1.0,1.0,1.0,1.0,1.0,1.0,1.0,1.0
2995,attribute,no,0,1.0,1.0,1.0,1.0,1.0,1.0,1.0,1.0,1.0,1.0,1.0,1.0,1.0,1.0
2997,counting,no,0,1.0,1.0,0.09090909090909091,0.8181818181818182,1.0,1.0,0.0,1.0,0.4805194805194805,1.0,0.5416666666666666,0.5,0.875,0.4444444444444444
2998,positional,no,0,1.0,1.0,0.0,1.0,0.8,0.6,0.0,1.0,0.47619047619047616,0.875,0.5416666666666666,0.6,1.0,0.4666666666666667
3000,counting,no,0,1.0,1.0,0.45454545454545453,0.45454545454545453,1.0,1.0,0.6,0.4,0.5844155844155844,1.0,0.7666666666666667,0.5,0.4666666666666667,0.6444444444444445
