id,type,truth,hal_label,QA_ITA,PA_ITA,QA_ITC,PA_ITC,QA_FSA,PA_FSA,QA_FSC,PA_FSC,PA_ITA_ITC,PA_ITA_FSA,PA_ITA_FSC,PA_ITC_FSA,PA_ITC_FSC,PA_FSA_FSC
1,attribute,no,0,1.0,1.0,0.7272727272727273,0.5636363636363636,0.8,0.6,1.0,1.0,0.7532467532467533,0.875,1.0,0.6,0.675,0.8
2,object,no,1,1.0,1.0,0.6363636363636364,0.4909090909090909,1.0,1.0,0.4,0.4,0.6883116883116883,1.0,0.675,0.6,0.475,0.5333333333333333
3,object,no,0,1.0,1.0,0.0,1.0,0.4,0.4,0.2,0.6,0.47619047619047616,0.675,0.6,0.7666666666666667,0.875,0.5333333333333333
4,counting,no,1,1.0,1.0,0.09090909090909091,0.8181818181818182,1.0,1.0,0.0,1.0,0.4805194805194805,1.0,0.5416666666666666,0.5,0.875,0.4444444444444444
5,positional,no,0,0.45454545454545453,0.45454545454545453,0.9090909090909091,0.8181818181818182,0.2,0.6,1.0,1.0,0.5454545454545454,0.5,0.5,0.5416666666666666,0.875,0.4666666666666667
6,attribute,no,0,0.09090909090909091,0.8181818181818182,1.0,1.0,0.0,1.0,1.0,1.0,0.4805194805194805,0.875,0.5,0.5416666666666666,1.0,0.4444444444444444
7,counting,no,1,1.0,1.0,1.0,1.0,1.0,1.0,0.6,0.4,1.0,1.0,0.7666666666666667,1.0,0.7666666666666667,0.6444444444444445
8,sentiment,no,0,1.0,1.0,0.0,1.0,1.0,1.0,0.4,0.4,0.47619047619047616,1.0,0.675,0.5416666666666666,0.7666666666666667,0.5333333333333333
9,attribute,no,1,1.0,1.0,0.0,1.0,1.0,1.0,0.0,1.0,0.47619047619047616,1.0,0.5416666666666666,0.5416666666666666,1.0,0.4444444444444444
10,attribute,no,0,0.09090909090909091,0.8181818181818182,1.0,1.0,0.0,1.0,1.0,1.0,0.4805194805194805,0.875,0.5,0.5416666666666666,1.0,0.4444444444444444
11,attribute,no,0,1.0,1.0,0.6363636363636364,0.4909090909090909,0.4,0.4,1.0,1.0,0.6883116883116883,0.675,1.0,0.475,0.6,0.5333333333333333
12,attribute,no,1,1.0,1.0,0.7272727272727273,0.5636363636363636,0.8,0.6,0.8,0.6,0.7532467532467533,0.875,0.875,0.6,0.6,0.6444444444444445
13,object,no,1,1.0,1.0,1.0,1.0,1.0,1.0,0.8,0.6,1.0,1.0,0.875,1.0,0.875,0.8
14,attribute,no,1,1.0,1.0,0.09090909090909091,0.8181818181818182,1.0,1.0,0.0,1.0,0.4805194805194805,1.0,0.5416666666666666,0.5,0.875,0.4444444444444444
15,attribute,no,0,0.18181818181818182,0.6727272727272727,0.0,1.0,0.0,1.0,0.6,0.4,0.8268398268398268,0.7666666666666667,0.5416666666666666,1.0,0.675,0.5333333333333333
16,object,no,0,1.0,1.0,0.0,1.0,0.2,0.6,0.6,0.4,0.47619047619047616,0.6,0.7666666666666667,0.875,0.675,0.4666666666666667
17,attribute,no,1,0.09090909090909091,0.8181818181818182,0.0,1.0,0.2,0.6,0.0,1.0,0.9090909090909091,0.7666666666666667,0.875,0.875,1.0,0.8
18,positional,no,1,1.0,1.0,0.45454545454545453,0.45454545454545453,1.0,1.0,0.0,1.0,0.5844155844155844,1.0,0.5416666666666666,0.5,0.5416666666666666,0.4444444444444444
19,counting,no,0,0.5454545454545454,0.45454545454545453,0.0,1.0,0.4,0.4,0.6,0.4,0.5844155844155844,0.4666666666666667,0.475,0.7666666666666667,0.675,0.4444444444444444
20,counting,no,1,1.0,1.0,1.0,1.0,1.0,1.0,0.2,0.6,1.0,1.0,0.6,1.0,0.6,0.4666666666666667
21,counting,no,1,1.0,1.0,1.0,1.0,1.0,1.0,0.8,0.6,1.0,1.0,0.875,1.0,0.875,0.8
22,positional,no,1,0.8181818181818182,0.6727272727272727,1.0,1.0,0.8,0.6,0.8,0.6,0.8268398268398268,0.675,0.675,0.875,0.875,0.6444444444444445
23,attribute,no,0,0.0,1.0,0.0,1.0,0.0,1.0,0.4,0.4,1.0,1.0,0.7666666666666667,1.0,0.7666666666666667,0.6444444444444445
24,sentiment,no,0,0.18181818181818182,0.6727272727272727,0.0,1.0,0.0,1.0,0.0,1.0,0.8268398268398268,0.7666666666666667,0.7666666666666667,1.0,1.0,1.0
25,positional,no,1,1.0,1.0,1.0,1.0,0.8,0.6,0.2,0.6,1.0,0.875,0.6,0.875,0.6,0.4444444444444444
26,attribute,no,0,0.7272727272727273,0.5636363636363636,0.8181818181818182,0.6727272727272727,1.0,1.0,1.0,1.0,0.6320346320346321,0.675,0.675,0.7666666666666667,0.7666666666666667,1.0
27,positional,no,1,0.9090909090909091,0.8181818181818182,1.0,1.0,1.0,1.0,1.0,1.0,0.9090909090909091,0.875,0.875,1.0,1.0,1.0
28,object,no,0,1.0,1.0,0.36363636363636365,0.4909090909090909,0.8,0.6,0.8,0.6,0.5454545454545454,0.875,0.875,0.4666666666666667,0.4666666666666667,0.6444444444444445
30,attribute,no,0,0.2727272727272727,0.5636363636363636,0.0,1.0,0.0,1.0,0.4,0.4,0.7532467532467533,0.675,0.5416666666666666,1.0,0.7666666666666667,0.6444444444444445
31,object,no,0,0.9090909090909091,0.8181818181818182,0.6363636363636364,0.4909090909090909,0.4,0.4,0.8,0.6,0.6320346320346321,0.6,0.7666666666666667,0.475,0.5416666666666666,0.4666666666666667
32,sentiment,no,1,1.0,1.0,1.0,1.0,1.0,1.0,0.8,0.6,1.0,1.0,0.875,1.0,0.875,0.8
34,object,no,0,0.6363636363636364,0.4909090909090909,1.0,1.0,0.6,0.4,1.0,1.0,0.6883116883116883,0.5,0.6,0.7666666666666667,1.0,0.6444444444444445
35,counting,no,1,0.9090909090909091,0.8181818181818182,1.0,1.0,1.0,1.0,0.6,0.4,0.9090909090909091,0.875,0.675,1.0,0.7666666666666667,0.6444444444444445
36,object,no,0,0.9090909090909091,0.8181818181818182,0.8181818181818182,0.6727272727272727,0.6,0.4,1.0,1.0,0.7532467532467533,0.675,0.875,0.6,0.7666666666666667,0.6444444444444445
37,attribute,no,1,1.0,1.0,0.18181818181818182,0.6727272727272727,1.0,1.0,0.0,1.0,0.4935064935064935,1.0,0.5416666666666666,0.475,0.7666666666666667,0.4444444444444444
39,counting,no,1,1.0,1.0,0.18181818181818182,0.6727272727272727,1.0,1.0,0.0,1.0,0.4935064935064935,1.0,0.5416666666666666,0.475,0.7666666666666667,0.4444444444444444
40,positional,no,1,1.0,1.0,0.8181818181818182,0.6727272727272727,1.0,1.0,0.6,0.4,0.8268398268398268,1.0,0.7666666666666667,0.7666666666666667,0.6,0.6444444444444445
41,object,no,0,1.0,1.0,0.0,1.0,0.8,0.6,0.6,0.4,0.47619047619047616,0.875,0.7666666666666667,0.6,0.675,0.5333333333333333
42,sentiment,no,0,1.0,1.0,0.0,1.0,0.8,0.6,0.0,1.0,0.47619047619047616,0.875,0.5416666666666666,0.6,1.0,0.4666666666666667
43,object,no,0,1.0,1.0,0.0,1.0,1.0,1.0,0.4,0.4,0.47619047619047616,1.0,0.675,0.5416666666666666,0.7666666666666667,0.5333333333333333
45,sentiment,no,1,0.9090909090909091,0.8181818181818182,0.5454545454545454,0.45454545454545453,0.8,0.6,0.6,0.4,0.5844155844155844,0.7666666666666667,0.675,0.5,0.475,0.5333333333333333
46,object,no,1,1.0,1.0,1.0,1.0,1.0,1.0,0.2,0.6,1.0,1.0,0.6,1.0,0.6,0.4666666666666667
48,object,no,0,1.0,1.0,0.0,1.0,0.8,0.6,0.6,0.4,0.47619047619047616,0.875,0.7666666666666667,0.6,0.675,0.5333333333333333
49,object,no,1,1.0,1.0,1.0,1.0,1.0,1.0,0.2,0.6,1.0,1.0,0.6,1.0,0.6,0.4666666666666667
50,object,no,0,1.0,1.0,0.0,1.0,1.0,1.0,0.6,0.4,0.47619047619047616,1.0,0.7666666666666667,0.5416666666666666,0.675,0.6444444444444445
51,counting,no,1,0.7272727272727273,0.5636363636363636,1.0,1.0,1.0,1.0,0.8,0.6,0.7532467532467533,0.675,0.6,1.0,0.875,0.8
52,object,no,1,1.0,1.0,0.0,1.0,0.6,0.4,0.2,0.6,0.47619047619047616,0.7666666666666667,0.6,0.675,0.875,0.4666666666666667
53,object,no,0,0.7272727272727273,0.5636363636363636,0.0,1.0,0.8,0.6,0.6,0.4,0.5151515151515151,0.6,0.5416666666666666,0.6,0.675,0.5333333333333333
54,object,no,1,1.0,1.0,1.0,1.0,1.0,1.0,1.0,1.0,1.0,1.0,1.0,1.0,1.0,1.0
55,attribute,no,1,1.0,1.0,1.0,1.0,1.0,1.0,0.8,0.6,1.0,1.0,0.875,1.0,0.875,0.8
56,attribute,no,0,0.0,1.0,0.9090909090909091,0.8181818181818182,0.2,0.6,0.8,0.6,0.4805194805194805,0.875,0.6,0.5416666666666666,0.7666666666666667,0.4444444444444444
57,sentiment,no,0,1.0,1.0,0.0,1.0,0.8,0.6,0.0,1.0,0.47619047619047616,0.875,0.5416666666666666,0.6,1.0,0.4666666666666667
58,counting,no,1,1.0,1.0,1.0,1.0,1.0,1.0,0.4,0.4,1.0,1.0,0.675,1.0,0.675,0.5333333333333333
59,object,no,0,1.0,1.0,0.0,1.0,1.0,1.0,0.4,0.4,0.47619047619047616,1.0,0.675,0.5416666666666666,0.7666666666666667,0.5333333333333333
60,attribute,no,0,1.0,1.0,0.0,1.0,0.6,0.4,0.4,0.4,0.47619047619047616,0.7666666666666667,0.675,0.675,0.7666666666666667,0.4444444444444444
61,object,no,0,1.0,1.0,0.0,1.0,0.2,0.6,0.0,1.0,0.47619047619047616,0.6,0.5416666666666666,0.875,1.0,0.8
62,attribute,no,1,1.0,1.0,1.0,1.0,1.0,1.0,0.4,0.4,1.0,1.0,0.675,1.0,0.675,0.5333333333333333
63,object,no,0,1.0,1.0,0.8181818181818182,0.6727272727272727,0.8,0.6,0.8,0.6,0.8268398268398268,0.875,0.875,0.675,0.675,0.6444444444444445
64,object,no,0,1.0,1.0,0.0,1.0,0.8,0.6,0.0,1.0,0.47619047619047616,0.875,0.5416666666666666,0.6,1.0,0.4666666666666667
65,counting,no,1,0.9090909090909091,0.8181818181818182,1.0,1.0,1.0,1.0,0.8,0.6,0.9090909090909091,0.875,0.7666666666666667,1.0,0.875,0.8
66,object,no,0,0.09090909090909091,0.8181818181818182,1.0,1.0,0.2,0.6,1.0,1.0,0.4805194805194805,0.7666666666666667,0.5,0.6,1.0,0.4666666666666667
67,object,no,0,0.9090909090909091,0.8181818181818182,0.0,1.0,0.8,0.6,0.4,0.4,0.4805194805194805,0.7666666666666667,0.6,0.6,0.7666666666666667,0.4666666666666667
68,attribute,no,0,0.0,1.0,0.6363636363636364,0.4909090909090909,0.0,1.0,1.0,1.0,0.5454545454545454,1.0,0.5416666666666666,0.475,0.6,0.4444444444444444
69,sentiment,no,0,0.09090909090909091,0.8181818181818182,0.8181818181818182,0.6727272727272727,0.0,1.0,1.0,1.0,0.4805194805194805,0.875,0.5,0.475,0.7666666666666667,0.4444444444444444
70,attribute,no,0,1.0,1.0,1.0,1.0,0.8,0.6,1.0,1.0,1.0,0.875,1.0,0.875,1.0,0.8
71,attribute,no,0,0.7272727272727273,0.5636363636363636,1.0,1.0,0.6,0.4,1.0,1.0,0.7532467532467533,0.5416666666666666,0.675,0.7666666666666667,1.0,0.6444444444444445
72,counting,no,1,0.9090909090909091,0.8181818181818182,1.0,1.0,1.0,1.0,0.8,0.6,0.9090909090909091,0.875,0.7666666666666667,1.0,0.875,0.8
74,object,no,0,1.0,1.0,0.0,1.0,0.8,0.6,0.4,0.4,0.47619047619047616,0.875,0.675,0.6,0.7666666666666667,0.4666666666666667
75,object,no,1,0.9090909090909091,0.8181818181818182,0.9090909090909091,0.8181818181818182,1.0,1.0,0.2,0.6,0.8268398268398268,0.875,0.5416666666666666,0.875,0.5416666666666666,0.4666666666666667
77,object,no,0,1.0,1.0,0.0,1.0,0.8,0.6,0.8,0.6,0.47619047619047616,0.875,0.875,0.6,0.6,0.6444444444444445
78,counting,no,1,1.0,1.0,0.45454545454545453,0.45454545454545453,1.0,1.0,0.0,1.0,0.5844155844155844,1.0,0.5416666666666666,0.5,0.5416666666666666,0.4444444444444444
79,sentiment,no,1,1.0,1.0,1.0,1.0,1.0,1.0,0.8,0.6,1.0,1.0,0.875,1.0,0.875,0.8
80,object,no,0,0.9090909090909091,0.8181818181818182,0.9090909090909091,0.8181818181818182,0.6,0.4,1.0,1.0,0.8268398268398268,0.675,0.875,0.675,0.875,0.6444444444444445
81,attribute,no,0,0.7272727272727273,0.5636363636363636,0.0,1.0,0.6,0.4,0.2,0.6,0.5151515151515151,0.5416666666666666,0.475,0.675,0.875,0.4666666666666667
82,object,no,1,1.0,1.0,1.0,1.0,1.0,1.0,0.6,0.4,1.0,1.0,0.7666666666666667,1.0,0.7666666666666667,0.6444444444444445
83,object,no,0,1.0,1.0,0.6363636363636364,0.4909090909090909,0.8,0.6,1.0,1.0,0.6883116883116883,0.875,1.0,0.5416666666666666,0.6,0.8
84,sentiment,no,1,1.0,1.0,0.45454545454545453,0.45454545454545453,1.0,1.0,0.2,0.6,0.5844155844155844,1.0,0.6,0.5,0.5,0.4666666666666667
85,counting,no,1,1.0,1.0,1.0,1.0,1.0,1.0,0.4,0.4,1.0,1.0,0.675,1.0,0.675,0.5333333333333333
86,counting,no,1,1.0,1.0,1.0,1.0,1.0,1.0,0.4,0.4,1.0,1.0,0.675,1.0,0.675,0.5333333333333333
87,object,no,1,1.0,1.0,0.6363636363636364,0.4909090909090909,1.0,1.0,0.2,0.6,0.6883116883116883,1.0,0.6,0.6,0.4666666666666667,0.4666666666666667
88,positional,no,1,1.0,1.0,1.0,1.0,1.0,1.0,0.8,0.6,1.0,1.0,0.875,1.0,0.875,0.8
89,object,no,1,1.0,1.0,0.09090909090909091,0.8181818181818182,0.6,0.4,0.2,0.6,0.4805194805194805,0.7666666666666667,0.6,0.6,0.7666666666666667,0.4666666666666667
91,sentiment,no,1,0.0,1.0,1.0,1.0,0.2,0.6,0.6,0.4,0.47619047619047616,0.875,0.675,0.6,0.7666666666666667,0.4666666666666667
92,positional,no,0,0.36363636363636365,0.4909090909090909,0.8181818181818182,0.6727272727272727,0.0,1.0,1.0,1.0,0.4935064935064935,0.6,0.475,0.475,0.7666666666666667,0.4444444444444444
93,object,no,0,1.0,1.0,0.8181818181818182,0.6727272727272727,0.6,0.4,0.8,0.6,0.8268398268398268,0.7666666666666667,0.875,0.6,0.675,0.5333333333333333
94,sentiment,no,1,1.0,1.0,1.0,1.0,1.0,1.0,0.8,0.6,1.0,1.0,0.875,1.0,0.875,0.8
95,object,no,0,0.7272727272727273,0.5636363636363636,0.8181818181818182,0.6727272727272727,0.8,0.6,1.0,1.0,0.6320346320346321,0.6,0.675,0.675,0.7666666666666667,0.8
96,attribute,no,1,1.0,1.0,1.0,1.0,1.0,1.0,0.8,0.6,1.0,1.0,0.875,1.0,0.875,0.8
97,object,no,1,1.0,1.0,0.0,1.0,1.0,1.0,0.2,0.6,0.47619047619047616,1.0,0.6,0.5416666666666666,0.875,0.4666666666666667
98,attribute,no,0,0.0,1.0,0.9090909090909091,0.8181818181818182,0.0,1.0,0.8,0.6,0.4805194805194805,1.0,0.6,0.5,0.7666666666666667,0.4666666666666667
99,attribute,no,0,1.0,1.0,0.9090909090909091,0.8181818181818182,0.2,0.6,1.0,1.0,0.9090909090909091,0.6,1.0,0.5416666666666666,0.875,0.4666666666666667
100,attribute,no,0,0.09090909090909091,0.8181818181818182,0.0,1.0,0.0,1.0,0.2,0.6,0.9090909090909091,0.875,0.7666666666666667,1.0,0.875,0.8
101,object,no,0,0.18181818181818182,0.6727272727272727,0.6363636363636364,0.4909090909090909,0.2,0.6,1.0,1.0,0.4935064935064935,0.675,0.475,0.4666666666666667,0.6,0.4666666666666667
102,counting,no,1,1.0,1.0,0.09090909090909091,0.8181818181818182,1.0,1.0,0.2,0.6,0.4805194805194805,1.0,0.6,0.5,0.7666666666666667,0.4666666666666667
103,object,no,1,1.0,1.0,1.0,1.0,0.8,0.6,0.8,0.6,1.0,0.875,0.875,0.875,0.875,0.6444444444444445
104,object,no,0,0.0,1.0,0.9090909090909091,0.8181818181818182,0.0,1.0,0.8,0.6,0.4805194805194805,1.0,0.6,0.5,0.7666666666666667,0.4666666666666667
105,sentiment,no,0,0.0,1.0,0.0,1.0,0.0,1.0,0.6,0.4,1.0,1.0,0.675,1.0,0.675,0.5333333333333333
106,counting,no,1,1.0,1.0,0.2727272727272727,0.5636363636363636,1.0,1.0,0.0,1.0,0.5151515151515151,1.0,0.5416666666666666,0.4666666666666667,0.675,0.4444444444444444
107,positional,no,0,0.0,1.0,0.9090909090909091,0.8181818181818182,0.0,1.0,1.0,1.0,0.4805194805194805,1.0,0.5416666666666666,0.5,0.875,0.4444444444444444
108,positional,no,1,1.0,1.0,1.0,1.0,1.0,1.0,0.6,0.4,1.0,1.0,0.7666666666666667,1.0,0.7666666666666667,0.6444444444444445
109,object,no,0,1.0,1.0,0.0,1.0,1.0,1.0,0.4,0.4,0.47619047619047616,1.0,0.675,0.5416666666666666,0.7666666666666667,0.5333333333333333
110,sentiment,no,0,0.0,1.0,1.0,1.0,0.0,1.0,1.0,1.0,0.47619047619047616,1.0,0.5416666666666666,0.5416666666666666,1.0,0.4444444444444444
112,attribute,no,0,1.0,1.0,0.45454545454545453,0.45454545454545453,0.6,0.4,1.0,1.0,0.5844155844155844,0.7666666666666667,1.0,0.4666666666666667,0.5,0.6444444444444445
113,positional,no,0,0.6363636363636364,0.4909090909090909,1.0,1.0,0.2,0.6,1.0,1.0,0.6883116883116883,0.4666666666666667,0.6,0.6,1.0,0.4666666666666667
114,attribute,no,0,0.9090909090909091,0.8181818181818182,0.9090909090909091,0.8181818181818182,0.4,0.4,1.0,1.0,0.8268398268398268,0.6,0.875,0.6,0.875,0.5333333333333333
116,object,no,1,0.7272727272727273,0.5636363636363636,1.0,1.0,1.0,1.0,0.4,0.4,0.7532467532467533,0.675,0.5,1.0,0.675,0.5333333333333333
117,counting,no,1,0.9090909090909091,0.8181818181818182,0.45454545454545453,0.45454545454545453,1.0,1.0,0.2,0.6,0.5454545454545454,0.875,0.5416666666666666,0.5,0.5,0.4666666666666667
118,positional,no,1,1.0,1.0,0.36363636363636365,0.4909090909090909,1.0,1.0,0.0,1.0,0.5454545454545454,1.0,0.5416666666666666,0.475,0.6,0.4444444444444444
119,positional,no,0,1.0,1.0,0.0,1.0,0.4,0.4,0.6,0.4,0.47619047619047616,0.675,0.7666666666666667,0.7666666666666667,0.675,0.4444444444444444
120,counting,no,0,0.0,1.0,0.9090909090909091,0.8181818181818182,0.0,1.0,1.0,1.0,0.4805194805194805,1.0,0.5416666666666666,0.5,0.875,0.4444444444444444
121,sentiment,no,0,0.6363636363636364,0.4909090909090909,0.0,1.0,0.0,1.0,0.6,0.4,0.5454545454545454,0.475,0.5,1.0,0.675,0.5333333333333333
122,object,no,0,0.8181818181818182,0.6727272727272727,0.9090909090909091,0.8181818181818182,0.8,0.6,1.0,1.0,0.7532467532467533,0.675,0.7666666666666667,0.7666666666666667,0.875,0.8
123,attribute,no,1,0.6363636363636364,0.4909090909090909,1.0,1.0,0.8,0.6,0.6,0.4,0.6883116883116883,0.5416666666666666,0.5,0.875,0.7666666666666667,0.5333333333333333
124,attribute,no,0,0.0,1.0,1.0,1.0,0.0,1.0,1.0,1.0,0.47619047619047616,1.0,0.5416666666666666,0.5416666666666666,1.0,0.4444444444444444
125,sentiment,no,0,0.0,1.0,0.0,1.0,0.0,1.0,0.2,0.6,1.0,1.0,0.875,1.0,0.875,0.8
127,object,no,0,1.0,1.0,0.9090909090909091,0.8181818181818182,0.4,0.4,0.8,0.6,0.9090909090909091,0.675,0.875,0.6,0.7666666666666667,0.4666666666666667
128,sentiment,no,1,0.0,1.0,0.2727272727272727,0.5636363636363636,0.4,0.4,0.0,1.0,0.7532467532467533,0.7666666666666667,1.0,0.5416666666666666,0.675,0.6444444444444445
129,attribute,no,0,0.0,1.0,0.5454545454545454,0.45454545454545453,0.0,1.0,0.8,0.6,0.5844155844155844,1.0,0.6,0.5,0.5,0.4666666666666667
130,object,no,1,0.0,1.0,1.0,1.0,0.2,0.6,1.0,1.0,0.47619047619047616,0.875,0.5416666666666666,0.6,1.0,0.4666666666666667
131,object,no,1,1.0,1.0,1.0,1.0,1.0,1.0,0.4,0.4,1.0,1.0,0.675,1.0,0.675,0.5333333333333333
132,object,no,0,1.0,1.0,0.5454545454545454,0.45454545454545453,1.0,1.0,1.0,1.0,0.6320346320346321,1.0,1.0,0.5416666666666666,0.5416666666666666,1.0
133,object,no,0,0.9090909090909091,0.8181818181818182,0.0,1.0,1.0,1.0,0.4,0.4,0.4805194805194805,0.875,0.6,0.5416666666666666,0.7666666666666667,0.5333333333333333
134,positional,no,1,1.0,1.0,1.0,1.0,1.0,1.0,0.2,0.6,1.0,1.0,0.6,1.0,0.6,0.4666666666666667
135,positional,no,0,0.36363636363636365,0.4909090909090909,0.2727272727272727,0.5636363636363636,0.0,1.0,0.6,0.4,0.5454545454545454,0.6,0.475,0.675,0.5,0.5333333333333333
137,object,no,0,0.8181818181818182,0.6727272727272727,0.36363636363636365,0.4909090909090909,0.2,0.6,1.0,1.0,0.4935064935064935,0.5,0.7666666666666667,0.5416666666666666,0.475,0.4666666666666667
139,object,no,0,0.9090909090909091,0.8181818181818182,0.36363636363636365,0.4909090909090909,1.0,1.0,0.6,0.4,0.5151515151515151,0.875,0.675,0.475,0.475,0.6444444444444445
140,attribute,no,0,0.09090909090909091,0.8181818181818182,1.0,1.0,0.0,1.0,1.0,1.0,0.4805194805194805,0.875,0.5,0.5416666666666666,1.0,0.4444444444444444
141,object,no,0,0.09090909090909091,0.8181818181818182,0.6363636363636364,0.4909090909090909,0.0,1.0,1.0,1.0,0.5151515151515151,0.875,0.5,0.475,0.6,0.4444444444444444
142,positional,no,0,0.09090909090909091,0.8181818181818182,0.0,1.0,0.0,1.0,0.8,0.6,0.9090909090909091,0.875,0.5416666666666666,1.0,0.6,0.4666666666666667
143,object,no,1,1.0,1.0,0.9090909090909091,0.8181818181818182,1.0,1.0,0.6,0.4,0.9090909090909091,1.0,0.7666666666666667,0.875,0.675,0.6444444444444445
144,object,no,1,1.0,1.0,1.0,1.0,1.0,1.0,0.4,0.4,1.0,1.0,0.675,1.0,0.675,0.5333333333333333
145,object,no,1,1.0,1.0,0.18181818181818182,0.6727272727272727,1.0,1.0,0.2,0.6,0.4935064935064935,1.0,0.6,0.475,0.675,0.4666666666666667
146,object,no,0,0.09090909090909091,0.8181818181818182,0.0,1.0,0.2,0.6,0.4,0.4,0.9090909090909091,0.7666666666666667,0.675,0.875,0.7666666666666667,0.5333333333333333
147,sentiment,no,1,0.5454545454545454,0.45454545454545453,1.0,1.0,1.0,1.0,1.0,1.0,0.6320346320346321,0.5416666666666666,0.5416666666666666,1.0,1.0,1.0
148,positional,no,1,1.0,1.0,0.09090909090909091,0.8181818181818182,1.0,1.0,0.2,0.6,0.4805194805194805,1.0,0.6,0.5,0.7666666666666667,0.4666666666666667
149,positional,no,1,0.0,1.0,1.0,1.0,0.0,1.0,0.4,0.4,0.47619047619047616,1.0,0.7666666666666667,0.5416666666666666,0.675,0.6444444444444445
150,counting,no,1,1.0,1.0,1.0,1.0,1.0,1.0,0.8,0.6,1.0,1.0,0.875,1.0,0.875,0.8
151,positional,no,1,1.0,1.0,1.0,1.0,1.0,1.0,0.4,0.4,1.0,1.0,0.675,1.0,0.675,0.5333333333333333
152,attribute,no,0,0.09090909090909091,0.8181818181818182,0.9090909090909091,0.8181818181818182,0.0,1.0,1.0,1.0,0.47619047619047616,0.875,0.5,0.5,0.875,0.4444444444444444
153,counting,no,1,1.0,1.0,0.6363636363636364,0.4909090909090909,1.0,1.0,0.4,0.4,0.6883116883116883,1.0,0.675,0.6,0.475,0.5333333333333333
154,positional,no,1,0.6363636363636364,0.4909090909090909,0.18181818181818182,0.6727272727272727,1.0,1.0,0.0,1.0,0.4935064935064935,0.6,0.475,0.475,0.7666666666666667,0.4444444444444444
155,counting,no,1,1.0,1.0,1.0,1.0,1.0,1.0,0.4,0.4,1.0,1.0,0.675,1.0,0.675,0.5333333333333333
156,object,no,0,1.0,1.0,0.0,1.0,1.0,1.0,0.2,0.6,0.47619047619047616,1.0,0.6,0.5416666666666666,0.875,0.4666666666666667
157,positional,no,1,1.0,1.0,0.2727272727272727,0.5636363636363636,1.0,1.0,0.0,1.0,0.5151515151515151,1.0,0.5416666666666666,0.4666666666666667,0.675,0.4444444444444444
158,object,no,1,0.0,1.0,1.0,1.0,0.2,0.6,1.0,1.0,0.47619047619047616,0.875,0.5416666666666666,0.6,1.0,0.4666666666666667
159,object,no,1,0.8181818181818182,0.6727272727272727,0.7272727272727273,0.5636363636363636,1.0,1.0,0.6,0.4,0.6320346320346321,0.7666666666666667,0.6,0.675,0.5416666666666666,0.6444444444444445
160,sentiment,no,0,0.0,1.0,0.8181818181818182,0.6727272727272727,0.0,1.0,1.0,1.0,0.4935064935064935,1.0,0.5416666666666666,0.475,0.7666666666666667,0.4444444444444444
161,counting,no,1,1.0,1.0,0.45454545454545453,0.45454545454545453,1.0,1.0,0.2,0.6,0.5844155844155844,1.0,0.6,0.5,0.5,0.4666666666666667
162,object,no,0,0.18181818181818182,0.6727272727272727,0.9090909090909091,0.8181818181818182,0.4,0.4,1.0,1.0,0.4805194805194805,0.6,0.475,0.6,0.875,0.5333333333333333
163,counting,no,1,0.6363636363636364,0.4909090909090909,1.0,1.0,1.0,1.0,0.4,0.4,0.6883116883116883,0.6,0.475,1.0,0.675,0.5333333333333333
164,positional,no,1,1.0,1.0,0.5454545454545454,0.45454545454545453,1.0,1.0,0.2,0.6,0.6320346320346321,1.0,0.6,0.5416666666666666,0.475,0.4666666666666667
165,object,no,0,0.18181818181818182,0.6727272727272727,0.7272727272727273,0.5636363636363636,0.0,1.0,1.0,1.0,0.4805194805194805,0.7666666666666667,0.475,0.4666666666666667,0.675,0.4444444444444444
166,attribute,no,0,0.2727272727272727,0.5636363636363636,0.9090909090909091,0.8181818181818182,0.0,1.0,1.0,1.0,0.4935064935064935,0.675,0.4666666666666667,0.5,0.875,0.4444444444444444
167,object,no,0,0.0,1.0,1.0,1.0,0.0,1.0,1.0,1.0,0.47619047619047616,1.0,0.5416666666666666,0.5416666666666666,1.0,0.4444444444444444
168,attribute,no,1,0.9090909090909091,0.8181818181818182,0.8181818181818182,0.6727272727272727,1.0,1.0,0.6,0.4,0.7532467532467533,0.875,0.675,0.7666666666666667,0.6,0.6444444444444445
169,counting,no,0,0.2727272727272727,0.5636363636363636,0.0,1.0,0.0,1.0,0.4,0.4,0.7532467532467533,0.675,0.5416666666666666,1.0,0.7666666666666667,0.6444444444444445
170,object,no,0,0.36363636363636365,0.4909090909090909,0.45454545454545453,0.45454545454545453,0.2,0.6,0.8,0.6,0.4935064935064935,0.5416666666666666,0.4666666666666667,0.5,0.475,0.4444444444444444
172,attribute,no,0,0.9090909090909091,0.8181818181818182,0.0,1.0,0.4,0.4,0.4,0.4,0.4805194805194805,0.6,0.6,0.7666666666666667,0.7666666666666667,0.4666666666666667
173,attribute,no,0,0.09090909090909091,0.8181818181818182,1.0,1.0,0.0,1.0,1.0,1.0,0.4805194805194805,0.875,0.5,0.5416666666666666,1.0,0.4444444444444444
174,object,no,1,0.9090909090909091,0.8181818181818182,1.0,1.0,1.0,1.0,1.0,1.0,0.9090909090909091,0.875,0.875,1.0,1.0,1.0
175,positional,no,1,1.0,1.0,1.0,1.0,1.0,1.0,0.8,0.6,1.0,1.0,0.875,1.0,0.875,0.8
176,object,no,0,0.0,1.0,0.6363636363636364,0.4909090909090909,0.0,1.0,1.0,1.0,0.5454545454545454,1.0,0.5416666666666666,0.475,0.6,0.4444444444444444
177,object,no,1,0.9090909090909091,0.8181818181818182,1.0,1.0,1.0,1.0,0.8,0.6,0.9090909090909091,0.875,0.7666666666666667,1.0,0.875,0.8
178,attribute,no,1,1.0,1.0,0.09090909090909091,0.8181818181818182,0.8,0.6,0.6,0.4,0.4805194805194805,0.875,0.7666666666666667,0.5416666666666666,0.6,0.5333333333333333
179,sentiment,no,0,1.0,1.0,0.0,1.0,0.4,0.4,0.6,0.4,0.47619047619047616,0.675,0.7666666666666667,0.7666666666666667,0.675,0.4444444444444444
180,sentiment,no,1,0.18181818181818182,0.6727272727272727,0.36363636363636365,0.4909090909090909,0.8,0.6,0.2,0.6,0.5844155844155844,0.5,0.675,0.4666666666666667,0.5416666666666666,0.4444444444444444
182,object,no,0,0.6363636363636364,0.4909090909090909,0.0,1.0,0.4,0.4,0.8,0.6,0.5454545454545454,0.475,0.5416666666666666,0.7666666666666667,0.6,0.4666666666666667
183,positional,no,1,1.0,1.0,1.0,1.0,1.0,1.0,0.8,0.6,1.0,1.0,0.875,1.0,0.875,0.8
185,positional,no,1,1.0,1.0,0.0,1.0,1.0,1.0,0.0,1.0,0.47619047619047616,1.0,0.5416666666666666,0.5416666666666666,1.0,0.4444444444444444
186,object,no,0,1.0,1.0,0.45454545454545453,0.45454545454545453,1.0,1.0,0.8,0.6,0.5844155844155844,1.0,0.875,0.5,0.475,0.8
187,attribute,no,1,1.0,1.0,0.7272727272727273,0.5636363636363636,1.0,1.0,0.4,0.4,0.7532467532467533,1.0,0.675,0.675,0.5,0.5333333333333333
188,attribute,no,1,1.0,1.0,1.0,1.0,1.0,1.0,0.8,0.6,1.0,1.0,0.875,1.0,0.875,0.8
189,object,no,0,0.45454545454545453,0.45454545454545453,1.0,1.0,0.8,0.6,0.8,0.6,0.5844155844155844,0.475,0.475,0.875,0.875,0.6444444444444445
190,positional,no,1,0.0,1.0,1.0,1.0,0.8,0.6,0.8,0.6,0.47619047619047616,0.6,0.6,0.875,0.875,0.6444444444444445
191,attribute,no,1,1.0,1.0,1.0,1.0,1.0,1.0,0.8,0.6,1.0,1.0,0.875,1.0,0.875,0.8
192,counting,no,1,1.0,1.0,0.9090909090909091,0.8181818181818182,1.0,1.0,0.6,0.4,0.9090909090909091,1.0,0.7666666666666667,0.875,0.675,0.6444444444444445
193,object,no,0,0.0,1.0,0.9090909090909091,0.8181818181818182,0.0,1.0,0.4,0.4,0.4805194805194805,1.0,0.7666666666666667,0.5,0.6,0.6444444444444445
194,sentiment,no,1,1.0,1.0,0.5454545454545454,0.45454545454545453,1.0,1.0,0.6,0.4,0.6320346320346321,1.0,0.7666666666666667,0.5416666666666666,0.475,0.6444444444444445
195,object,no,0,1.0,1.0,0.8181818181818182,0.6727272727272727,0.4,0.4,1.0,1.0,0.8268398268398268,0.675,1.0,0.5416666666666666,0.7666666666666667,0.5333333333333333
196,counting,no,1,1.0,1.0,0.5454545454545454,0.45454545454545453,1.0,1.0,0.0,1.0,0.6320346320346321,1.0,0.5416666666666666,0.5416666666666666,0.5,0.4444444444444444
197,object,no,0,1.0,1.0,0.0,1.0,0.8,0.6,0.4,0.4,0.47619047619047616,0.875,0.675,0.6,0.7666666666666667,0.4666666666666667
199,positional,no,1,0.9090909090909091,0.8181818181818182,0.18181818181818182,0.6727272727272727,1.0,1.0,0.0,1.0,0.4805194805194805,0.875,0.5,0.475,0.7666666666666667,0.4444444444444444
200,positional,no,0,0.0,1.0,0.0,1.0,0.0,1.0,0.4,0.4,1.0,1.0,0.7666666666666667,1.0,0.7666666666666667,0.6444444444444445
201,object,no,1,0.6363636363636364,0.4909090909090909,1.0,1.0,1.0,1.0,0.8,0.6,0.6883116883116883,0.6,0.5416666666666666,1.0,0.875,0.8
202,object,no,1,1.0,1.0,0.36363636363636365,0.4909090909090909,1.0,1.0,0.0,1.0,0.5454545454545454,1.0,0.5416666666666666,0.475,0.6,0.4444444444444444
204,object,no,1,1.0,1.0,1.0,1.0,1.0,1.0,0.4,0.4,1.0,1.0,0.675,1.0,0.675,0.5333333333333333
205,counting,no,1,1.0,1.0,0.18181818181818182,0.6727272727272727,1.0,1.0,0.0,1.0,0.4935064935064935,1.0,0.5416666666666666,0.475,0.7666666666666667,0.4444444444444444
206,positional,no,1,0.6363636363636364,0.4909090909090909,1.0,1.0,1.0,1.0,0.4,0.4,0.6883116883116883,0.6,0.475,1.0,0.675,0.5333333333333333
207,object,no,0,0.09090909090909091,0.8181818181818182,0.7272727272727273,0.5636363636363636,0.0,1.0,1.0,1.0,0.4935064935064935,0.875,0.5,0.4666666666666667,0.675,0.4444444444444444
208,object,no,1,1.0,1.0,1.0,1.0,1.0,1.0,0.2,0.6,1.0,1.0,0.6,1.0,0.6,0.4666666666666667
209,positional,no,0,0.0,1.0,0.09090909090909091,0.8181818181818182,0.0,1.0,0.2,0.6,0.9090909090909091,1.0,0.875,0.875,0.7666666666666667,0.8
210,object,no,0,1.0,1.0,0.0,1.0,1.0,1.0,0.8,0.6,0.47619047619047616,1.0,0.875,0.5416666666666666,0.6,0.8
211,positional,no,0,1.0,1.0,0.0,1.0,0.4,0.4,0.6,0.4,0.47619047619047616,0.675,0.7666666666666667,0.7666666666666667,0.675,0.4444444444444444
212,object,no,0,0.36363636363636365,0.4909090909090909,0.8181818181818182,0.6727272727272727,0.0,1.0,1.0,1.0,0.4935064935064935,0.6,0.475,0.475,0.7666666666666667,0.4444444444444444
213,attribute,no,0,0.0,1.0,1.0,1.0,0.0,1.0,1.0,1.0,0.47619047619047616,1.0,0.5416666666666666,0.5416666666666666,1.0,0.4444444444444444
214,sentiment,no,0,1.0,1.0,0.0,1.0,1.0,1.0,0.0,1.0,0.47619047619047616,1.0,0.5416666666666666,0.5416666666666666,1.0,0.4444444444444444
215,positional,no,1,1.0,1.0,0.6363636363636364,0.4909090909090909,1.0,1.0,0.0,1.0,0.6883116883116883,1.0,0.5416666666666666,0.6,0.475,0.4444444444444444
216,sentiment,no,1,1.0,1.0,0.8181818181818182,0.6727272727272727,1.0,1.0,0.4,0.4,0.8268398268398268,1.0,0.675,0.7666666666666667,0.5416666666666666,0.5333333333333333
217,object,no,0,1.0,1.0,0.0,1.0,0.8,0.6,0.4,0.4,0.47619047619047616,0.875,0.675,0.6,0.7666666666666667,0.4666666666666667
218,object,no,1,0.9090909090909091,0.8181818181818182,1.0,1.0,0.8,0.6,0.2,0.6,0.9090909090909091,0.7666666666666667,0.5416666666666666,0.875,0.6,0.4444444444444444
219,attribute,no,0,0.7272727272727273,0.5636363636363636,1.0,1.0,0.4,0.4,1.0,1.0,0.7532467532467533,0.5,0.675,0.675,1.0,0.5333333333333333
220,attribute,no,1,0.9090909090909091,0.8181818181818182,0.09090909090909091,0.8181818181818182,0.8,0.6,0.2,0.6,0.47619047619047616,0.7666666666666667,0.5416666666666666,0.5416666666666666,0.7666666666666667,0.4444444444444444
221,sentiment,no,0,0.7272727272727273,0.5636363636363636,0.0,1.0,0.4,0.4,0.4,0.4,0.5151515151515151,0.5,0.5,0.7666666666666667,0.7666666666666667,0.4666666666666667
222,positional,no,1,1.0,1.0,0.09090909090909091,0.8181818181818182,1.0,1.0,0.2,0.6,0.4805194805194805,1.0,0.6,0.5,0.7666666666666667,0.4666666666666667
223,attribute,no,1,1.0,1.0,0.0,1.0,1.0,1.0,0.0,1.0,0.47619047619047616,1.0,0.5416666666666666,0.5416666666666666,1.0,0.4444444444444444
224,sentiment,no,1,1.0,1.0,1.0,1.0,0.8,0.6,1.0,1.0,1.0,0.875,1.0,0.875,1.0,0.8
225,object,no,0,1.0,1.0,0.0,1.0,0.6,0.4,0.4,0.4,0.47619047619047616,0.7666666666666667,0.675,0.675,0.7666666666666667,0.4444444444444444
226,object,no,1,1.0,1.0,1.0,1.0,0.8,0.6,1.0,1.0,1.0,0.875,1.0,0.875,1.0,0.8
227,counting,no,1,1.0,1.0,0.18181818181818182,0.6727272727272727,1.0,1.0,0.0,1.0,0.4935064935064935,1.0,0.5416666666666666,0.475,0.7666666666666667,0.4444444444444444
228,counting,no,1,1.0,1.0,1.0,1.0,1.0,1.0,0.2,0.6,1.0,1.0,0.6,1.0,0.6,0.4666666666666667
229,positional,no,1,1.0,1.0,0.09090909090909091,0.8181818181818182,1.0,1.0,0.0,1.0,0.4805194805194805,1.0,0.5416666666666666,0.5,0.875,0.4444444444444444
230,object,no,0,0.7272727272727273,0.5636363636363636,0.0,1.0,0.8,0.6,0.2,0.6,0.5151515151515151,0.6,0.475,0.6,0.875,0.4444444444444444
231,object,no,0,0.7272727272727273,0.5636363636363636,1.0,1.0,0.8,0.6,0.8,0.6,0.7532467532467533,0.6,0.6,0.875,0.875,0.6444444444444445
232,positional,no,0,1.0,1.0,0.09090909090909091,0.8181818181818182,0.2,0.6,0.8,0.6,0.4805194805194805,0.6,0.875,0.7666666666666667,0.5416666666666666,0.4444444444444444
233,sentiment,no,1,1.0,1.0,1.0,1.0,1.0,1.0,0.8,0.6,1.0,1.0,0.875,1.0,0.875,0.8
234,attribute,no,0,0.7272727272727273,0.5636363636363636,1.0,1.0,0.2,0.6,0.8,0.6,0.7532467532467533,0.475,0.6,0.6,0.875,0.4444444444444444
235,positional,no,1,1.0,1.0,0.8181818181818182,0.6727272727272727,1.0,1.0,0.2,0.6,0.8268398268398268,1.0,0.6,0.7666666666666667,0.5,0.4666666666666667
236,positional,no,1,0.0,1.0,1.0,1.0,0.8,0.6,0.2,0.6,0.47619047619047616,0.6,0.875,0.875,0.6,0.4444444444444444
237,positional,no,1,1.0,1.0,1.0,1.0,1.0,1.0,1.0,1.0,1.0,1.0,1.0,1.0,1.0,1.0
238,object,no,1,1.0,1.0,1.0,1.0,1.0,1.0,0.4,0.4,1.0,1.0,0.675,1.0,0.675,0.5333333333333333
240,object,no,1,1.0,1.0,0.18181818181818182,0.6727272727272727,0.8,0.6,0.0,1.0,0.4935064935064935,0.875,0.5416666666666666,0.5,0.7666666666666667,0.4666666666666667
241,positional,no,1,1.0,1.0,0.45454545454545453,0.45454545454545453,1.0,1.0,0.0,1.0,0.5844155844155844,1.0,0.5416666666666666,0.5,0.5416666666666666,0.4444444444444444
242,counting,no,0,0.0,1.0,0.7272727272727273,0.5636363636363636,0.0,1.0,0.8,0.6,0.5151515151515151,1.0,0.6,0.4666666666666667,0.6,0.4666666666666667
243,counting,no,1,1.0,1.0,0.45454545454545453,0.45454545454545453,1.0,1.0,0.0,1.0,0.5844155844155844,1.0,0.5416666666666666,0.5,0.5416666666666666,0.4444444444444444
244,attribute,no,0,0.0,1.0,1.0,1.0,0.0,1.0,1.0,1.0,0.47619047619047616,1.0,0.5416666666666666,0.5416666666666666,1.0,0.4444444444444444
245,attribute,no,0,0.0,1.0,0.9090909090909091,0.8181818181818182,0.0,1.0,1.0,1.0,0.4805194805194805,1.0,0.5416666666666666,0.5,0.875,0.4444444444444444
246,positional,no,0,0.09090909090909091,0.8181818181818182,0.9090909090909091,0.8181818181818182,0.0,1.0,1.0,1.0,0.47619047619047616,0.875,0.5,0.5,0.875,0.4444444444444444
247,counting,no,1,1.0,1.0,0.18181818181818182,0.6727272727272727,1.0,1.0,0.2,0.6,0.4935064935064935,1.0,0.6,0.475,0.675,0.4666666666666667
248,counting,no,1,1.0,1.0,0.0,1.0,1.0,1.0,0.0,1.0,0.47619047619047616,1.0,0.5416666666666666,0.5416666666666666,1.0,0.4444444444444444
249,object,no,1,1.0,1.0,0.0,1.0,1.0,1.0,0.0,1.0,0.47619047619047616,1.0,0.5416666666666666,0.5416666666666666,1.0,0.4444444444444444
251,attribute,no,0,1.0,1.0,0.0,1.0,0.8,0.6,0.0,1.0,0.47619047619047616,0.875,0.5416666666666666,0.6,1.0,0.4666666666666667
252,counting,no,1,1.0,1.0,1.0,1.0,1.0,1.0,0.4,0.4,1.0,1.0,0.675,1.0,0.675,0.5333333333333333
253,sentiment,no,0,1.0,1.0,1.0,1.0,1.0,1.0,0.8,0.6,1.0,1.0,0.875,1.0,0.875,0.8
255,counting,no,1,1.0,1.0,0.36363636363636365,0.4909090909090909,1.0,1.0,0.0,1.0,0.5454545454545454,1.0,0.5416666666666666,0.475,0.6,0.4444444444444444
256,attribute,no,1,1.0,1.0,0.0,1.0,1.0,1.0,0.0,1.0,0.47619047619047616,1.0,0.5416666666666666,0.5416666666666666,1.0,0.4444444444444444
257,object,no,1,0.7272727272727273,0.5636363636363636,1.0,1.0,1.0,1.0,1.0,1.0,0.7532467532467533,0.675,0.675,1.0,1.0,1.0
258,object,no,1,1.0,1.0,1.0,1.0,1.0,1.0,0.2,0.6,1.0,1.0,0.6,1.0,0.6,0.4666666666666667
259,counting,no,1,0.2727272727272727,0.5636363636363636,0.18181818181818182,0.6727272727272727,0.6,0.4,0.6,0.4,0.6320346320346321,0.5,0.5,0.5416666666666666,0.5416666666666666,0.4666666666666667
260,attribute,no,0,0.18181818181818182,0.6727272727272727,0.0,1.0,0.0,1.0,0.8,0.6,0.8268398268398268,0.7666666666666667,0.5,1.0,0.6,0.4666666666666667
261,object,no,0,1.0,1.0,0.0,1.0,1.0,1.0,0.6,0.4,0.47619047619047616,1.0,0.7666666666666667,0.5416666666666666,0.675,0.6444444444444445
262,attribute,no,0,0.36363636363636365,0.4909090909090909,0.9090909090909091,0.8181818181818182,0.0,1.0,1.0,1.0,0.5151515151515151,0.6,0.475,0.5,0.875,0.4444444444444444
263,attribute,no,0,0.9090909090909091,0.8181818181818182,0.2727272727272727,0.5636363636363636,0.8,0.6,1.0,1.0,0.4935064935064935,0.7666666666666667,0.875,0.475,0.4666666666666667,0.8
264,attribute,no,0,1.0,1.0,1.0,1.0,0.6,0.4,1.0,1.0,1.0,0.7666666666666667,1.0,0.7666666666666667,1.0,0.6444444444444445
265,attribute,no,0,0.0,1.0,0.8181818181818182,0.6727272727272727,0.0,1.0,0.8,0.6,0.4935064935064935,1.0,0.6,0.475,0.675,0.4666666666666667
266,positional,no,0,0.9090909090909091,0.8181818181818182,0.0,1.0,0.2,0.6,0.6,0.4,0.4805194805194805,0.5416666666666666,0.675,0.875,0.675,0.4666666666666667
269,attribute,no,0,0.09090909090909091,0.8181818181818182,0.0,1.0,0.0,1.0,0.6,0.4,0.9090909090909091,0.875,0.6,1.0,0.675,0.5333333333333333
270,object,no,1,0.5454545454545454,0.45454545454545453,1.0,1.0,1.0,1.0,0.8,0.6,0.6320346320346321,0.5416666666666666,0.5,1.0,0.875,0.8
271,counting,no,1,0.9090909090909091,0.8181818181818182,1.0,1.0,1.0,1.0,0.2,0.6,0.9090909090909091,0.875,0.5416666666666666,1.0,0.6,0.4666666666666667
272,object,no,0,0.8181818181818182,0.6727272727272727,0.0,1.0,1.0,1.0,0.6,0.4,0.4935064935064935,0.7666666666666667,0.6,0.5416666666666666,0.675,0.6444444444444445
274,object,no,1,0.9090909090909091,0.8181818181818182,1.0,1.0,1.0,1.0,0.2,0.6,0.9090909090909091,0.875,0.5416666666666666,1.0,0.6,0.4666666666666667
275,object,no,0,0.18181818181818182,0.6727272727272727,0.5454545454545454,0.45454545454545453,0.4,0.4,1.0,1.0,0.5151515151515151,0.6,0.475,0.4666666666666667,0.5416666666666666,0.5333333333333333
276,counting,no,1,0.0,1.0,1.0,1.0,0.8,0.6,0.8,0.6,0.47619047619047616,0.6,0.6,0.875,0.875,0.6444444444444445
277,object,no,0,0.7272727272727273,0.5636363636363636,0.0,1.0,0.8,0.6,0.0,1.0,0.5151515151515151,0.6,0.4666666666666667,0.6,1.0,0.4666666666666667
278,positional,no,1,1.0,1.0,0.7272727272727273,0.5636363636363636,1.0,1.0,0.4,0.4,0.7532467532467533,1.0,0.675,0.675,0.5,0.5333333333333333
279,positional,no,1,1.0,1.0,0.09090909090909091,0.8181818181818182,1.0,1.0,0.0,1.0,0.4805194805194805,1.0,0.5416666666666666,0.5,0.875,0.4444444444444444
280,sentiment,no,1,1.0,1.0,0.36363636363636365,0.4909090909090909,0.8,0.6,0.0,1.0,0.5454545454545454,0.875,0.5416666666666666,0.4666666666666667,0.6,0.4666666666666667
281,object,no,1,1.0,1.0,0.9090909090909091,0.8181818181818182,0.8,0.6,0.6,0.4,0.9090909090909091,0.875,0.7666666666666667,0.7666666666666667,0.675,0.5333333333333333
282,object,no,0,1.0,1.0,0.0,1.0,1.0,1.0,0.6,0.4,0.47619047619047616,1.0,0.7666666666666667,0.5416666666666666,0.675,0.6444444444444445
283,positional,no,1,1.0,1.0,1.0,1.0,1.0,1.0,0.2,0.6,1.0,1.0,0.6,1.0,0.6,0.4666666666666667
284,object,no,0,0.45454545454545453,0.45454545454545453,0.0,1.0,0.6,0.4,0.4,0.4,0.6320346320346321,0.4666666666666667,0.475,0.675,0.7666666666666667,0.4444444444444444
285,attribute,no,0,1.0,1.0,0.0,1.0,0.8,0.6,0.4,0.4,0.47619047619047616,0.875,0.675,0.6,0.7666666666666667,0.4666666666666667
286,object,no,1,0.9090909090909091,0.8181818181818182,1.0,1.0,1.0,1.0,0.2,0.6,0.9090909090909091,0.875,0.5416666666666666,1.0,0.6,0.4666666666666667
288,sentiment,no,0,1.0,1.0,1.0,1.0,1.0,1.0,1.0,1.0,1.0,1.0,1.0,1.0,1.0,1.0
290,sentiment,no,1,1.0,1.0,1.0,1.0,1.0,1.0,1.0,1.0,1.0,1.0,1.0,1.0,1.0,1.0
291,object,no,0,1.0,1.0,0.0,1.0,0.6,0.4,0.4,0.4,0.47619047619047616,0.7666666666666667,0.675,0.675,0.7666666666666667,0.4444444444444444
292,attribute,no,0,0.2727272727272727,0.5636363636363636,0.2727272727272727,0.5636363636363636,0.2,0.6,1.0,1.0,0.5844155844155844,0.6,0.4666666666666667,0.6,0.4666666666666667,0.4666666666666667
293,attribute,no,1,1.0,1.0,0.36363636363636365,0.4909090909090909,1.0,1.0,0.0,1.0,0.5454545454545454,1.0,0.5416666666666666,0.475,0.6,0.4444444444444444
294,attribute,no,0,0.8181818181818182,0.6727272727272727,0.9090909090909091,0.8181818181818182,0.2,0.6,1.0,1.0,0.7532467532467533,0.5,0.7666666666666667,0.5416666666666666,0.875,0.4666666666666667
295,object,no,0,0.2727272727272727,0.5636363636363636,0.0,1.0,0.4,0.4,0.2,0.6,0.7532467532467533,0.5416666666666666,0.6,0.7666666666666667,0.875,0.5333333333333333
296,object,no,0,0.0,1.0,0.6363636363636364,0.4909090909090909,0.0,1.0,1.0,1.0,0.5454545454545454,1.0,0.5416666666666666,0.475,0.6,0.4444444444444444
297,counting,no,1,1.0,1.0,0.09090909090909091,0.8181818181818182,1.0,1.0,0.0,1.0,0.4805194805194805,1.0,0.5416666666666666,0.5,0.875,0.4444444444444444
298,attribute,no,0,1.0,1.0,1.0,1.0,0.2,0.6,1.0,1.0,1.0,0.6,1.0,0.6,1.0,0.4666666666666667
299,object,no,0,0.0,1.0,0.9090909090909091,0.8181818181818182,0.2,0.6,0.8,0.6,0.4805194805194805,0.875,0.6,0.5416666666666666,0.7666666666666667,0.4444444444444444
301,object,no,0,0.7272727272727273,0.5636363636363636,1.0,1.0,0.8,0.6,0.8,0.6,0.7532467532467533,0.6,0.6,0.875,0.875,0.6444444444444445
302,sentiment,no,1,0.0,1.0,1.0,1.0,0.6,0.4,0.8,0.6,0.47619047619047616,0.675,0.6,0.7666666666666667,0.875,0.5333333333333333
304,counting,no,0,0.0,1.0,0.0,1.0,0.0,1.0,0.8,0.6,1.0,1.0,0.6,1.0,0.6,0.4666666666666667
305,sentiment,no,0,1.0,1.0,0.0,1.0,0.8,0.6,0.0,1.0,0.47619047619047616,0.875,0.5416666666666666,0.6,1.0,0.4666666666666667
306,object,no,0,1.0,1.0,0.6363636363636364,0.4909090909090909,1.0,1.0,1.0,1.0,0.6883116883116883,1.0,1.0,0.6,0.6,1.0
307,object,no,0,0.2727272727272727,0.5636363636363636,0.18181818181818182,0.6727272727272727,0.0,1.0,0.8,0.6,0.6320346320346321,0.675,0.475,0.7666666666666667,0.5,0.4666666666666667
308,attribute,no,0,1.0,1.0,0.0,1.0,0.4,0.4,0.6,0.4,0.47619047619047616,0.675,0.7666666666666667,0.7666666666666667,0.675,0.4444444444444444
309,object,no,1,1.0,1.0,0.09090909090909091,0.8181818181818182,1.0,1.0,0.0,1.0,0.4805194805194805,1.0,0.5416666666666666,0.5,0.875,0.4444444444444444
310,sentiment,no,0,0.8181818181818182,0.6727272727272727,0.0,1.0,0.8,0.6,0.0,1.0,0.4935064935064935,0.675,0.475,0.6,1.0,0.4666666666666667
311,object,no,0,0.2727272727272727,0.5636363636363636,0.0,1.0,0.0,1.0,0.8,0.6,0.7532467532467533,0.675,0.475,1.0,0.6,0.4666666666666667
312,attribute,no,0,0.0,1.0,0.9090909090909091,0.8181818181818182,0.0,1.0,1.0,1.0,0.4805194805194805,1.0,0.5416666666666666,0.5,0.875,0.4444444444444444
313,attribute,no,0,0.09090909090909091,0.8181818181818182,0.09090909090909091,0.8181818181818182,0.2,0.6,0.6,0.4,0.8268398268398268,0.7666666666666667,0.6,0.7666666666666667,0.6,0.4666666666666667
314,positional,no,1,1.0,1.0,0.2727272727272727,0.5636363636363636,1.0,1.0,0.0,1.0,0.5151515151515151,1.0,0.5416666666666666,0.4666666666666667,0.675,0.4444444444444444
315,positional,no,0,1.0,1.0,0.6363636363636364,0.4909090909090909,0.4,0.4,1.0,1.0,0.6883116883116883,0.675,1.0,0.475,0.6,0.5333333333333333
316,object,no,0,1.0,1.0,0.5454545454545454,0.45454545454545453,0.8,0.6,0.8,0.6,0.6320346320346321,0.875,0.875,0.5,0.5,0.6444444444444445
319,counting,no,0,0.36363636363636365,0.4909090909090909,0.0,1.0,0.2,0.6,0.4,0.4,0.6883116883116883,0.5416666666666666,0.5,0.875,0.7666666666666667,0.5333333333333333
321,object,no,1,1.0,1.0,0.09090909090909091,0.8181818181818182,1.0,1.0,0.6,0.4,0.4805194805194805,1.0,0.7666666666666667,0.5,0.6,0.6444444444444445
322,object,no,0,1.0,1.0,0.7272727272727273,0.5636363636363636,0.8,0.6,0.8,0.6,0.7532467532467533,0.875,0.875,0.6,0.6,0.6444444444444445
323,positional,no,0,0.9090909090909091,0.8181818181818182,0.09090909090909091,0.8181818181818182,0.2,0.6,0.8,0.6,0.47619047619047616,0.5416666666666666,0.7666666666666667,0.7666666666666667,0.5416666666666666,0.4444444444444444
324,positional,no,1,0.7272727272727273,0.5636363636363636,0.9090909090909091,0.8181818181818182,1.0,1.0,0.2,0.6,0.6883116883116883,0.675,0.475,0.875,0.5416666666666666,0.4666666666666667
325,sentiment,no,1,1.0,1.0,1.0,1.0,1.0,1.0,0.6,0.4,1.0,1.0,0.7666666666666667,1.0,0.7666666666666667,0.6444444444444445
326,counting,no,1,1.0,1.0,1.0,1.0,1.0,1.0,0.8,0.6,1.0,1.0,0.875,1.0,0.875,0.8
327,counting,no,1,1.0,1.0,1.0,1.0,1.0,1.0,0.4,0.4,1.0,1.0,0.675,1.0,0.675,0.5333333333333333
328,attribute,no,1,1.0,1.0,0.09090909090909091,0.8181818181818182,1.0,1.0,0.0,1.0,0.4805194805194805,1.0,0.5416666666666666,0.5,0.875,0.4444444444444444
329,object,no,0,0.0,1.0,1.0,1.0,0.6,0.4,0.8,0.6,0.47619047619047616,0.675,0.6,0.7666666666666667,0.875,0.5333333333333333
330,object,no,0,0.8181818181818182,0.6727272727272727,0.0,1.0,0.4,0.4,0.2,0.6,0.4935064935064935,0.5416666666666666,0.5,0.7666666666666667,0.875,0.5333333333333333
331,attribute,no,1,1.0,1.0,0.18181818181818182,0.6727272727272727,1.0,1.0,0.0,1.0,0.4935064935064935,1.0,0.5416666666666666,0.475,0.7666666666666667,0.4444444444444444
332,positional,no,0,0.0,1.0,1.0,1.0,0.0,1.0,1.0,1.0,0.47619047619047616,1.0,0.5416666666666666,0.5416666666666666,1.0,0.4444444444444444
333,attribute,no,0,1.0,1.0,0.0,1.0,0.8,0.6,0.0,1.0,0.47619047619047616,0.875,0.5416666666666666,0.6,1.0,0.4666666666666667
334,positional,no,1,1.0,1.0,0.9090909090909091,0.8181818181818182,1.0,1.0,0.4,0.4,0.9090909090909091,1.0,0.675,0.875,0.6,0.5333333333333333
335,object,no,1,1.0,1.0,1.0,1.0,1.0,1.0,0.4,0.4,1.0,1.0,0.675,1.0,0.675,0.5333333333333333
336,positional,no,1,1.0,1.0,1.0,1.0,1.0,1.0,0.6,0.4,1.0,1.0,0.7666666666666667,1.0,0.7666666666666667,0.6444444444444445
337,positional,no,1,0.0,1.0,0.6363636363636364,0.4909090909090909,0.6,0.4,0.0,1.0,0.5454545454545454,0.675,1.0,0.5,0.475,0.5333333333333333
338,object,no,0,0.36363636363636365,0.4909090909090909,0.0,1.0,0.2,0.6,0.4,0.4,0.6883116883116883,0.5416666666666666,0.5,0.875,0.7666666666666667,0.5333333333333333
339,attribute,no,0,0.45454545454545453,0.45454545454545453,1.0,1.0,0.2,0.6,1.0,1.0,0.5844155844155844,0.5,0.5,0.6,1.0,0.4666666666666667
340,attribute,no,0,0.6363636363636364,0.4909090909090909,0.0,1.0,0.0,1.0,0.6,0.4,0.5454545454545454,0.475,0.5,1.0,0.675,0.5333333333333333
341,object,no,0,0.8181818181818182,0.6727272727272727,0.8181818181818182,0.6727272727272727,0.6,0.4,1.0,1.0,0.6883116883116883,0.6,0.7666666666666667,0.6,0.7666666666666667,0.6444444444444445
342,object,no,0,1.0,1.0,0.8181818181818182,0.6727272727272727,0.8,0.6,0.8,0.6,0.8268398268398268,0.875,0.875,0.675,0.675,0.6444444444444445
343,object,no,0,1.0,1.0,0.0,1.0,1.0,1.0,0.0,1.0,0.47619047619047616,1.0,0.5416666666666666,0.5416666666666666,1.0,0.4444444444444444
344,attribute,no,0,1.0,1.0,0.0,1.0,0.8,0.6,0.0,1.0,0.47619047619047616,0.875,0.5416666666666666,0.6,1.0,0.4666666666666667
345,object,no,1,1.0,1.0,0.5454545454545454,0.45454545454545453,1.0,1.0,0.0,1.0,0.6320346320346321,1.0,0.5416666666666666,0.5416666666666666,0.5,0.4444444444444444
346,sentiment,no,1,1.0,1.0,1.0,1.0,1.0,1.0,0.8,0.6,1.0,1.0,0.875,1.0,0.875,0.8
347,positional,no,1,1.0,1.0,0.18181818181818182,0.6727272727272727,1.0,1.0,0.0,1.0,0.4935064935064935,1.0,0.5416666666666666,0.475,0.7666666666666667,0.4444444444444444
348,attribute,no,1,0.7272727272727273,0.5636363636363636,0.0,1.0,1.0,1.0,0.2,0.6,0.5151515151515151,0.675,0.475,0.5416666666666666,0.875,0.4666666666666667
349,sentiment,no,1,1.0,1.0,1.0,1.0,1.0,1.0,0.6,0.4,1.0,1.0,0.7666666666666667,1.0,0.7666666666666667,0.6444444444444445
350,object,no,0,0.6363636363636364,0.4909090909090909,0.09090909090909091,0.8181818181818182,0.4,0.4,0.6,0.4,0.5151515151515151,0.475,0.5,0.675,0.6,0.4444444444444444
351,positional,no,1,1.0,1.0,0.09090909090909091,0.8181818181818182,1.0,1.0,0.0,1.0,0.4805194805194805,1.0,0.5416666666666666,0.5,0.875,0.4444444444444444
352,attribute,no,0,0.36363636363636365,0.4909090909090909,0.9090909090909091,0.8181818181818182,0.2,0.6,1.0,1.0,0.5151515151515151,0.5416666666666666,0.475,0.5416666666666666,0.875,0.4666666666666667
353,positional,no,1,1.0,1.0,1.0,1.0,1.0,1.0,0.6,0.4,1.0,1.0,0.7666666666666667,1.0,0.7666666666666667,0.6444444444444445
355,positional,no,1,1.0,1.0,0.09090909090909091,0.8181818181818182,1.0,1.0,0.0,1.0,0.4805194805194805,1.0,0.5416666666666666,0.5,0.875,0.4444444444444444
356,attribute,no,1,0.7272727272727273,0.5636363636363636,0.9090909090909091,0.8181818181818182,1.0,1.0,0.0,1.0,0.6883116883116883,0.675,0.4666666666666667,0.875,0.5,0.4444444444444444
357,attribute,no,0,0.09090909090909091,0.8181818181818182,1.0,1.0,0.0,1.0,0.4,0.4,0.4805194805194805,0.875,0.675,0.5416666666666666,0.675,0.6444444444444445
358,counting,no,1,1.0,1.0,1.0,1.0,1.0,1.0,0.6,0.4,1.0,1.0,0.7666666666666667,1.0,0.7666666666666667,0.6444444444444445
359,attribute,no,0,0.0,1.0,1.0,1.0,0.0,1.0,1.0,1.0,0.47619047619047616,1.0,0.5416666666666666,0.5416666666666666,1.0,0.4444444444444444
360,object,no,0,0.7272727272727273,0.5636363636363636,0.0,1.0,0.0,1.0,0.8,0.6,0.5151515151515151,0.4666666666666667,0.6,1.0,0.6,0.4666666666666667
361,object,no,0,1.0,1.0,0.5454545454545454,0.45454545454545453,0.6,0.4,1.0,1.0,0.6320346320346321,0.7666666666666667,1.0,0.475,0.5416666666666666,0.6444444444444445
362,object,no,0,1.0,1.0,0.9090909090909091,0.8181818181818182,0.4,0.4,1.0,1.0,0.9090909090909091,0.675,1.0,0.6,0.875,0.5333333333333333
363,sentiment,no,0,0.0,1.0,0.9090909090909091,0.8181818181818182,0.0,1.0,1.0,1.0,0.4805194805194805,1.0,0.5416666666666666,0.5,0.875,0.4444444444444444
365,counting,no,1,1.0,1.0,0.36363636363636365,0.4909090909090909,1.0,1.0,0.6,0.4,0.5454545454545454,1.0,0.7666666666666667,0.475,0.475,0.6444444444444445
366,object,no,0,1.0,1.0,1.0,1.0,0.8,0.6,0.8,0.6,1.0,0.875,0.875,0.875,0.875,0.6444444444444445
367,attribute,no,1,1.0,1.0,0.0,1.0,1.0,1.0,0.0,1.0,0.47619047619047616,1.0,0.5416666666666666,0.5416666666666666,1.0,0.4444444444444444
368,attribute,no,1,1.0,1.0,0.0,1.0,1.0,1.0,0.0,1.0,0.47619047619047616,1.0,0.5416666666666666,0.5416666666666666,1.0,0.4444444444444444
369,object,no,1,1.0,1.0,0.09090909090909091,0.8181818181818182,1.0,1.0,0.0,1.0,0.4805194805194805,1.0,0.5416666666666666,0.5,0.875,0.4444444444444444
370,positional,no,1,0.0,1.0,1.0,1.0,0.8,0.6,0.6,0.4,0.47619047619047616,0.6,0.675,0.875,0.7666666666666667,0.5333333333333333
371,positional,no,0,0.09090909090909091,0.8181818181818182,0.9090909090909091,0.8181818181818182,0.0,1.0,1.0,1.0,0.47619047619047616,0.875,0.5,0.5,0.875,0.4444444444444444
372,attribute,no,1,0.9090909090909091,0.8181818181818182,0.09090909090909091,0.8181818181818182,0.8,0.6,0.0,1.0,0.47619047619047616,0.7666666666666667,0.5,0.5416666666666666,0.875,0.4666666666666667
373,positional,no,1,1.0,1.0,1.0,1.0,1.0,1.0,0.2,0.6,1.0,1.0,0.6,1.0,0.6,0.4666666666666667
374,object,no,1,1.0,1.0,1.0,1.0,1.0,1.0,0.8,0.6,1.0,1.0,0.875,1.0,0.875,0.8
375,counting,no,1,1.0,1.0,1.0,1.0,1.0,1.0,0.4,0.4,1.0,1.0,0.675,1.0,0.675,0.5333333333333333
376,positional,no,1,0.8181818181818182,0.6727272727272727,1.0,1.0,1.0,1.0,0.8,0.6,0.8268398268398268,0.7666666666666667,0.675,1.0,0.875,0.8
377,object,no,0,1.0,1.0,0.0,1.0,1.0,1.0,0.6,0.4,0.47619047619047616,1.0,0.7666666666666667,0.5416666666666666,0.675,0.6444444444444445
378,object,no,0,0.8181818181818182,0.6727272727272727,0.0,1.0,0.6,0.4,0.2,0.6,0.4935064935064935,0.6,0.5,0.675,0.875,0.4666666666666667
379,object,no,0,0.8181818181818182,0.6727272727272727,0.0,1.0,0.6,0.4,0.4,0.4,0.4935064935064935,0.6,0.5416666666666666,0.675,0.7666666666666667,0.4444444444444444
380,attribute,no,0,0.7272727272727273,0.5636363636363636,0.8181818181818182,0.6727272727272727,0.4,0.4,0.8,0.6,0.6320346320346321,0.5,0.6,0.5416666666666666,0.675,0.4666666666666667
381,counting,no,1,1.0,1.0,0.09090909090909091,0.8181818181818182,1.0,1.0,0.2,0.6,0.4805194805194805,1.0,0.6,0.5,0.7666666666666667,0.4666666666666667
382,attribute,no,0,0.0,1.0,0.0,1.0,0.2,0.6,0.6,0.4,1.0,0.875,0.675,0.875,0.675,0.4666666666666667
383,object,no,1,0.36363636363636365,0.4909090909090909,1.0,1.0,0.8,0.6,1.0,1.0,0.5454545454545454,0.4666666666666667,0.475,0.875,1.0,0.8
384,attribute,no,0,0.0,1.0,0.0,1.0,0.0,1.0,0.4,0.4,1.0,1.0,0.7666666666666667,1.0,0.7666666666666667,0.6444444444444445
385,sentiment,no,1,1.0,1.0,1.0,1.0,1.0,1.0,0.6,0.4,1.0,1.0,0.7666666666666667,1.0,0.7666666666666667,0.6444444444444445
386,attribute,no,0,0.0,1.0,0.09090909090909091,0.8181818181818182,0.0,1.0,0.6,0.4,0.9090909090909091,1.0,0.675,0.875,0.6,0.5333333333333333
387,sentiment,no,1,1.0,1.0,1.0,1.0,1.0,1.0,0.6,0.4,1.0,1.0,0.7666666666666667,1.0,0.7666666666666667,0.6444444444444445
388,attribute,no,0,0.0,1.0,1.0,1.0,0.0,1.0,1.0,1.0,0.47619047619047616,1.0,0.5416666666666666,0.5416666666666666,1.0,0.4444444444444444
389,positional,no,1,1.0,1.0,0.09090909090909091,0.8181818181818182,1.0,1.0,0.0,1.0,0.4805194805194805,1.0,0.5416666666666666,0.5,0.875,0.4444444444444444
390,positional,no,0,0.09090909090909091,0.8181818181818182,0.9090909090909091,0.8181818181818182,0.0,1.0,1.0,1.0,0.47619047619047616,0.875,0.5,0.5,0.875,0.4444444444444444
391,counting,no,0,0.09090909090909091,0.8181818181818182,0.0,1.0,0.0,1.0,0.0,1.0,0.9090909090909091,0.875,0.875,1.0,1.0,1.0
392,object,no,0,0.0,1.0,0.09090909090909091,0.8181818181818182,0.0,1.0,0.6,0.4,0.9090909090909091,1.0,0.675,0.875,0.6,0.5333333333333333
393,attribute,no,0,1.0,1.0,0.7272727272727273,0.5636363636363636,0.2,0.6,0.8,0.6,0.7532467532467533,0.6,0.875,0.475,0.6,0.4444444444444444
394,positional,no,0,1.0,1.0,0.0,1.0,0.2,0.6,0.8,0.6,0.47619047619047616,0.6,0.875,0.875,0.6,0.4444444444444444
395,attribute,no,0,0.9090909090909091,0.8181818181818182,1.0,1.0,1.0,1.0,1.0,1.0,0.9090909090909091,0.875,0.875,1.0,1.0,1.0
396,object,no,1,0.8181818181818182,0.6727272727272727,0.9090909090909091,0.8181818181818182,1.0,1.0,1.0,1.0,0.7532467532467533,0.7666666666666667,0.7666666666666667,0.875,0.875,1.0
397,sentiment,no,1,1.0,1.0,1.0,1.0,1.0,1.0,1.0,1.0,1.0,1.0,1.0,1.0,1.0,1.0
398,object,no,1,1.0,1.0,1.0,1.0,1.0,1.0,0.2,0.6,1.0,1.0,0.6,1.0,0.6,0.4666666666666667
399,object,no,0,1.0,1.0,0.2727272727272727,0.5636363636363636,0.6,0.4,0.8,0.6,0.5151515151515151,0.7666666666666667,0.875,0.5,0.475,0.5333333333333333
400,object,no,1,1.0,1.0,0.0,1.0,1.0,1.0,0.0,1.0,0.47619047619047616,1.0,0.5416666666666666,0.5416666666666666,1.0,0.4444444444444444
401,attribute,no,0,0.09090909090909091,0.8181818181818182,1.0,1.0,0.0,1.0,1.0,1.0,0.4805194805194805,0.875,0.5,0.5416666666666666,1.0,0.4444444444444444
402,positional,no,1,0.9090909090909091,0.8181818181818182,1.0,1.0,0.8,0.6,0.8,0.6,0.9090909090909091,0.7666666666666667,0.7666666666666667,0.875,0.875,0.6444444444444445
403,object,no,1,1.0,1.0,1.0,1.0,1.0,1.0,0.6,0.4,1.0,1.0,0.7666666666666667,1.0,0.7666666666666667,0.6444444444444445
405,attribute,no,1,0.7272727272727273,0.5636363636363636,0.9090909090909091,0.8181818181818182,1.0,1.0,0.2,0.6,0.6883116883116883,0.675,0.475,0.875,0.5416666666666666,0.4666666666666667
406,attribute,no,0,0.0,1.0,0.0,1.0,0.0,1.0,0.2,0.6,1.0,1.0,0.875,1.0,0.875,0.8
407,positional,no,0,1.0,1.0,0.0,1.0,1.0,1.0,0.0,1.0,0.47619047619047616,1.0,0.5416666666666666,0.5416666666666666,1.0,0.4444444444444444
408,positional,no,1,1.0,1.0,1.0,1.0,1.0,1.0,1.0,1.0,1.0,1.0,1.0,1.0,1.0,1.0
409,sentiment,no,1,1.0,1.0,1.0,1.0,1.0,1.0,0.4,0.4,1.0,1.0,0.675,1.0,0.675,0.5333333333333333
410,counting,no,1,0.9090909090909091,0.8181818181818182,1.0,1.0,1.0,1.0,0.4,0.4,0.9090909090909091,0.875,0.6,1.0,0.675,0.5333333333333333
412,attribute,no,1,1.0,1.0,0.0,1.0,1.0,1.0,0.0,1.0,0.47619047619047616,1.0,0.5416666666666666,0.5416666666666666,1.0,0.4444444444444444
413,object,no,1,1.0,1.0,1.0,1.0,1.0,1.0,1.0,1.0,1.0,1.0,1.0,1.0,1.0,1.0
415,object,no,0,1.0,1.0,0.0,1.0,0.4,0.4,0.4,0.4,0.47619047619047616,0.675,0.675,0.7666666666666667,0.7666666666666667,0.4666666666666667
416,object,no,0,1.0,1.0,0.0,1.0,0.6,0.4,0.2,0.6,0.47619047619047616,0.7666666666666667,0.6,0.675,0.875,0.4666666666666667
417,sentiment,no,1,0.9090909090909091,0.8181818181818182,1.0,1.0,0.8,0.6,0.6,0.4,0.9090909090909091,0.7666666666666667,0.675,0.875,0.7666666666666667,0.5333333333333333
418,object,no,0,0.09090909090909091,0.8181818181818182,0.7272727272727273,0.5636363636363636,0.2,0.6,0.4,0.4,0.4935064935064935,0.7666666666666667,0.675,0.475,0.5,0.5333333333333333
419,attribute,no,0,0.9090909090909091,0.8181818181818182,0.0,1.0,0.4,0.4,0.4,0.4,0.4805194805194805,0.6,0.6,0.7666666666666667,0.7666666666666667,0.4666666666666667
421,object,no,0,0.18181818181818182,0.6727272727272727,0.8181818181818182,0.6727272727272727,0.2,0.6,1.0,1.0,0.47619047619047616,0.675,0.475,0.5,0.7666666666666667,0.4666666666666667
422,counting,no,1,1.0,1.0,1.0,1.0,1.0,1.0,0.6,0.4,1.0,1.0,0.7666666666666667,1.0,0.7666666666666667,0.6444444444444445
423,positional,no,1,1.0,1.0,1.0,1.0,1.0,1.0,0.4,0.4,1.0,1.0,0.675,1.0,0.675,0.5333333333333333
424,object,no,0,0.2727272727272727,0.5636363636363636,0.09090909090909091,0.8181818181818182,0.0,1.0,0.6,0.4,0.6883116883116883,0.675,0.5,0.875,0.6,0.5333333333333333
425,attribute,no,0,0.8181818181818182,0.6727272727272727,0.6363636363636364,0.4909090909090909,0.8,0.6,1.0,1.0,0.5844155844155844,0.675,0.7666666666666667,0.5416666666666666,0.6,0.8
426,object,no,0,1.0,1.0,0.0,1.0,1.0,1.0,0.0,1.0,0.47619047619047616,1.0,0.5416666666666666,0.5416666666666666,1.0,0.4444444444444444
428,attribute,no,0,0.0,1.0,0.5454545454545454,0.45454545454545453,0.0,1.0,0.8,0.6,0.5844155844155844,1.0,0.6,0.5,0.5,0.4666666666666667
429,object,no,0,1.0,1.0,0.0,1.0,0.8,0.6,0.0,1.0,0.47619047619047616,0.875,0.5416666666666666,0.6,1.0,0.4666666666666667
430,counting,no,1,1.0,1.0,1.0,1.0,1.0,1.0,0.4,0.4,1.0,1.0,0.675,1.0,0.675,0.5333333333333333
431,positional,no,1,1.0,1.0,0.2727272727272727,0.5636363636363636,1.0,1.0,0.0,1.0,0.5151515151515151,1.0,0.5416666666666666,0.4666666666666667,0.675,0.4444444444444444
432,counting,no,1,0.9090909090909091,0.8181818181818182,1.0,1.0,0.6,0.4,0.8,0.6,0.9090909090909091,0.675,0.7666666666666667,0.7666666666666667,0.875,0.5333333333333333
434,counting,no,1,1.0,1.0,1.0,1.0,1.0,1.0,0.2,0.6,1.0,1.0,0.6,1.0,0.6,0.4666666666666667
435,sentiment,no,0,1.0,1.0,0.0,1.0,0.4,0.4,0.2,0.6,0.47619047619047616,0.675,0.6,0.7666666666666667,0.875,0.5333333333333333
436,object,no,0,1.0,1.0,0.18181818181818182,0.6727272727272727,1.0,1.0,0.8,0.6,0.4935064935064935,1.0,0.875,0.475,0.5,0.8
437,counting,no,1,1.0,1.0,0.18181818181818182,0.6727272727272727,1.0,1.0,0.4,0.4,0.4935064935064935,1.0,0.675,0.475,0.6,0.5333333333333333
438,attribute,no,0,0.0,1.0,1.0,1.0,0.0,1.0,1.0,1.0,0.47619047619047616,1.0,0.5416666666666666,0.5416666666666666,1.0,0.4444444444444444
439,positional,no,0,0.09090909090909091,0.8181818181818182,0.45454545454545453,0.45454545454545453,0.0,1.0,0.6,0.4,0.5844155844155844,0.875,0.6,0.5416666666666666,0.4666666666666667,0.5333333333333333
440,object,no,0,1.0,1.0,0.7272727272727273,0.5636363636363636,0.8,0.6,1.0,1.0,0.7532467532467533,0.875,1.0,0.6,0.675,0.8
441,counting,no,1,1.0,1.0,1.0,1.0,1.0,1.0,0.6,0.4,1.0,1.0,0.7666666666666667,1.0,0.7666666666666667,0.6444444444444445
442,object,no,1,1.0,1.0,1.0,1.0,1.0,1.0,0.4,0.4,1.0,1.0,0.675,1.0,0.675,0.5333333333333333
443,object,no,1,0.18181818181818182,0.6727272727272727,1.0,1.0,0.4,0.4,0.4,0.4,0.4935064935064935,0.6,0.6,0.675,0.675,0.4666666666666667
444,object,no,0,0.6363636363636364,0.4909090909090909,0.0,1.0,0.8,0.6,0.4,0.4,0.5454545454545454,0.5416666666666666,0.475,0.6,0.7666666666666667,0.4666666666666667
445,sentiment,no,1,1.0,1.0,0.18181818181818182,0.6727272727272727,1.0,1.0,0.4,0.4,0.4935064935064935,1.0,0.675,0.475,0.6,0.5333333333333333
446,counting,no,1,1.0,1.0,0.09090909090909091,0.8181818181818182,1.0,1.0,0.2,0.6,0.4805194805194805,1.0,0.6,0.5,0.7666666666666667,0.4666666666666667
447,counting,no,1,0.9090909090909091,0.8181818181818182,0.45454545454545453,0.45454545454545453,1.0,1.0,0.0,1.0,0.5454545454545454,0.875,0.5,0.5,0.5416666666666666,0.4444444444444444
448,positional,no,1,1.0,1.0,0.2727272727272727,0.5636363636363636,1.0,1.0,0.0,1.0,0.5151515151515151,1.0,0.5416666666666666,0.4666666666666667,0.675,0.4444444444444444
449,counting,no,1,1.0,1.0,1.0,1.0,1.0,1.0,0.4,0.4,1.0,1.0,0.675,1.0,0.675,0.5333333333333333
450,object,no,0,1.0,1.0,0.0,1.0,1.0,1.0,0.6,0.4,0.47619047619047616,1.0,0.7666666666666667,0.5416666666666666,0.675,0.6444444444444445
451,positional,no,1,1.0,1.0,0.0,1.0,1.0,1.0,0.0,1.0,0.47619047619047616,1.0,0.5416666666666666,0.5416666666666666,1.0,0.4444444444444444
452,attribute,no,1,0.8181818181818182,0.6727272727272727,0.0,1.0,1.0,1.0,0.0,1.0,0.4935064935064935,0.7666666666666667,0.475,0.5416666666666666,1.0,0.4444444444444444
454,counting,no,1,1.0,1.0,0.8181818181818182,0.6727272727272727,1.0,1.0,0.2,0.6,0.8268398268398268,1.0,0.6,0.7666666666666667,0.5,0.4666666666666667
455,object,no,0,1.0,1.0,0.8181818181818182,0.6727272727272727,0.8,0.6,1.0,1.0,0.8268398268398268,0.875,1.0,0.675,0.7666666666666667,0.8
456,object,no,1,0.6363636363636364,0.4909090909090909,1.0,1.0,0.8,0.6,0.2,0.6,0.6883116883116883,0.5416666666666666,0.4666666666666667,0.875,0.6,0.4444444444444444
457,counting,no,1,1.0,1.0,0.09090909090909091,0.8181818181818182,1.0,1.0,0.2,0.6,0.4805194805194805,1.0,0.6,0.5,0.7666666666666667,0.4666666666666667
458,counting,no,1,1.0,1.0,1.0,1.0,1.0,1.0,0.2,0.6,1.0,1.0,0.6,1.0,0.6,0.4666666666666667
459,object,no,1,0.8181818181818182,0.6727272727272727,1.0,1.0,1.0,1.0,1.0,1.0,0.8268398268398268,0.7666666666666667,0.7666666666666667,1.0,1.0,1.0
460,attribute,no,0,0.18181818181818182,0.6727272727272727,1.0,1.0,0.0,1.0,1.0,1.0,0.4935064935064935,0.7666666666666667,0.475,0.5416666666666666,1.0,0.4444444444444444
461,object,no,0,1.0,1.0,1.0,1.0,0.2,0.6,1.0,1.0,1.0,0.6,1.0,0.6,1.0,0.4666666666666667
462,object,no,0,1.0,1.0,0.0,1.0,0.6,0.4,0.6,0.4,0.47619047619047616,0.7666666666666667,0.7666666666666667,0.675,0.675,0.4666666666666667
463,counting,no,1,1.0,1.0,0.9090909090909091,0.8181818181818182,1.0,1.0,0.2,0.6,0.9090909090909091,1.0,0.6,0.875,0.5416666666666666,0.4666666666666667
464,counting,no,1,1.0,1.0,0.09090909090909091,0.8181818181818182,1.0,1.0,0.0,1.0,0.4805194805194805,1.0,0.5416666666666666,0.5,0.875,0.4444444444444444
465,positional,no,1,1.0,1.0,0.18181818181818182,0.6727272727272727,1.0,1.0,0.0,1.0,0.4935064935064935,1.0,0.5416666666666666,0.475,0.7666666666666667,0.4444444444444444
466,counting,no,0,0.36363636363636365,0.4909090909090909,0.0,1.0,0.0,1.0,0.6,0.4,0.6883116883116883,0.6,0.475,1.0,0.675,0.5333333333333333
467,object,no,0,0.09090909090909091,0.8181818181818182,0.9090909090909091,0.8181818181818182,0.4,0.4,0.8,0.6,0.47619047619047616,0.675,0.5416666666666666,0.6,0.7666666666666667,0.4666666666666667
468,counting,no,0,0.0,1.0,0.9090909090909091,0.8181818181818182,0.0,1.0,0.8,0.6,0.4805194805194805,1.0,0.6,0.5,0.7666666666666667,0.4666666666666667
469,object,no,1,1.0,1.0,1.0,1.0,1.0,1.0,0.2,0.6,1.0,1.0,0.6,1.0,0.6,0.4666666666666667
470,object,no,0,1.0,1.0,0.0,1.0,0.8,0.6,0.4,0.4,0.47619047619047616,0.875,0.675,0.6,0.7666666666666667,0.4666666666666667
471,object,no,1,1.0,1.0,1.0,1.0,1.0,1.0,0.2,0.6,1.0,1.0,0.6,1.0,0.6,0.4666666666666667
472,positional,no,1,1.0,1.0,0.45454545454545453,0.45454545454545453,1.0,1.0,0.0,1.0,0.5844155844155844,1.0,0.5416666666666666,0.5,0.5416666666666666,0.4444444444444444
474,object,no,1,1.0,1.0,1.0,1.0,1.0,1.0,0.2,0.6,1.0,1.0,0.6,1.0,0.6,0.4666666666666667
475,object,no,0,1.0,1.0,0.9090909090909091,0.8181818181818182,0.2,0.6,1.0,1.0,0.9090909090909091,0.6,1.0,0.5416666666666666,0.875,0.4666666666666667
477,positional,no,0,0.8181818181818182,0.6727272727272727,0.0,1.0,0.4,0.4,0.2,0.6,0.4935064935064935,0.5416666666666666,0.5,0.7666666666666667,0.875,0.5333333333333333
478,attribute,no,0,0.36363636363636365,0.4909090909090909,0.9090909090909091,0.8181818181818182,0.4,0.4,1.0,1.0,0.5151515151515151,0.5,0.475,0.6,0.875,0.5333333333333333
479,sentiment,no,1,1.0,1.0,1.0,1.0,1.0,1.0,1.0,1.0,1.0,1.0,1.0,1.0,1.0,1.0
480,attribute,no,0,0.18181818181818182,0.6727272727272727,0.7272727272727273,0.5636363636363636,0.0,1.0,1.0,1.0,0.4805194805194805,0.7666666666666667,0.475,0.4666666666666667,0.675,0.4444444444444444
481,counting,no,1,1.0,1.0,0.18181818181818182,0.6727272727272727,1.0,1.0,0.4,0.4,0.4935064935064935,1.0,0.675,0.475,0.6,0.5333333333333333
482,object,no,1,1.0,1.0,1.0,1.0,1.0,1.0,0.4,0.4,1.0,1.0,0.675,1.0,0.675,0.5333333333333333
483,sentiment,no,0,0.9090909090909091,0.8181818181818182,0.18181818181818182,0.6727272727272727,0.4,0.4,0.8,0.6,0.4805194805194805,0.6,0.7666666666666667,0.6,0.5,0.4666666666666667
484,attribute,no,0,0.9090909090909091,0.8181818181818182,0.0,1.0,0.8,0.6,0.4,0.4,0.4805194805194805,0.7666666666666667,0.6,0.6,0.7666666666666667,0.4666666666666667
485,positional,no,0,1.0,1.0,0.0,1.0,0.6,0.4,0.4,0.4,0.47619047619047616,0.7666666666666667,0.675,0.675,0.7666666666666667,0.4444444444444444
486,object,no,0,0.0,1.0,0.36363636363636365,0.4909090909090909,0.0,1.0,1.0,1.0,0.6883116883116883,1.0,0.5416666666666666,0.6,0.475,0.4444444444444444
487,object,no,1,1.0,1.0,0.18181818181818182,0.6727272727272727,1.0,1.0,0.2,0.6,0.4935064935064935,1.0,0.6,0.475,0.675,0.4666666666666667
488,object,no,0,0.0,1.0,1.0,1.0,0.0,1.0,1.0,1.0,0.47619047619047616,1.0,0.5416666666666666,0.5416666666666666,1.0,0.4444444444444444
489,counting,no,0,0.09090909090909091,0.8181818181818182,0.9090909090909091,0.8181818181818182,0.0,1.0,0.8,0.6,0.47619047619047616,0.875,0.5416666666666666,0.5,0.7666666666666667,0.4666666666666667
490,object,no,1,0.09090909090909091,0.8181818181818182,0.9090909090909091,0.8181818181818182,0.4,0.4,0.8,0.6,0.47619047619047616,0.675,0.5416666666666666,0.6,0.7666666666666667,0.4666666666666667
491,object,no,0,0.0,1.0,0.5454545454545454,0.45454545454545453,0.0,1.0,1.0,1.0,0.5844155844155844,1.0,0.5416666666666666,0.5,0.5416666666666666,0.4444444444444444
492,object,no,0,1.0,1.0,0.0,1.0,0.8,0.6,0.0,1.0,0.47619047619047616,0.875,0.5416666666666666,0.6,1.0,0.4666666666666667
493,object,no,0,0.09090909090909091,0.8181818181818182,0.6363636363636364,0.4909090909090909,0.6,0.4,0.8,0.6,0.5151515151515151,0.6,0.5416666666666666,0.5,0.5416666666666666,0.5333333333333333
494,positional,no,1,1.0,1.0,0.0,1.0,1.0,1.0,0.0,1.0,0.47619047619047616,1.0,0.5416666666666666,0.5416666666666666,1.0,0.4444444444444444
496,attribute,no,0,1.0,1.0,1.0,1.0,1.0,1.0,1.0,1.0,1.0,1.0,1.0,1.0,1.0,1.0
497,object,no,0,0.0,1.0,0.0,1.0,0.0,1.0,0.4,0.4,1.0,1.0,0.7666666666666667,1.0,0.7666666666666667,0.6444444444444445
498,counting,no,1,1.0,1.0,0.6363636363636364,0.4909090909090909,1.0,1.0,0.0,1.0,0.6883116883116883,1.0,0.5416666666666666,0.6,0.475,0.4444444444444444
499,counting,no,1,1.0,1.0,0.0,1.0,1.0,1.0,0.0,1.0,0.47619047619047616,1.0,0.5416666666666666,0.5416666666666666,1.0,0.4444444444444444
500,object,no,1,1.0,1.0,0.0,1.0,1.0,1.0,0.2,0.6,0.47619047619047616,1.0,0.6,0.5416666666666666,0.875,0.4666666666666667
501,counting,no,0,0.6363636363636364,0.4909090909090909,0.9090909090909091,0.8181818181818182,0.2,0.6,1.0,1.0,0.6320346320346321,0.4666666666666667,0.6,0.5416666666666666,0.875,0.4666666666666667
502,sentiment,no,1,1.0,1.0,1.0,1.0,1.0,1.0,0.4,0.4,1.0,1.0,0.675,1.0,0.675,0.5333333333333333
503,attribute,no,0,0.0,1.0,0.6363636363636364,0.4909090909090909,0.0,1.0,1.0,1.0,0.5454545454545454,1.0,0.5416666666666666,0.475,0.6,0.4444444444444444
504,positional,no,1,1.0,1.0,0.0,1.0,1.0,1.0,0.0,1.0,0.47619047619047616,1.0,0.5416666666666666,0.5416666666666666,1.0,0.4444444444444444
505,counting,no,1,1.0,1.0,0.45454545454545453,0.45454545454545453,1.0,1.0,0.0,1.0,0.5844155844155844,1.0,0.5416666666666666,0.5,0.5416666666666666,0.4444444444444444
506,object,no,0,0.36363636363636365,0.4909090909090909,0.0,1.0,0.0,1.0,0.2,0.6,0.6883116883116883,0.6,0.5416666666666666,1.0,0.875,0.8
509,counting,no,1,1.0,1.0,0.18181818181818182,0.6727272727272727,1.0,1.0,0.0,1.0,0.4935064935064935,1.0,0.5416666666666666,0.475,0.7666666666666667,0.4444444444444444
510,attribute,no,0,0.7272727272727273,0.5636363636363636,0.09090909090909091,0.8181818181818182,0.6,0.4,0.6,0.4,0.4935064935064935,0.5416666666666666,0.5416666666666666,0.6,0.6,0.4666666666666667
512,counting,no,1,1.0,1.0,0.45454545454545453,0.45454545454545453,1.0,1.0,0.2,0.6,0.5844155844155844,1.0,0.6,0.5,0.5,0.4666666666666667
514,counting,no,1,0.9090909090909091,0.8181818181818182,0.8181818181818182,0.6727272727272727,1.0,1.0,0.4,0.4,0.7532467532467533,0.875,0.6,0.7666666666666667,0.5416666666666666,0.5333333333333333
515,object,no,0,0.5454545454545454,0.45454545454545453,0.9090909090909091,0.8181818181818182,0.2,0.6,1.0,1.0,0.5844155844155844,0.475,0.5416666666666666,0.5416666666666666,0.875,0.4666666666666667
516,attribute,no,1,1.0,1.0,0.6363636363636364,0.4909090909090909,1.0,1.0,0.2,0.6,0.6883116883116883,1.0,0.6,0.6,0.4666666666666667,0.4666666666666667
518,object,no,0,1.0,1.0,0.36363636363636365,0.4909090909090909,0.4,0.4,1.0,1.0,0.5454545454545454,0.675,1.0,0.5,0.475,0.5333333333333333
521,object,no,0,0.2727272727272727,0.5636363636363636,0.0,1.0,0.0,1.0,0.6,0.4,0.7532467532467533,0.675,0.5,1.0,0.675,0.5333333333333333
522,counting,no,1,1.0,1.0,0.18181818181818182,0.6727272727272727,1.0,1.0,0.4,0.4,0.4935064935064935,1.0,0.675,0.475,0.6,0.5333333333333333
523,sentiment,no,1,1.0,1.0,0.0,1.0,1.0,1.0,0.0,1.0,0.47619047619047616,1.0,0.5416666666666666,0.5416666666666666,1.0,0.4444444444444444
524,object,no,0,1.0,1.0,0.0,1.0,1.0,1.0,0.0,1.0,0.47619047619047616,1.0,0.5416666666666666,0.5416666666666666,1.0,0.4444444444444444
525,sentiment,no,1,1.0,1.0,1.0,1.0,1.0,1.0,1.0,1.0,1.0,1.0,1.0,1.0,1.0,1.0
526,sentiment,no,0,1.0,1.0,0.18181818181818182,0.6727272727272727,1.0,1.0,0.4,0.4,0.4935064935064935,1.0,0.675,0.475,0.6,0.5333333333333333
527,sentiment,no,0,0.8181818181818182,0.6727272727272727,1.0,1.0,1.0,1.0,0.6,0.4,0.8268398268398268,0.7666666666666667,0.6,1.0,0.7666666666666667,0.6444444444444445
528,positional,no,1,0.7272727272727273,0.5636363636363636,0.45454545454545453,0.45454545454545453,1.0,1.0,0.0,1.0,0.4935064935064935,0.675,0.4666666666666667,0.5,0.5416666666666666,0.4444444444444444
529,counting,no,1,1.0,1.0,0.18181818181818182,0.6727272727272727,1.0,1.0,0.0,1.0,0.4935064935064935,1.0,0.5416666666666666,0.475,0.7666666666666667,0.4444444444444444
530,attribute,no,1,1.0,1.0,0.0,1.0,1.0,1.0,0.0,1.0,0.47619047619047616,1.0,0.5416666666666666,0.5416666666666666,1.0,0.4444444444444444
531,object,no,1,1.0,1.0,0.8181818181818182,0.6727272727272727,1.0,1.0,0.6,0.4,0.8268398268398268,1.0,0.7666666666666667,0.7666666666666667,0.6,0.6444444444444445
532,positional,no,1,1.0,1.0,0.18181818181818182,0.6727272727272727,1.0,1.0,0.0,1.0,0.4935064935064935,1.0,0.5416666666666666,0.475,0.7666666666666667,0.4444444444444444
534,attribute,no,0,1.0,1.0,0.2727272727272727,0.5636363636363636,0.8,0.6,0.4,0.4,0.5151515151515151,0.875,0.675,0.475,0.5416666666666666,0.4666666666666667
535,object,no,0,0.36363636363636365,0.4909090909090909,0.0,1.0,0.4,0.4,0.6,0.4,0.6883116883116883,0.5,0.475,0.7666666666666667,0.675,0.4444444444444444
536,positional,no,1,1.0,1.0,0.0,1.0,1.0,1.0,0.0,1.0,0.47619047619047616,1.0,0.5416666666666666,0.5416666666666666,1.0,0.4444444444444444
537,positional,no,1,1.0,1.0,0.0,1.0,1.0,1.0,0.0,1.0,0.47619047619047616,1.0,0.5416666666666666,0.5416666666666666,1.0,0.4444444444444444
538,attribute,no,0,0.5454545454545454,0.45454545454545453,0.0,1.0,0.0,1.0,0.0,1.0,0.5844155844155844,0.5,0.5,1.0,1.0,1.0
539,positional,no,1,1.0,1.0,1.0,1.0,1.0,1.0,0.6,0.4,1.0,1.0,0.7666666666666667,1.0,0.7666666666666667,0.6444444444444445
540,sentiment,no,0,1.0,1.0,0.0,1.0,1.0,1.0,0.0,1.0,0.47619047619047616,1.0,0.5416666666666666,0.5416666666666666,1.0,0.4444444444444444
541,sentiment,no,1,1.0,1.0,1.0,1.0,0.6,0.4,0.8,0.6,1.0,0.7666666666666667,0.875,0.7666666666666667,0.875,0.5333333333333333
542,positional,no,1,1.0,1.0,0.0,1.0,1.0,1.0,0.0,1.0,0.47619047619047616,1.0,0.5416666666666666,0.5416666666666666,1.0,0.4444444444444444
543,object,no,1,1.0,1.0,1.0,1.0,1.0,1.0,0.2,0.6,1.0,1.0,0.6,1.0,0.6,0.4666666666666667
544,object,no,0,0.09090909090909091,0.8181818181818182,1.0,1.0,0.0,1.0,1.0,1.0,0.4805194805194805,0.875,0.5,0.5416666666666666,1.0,0.4444444444444444
545,object,no,0,0.09090909090909091,0.8181818181818182,0.7272727272727273,0.5636363636363636,0.0,1.0,1.0,1.0,0.4935064935064935,0.875,0.5,0.4666666666666667,0.675,0.4444444444444444
546,positional,no,1,0.9090909090909091,0.8181818181818182,0.5454545454545454,0.45454545454545453,1.0,1.0,0.0,1.0,0.5844155844155844,0.875,0.5,0.5416666666666666,0.5,0.4444444444444444
547,positional,no,0,1.0,1.0,0.09090909090909091,0.8181818181818182,1.0,1.0,0.4,0.4,0.4805194805194805,1.0,0.675,0.5,0.675,0.5333333333333333
548,attribute,no,0,1.0,1.0,0.7272727272727273,0.5636363636363636,0.8,0.6,1.0,1.0,0.7532467532467533,0.875,1.0,0.6,0.675,0.8
549,positional,no,1,1.0,1.0,1.0,1.0,1.0,1.0,0.4,0.4,1.0,1.0,0.675,1.0,0.675,0.5333333333333333
550,object,no,1,0.6363636363636364,0.4909090909090909,0.09090909090909091,0.8181818181818182,0.8,0.6,0.2,0.6,0.5151515151515151,0.5416666666666666,0.4666666666666667,0.5416666666666666,0.7666666666666667,0.4444444444444444
551,counting,no,0,0.0,1.0,0.0,1.0,0.0,1.0,0.8,0.6,1.0,1.0,0.6,1.0,0.6,0.4666666666666667
552,attribute,no,1,1.0,1.0,0.09090909090909091,0.8181818181818182,1.0,1.0,0.0,1.0,0.4805194805194805,1.0,0.5416666666666666,0.5,0.875,0.4444444444444444
553,object,no,0,1.0,1.0,0.0,1.0,0.2,0.6,0.2,0.6,0.47619047619047616,0.6,0.6,0.875,0.875,0.6444444444444445
554,positional,no,0,0.36363636363636365,0.4909090909090909,0.2727272727272727,0.5636363636363636,0.2,0.6,0.8,0.6,0.5454545454545454,0.5416666666666666,0.4666666666666667,0.6,0.475,0.4444444444444444
555,sentiment,no,0,1.0,1.0,0.9090909090909091,0.8181818181818182,1.0,1.0,0.8,0.6,0.9090909090909091,1.0,0.875,0.875,0.7666666666666667,0.8
556,object,no,1,0.8181818181818182,0.6727272727272727,0.5454545454545454,0.45454545454545453,1.0,1.0,0.2,0.6,0.5454545454545454,0.7666666666666667,0.5,0.5416666666666666,0.475,0.4666666666666667
557,attribute,no,0,0.09090909090909091,0.8181818181818182,1.0,1.0,0.0,1.0,1.0,1.0,0.4805194805194805,0.875,0.5,0.5416666666666666,1.0,0.4444444444444444
558,attribute,no,1,1.0,1.0,0.0,1.0,1.0,1.0,0.0,1.0,0.47619047619047616,1.0,0.5416666666666666,0.5416666666666666,1.0,0.4444444444444444
559,attribute,no,0,1.0,1.0,1.0,1.0,1.0,1.0,1.0,1.0,1.0,1.0,1.0,1.0,1.0,1.0
560,object,no,0,1.0,1.0,0.0,1.0,0.8,0.6,0.6,0.4,0.47619047619047616,0.875,0.7666666666666667,0.6,0.675,0.5333333333333333
561,object,no,0,1.0,1.0,0.0,1.0,0.8,0.6,0.0,1.0,0.47619047619047616,0.875,0.5416666666666666,0.6,1.0,0.4666666666666667
562,counting,no,1,0.9090909090909091,0.8181818181818182,1.0,1.0,1.0,1.0,0.4,0.4,0.9090909090909091,0.875,0.6,1.0,0.675,0.5333333333333333
563,attribute,no,0,0.0,1.0,1.0,1.0,0.0,1.0,1.0,1.0,0.47619047619047616,1.0,0.5416666666666666,0.5416666666666666,1.0,0.4444444444444444
564,attribute,no,1,0.7272727272727273,0.5636363636363636,1.0,1.0,1.0,1.0,0.4,0.4,0.7532467532467533,0.675,0.5,1.0,0.675,0.5333333333333333
565,object,no,0,0.36363636363636365,0.4909090909090909,0.6363636363636364,0.4909090909090909,0.2,0.6,1.0,1.0,0.47619047619047616,0.5416666666666666,0.475,0.4666666666666667,0.6,0.4666666666666667
566,positional,no,0,0.0,1.0,0.18181818181818182,0.6727272727272727,0.0,1.0,0.4,0.4,0.8268398268398268,1.0,0.7666666666666667,0.7666666666666667,0.6,0.6444444444444445
567,object,no,0,1.0,1.0,0.9090909090909091,0.8181818181818182,0.6,0.4,1.0,1.0,0.9090909090909091,0.7666666666666667,1.0,0.675,0.875,0.6444444444444445
568,object,no,0,1.0,1.0,0.9090909090909091,0.8181818181818182,1.0,1.0,0.8,0.6,0.9090909090909091,1.0,0.875,0.875,0.7666666666666667,0.8
569,attribute,no,1,0.6363636363636364,0.4909090909090909,0.8181818181818182,0.6727272727272727,1.0,1.0,0.2,0.6,0.5844155844155844,0.6,0.4666666666666667,0.7666666666666667,0.5,0.4666666666666667
570,attribute,no,0,0.5454545454545454,0.45454545454545453,0.0,1.0,0.0,1.0,0.2,0.6,0.5844155844155844,0.5,0.475,1.0,0.875,0.8
571,attribute,no,0,0.0,1.0,0.2727272727272727,0.5636363636363636,0.0,1.0,0.6,0.4,0.7532467532467533,1.0,0.675,0.675,0.5,0.5333333333333333
574,attribute,no,0,1.0,1.0,0.45454545454545453,0.45454545454545453,1.0,1.0,1.0,1.0,0.5844155844155844,1.0,1.0,0.5,0.5,1.0
575,attribute,no,1,1.0,1.0,1.0,1.0,1.0,1.0,0.8,0.6,1.0,1.0,0.875,1.0,0.875,0.8
576,counting,no,1,1.0,1.0,0.18181818181818182,0.6727272727272727,1.0,1.0,0.2,0.6,0.4935064935064935,1.0,0.6,0.475,0.675,0.4666666666666667
578,sentiment,no,0,1.0,1.0,0.0,1.0,1.0,1.0,0.0,1.0,0.47619047619047616,1.0,0.5416666666666666,0.5416666666666666,1.0,0.4444444444444444
579,sentiment,no,1,1.0,1.0,1.0,1.0,1.0,1.0,0.8,0.6,1.0,1.0,0.875,1.0,0.875,0.8
580,positional,no,1,1.0,1.0,1.0,1.0,1.0,1.0,0.2,0.6,1.0,1.0,0.6,1.0,0.6,0.4666666666666667
581,sentiment,no,0,0.2727272727272727,0.5636363636363636,0.09090909090909091,0.8181818181818182,0.4,0.4,0.2,0.6,0.6883116883116883,0.5416666666666666,0.6,0.675,0.7666666666666667,0.5333333333333333
582,positional,no,0,1.0,1.0,0.0,1.0,1.0,1.0,0.6,0.4,0.47619047619047616,1.0,0.7666666666666667,0.5416666666666666,0.675,0.6444444444444445
583,positional,no,1,0.9090909090909091,0.8181818181818182,1.0,1.0,1.0,1.0,1.0,1.0,0.9090909090909091,0.875,0.875,1.0,1.0,1.0
584,attribute,no,1,1.0,1.0,1.0,1.0,1.0,1.0,0.2,0.6,1.0,1.0,0.6,1.0,0.6,0.4666666666666667
585,object,no,1,1.0,1.0,1.0,1.0,0.8,0.6,0.8,0.6,1.0,0.875,0.875,0.875,0.875,0.6444444444444445
586,positional,no,0,0.9090909090909091,0.8181818181818182,0.45454545454545453,0.45454545454545453,0.2,0.6,1.0,1.0,0.5454545454545454,0.5416666666666666,0.875,0.5,0.5,0.4666666666666667
587,object,no,0,0.36363636363636365,0.4909090909090909,0.45454545454545453,0.45454545454545453,0.2,0.6,1.0,1.0,0.4935064935064935,0.5416666666666666,0.475,0.5,0.5,0.4666666666666667
588,positional,no,1,1.0,1.0,0.45454545454545453,0.45454545454545453,1.0,1.0,0.2,0.6,0.5844155844155844,1.0,0.6,0.5,0.5,0.4666666666666667
589,counting,no,1,1.0,1.0,1.0,1.0,1.0,1.0,0.4,0.4,1.0,1.0,0.675,1.0,0.675,0.5333333333333333
590,object,no,0,0.9090909090909091,0.8181818181818182,0.0,1.0,0.8,0.6,0.8,0.6,0.4805194805194805,0.7666666666666667,0.7666666666666667,0.6,0.6,0.6444444444444445
591,object,no,0,0.8181818181818182,0.6727272727272727,0.6363636363636364,0.4909090909090909,0.2,0.6,1.0,1.0,0.5844155844155844,0.5,0.7666666666666667,0.4666666666666667,0.6,0.4666666666666667
592,attribute,no,0,0.36363636363636365,0.4909090909090909,1.0,1.0,0.0,1.0,1.0,1.0,0.5454545454545454,0.6,0.475,0.5416666666666666,1.0,0.4444444444444444
593,positional,no,1,1.0,1.0,0.5454545454545454,0.45454545454545453,1.0,1.0,0.0,1.0,0.6320346320346321,1.0,0.5416666666666666,0.5416666666666666,0.5,0.4444444444444444
594,attribute,no,0,1.0,1.0,0.45454545454545453,0.45454545454545453,0.4,0.4,1.0,1.0,0.5844155844155844,0.675,1.0,0.475,0.5,0.5333333333333333
595,attribute,no,0,1.0,1.0,0.0,1.0,0.6,0.4,0.8,0.6,0.47619047619047616,0.7666666666666667,0.875,0.675,0.6,0.5333333333333333
597,positional,no,1,0.9090909090909091,0.8181818181818182,1.0,1.0,1.0,1.0,0.8,0.6,0.9090909090909091,0.875,0.7666666666666667,1.0,0.875,0.8
598,counting,no,1,1.0,1.0,0.09090909090909091,0.8181818181818182,1.0,1.0,0.2,0.6,0.4805194805194805,1.0,0.6,0.5,0.7666666666666667,0.4666666666666667
599,counting,no,1,1.0,1.0,0.0,1.0,1.0,1.0,0.0,1.0,0.47619047619047616,1.0,0.5416666666666666,0.5416666666666666,1.0,0.4444444444444444
600,sentiment,no,1,1.0,1.0,0.45454545454545453,0.45454545454545453,1.0,1.0,0.0,1.0,0.5844155844155844,1.0,0.5416666666666666,0.5,0.5416666666666666,0.4444444444444444
601,counting,no,1,1.0,1.0,1.0,1.0,1.0,1.0,0.6,0.4,1.0,1.0,0.7666666666666667,1.0,0.7666666666666667,0.6444444444444445
602,sentiment,no,0,0.7272727272727273,0.5636363636363636,0.0,1.0,0.6,0.4,0.2,0.6,0.5151515151515151,0.5416666666666666,0.475,0.675,0.875,0.4666666666666667
603,sentiment,no,0,0.0,1.0,0.0,1.0,0.0,1.0,0.2,0.6,1.0,1.0,0.875,1.0,0.875,0.8
604,counting,no,1,0.8181818181818182,0.6727272727272727,0.45454545454545453,0.45454545454545453,1.0,1.0,0.0,1.0,0.5151515151515151,0.7666666666666667,0.475,0.5,0.5416666666666666,0.4444444444444444
605,attribute,no,0,1.0,1.0,0.5454545454545454,0.45454545454545453,0.8,0.6,1.0,1.0,0.6320346320346321,0.875,1.0,0.5,0.5416666666666666,0.8
606,object,no,0,0.2727272727272727,0.5636363636363636,0.0,1.0,0.0,1.0,0.0,1.0,0.7532467532467533,0.675,0.675,1.0,1.0,1.0
607,attribute,no,1,0.9090909090909091,0.8181818181818182,0.9090909090909091,0.8181818181818182,1.0,1.0,0.4,0.4,0.8268398268398268,0.875,0.6,0.875,0.6,0.5333333333333333
608,object,no,1,0.9090909090909091,0.8181818181818182,1.0,1.0,1.0,1.0,0.4,0.4,0.9090909090909091,0.875,0.6,1.0,0.675,0.5333333333333333
609,counting,no,1,1.0,1.0,0.45454545454545453,0.45454545454545453,1.0,1.0,0.4,0.4,0.5844155844155844,1.0,0.675,0.5,0.475,0.5333333333333333
610,counting,no,0,0.18181818181818182,0.6727272727272727,0.0,1.0,0.0,1.0,0.2,0.6,0.8268398268398268,0.7666666666666667,0.675,1.0,0.875,0.8
612,object,no,0,1.0,1.0,0.0,1.0,0.4,0.4,0.0,1.0,0.47619047619047616,0.675,0.5416666666666666,0.7666666666666667,1.0,0.6444444444444445
613,object,no,0,0.9090909090909091,0.8181818181818182,0.0,1.0,0.4,0.4,0.0,1.0,0.4805194805194805,0.6,0.5,0.7666666666666667,1.0,0.6444444444444445
614,sentiment,no,1,0.7272727272727273,0.5636363636363636,1.0,1.0,1.0,1.0,0.4,0.4,0.7532467532467533,0.675,0.5,1.0,0.675,0.5333333333333333
616,sentiment,no,0,1.0,1.0,0.36363636363636365,0.4909090909090909,0.4,0.4,0.2,0.6,0.5454545454545454,0.675,0.6,0.5,0.5416666666666666,0.5333333333333333
617,positional,no,1,0.9090909090909091,0.8181818181818182,1.0,1.0,1.0,1.0,0.6,0.4,0.9090909090909091,0.875,0.675,1.0,0.7666666666666667,0.6444444444444445
618,sentiment,no,1,1.0,1.0,1.0,1.0,1.0,1.0,1.0,1.0,1.0,1.0,1.0,1.0,1.0,1.0
619,counting,no,1,1.0,1.0,1.0,1.0,1.0,1.0,0.8,0.6,1.0,1.0,0.875,1.0,0.875,0.8
620,attribute,no,0,0.7272727272727273,0.5636363636363636,0.0,1.0,0.2,0.6,0.4,0.4,0.5151515151515151,0.475,0.5,0.875,0.7666666666666667,0.5333333333333333
621,object,no,0,1.0,1.0,0.8181818181818182,0.6727272727272727,0.6,0.4,0.8,0.6,0.8268398268398268,0.7666666666666667,0.875,0.6,0.675,0.5333333333333333
623,sentiment,no,0,1.0,1.0,0.7272727272727273,0.5636363636363636,1.0,1.0,0.6,0.4,0.7532467532467533,1.0,0.7666666666666667,0.675,0.5416666666666666,0.6444444444444445
624,object,no,0,0.6363636363636364,0.4909090909090909,1.0,1.0,0.2,0.6,1.0,1.0,0.6883116883116883,0.4666666666666667,0.6,0.6,1.0,0.4666666666666667
625,positional,no,1,0.36363636363636365,0.4909090909090909,1.0,1.0,1.0,1.0,0.2,0.6,0.5454545454545454,0.475,0.5416666666666666,1.0,0.6,0.4666666666666667
626,attribute,no,0,0.0,1.0,1.0,1.0,0.0,1.0,1.0,1.0,0.47619047619047616,1.0,0.5416666666666666,0.5416666666666666,1.0,0.4444444444444444
627,attribute,no,1,1.0,1.0,0.09090909090909091,0.8181818181818182,1.0,1.0,0.0,1.0,0.4805194805194805,1.0,0.5416666666666666,0.5,0.875,0.4444444444444444
628,object,no,1,1.0,1.0,0.09090909090909091,0.8181818181818182,0.8,0.6,0.4,0.4,0.4805194805194805,0.875,0.675,0.5416666666666666,0.675,0.4666666666666667
629,attribute,no,1,1.0,1.0,0.18181818181818182,0.6727272727272727,1.0,1.0,0.4,0.4,0.4935064935064935,1.0,0.675,0.475,0.6,0.5333333333333333
630,counting,no,1,1.0,1.0,0.09090909090909091,0.8181818181818182,1.0,1.0,0.0,1.0,0.4805194805194805,1.0,0.5416666666666666,0.5,0.875,0.4444444444444444
631,counting,no,0,0.8181818181818182,0.6727272727272727,0.0,1.0,0.4,0.4,0.2,0.6,0.4935064935064935,0.5416666666666666,0.5,0.7666666666666667,0.875,0.5333333333333333
632,object,no,0,0.8181818181818182,0.6727272727272727,0.45454545454545453,0.45454545454545453,0.6,0.4,0.8,0.6,0.5151515151515151,0.6,0.675,0.4666666666666667,0.475,0.5333333333333333
633,positional,no,1,1.0,1.0,0.0,1.0,1.0,1.0,0.0,1.0,0.47619047619047616,1.0,0.5416666666666666,0.5416666666666666,1.0,0.4444444444444444
634,attribute,no,1,0.6363636363636364,0.4909090909090909,0.0,1.0,1.0,1.0,0.0,1.0,0.5454545454545454,0.6,0.475,0.5416666666666666,1.0,0.4444444444444444
635,sentiment,no,0,1.0,1.0,0.0,1.0,1.0,1.0,0.4,0.4,0.47619047619047616,1.0,0.675,0.5416666666666666,0.7666666666666667,0.5333333333333333
636,object,no,1,1.0,1.0,0.18181818181818182,0.6727272727272727,1.0,1.0,0.0,1.0,0.4935064935064935,1.0,0.5416666666666666,0.475,0.7666666666666667,0.4444444444444444
637,sentiment,no,1,1.0,1.0,1.0,1.0,1.0,1.0,0.8,0.6,1.0,1.0,0.875,1.0,0.875,0.8
639,sentiment,no,1,1.0,1.0,1.0,1.0,1.0,1.0,0.8,0.6,1.0,1.0,0.875,1.0,0.875,0.8
640,counting,no,1,1.0,1.0,1.0,1.0,1.0,1.0,0.2,0.6,1.0,1.0,0.6,1.0,0.6,0.4666666666666667
641,object,no,0,1.0,1.0,0.9090909090909091,0.8181818181818182,1.0,1.0,0.8,0.6,0.9090909090909091,1.0,0.875,0.875,0.7666666666666667,0.8
643,attribute,no,0,0.9090909090909091,0.8181818181818182,1.0,1.0,0.6,0.4,1.0,1.0,0.9090909090909091,0.675,0.875,0.7666666666666667,1.0,0.6444444444444445
644,object,no,1,1.0,1.0,1.0,1.0,1.0,1.0,0.6,0.4,1.0,1.0,0.7666666666666667,1.0,0.7666666666666667,0.6444444444444445
645,positional,no,1,1.0,1.0,0.09090909090909091,0.8181818181818182,1.0,1.0,0.0,1.0,0.4805194805194805,1.0,0.5416666666666666,0.5,0.875,0.4444444444444444
646,counting,no,1,0.9090909090909091,0.8181818181818182,0.2727272727272727,0.5636363636363636,1.0,1.0,0.0,1.0,0.4935064935064935,0.875,0.5,0.4666666666666667,0.675,0.4444444444444444
647,object,no,0,0.09090909090909091,0.8181818181818182,0.9090909090909091,0.8181818181818182,0.4,0.4,0.8,0.6,0.47619047619047616,0.675,0.5416666666666666,0.6,0.7666666666666667,0.4666666666666667
648,attribute,no,0,0.9090909090909091,0.8181818181818182,0.09090909090909091,0.8181818181818182,1.0,1.0,0.6,0.4,0.47619047619047616,0.875,0.675,0.5,0.6,0.6444444444444445
649,attribute,no,0,0.09090909090909091,0.8181818181818182,0.0,1.0,0.0,1.0,0.2,0.6,0.9090909090909091,0.875,0.7666666666666667,1.0,0.875,0.8
650,positional,no,1,1.0,1.0,1.0,1.0,1.0,1.0,1.0,1.0,1.0,1.0,1.0,1.0,1.0,1.0
651,attribute,no,1,1.0,1.0,0.0,1.0,1.0,1.0,0.0,1.0,0.47619047619047616,1.0,0.5416666666666666,0.5416666666666666,1.0,0.4444444444444444
652,positional,no,1,1.0,1.0,0.09090909090909091,0.8181818181818182,1.0,1.0,0.0,1.0,0.4805194805194805,1.0,0.5416666666666666,0.5,0.875,0.4444444444444444
654,object,no,1,1.0,1.0,1.0,1.0,1.0,1.0,0.4,0.4,1.0,1.0,0.675,1.0,0.675,0.5333333333333333
655,positional,no,1,0.9090909090909091,0.8181818181818182,1.0,1.0,1.0,1.0,0.4,0.4,0.9090909090909091,0.875,0.6,1.0,0.675,0.5333333333333333
656,object,no,1,0.8181818181818182,0.6727272727272727,1.0,1.0,1.0,1.0,0.4,0.4,0.8268398268398268,0.7666666666666667,0.5416666666666666,1.0,0.675,0.5333333333333333
657,attribute,no,0,0.09090909090909091,0.8181818181818182,0.6363636363636364,0.4909090909090909,0.0,1.0,1.0,1.0,0.5151515151515151,0.875,0.5,0.475,0.6,0.4444444444444444
658,object,no,0,1.0,1.0,0.0,1.0,0.6,0.4,0.0,1.0,0.47619047619047616,0.7666666666666667,0.5416666666666666,0.675,1.0,0.5333333333333333
659,object,no,0,0.9090909090909091,0.8181818181818182,0.8181818181818182,0.6727272727272727,0.8,0.6,0.8,0.6,0.7532467532467533,0.7666666666666667,0.7666666666666667,0.675,0.675,0.6444444444444445
660,counting,no,1,1.0,1.0,0.0,1.0,1.0,1.0,0.2,0.6,0.47619047619047616,1.0,0.6,0.5416666666666666,0.875,0.4666666666666667
661,object,no,0,0.5454545454545454,0.45454545454545453,0.8181818181818182,0.6727272727272727,0.8,0.6,0.8,0.6,0.5454545454545454,0.5,0.5,0.675,0.675,0.6444444444444445
662,positional,no,1,0.9090909090909091,0.8181818181818182,1.0,1.0,1.0,1.0,0.2,0.6,0.9090909090909091,0.875,0.5416666666666666,1.0,0.6,0.4666666666666667
663,sentiment,no,1,1.0,1.0,1.0,1.0,1.0,1.0,0.4,0.4,1.0,1.0,0.675,1.0,0.675,0.5333333333333333
664,counting,no,1,1.0,1.0,1.0,1.0,1.0,1.0,0.6,0.4,1.0,1.0,0.7666666666666667,1.0,0.7666666666666667,0.6444444444444445
665,attribute,no,0,1.0,1.0,0.0,1.0,0.6,0.4,0.2,0.6,0.47619047619047616,0.7666666666666667,0.6,0.675,0.875,0.4666666666666667
666,object,no,0,0.45454545454545453,0.45454545454545453,0.9090909090909091,0.8181818181818182,0.2,0.6,0.8,0.6,0.5454545454545454,0.5,0.475,0.5416666666666666,0.7666666666666667,0.4444444444444444
667,object,no,1,0.6363636363636364,0.4909090909090909,1.0,1.0,1.0,1.0,0.8,0.6,0.6883116883116883,0.6,0.5416666666666666,1.0,0.875,0.8
668,counting,no,1,1.0,1.0,0.2727272727272727,0.5636363636363636,1.0,1.0,0.4,0.4,0.5151515151515151,1.0,0.675,0.4666666666666667,0.5416666666666666,0.5333333333333333
669,sentiment,no,1,1.0,1.0,1.0,1.0,1.0,1.0,0.2,0.6,1.0,1.0,0.6,1.0,0.6,0.4666666666666667
670,positional,no,1,0.9090909090909091,0.8181818181818182,0.5454545454545454,0.45454545454545453,1.0,1.0,0.2,0.6,0.5844155844155844,0.875,0.5416666666666666,0.5416666666666666,0.475,0.4666666666666667
671,positional,no,1,1.0,1.0,1.0,1.0,1.0,1.0,0.2,0.6,1.0,1.0,0.6,1.0,0.6,0.4666666666666667
672,attribute,no,1,1.0,1.0,0.9090909090909091,0.8181818181818182,1.0,1.0,0.2,0.6,0.9090909090909091,1.0,0.6,0.875,0.5416666666666666,0.4666666666666667
673,counting,no,1,1.0,1.0,1.0,1.0,1.0,1.0,0.6,0.4,1.0,1.0,0.7666666666666667,1.0,0.7666666666666667,0.6444444444444445
674,positional,no,0,1.0,1.0,0.0,1.0,0.2,0.6,0.4,0.4,0.47619047619047616,0.6,0.675,0.875,0.7666666666666667,0.5333333333333333
675,object,no,0,0.36363636363636365,0.4909090909090909,0.0,1.0,0.6,0.4,0.4,0.4,0.6883116883116883,0.475,0.5,0.675,0.7666666666666667,0.4444444444444444
676,counting,no,1,0.9090909090909091,0.8181818181818182,0.2727272727272727,0.5636363636363636,1.0,1.0,0.2,0.6,0.4935064935064935,0.875,0.5416666666666666,0.4666666666666667,0.6,0.4666666666666667
677,positional,no,1,1.0,1.0,1.0,1.0,1.0,1.0,1.0,1.0,1.0,1.0,1.0,1.0,1.0,1.0
678,object,no,1,1.0,1.0,1.0,1.0,1.0,1.0,0.6,0.4,1.0,1.0,0.7666666666666667,1.0,0.7666666666666667,0.6444444444444445
679,object,no,0,1.0,1.0,0.0,1.0,1.0,1.0,0.0,1.0,0.47619047619047616,1.0,0.5416666666666666,0.5416666666666666,1.0,0.4444444444444444
680,object,no,0,0.18181818181818182,0.6727272727272727,0.5454545454545454,0.45454545454545453,0.2,0.6,0.8,0.6,0.5151515151515151,0.675,0.5,0.475,0.5,0.4444444444444444
681,attribute,no,0,0.8181818181818182,0.6727272727272727,0.0,1.0,0.4,0.4,0.2,0.6,0.4935064935064935,0.5416666666666666,0.5,0.7666666666666667,0.875,0.5333333333333333
682,attribute,no,0,1.0,1.0,0.0,1.0,0.4,0.4,0.0,1.0,0.47619047619047616,0.675,0.5416666666666666,0.7666666666666667,1.0,0.6444444444444445
683,positional,no,1,0.0,1.0,0.7272727272727273,0.5636363636363636,0.2,0.6,0.4,0.4,0.5151515151515151,0.875,0.7666666666666667,0.475,0.5,0.5333333333333333
684,positional,no,0,0.18181818181818182,0.6727272727272727,0.6363636363636364,0.4909090909090909,0.0,1.0,1.0,1.0,0.4935064935064935,0.7666666666666667,0.475,0.475,0.6,0.4444444444444444
686,positional,no,1,1.0,1.0,1.0,1.0,1.0,1.0,0.6,0.4,1.0,1.0,0.7666666666666667,1.0,0.7666666666666667,0.6444444444444445
687,attribute,no,0,1.0,1.0,0.9090909090909091,0.8181818181818182,0.8,0.6,1.0,1.0,0.9090909090909091,0.875,1.0,0.7666666666666667,0.875,0.8
688,counting,no,1,1.0,1.0,1.0,1.0,1.0,1.0,0.6,0.4,1.0,1.0,0.7666666666666667,1.0,0.7666666666666667,0.6444444444444445
689,object,no,0,0.5454545454545454,0.45454545454545453,0.9090909090909091,0.8181818181818182,0.6,0.4,0.6,0.4,0.5844155844155844,0.475,0.475,0.675,0.675,0.4666666666666667
690,positional,no,0,0.09090909090909091,0.8181818181818182,0.8181818181818182,0.6727272727272727,0.0,1.0,1.0,1.0,0.4805194805194805,0.875,0.5,0.475,0.7666666666666667,0.4444444444444444
691,sentiment,no,1,1.0,1.0,0.5454545454545454,0.45454545454545453,1.0,1.0,0.2,0.6,0.6320346320346321,1.0,0.6,0.5416666666666666,0.475,0.4666666666666667
692,object,no,1,1.0,1.0,0.6363636363636364,0.4909090909090909,0.8,0.6,1.0,1.0,0.6883116883116883,0.875,1.0,0.5416666666666666,0.6,0.8
693,counting,no,1,1.0,1.0,0.6363636363636364,0.4909090909090909,1.0,1.0,0.0,1.0,0.6883116883116883,1.0,0.5416666666666666,0.6,0.475,0.4444444444444444
694,counting,no,0,1.0,1.0,0.0,1.0,1.0,1.0,0.2,0.6,0.47619047619047616,1.0,0.6,0.5416666666666666,0.875,0.4666666666666667
696,object,no,0,0.09090909090909091,0.8181818181818182,0.9090909090909091,0.8181818181818182,0.0,1.0,0.8,0.6,0.47619047619047616,0.875,0.5416666666666666,0.5,0.7666666666666667,0.4666666666666667
697,object,no,1,0.36363636363636365,0.4909090909090909,1.0,1.0,0.6,0.4,1.0,1.0,0.5454545454545454,0.475,0.475,0.7666666666666667,1.0,0.6444444444444445
698,attribute,no,0,0.0,1.0,1.0,1.0,0.0,1.0,1.0,1.0,0.47619047619047616,1.0,0.5416666666666666,0.5416666666666666,1.0,0.4444444444444444
699,attribute,no,0,0.0,1.0,0.0,1.0,0.0,1.0,0.6,0.4,1.0,1.0,0.675,1.0,0.675,0.5333333333333333
700,attribute,no,0,0.45454545454545453,0.45454545454545453,0.36363636363636365,0.4909090909090909,0.8,0.6,0.6,0.4,0.4935064935064935,0.475,0.4666666666666667,0.4666666666666667,0.475,0.5333333333333333
701,positional,no,1,1.0,1.0,0.5454545454545454,0.45454545454545453,1.0,1.0,0.2,0.6,0.6320346320346321,1.0,0.6,0.5416666666666666,0.475,0.4666666666666667
702,sentiment,no,0,0.0,1.0,1.0,1.0,0.0,1.0,1.0,1.0,0.47619047619047616,1.0,0.5416666666666666,0.5416666666666666,1.0,0.4444444444444444
703,positional,no,0,0.09090909090909091,0.8181818181818182,0.0,1.0,0.0,1.0,0.6,0.4,0.9090909090909091,0.875,0.6,1.0,0.675,0.5333333333333333
704,object,no,0,1.0,1.0,0.5454545454545454,0.45454545454545453,0.6,0.4,1.0,1.0,0.6320346320346321,0.7666666666666667,1.0,0.475,0.5416666666666666,0.6444444444444445
705,object,no,0,1.0,1.0,0.0,1.0,0.4,0.4,0.8,0.6,0.47619047619047616,0.675,0.875,0.7666666666666667,0.6,0.4666666666666667
706,attribute,no,1,1.0,1.0,0.8181818181818182,0.6727272727272727,1.0,1.0,1.0,1.0,0.8268398268398268,1.0,1.0,0.7666666666666667,0.7666666666666667,1.0
707,attribute,no,1,0.09090909090909091,0.8181818181818182,1.0,1.0,1.0,1.0,0.8,0.6,0.4805194805194805,0.5,0.5416666666666666,1.0,0.875,0.8
708,object,no,0,0.0,1.0,0.0,1.0,0.0,1.0,0.0,1.0,1.0,1.0,1.0,1.0,1.0,1.0
709,attribute,no,0,0.0,1.0,0.9090909090909091,0.8181818181818182,0.4,0.4,1.0,1.0,0.4805194805194805,0.7666666666666667,0.5416666666666666,0.6,0.875,0.5333333333333333
710,positional,no,1,1.0,1.0,0.8181818181818182,0.6727272727272727,1.0,1.0,0.2,0.6,0.8268398268398268,1.0,0.6,0.7666666666666667,0.5,0.4666666666666667
711,sentiment,no,1,0.09090909090909091,0.8181818181818182,1.0,1.0,1.0,1.0,0.8,0.6,0.4805194805194805,0.5,0.5416666666666666,1.0,0.875,0.8
712,attribute,no,0,0.7272727272727273,0.5636363636363636,0.9090909090909091,0.8181818181818182,1.0,1.0,1.0,1.0,0.6883116883116883,0.675,0.675,0.875,0.875,1.0
713,attribute,no,1,0.9090909090909091,0.8181818181818182,1.0,1.0,1.0,1.0,0.4,0.4,0.9090909090909091,0.875,0.6,1.0,0.675,0.5333333333333333
714,positional,no,1,1.0,1.0,0.36363636363636365,0.4909090909090909,1.0,1.0,0.0,1.0,0.5454545454545454,1.0,0.5416666666666666,0.475,0.6,0.4444444444444444
715,attribute,no,0,1.0,1.0,0.9090909090909091,0.8181818181818182,1.0,1.0,1.0,1.0,0.9090909090909091,1.0,1.0,0.875,0.875,1.0
716,object,no,1,0.8181818181818182,0.6727272727272727,1.0,1.0,1.0,1.0,0.4,0.4,0.8268398268398268,0.7666666666666667,0.5416666666666666,1.0,0.675,0.5333333333333333
717,object,no,0,0.18181818181818182,0.6727272727272727,0.9090909090909091,0.8181818181818182,0.0,1.0,1.0,1.0,0.4805194805194805,0.7666666666666667,0.475,0.5,0.875,0.4444444444444444
718,counting,no,1,1.0,1.0,0.0,1.0,1.0,1.0,0.0,1.0,0.47619047619047616,1.0,0.5416666666666666,0.5416666666666666,1.0,0.4444444444444444
719,attribute,no,0,0.0,1.0,0.6363636363636364,0.4909090909090909,0.0,1.0,1.0,1.0,0.5454545454545454,1.0,0.5416666666666666,0.475,0.6,0.4444444444444444
720,positional,no,1,1.0,1.0,0.18181818181818182,0.6727272727272727,1.0,1.0,0.0,1.0,0.4935064935064935,1.0,0.5416666666666666,0.475,0.7666666666666667,0.4444444444444444
721,attribute,no,1,1.0,1.0,0.09090909090909091,0.8181818181818182,1.0,1.0,0.0,1.0,0.4805194805194805,1.0,0.5416666666666666,0.5,0.875,0.4444444444444444
722,object,no,0,1.0,1.0,0.8181818181818182,0.6727272727272727,1.0,1.0,1.0,1.0,0.8268398268398268,1.0,1.0,0.7666666666666667,0.7666666666666667,1.0
723,object,no,0,0.09090909090909091,0.8181818181818182,0.9090909090909091,0.8181818181818182,0.0,1.0,1.0,1.0,0.47619047619047616,0.875,0.5,0.5,0.875,0.4444444444444444
724,attribute,no,0,0.0,1.0,0.0,1.0,0.0,1.0,0.6,0.4,1.0,1.0,0.675,1.0,0.675,0.5333333333333333
725,attribute,no,0,0.0,1.0,0.09090909090909091,0.8181818181818182,0.0,1.0,1.0,1.0,0.9090909090909091,1.0,0.5416666666666666,0.875,0.5,0.4444444444444444
726,object,no,0,1.0,1.0,0.9090909090909091,0.8181818181818182,0.6,0.4,1.0,1.0,0.9090909090909091,0.7666666666666667,1.0,0.675,0.875,0.6444444444444445
727,object,no,0,0.0,1.0,0.9090909090909091,0.8181818181818182,0.0,1.0,1.0,1.0,0.4805194805194805,1.0,0.5416666666666666,0.5,0.875,0.4444444444444444
728,sentiment,no,1,1.0,1.0,0.0,1.0,1.0,1.0,0.2,0.6,0.47619047619047616,1.0,0.6,0.5416666666666666,0.875,0.4666666666666667
729,counting,no,1,0.18181818181818182,0.6727272727272727,1.0,1.0,0.2,0.6,1.0,1.0,0.4935064935064935,0.675,0.475,0.6,1.0,0.4666666666666667
730,counting,no,1,0.9090909090909091,0.8181818181818182,1.0,1.0,1.0,1.0,0.4,0.4,0.9090909090909091,0.875,0.6,1.0,0.675,0.5333333333333333
731,counting,no,1,1.0,1.0,1.0,1.0,1.0,1.0,0.4,0.4,1.0,1.0,0.675,1.0,0.675,0.5333333333333333
732,counting,no,1,1.0,1.0,0.0,1.0,1.0,1.0,0.0,1.0,0.47619047619047616,1.0,0.5416666666666666,0.5416666666666666,1.0,0.4444444444444444
733,attribute,no,1,0.8181818181818182,0.6727272727272727,0.09090909090909091,0.8181818181818182,1.0,1.0,0.0,1.0,0.4805194805194805,0.7666666666666667,0.475,0.5,0.875,0.4444444444444444
734,object,no,0,0.18181818181818182,0.6727272727272727,0.0,1.0,0.0,1.0,0.6,0.4,0.8268398268398268,0.7666666666666667,0.5416666666666666,1.0,0.675,0.5333333333333333
735,object,no,1,1.0,1.0,1.0,1.0,1.0,1.0,0.4,0.4,1.0,1.0,0.675,1.0,0.675,0.5333333333333333
737,object,no,0,1.0,1.0,0.9090909090909091,0.8181818181818182,0.8,0.6,0.8,0.6,0.9090909090909091,0.875,0.875,0.7666666666666667,0.7666666666666667,0.6444444444444445
738,counting,no,1,1.0,1.0,1.0,1.0,1.0,1.0,0.4,0.4,1.0,1.0,0.675,1.0,0.675,0.5333333333333333
739,object,no,0,1.0,1.0,0.0,1.0,1.0,1.0,0.0,1.0,0.47619047619047616,1.0,0.5416666666666666,0.5416666666666666,1.0,0.4444444444444444
740,object,no,1,0.0,1.0,1.0,1.0,0.4,0.4,1.0,1.0,0.47619047619047616,0.7666666666666667,0.5416666666666666,0.675,1.0,0.5333333333333333
741,attribute,no,1,1.0,1.0,0.0,1.0,1.0,1.0,0.0,1.0,0.47619047619047616,1.0,0.5416666666666666,0.5416666666666666,1.0,0.4444444444444444
742,sentiment,no,1,0.0,1.0,1.0,1.0,0.4,0.4,0.8,0.6,0.47619047619047616,0.7666666666666667,0.6,0.675,0.875,0.4666666666666667
744,object,no,0,0.09090909090909091,0.8181818181818182,0.18181818181818182,0.6727272727272727,0.4,0.4,0.6,0.4,0.7532467532467533,0.675,0.6,0.6,0.5416666666666666,0.4444444444444444
745,counting,no,1,1.0,1.0,0.7272727272727273,0.5636363636363636,1.0,1.0,0.2,0.6,0.7532467532467533,1.0,0.6,0.675,0.475,0.4666666666666667
746,object,no,0,0.9090909090909091,0.8181818181818182,0.0,1.0,0.8,0.6,0.0,1.0,0.4805194805194805,0.7666666666666667,0.5,0.6,1.0,0.4666666666666667
747,object,no,0,0.2727272727272727,0.5636363636363636,1.0,1.0,0.2,0.6,1.0,1.0,0.5151515151515151,0.6,0.4666666666666667,0.6,1.0,0.4666666666666667
748,object,no,1,0.9090909090909091,0.8181818181818182,1.0,1.0,0.8,0.6,0.6,0.4,0.9090909090909091,0.7666666666666667,0.675,0.875,0.7666666666666667,0.5333333333333333
749,positional,no,1,1.0,1.0,1.0,1.0,1.0,1.0,0.2,0.6,1.0,1.0,0.6,1.0,0.6,0.4666666666666667
750,sentiment,no,1,0.2727272727272727,0.5636363636363636,1.0,1.0,0.8,0.6,1.0,1.0,0.5151515151515151,0.475,0.4666666666666667,0.875,1.0,0.8
751,sentiment,no,0,1.0,1.0,0.09090909090909091,0.8181818181818182,0.8,0.6,0.4,0.4,0.4805194805194805,0.875,0.675,0.5416666666666666,0.675,0.4666666666666667
752,attribute,no,1,1.0,1.0,0.7272727272727273,0.5636363636363636,1.0,1.0,0.2,0.6,0.7532467532467533,1.0,0.6,0.675,0.475,0.4666666666666667
753,sentiment,no,0,0.0,1.0,0.0,1.0,0.0,1.0,0.2,0.6,1.0,1.0,0.875,1.0,0.875,0.8
754,attribute,no,1,1.0,1.0,0.18181818181818182,0.6727272727272727,1.0,1.0,0.0,1.0,0.4935064935064935,1.0,0.5416666666666666,0.475,0.7666666666666667,0.4444444444444444
756,object,no,0,0.9090909090909091,0.8181818181818182,0.0,1.0,0.6,0.4,0.2,0.6,0.4805194805194805,0.675,0.5416666666666666,0.675,0.875,0.4666666666666667
757,sentiment,no,0,0.0,1.0,1.0,1.0,0.0,1.0,1.0,1.0,0.47619047619047616,1.0,0.5416666666666666,0.5416666666666666,1.0,0.4444444444444444
758,attribute,no,0,0.0,1.0,0.8181818181818182,0.6727272727272727,0.0,1.0,1.0,1.0,0.4935064935064935,1.0,0.5416666666666666,0.475,0.7666666666666667,0.4444444444444444
759,positional,no,0,1.0,1.0,0.0,1.0,0.2,0.6,0.4,0.4,0.47619047619047616,0.6,0.675,0.875,0.7666666666666667,0.5333333333333333
761,object,no,0,0.9090909090909091,0.8181818181818182,0.0,1.0,0.6,0.4,0.0,1.0,0.4805194805194805,0.675,0.5,0.675,1.0,0.5333333333333333
762,object,no,0,0.7272727272727273,0.5636363636363636,1.0,1.0,0.8,0.6,1.0,1.0,0.7532467532467533,0.6,0.675,0.875,1.0,0.8
763,attribute,no,0,0.0,1.0,0.9090909090909091,0.8181818181818182,0.0,1.0,1.0,1.0,0.4805194805194805,1.0,0.5416666666666666,0.5,0.875,0.4444444444444444
764,counting,no,1,1.0,1.0,1.0,1.0,1.0,1.0,0.4,0.4,1.0,1.0,0.675,1.0,0.675,0.5333333333333333
765,object,no,0,1.0,1.0,0.5454545454545454,0.45454545454545453,1.0,1.0,1.0,1.0,0.6320346320346321,1.0,1.0,0.5416666666666666,0.5416666666666666,1.0
766,positional,no,0,0.09090909090909091,0.8181818181818182,0.0,1.0,0.2,0.6,0.0,1.0,0.9090909090909091,0.7666666666666667,0.875,0.875,1.0,0.8
767,positional,no,0,0.18181818181818182,0.6727272727272727,0.0,1.0,0.0,1.0,0.0,1.0,0.8268398268398268,0.7666666666666667,0.7666666666666667,1.0,1.0,1.0
768,attribute,no,0,0.0,1.0,1.0,1.0,0.0,1.0,1.0,1.0,0.47619047619047616,1.0,0.5416666666666666,0.5416666666666666,1.0,0.4444444444444444
769,positional,no,0,0.2727272727272727,0.5636363636363636,0.36363636363636365,0.4909090909090909,0.0,1.0,0.6,0.4,0.5454545454545454,0.675,0.5,0.6,0.475,0.5333333333333333
770,counting,no,0,1.0,1.0,0.0,1.0,0.8,0.6,0.0,1.0,0.47619047619047616,0.875,0.5416666666666666,0.6,1.0,0.4666666666666667
771,attribute,no,0,0.2727272727272727,0.5636363636363636,0.8181818181818182,0.6727272727272727,0.0,1.0,1.0,1.0,0.4805194805194805,0.675,0.4666666666666667,0.475,0.7666666666666667,0.4444444444444444
772,attribute,no,1,1.0,1.0,0.0,1.0,1.0,1.0,0.0,1.0,0.47619047619047616,1.0,0.5416666666666666,0.5416666666666666,1.0,0.4444444444444444
773,attribute,no,0,0.7272727272727273,0.5636363636363636,0.0,1.0,1.0,1.0,0.4,0.4,0.5151515151515151,0.675,0.5,0.5416666666666666,0.7666666666666667,0.5333333333333333
774,counting,no,1,1.0,1.0,1.0,1.0,1.0,1.0,0.2,0.6,1.0,1.0,0.6,1.0,0.6,0.4666666666666667
775,object,no,1,1.0,1.0,0.36363636363636365,0.4909090909090909,1.0,1.0,0.0,1.0,0.5454545454545454,1.0,0.5416666666666666,0.475,0.6,0.4444444444444444
776,attribute,no,0,0.0,1.0,0.2727272727272727,0.5636363636363636,0.0,1.0,1.0,1.0,0.7532467532467533,1.0,0.5416666666666666,0.675,0.4666666666666667,0.4444444444444444
777,positional,no,1,1.0,1.0,0.2727272727272727,0.5636363636363636,1.0,1.0,0.0,1.0,0.5151515151515151,1.0,0.5416666666666666,0.4666666666666667,0.675,0.4444444444444444
778,object,no,1,1.0,1.0,1.0,1.0,1.0,1.0,0.4,0.4,1.0,1.0,0.675,1.0,0.675,0.5333333333333333
779,positional,no,0,0.8181818181818182,0.6727272727272727,0.9090909090909091,0.8181818181818182,0.2,0.6,1.0,1.0,0.7532467532467533,0.5,0.7666666666666667,0.5416666666666666,0.875,0.4666666666666667
780,positional,no,1,0.09090909090909091,0.8181818181818182,1.0,1.0,0.8,0.6,0.4,0.4,0.4805194805194805,0.5416666666666666,0.675,0.875,0.675,0.4666666666666667
781,counting,no,1,0.7272727272727273,0.5636363636363636,1.0,1.0,1.0,1.0,0.4,0.4,0.7532467532467533,0.675,0.5,1.0,0.675,0.5333333333333333
782,object,no,0,1.0,1.0,0.7272727272727273,0.5636363636363636,0.8,0.6,1.0,1.0,0.7532467532467533,0.875,1.0,0.6,0.675,0.8
783,sentiment,no,0,0.0,1.0,0.2727272727272727,0.5636363636363636,0.2,0.6,0.6,0.4,0.7532467532467533,0.875,0.675,0.6,0.5,0.4666666666666667
784,object,no,0,1.0,1.0,0.45454545454545453,0.45454545454545453,0.6,0.4,1.0,1.0,0.5844155844155844,0.7666666666666667,1.0,0.4666666666666667,0.5,0.6444444444444445
785,counting,no,1,1.0,1.0,0.8181818181818182,0.6727272727272727,1.0,1.0,0.0,1.0,0.8268398268398268,1.0,0.5416666666666666,0.7666666666666667,0.475,0.4444444444444444
787,positional,no,0,1.0,1.0,0.0,1.0,0.4,0.4,0.6,0.4,0.47619047619047616,0.675,0.7666666666666667,0.7666666666666667,0.675,0.4444444444444444
788,counting,no,1,0.6363636363636364,0.4909090909090909,0.45454545454545453,0.45454545454545453,1.0,1.0,0.0,1.0,0.4805194805194805,0.6,0.475,0.5,0.5416666666666666,0.4444444444444444
789,object,no,1,1.0,1.0,0.7272727272727273,0.5636363636363636,1.0,1.0,0.2,0.6,0.7532467532467533,1.0,0.6,0.675,0.475,0.4666666666666667
790,attribute,no,1,1.0,1.0,1.0,1.0,1.0,1.0,0.6,0.4,1.0,1.0,0.7666666666666667,1.0,0.7666666666666667,0.6444444444444445
791,object,no,0,1.0,1.0,0.09090909090909091,0.8181818181818182,1.0,1.0,0.0,1.0,0.4805194805194805,1.0,0.5416666666666666,0.5,0.875,0.4444444444444444
792,positional,no,1,0.9090909090909091,0.8181818181818182,1.0,1.0,0.8,0.6,0.8,0.6,0.9090909090909091,0.7666666666666667,0.7666666666666667,0.875,0.875,0.6444444444444445
793,positional,no,1,1.0,1.0,1.0,1.0,1.0,1.0,0.4,0.4,1.0,1.0,0.675,1.0,0.675,0.5333333333333333
794,attribute,no,1,1.0,1.0,1.0,1.0,1.0,1.0,1.0,1.0,1.0,1.0,1.0,1.0,1.0,1.0
795,object,no,0,1.0,1.0,0.6363636363636364,0.4909090909090909,0.8,0.6,0.8,0.6,0.6883116883116883,0.875,0.875,0.5416666666666666,0.5416666666666666,0.6444444444444445
796,counting,no,1,0.9090909090909091,0.8181818181818182,0.2727272727272727,0.5636363636363636,1.0,1.0,0.0,1.0,0.4935064935064935,0.875,0.5,0.4666666666666667,0.675,0.4444444444444444
797,object,no,0,1.0,1.0,0.0,1.0,0.6,0.4,0.8,0.6,0.47619047619047616,0.7666666666666667,0.875,0.675,0.6,0.5333333333333333
799,counting,no,1,1.0,1.0,0.18181818181818182,0.6727272727272727,1.0,1.0,0.2,0.6,0.4935064935064935,1.0,0.6,0.475,0.675,0.4666666666666667
800,sentiment,no,1,1.0,1.0,1.0,1.0,1.0,1.0,0.6,0.4,1.0,1.0,0.7666666666666667,1.0,0.7666666666666667,0.6444444444444445
801,object,no,0,0.09090909090909091,0.8181818181818182,0.7272727272727273,0.5636363636363636,0.0,1.0,1.0,1.0,0.4935064935064935,0.875,0.5,0.4666666666666667,0.675,0.4444444444444444
802,object,no,0,0.36363636363636365,0.4909090909090909,0.36363636363636365,0.4909090909090909,0.4,0.4,0.6,0.4,0.5151515151515151,0.5,0.475,0.5,0.475,0.4444444444444444
803,attribute,no,1,1.0,1.0,1.0,1.0,1.0,1.0,1.0,1.0,1.0,1.0,1.0,1.0,1.0,1.0
804,sentiment,no,1,1.0,1.0,1.0,1.0,1.0,1.0,1.0,1.0,1.0,1.0,1.0,1.0,1.0,1.0
805,positional,no,1,1.0,1.0,0.36363636363636365,0.4909090909090909,1.0,1.0,0.0,1.0,0.5454545454545454,1.0,0.5416666666666666,0.475,0.6,0.4444444444444444
806,counting,no,0,1.0,1.0,0.0,1.0,0.2,0.6,0.6,0.4,0.47619047619047616,0.6,0.7666666666666667,0.875,0.675,0.4666666666666667
807,attribute,no,0,0.0,1.0,0.5454545454545454,0.45454545454545453,0.0,1.0,1.0,1.0,0.5844155844155844,1.0,0.5416666666666666,0.5,0.5416666666666666,0.4444444444444444
808,object,no,1,0.8181818181818182,0.6727272727272727,1.0,1.0,0.6,0.4,1.0,1.0,0.8268398268398268,0.6,0.7666666666666667,0.7666666666666667,1.0,0.6444444444444445
809,object,no,1,1.0,1.0,0.8181818181818182,0.6727272727272727,1.0,1.0,0.2,0.6,0.8268398268398268,1.0,0.6,0.7666666666666667,0.5,0.4666666666666667
810,counting,no,1,0.0,1.0,0.5454545454545454,0.45454545454545453,0.8,0.6,0.2,0.6,0.5844155844155844,0.6,0.875,0.5,0.475,0.4444444444444444
811,object,no,1,1.0,1.0,0.18181818181818182,0.6727272727272727,1.0,1.0,0.0,1.0,0.4935064935064935,1.0,0.5416666666666666,0.475,0.7666666666666667,0.4444444444444444
812,object,no,1,0.9090909090909091,0.8181818181818182,1.0,1.0,0.8,0.6,0.8,0.6,0.9090909090909091,0.7666666666666667,0.7666666666666667,0.875,0.875,0.6444444444444445
813,attribute,no,0,0.0,1.0,1.0,1.0,0.0,1.0,1.0,1.0,0.47619047619047616,1.0,0.5416666666666666,0.5416666666666666,1.0,0.4444444444444444
814,counting,no,1,0.6363636363636364,0.4909090909090909,1.0,1.0,0.8,0.6,0.4,0.4,0.6883116883116883,0.5416666666666666,0.475,0.875,0.675,0.4666666666666667
815,object,no,1,1.0,1.0,0.09090909090909091,0.8181818181818182,1.0,1.0,0.0,1.0,0.4805194805194805,1.0,0.5416666666666666,0.5,0.875,0.4444444444444444
816,positional,no,1,1.0,1.0,0.09090909090909091,0.8181818181818182,1.0,1.0,0.2,0.6,0.4805194805194805,1.0,0.6,0.5,0.7666666666666667,0.4666666666666667
817,object,no,0,0.18181818181818182,0.6727272727272727,0.0,1.0,0.0,1.0,0.8,0.6,0.8268398268398268,0.7666666666666667,0.5,1.0,0.6,0.4666666666666667
818,object,no,0,0.0,1.0,0.9090909090909091,0.8181818181818182,0.4,0.4,0.6,0.4,0.4805194805194805,0.7666666666666667,0.675,0.6,0.675,0.4444444444444444
819,object,no,1,0.9090909090909091,0.8181818181818182,0.45454545454545453,0.45454545454545453,1.0,1.0,0.6,0.4,0.5454545454545454,0.875,0.675,0.5,0.4666666666666667,0.6444444444444445
820,sentiment,no,0,1.0,1.0,0.09090909090909091,0.8181818181818182,0.6,0.4,0.4,0.4,0.4805194805194805,0.7666666666666667,0.675,0.6,0.675,0.4444444444444444
821,object,no,0,1.0,1.0,0.0,1.0,1.0,1.0,0.6,0.4,0.47619047619047616,1.0,0.7666666666666667,0.5416666666666666,0.675,0.6444444444444445
822,object,no,0,1.0,1.0,0.0,1.0,0.6,0.4,0.6,0.4,0.47619047619047616,0.7666666666666667,0.7666666666666667,0.675,0.675,0.4666666666666667
823,positional,no,0,1.0,1.0,0.0,1.0,0.2,0.6,0.4,0.4,0.47619047619047616,0.6,0.675,0.875,0.7666666666666667,0.5333333333333333
824,object,no,0,1.0,1.0,0.0,1.0,0.8,0.6,0.6,0.4,0.47619047619047616,0.875,0.7666666666666667,0.6,0.675,0.5333333333333333
825,attribute,no,0,0.7272727272727273,0.5636363636363636,1.0,1.0,0.6,0.4,0.8,0.6,0.7532467532467533,0.5416666666666666,0.6,0.7666666666666667,0.875,0.5333333333333333
826,object,no,1,1.0,1.0,1.0,1.0,1.0,1.0,0.4,0.4,1.0,1.0,0.675,1.0,0.675,0.5333333333333333
827,attribute,no,1,1.0,1.0,0.8181818181818182,0.6727272727272727,1.0,1.0,0.4,0.4,0.8268398268398268,1.0,0.675,0.7666666666666667,0.5416666666666666,0.5333333333333333
828,positional,no,1,1.0,1.0,1.0,1.0,1.0,1.0,1.0,1.0,1.0,1.0,1.0,1.0,1.0,1.0
829,object,no,0,1.0,1.0,0.9090909090909091,0.8181818181818182,1.0,1.0,0.8,0.6,0.9090909090909091,1.0,0.875,0.875,0.7666666666666667,0.8
831,counting,no,1,1.0,1.0,1.0,1.0,1.0,1.0,0.4,0.4,1.0,1.0,0.675,1.0,0.675,0.5333333333333333
832,attribute,no,0,1.0,1.0,0.0,1.0,0.6,0.4,0.0,1.0,0.47619047619047616,0.7666666666666667,0.5416666666666666,0.675,1.0,0.5333333333333333
833,positional,no,0,0.8181818181818182,0.6727272727272727,0.0,1.0,0.2,0.6,0.0,1.0,0.4935064935064935,0.5,0.475,0.875,1.0,0.8
834,positional,no,0,1.0,1.0,0.0,1.0,0.6,0.4,0.4,0.4,0.47619047619047616,0.7666666666666667,0.675,0.675,0.7666666666666667,0.4444444444444444
835,object,no,1,1.0,1.0,0.7272727272727273,0.5636363636363636,0.4,0.4,0.6,0.4,0.7532467532467533,0.675,0.7666666666666667,0.5,0.5416666666666666,0.4444444444444444
836,counting,no,0,0.09090909090909091,0.8181818181818182,0.0,1.0,0.2,0.6,0.2,0.6,0.9090909090909091,0.7666666666666667,0.7666666666666667,0.875,0.875,0.6444444444444445
837,object,no,0,0.45454545454545453,0.45454545454545453,0.09090909090909091,0.8181818181818182,0.8,0.6,0.6,0.4,0.5844155844155844,0.475,0.4666666666666667,0.5416666666666666,0.6,0.5333333333333333
838,positional,no,1,1.0,1.0,0.09090909090909091,0.8181818181818182,1.0,1.0,0.0,1.0,0.4805194805194805,1.0,0.5416666666666666,0.5,0.875,0.4444444444444444
839,attribute,no,0,1.0,1.0,0.0,1.0,0.8,0.6,0.8,0.6,0.47619047619047616,0.875,0.875,0.6,0.6,0.6444444444444445
840,attribute,no,1,1.0,1.0,1.0,1.0,1.0,1.0,0.6,0.4,1.0,1.0,0.7666666666666667,1.0,0.7666666666666667,0.6444444444444445
842,attribute,no,1,0.45454545454545453,0.45454545454545453,0.0,1.0,1.0,1.0,0.0,1.0,0.6320346320346321,0.5,0.5416666666666666,0.5416666666666666,1.0,0.4444444444444444
843,sentiment,no,0,1.0,1.0,0.9090909090909091,0.8181818181818182,0.6,0.4,0.8,0.6,0.9090909090909091,0.7666666666666667,0.875,0.675,0.7666666666666667,0.5333333333333333
844,positional,no,0,1.0,1.0,0.0,1.0,0.2,0.6,0.2,0.6,0.47619047619047616,0.6,0.6,0.875,0.875,0.6444444444444445
845,sentiment,no,1,1.0,1.0,1.0,1.0,1.0,1.0,0.8,0.6,1.0,1.0,0.875,1.0,0.875,0.8
846,attribute,no,0,0.6363636363636364,0.4909090909090909,1.0,1.0,0.4,0.4,1.0,1.0,0.6883116883116883,0.475,0.6,0.675,1.0,0.5333333333333333
847,attribute,no,0,0.0,1.0,0.8181818181818182,0.6727272727272727,0.0,1.0,1.0,1.0,0.4935064935064935,1.0,0.5416666666666666,0.475,0.7666666666666667,0.4444444444444444
848,object,no,0,0.7272727272727273,0.5636363636363636,0.9090909090909091,0.8181818181818182,0.6,0.4,1.0,1.0,0.6883116883116883,0.5416666666666666,0.675,0.675,0.875,0.6444444444444445
849,attribute,no,1,1.0,1.0,1.0,1.0,1.0,1.0,1.0,1.0,1.0,1.0,1.0,1.0,1.0,1.0
850,attribute,no,0,0.9090909090909091,0.8181818181818182,0.6363636363636364,0.4909090909090909,0.6,0.4,0.8,0.6,0.6320346320346321,0.675,0.7666666666666667,0.5,0.5416666666666666,0.5333333333333333
851,object,no,0,0.8181818181818182,0.6727272727272727,1.0,1.0,0.4,0.4,0.8,0.6,0.8268398268398268,0.5416666666666666,0.675,0.675,0.875,0.4666666666666667
853,object,no,0,0.0,1.0,1.0,1.0,0.0,1.0,1.0,1.0,0.47619047619047616,1.0,0.5416666666666666,0.5416666666666666,1.0,0.4444444444444444
854,attribute,no,0,0.09090909090909091,0.8181818181818182,0.6363636363636364,0.4909090909090909,0.0,1.0,1.0,1.0,0.5151515151515151,0.875,0.5,0.475,0.6,0.4444444444444444
855,attribute,no,0,0.0,1.0,1.0,1.0,0.0,1.0,1.0,1.0,0.47619047619047616,1.0,0.5416666666666666,0.5416666666666666,1.0,0.4444444444444444
856,sentiment,no,0,0.45454545454545453,0.45454545454545453,0.5454545454545454,0.45454545454545453,0.4,0.4,0.8,0.6,0.47619047619047616,0.475,0.475,0.4666666666666667,0.5,0.4666666666666667
857,object,no,0,0.18181818181818182,0.6727272727272727,0.7272727272727273,0.5636363636363636,0.0,1.0,1.0,1.0,0.4805194805194805,0.7666666666666667,0.475,0.4666666666666667,0.675,0.4444444444444444
858,object,no,0,0.36363636363636365,0.4909090909090909,0.8181818181818182,0.6727272727272727,0.2,0.6,1.0,1.0,0.4935064935064935,0.5416666666666666,0.475,0.5,0.7666666666666667,0.4666666666666667
859,object,no,1,1.0,1.0,0.2727272727272727,0.5636363636363636,1.0,1.0,0.0,1.0,0.5151515151515151,1.0,0.5416666666666666,0.4666666666666667,0.675,0.4444444444444444
860,object,no,0,0.6363636363636364,0.4909090909090909,0.0,1.0,0.6,0.4,0.8,0.6,0.5454545454545454,0.5,0.5416666666666666,0.675,0.6,0.5333333333333333
861,counting,no,1,0.8181818181818182,0.6727272727272727,1.0,1.0,1.0,1.0,0.6,0.4,0.8268398268398268,0.7666666666666667,0.6,1.0,0.7666666666666667,0.6444444444444445
862,object,no,0,0.5454545454545454,0.45454545454545453,0.0,1.0,1.0,1.0,0.0,1.0,0.5844155844155844,0.5416666666666666,0.5,0.5416666666666666,1.0,0.4444444444444444
863,object,no,0,1.0,1.0,0.0,1.0,0.8,0.6,0.8,0.6,0.47619047619047616,0.875,0.875,0.6,0.6,0.6444444444444445
864,object,no,0,1.0,1.0,0.9090909090909091,0.8181818181818182,0.6,0.4,1.0,1.0,0.9090909090909091,0.7666666666666667,1.0,0.675,0.875,0.6444444444444445
865,object,no,0,0.0,1.0,0.9090909090909091,0.8181818181818182,0.4,0.4,0.8,0.6,0.4805194805194805,0.7666666666666667,0.6,0.6,0.7666666666666667,0.4666666666666667
867,attribute,no,1,0.8181818181818182,0.6727272727272727,0.09090909090909091,0.8181818181818182,1.0,1.0,0.0,1.0,0.4805194805194805,0.7666666666666667,0.475,0.5,0.875,0.4444444444444444
868,sentiment,no,0,0.18181818181818182,0.6727272727272727,0.0,1.0,1.0,1.0,0.0,1.0,0.8268398268398268,0.475,0.7666666666666667,0.5416666666666666,1.0,0.4444444444444444
869,attribute,no,0,0.0,1.0,0.9090909090909091,0.8181818181818182,0.0,1.0,1.0,1.0,0.4805194805194805,1.0,0.5416666666666666,0.5,0.875,0.4444444444444444
870,sentiment,no,0,1.0,1.0,1.0,1.0,0.6,0.4,0.6,0.4,1.0,0.7666666666666667,0.7666666666666667,0.7666666666666667,0.7666666666666667,0.4666666666666667
871,object,no,1,0.36363636363636365,0.4909090909090909,1.0,1.0,0.6,0.4,1.0,1.0,0.5454545454545454,0.475,0.475,0.7666666666666667,1.0,0.6444444444444445
872,counting,no,1,0.9090909090909091,0.8181818181818182,1.0,1.0,1.0,1.0,0.6,0.4,0.9090909090909091,0.875,0.675,1.0,0.7666666666666667,0.6444444444444445
873,object,no,1,1.0,1.0,0.45454545454545453,0.45454545454545453,1.0,1.0,0.0,1.0,0.5844155844155844,1.0,0.5416666666666666,0.5,0.5416666666666666,0.4444444444444444
875,attribute,no,0,1.0,1.0,0.5454545454545454,0.45454545454545453,0.8,0.6,1.0,1.0,0.6320346320346321,0.875,1.0,0.5,0.5416666666666666,0.8
877,object,no,1,0.9090909090909091,0.8181818181818182,0.0,1.0,0.4,0.4,0.2,0.6,0.4805194805194805,0.6,0.5416666666666666,0.7666666666666667,0.875,0.5333333333333333
878,sentiment,no,1,1.0,1.0,0.0,1.0,1.0,1.0,0.2,0.6,0.47619047619047616,1.0,0.6,0.5416666666666666,0.875,0.4666666666666667
879,object,no,0,0.09090909090909091,0.8181818181818182,0.9090909090909091,0.8181818181818182,0.4,0.4,1.0,1.0,0.47619047619047616,0.675,0.5,0.6,0.875,0.5333333333333333
880,counting,no,1,0.9090909090909091,0.8181818181818182,0.9090909090909091,0.8181818181818182,1.0,1.0,0.4,0.4,0.8268398268398268,0.875,0.6,0.875,0.6,0.5333333333333333
881,sentiment,no,1,1.0,1.0,0.7272727272727273,0.5636363636363636,1.0,1.0,0.6,0.4,0.7532467532467533,1.0,0.7666666666666667,0.675,0.5416666666666666,0.6444444444444445
882,positional,no,0,0.9090909090909091,0.8181818181818182,0.0,1.0,0.8,0.6,0.0,1.0,0.4805194805194805,0.7666666666666667,0.5,0.6,1.0,0.4666666666666667
883,positional,no,1,1.0,1.0,0.45454545454545453,0.45454545454545453,1.0,1.0,0.0,1.0,0.5844155844155844,1.0,0.5416666666666666,0.5,0.5416666666666666,0.4444444444444444
884,positional,no,0,0.0,1.0,1.0,1.0,0.0,1.0,1.0,1.0,0.47619047619047616,1.0,0.5416666666666666,0.5416666666666666,1.0,0.4444444444444444
885,positional,no,1,1.0,1.0,1.0,1.0,1.0,1.0,0.2,0.6,1.0,1.0,0.6,1.0,0.6,0.4666666666666667
886,attribute,no,0,0.7272727272727273,0.5636363636363636,0.7272727272727273,0.5636363636363636,0.8,0.6,1.0,1.0,0.5844155844155844,0.6,0.675,0.6,0.675,0.8
887,positional,no,0,1.0,1.0,1.0,1.0,0.4,0.4,1.0,1.0,1.0,0.675,1.0,0.675,1.0,0.5333333333333333
888,attribute,no,0,0.9090909090909091,0.8181818181818182,1.0,1.0,0.2,0.6,0.8,0.6,0.9090909090909091,0.5416666666666666,0.7666666666666667,0.6,0.875,0.4444444444444444
889,attribute,no,1,0.6363636363636364,0.4909090909090909,0.2727272727272727,0.5636363636363636,1.0,1.0,0.0,1.0,0.4805194805194805,0.6,0.475,0.4666666666666667,0.675,0.4444444444444444
890,attribute,no,0,0.9090909090909091,0.8181818181818182,0.9090909090909091,0.8181818181818182,0.2,0.6,1.0,1.0,0.8268398268398268,0.5416666666666666,0.875,0.5416666666666666,0.875,0.4666666666666667
891,attribute,no,1,1.0,1.0,0.0,1.0,1.0,1.0,0.0,1.0,0.47619047619047616,1.0,0.5416666666666666,0.5416666666666666,1.0,0.4444444444444444
893,attribute,no,0,0.6363636363636364,0.4909090909090909,0.9090909090909091,0.8181818181818182,0.2,0.6,1.0,1.0,0.6320346320346321,0.4666666666666667,0.6,0.5416666666666666,0.875,0.4666666666666667
894,positional,no,1,1.0,1.0,0.36363636363636365,0.4909090909090909,1.0,1.0,0.2,0.6,0.5454545454545454,1.0,0.6,0.475,0.5416666666666666,0.4666666666666667
896,object,no,0,0.18181818181818182,0.6727272727272727,0.9090909090909091,0.8181818181818182,0.4,0.4,1.0,1.0,0.4805194805194805,0.6,0.475,0.6,0.875,0.5333333333333333
897,attribute,no,0,0.0,1.0,0.6363636363636364,0.4909090909090909,0.0,1.0,1.0,1.0,0.5454545454545454,1.0,0.5416666666666666,0.475,0.6,0.4444444444444444
899,positional,no,1,1.0,1.0,1.0,1.0,1.0,1.0,0.6,0.4,1.0,1.0,0.7666666666666667,1.0,0.7666666666666667,0.6444444444444445
900,sentiment,no,0,0.09090909090909091,0.8181818181818182,0.6363636363636364,0.4909090909090909,0.0,1.0,1.0,1.0,0.5151515151515151,0.875,0.5,0.475,0.6,0.4444444444444444
901,counting,no,1,0.0,1.0,1.0,1.0,0.8,0.6,0.6,0.4,0.47619047619047616,0.6,0.675,0.875,0.7666666666666667,0.5333333333333333
902,object,no,0,1.0,1.0,0.0,1.0,1.0,1.0,0.0,1.0,0.47619047619047616,1.0,0.5416666666666666,0.5416666666666666,1.0,0.4444444444444444
903,sentiment,no,1,0.36363636363636365,0.4909090909090909,1.0,1.0,0.4,0.4,1.0,1.0,0.5454545454545454,0.5,0.475,0.675,1.0,0.5333333333333333
904,attribute,no,1,1.0,1.0,0.7272727272727273,0.5636363636363636,0.8,0.6,0.8,0.6,0.7532467532467533,0.875,0.875,0.6,0.6,0.6444444444444445
905,positional,no,1,1.0,1.0,0.09090909090909091,0.8181818181818182,1.0,1.0,0.0,1.0,0.4805194805194805,1.0,0.5416666666666666,0.5,0.875,0.4444444444444444
906,positional,no,1,0.0,1.0,0.9090909090909091,0.8181818181818182,0.6,0.4,0.4,0.4,0.4805194805194805,0.675,0.7666666666666667,0.675,0.6,0.4444444444444444
907,object,no,0,1.0,1.0,0.2727272727272727,0.5636363636363636,0.8,0.6,0.8,0.6,0.5151515151515151,0.875,0.875,0.475,0.475,0.6444444444444445
908,positional,no,1,0.9090909090909091,0.8181818181818182,0.9090909090909091,0.8181818181818182,1.0,1.0,0.2,0.6,0.8268398268398268,0.875,0.5416666666666666,0.875,0.5416666666666666,0.4666666666666667
909,object,no,1,0.9090909090909091,0.8181818181818182,1.0,1.0,1.0,1.0,0.4,0.4,0.9090909090909091,0.875,0.6,1.0,0.675,0.5333333333333333
910,counting,no,1,0.8181818181818182,0.6727272727272727,1.0,1.0,1.0,1.0,0.4,0.4,0.8268398268398268,0.7666666666666667,0.5416666666666666,1.0,0.675,0.5333333333333333
911,positional,no,0,0.9090909090909091,0.8181818181818182,0.0,1.0,0.6,0.4,0.2,0.6,0.4805194805194805,0.675,0.5416666666666666,0.675,0.875,0.4666666666666667
912,attribute,no,0,1.0,1.0,1.0,1.0,0.6,0.4,1.0,1.0,1.0,0.7666666666666667,1.0,0.7666666666666667,1.0,0.6444444444444445
913,object,no,0,0.9090909090909091,0.8181818181818182,0.0,1.0,0.6,0.4,0.2,0.6,0.4805194805194805,0.675,0.5416666666666666,0.675,0.875,0.4666666666666667
914,counting,no,1,1.0,1.0,1.0,1.0,1.0,1.0,0.6,0.4,1.0,1.0,0.7666666666666667,1.0,0.7666666666666667,0.6444444444444445
915,object,no,1,1.0,1.0,1.0,1.0,0.8,0.6,0.8,0.6,1.0,0.875,0.875,0.875,0.875,0.6444444444444445
916,attribute,no,0,1.0,1.0,0.0,1.0,0.4,0.4,0.2,0.6,0.47619047619047616,0.675,0.6,0.7666666666666667,0.875,0.5333333333333333
917,counting,no,1,0.0,1.0,1.0,1.0,0.4,0.4,0.8,0.6,0.47619047619047616,0.7666666666666667,0.6,0.675,0.875,0.4666666666666667
918,counting,no,1,1.0,1.0,1.0,1.0,1.0,1.0,1.0,1.0,1.0,1.0,1.0,1.0,1.0,1.0
919,attribute,no,0,1.0,1.0,0.0,1.0,0.6,0.4,0.0,1.0,0.47619047619047616,0.7666666666666667,0.5416666666666666,0.675,1.0,0.5333333333333333
920,positional,no,1,1.0,1.0,1.0,1.0,1.0,1.0,0.2,0.6,1.0,1.0,0.6,1.0,0.6,0.4666666666666667
921,positional,no,0,0.0,1.0,0.0,1.0,0.0,1.0,0.4,0.4,1.0,1.0,0.7666666666666667,1.0,0.7666666666666667,0.6444444444444445
922,object,no,0,0.6363636363636364,0.4909090909090909,0.0,1.0,0.8,0.6,0.4,0.4,0.5454545454545454,0.5416666666666666,0.475,0.6,0.7666666666666667,0.4666666666666667
923,object,no,0,0.8181818181818182,0.6727272727272727,0.0,1.0,0.8,0.6,0.4,0.4,0.4935064935064935,0.675,0.5416666666666666,0.6,0.7666666666666667,0.4666666666666667
924,object,no,1,0.45454545454545453,0.45454545454545453,1.0,1.0,0.8,0.6,0.6,0.4,0.5844155844155844,0.475,0.4666666666666667,0.875,0.7666666666666667,0.5333333333333333
925,attribute,no,0,0.45454545454545453,0.45454545454545453,0.09090909090909091,0.8181818181818182,0.0,1.0,0.2,0.6,0.5844155844155844,0.5416666666666666,0.5,0.875,0.7666666666666667,0.8
926,attribute,no,0,0.0,1.0,1.0,1.0,0.0,1.0,1.0,1.0,0.47619047619047616,1.0,0.5416666666666666,0.5416666666666666,1.0,0.4444444444444444
927,object,no,0,0.8181818181818182,0.6727272727272727,0.0,1.0,0.4,0.4,0.6,0.4,0.4935064935064935,0.5416666666666666,0.6,0.7666666666666667,0.675,0.4444444444444444
928,attribute,no,0,0.8181818181818182,0.6727272727272727,0.45454545454545453,0.45454545454545453,0.2,0.6,0.8,0.6,0.5151515151515151,0.5,0.675,0.5,0.475,0.4444444444444444
929,positional,no,1,1.0,1.0,0.9090909090909091,0.8181818181818182,1.0,1.0,0.6,0.4,0.9090909090909091,1.0,0.7666666666666667,0.875,0.675,0.6444444444444445
930,attribute,no,0,0.9090909090909091,0.8181818181818182,0.0,1.0,0.6,0.4,0.0,1.0,0.4805194805194805,0.675,0.5,0.675,1.0,0.5333333333333333
931,object,no,0,1.0,1.0,0.0,1.0,0.4,0.4,0.0,1.0,0.47619047619047616,0.675,0.5416666666666666,0.7666666666666667,1.0,0.6444444444444445
932,positional,no,1,1.0,1.0,1.0,1.0,1.0,1.0,0.2,0.6,1.0,1.0,0.6,1.0,0.6,0.4666666666666667
934,object,no,0,0.8181818181818182,0.6727272727272727,0.6363636363636364,0.4909090909090909,0.6,0.4,0.4,0.4,0.5844155844155844,0.6,0.5416666666666666,0.5,0.475,0.4444444444444444
935,counting,no,1,1.0,1.0,0.09090909090909091,0.8181818181818182,1.0,1.0,0.0,1.0,0.4805194805194805,1.0,0.5416666666666666,0.5,0.875,0.4444444444444444
937,attribute,no,0,1.0,1.0,0.9090909090909091,0.8181818181818182,0.6,0.4,1.0,1.0,0.9090909090909091,0.7666666666666667,1.0,0.675,0.875,0.6444444444444445
939,attribute,no,0,0.09090909090909091,0.8181818181818182,0.0,1.0,0.0,1.0,0.4,0.4,0.9090909090909091,0.875,0.675,1.0,0.7666666666666667,0.6444444444444445
940,object,no,0,0.09090909090909091,0.8181818181818182,0.7272727272727273,0.5636363636363636,0.4,0.4,0.6,0.4,0.4935064935064935,0.675,0.6,0.5,0.5416666666666666,0.4444444444444444
941,attribute,no,1,1.0,1.0,0.0,1.0,1.0,1.0,0.0,1.0,0.47619047619047616,1.0,0.5416666666666666,0.5416666666666666,1.0,0.4444444444444444
942,object,no,0,1.0,1.0,0.0,1.0,0.8,0.6,0.6,0.4,0.47619047619047616,0.875,0.7666666666666667,0.6,0.675,0.5333333333333333
943,object,no,0,1.0,1.0,0.0,1.0,0.6,0.4,0.4,0.4,0.47619047619047616,0.7666666666666667,0.675,0.675,0.7666666666666667,0.4444444444444444
944,counting,no,1,1.0,1.0,0.18181818181818182,0.6727272727272727,1.0,1.0,0.0,1.0,0.4935064935064935,1.0,0.5416666666666666,0.475,0.7666666666666667,0.4444444444444444
946,object,no,0,0.6363636363636364,0.4909090909090909,0.0,1.0,0.6,0.4,0.0,1.0,0.5454545454545454,0.5,0.475,0.675,1.0,0.5333333333333333
947,sentiment,no,1,1.0,1.0,1.0,1.0,1.0,1.0,1.0,1.0,1.0,1.0,1.0,1.0,1.0,1.0
948,positional,no,1,1.0,1.0,0.18181818181818182,0.6727272727272727,1.0,1.0,0.0,1.0,0.4935064935064935,1.0,0.5416666666666666,0.475,0.7666666666666667,0.4444444444444444
949,counting,no,1,1.0,1.0,1.0,1.0,1.0,1.0,0.4,0.4,1.0,1.0,0.675,1.0,0.675,0.5333333333333333
950,object,no,0,1.0,1.0,0.0,1.0,1.0,1.0,0.8,0.6,0.47619047619047616,1.0,0.875,0.5416666666666666,0.6,0.8
951,counting,no,1,1.0,1.0,0.8181818181818182,0.6727272727272727,1.0,1.0,0.4,0.4,0.8268398268398268,1.0,0.675,0.7666666666666667,0.5416666666666666,0.5333333333333333
952,attribute,no,1,1.0,1.0,0.9090909090909091,0.8181818181818182,1.0,1.0,0.6,0.4,0.9090909090909091,1.0,0.7666666666666667,0.875,0.675,0.6444444444444445
953,positional,no,1,1.0,1.0,1.0,1.0,0.8,0.6,0.4,0.4,1.0,0.875,0.675,0.875,0.675,0.4666666666666667
954,object,no,0,0.9090909090909091,0.8181818181818182,0.0,1.0,1.0,1.0,0.8,0.6,0.4805194805194805,0.875,0.7666666666666667,0.5416666666666666,0.6,0.8
955,object,no,1,1.0,1.0,0.5454545454545454,0.45454545454545453,1.0,1.0,0.0,1.0,0.6320346320346321,1.0,0.5416666666666666,0.5416666666666666,0.5,0.4444444444444444
956,attribute,no,0,1.0,1.0,0.5454545454545454,0.45454545454545453,1.0,1.0,0.8,0.6,0.6320346320346321,1.0,0.875,0.5416666666666666,0.5,0.8
957,positional,no,0,1.0,1.0,0.0,1.0,0.2,0.6,0.4,0.4,0.47619047619047616,0.6,0.675,0.875,0.7666666666666667,0.5333333333333333
958,object,no,1,0.2727272727272727,0.5636363636363636,1.0,1.0,0.6,0.4,1.0,1.0,0.5151515151515151,0.5,0.4666666666666667,0.7666666666666667,1.0,0.6444444444444445
959,attribute,no,0,1.0,1.0,0.0,1.0,1.0,1.0,0.0,1.0,0.47619047619047616,1.0,0.5416666666666666,0.5416666666666666,1.0,0.4444444444444444
960,object,no,1,0.6363636363636364,0.4909090909090909,0.36363636363636365,0.4909090909090909,0.8,0.6,0.0,1.0,0.47619047619047616,0.5416666666666666,0.475,0.4666666666666667,0.6,0.4666666666666667
961,attribute,no,0,0.0,1.0,1.0,1.0,0.0,1.0,1.0,1.0,0.47619047619047616,1.0,0.5416666666666666,0.5416666666666666,1.0,0.4444444444444444
962,counting,no,0,0.09090909090909091,0.8181818181818182,0.18181818181818182,0.6727272727272727,0.0,1.0,0.8,0.6,0.7532467532467533,0.875,0.5416666666666666,0.7666666666666667,0.5,0.4666666666666667
963,positional,no,1,1.0,1.0,0.7272727272727273,0.5636363636363636,1.0,1.0,0.2,0.6,0.7532467532467533,1.0,0.6,0.675,0.475,0.4666666666666667
965,counting,no,1,1.0,1.0,0.09090909090909091,0.8181818181818182,1.0,1.0,0.4,0.4,0.4805194805194805,1.0,0.675,0.5,0.675,0.5333333333333333
966,object,no,0,0.0,1.0,1.0,1.0,0.4,0.4,0.8,0.6,0.47619047619047616,0.7666666666666667,0.6,0.675,0.875,0.4666666666666667
967,counting,no,1,1.0,1.0,1.0,1.0,1.0,1.0,0.4,0.4,1.0,1.0,0.675,1.0,0.675,0.5333333333333333
968,attribute,no,0,0.09090909090909091,0.8181818181818182,0.0,1.0,0.2,0.6,0.4,0.4,0.9090909090909091,0.7666666666666667,0.675,0.875,0.7666666666666667,0.5333333333333333
969,positional,no,1,1.0,1.0,1.0,1.0,1.0,1.0,0.4,0.4,1.0,1.0,0.675,1.0,0.675,0.5333333333333333
970,sentiment,no,1,0.0,1.0,1.0,1.0,0.4,0.4,0.4,0.4,0.47619047619047616,0.7666666666666667,0.7666666666666667,0.675,0.675,0.4666666666666667
971,object,no,0,0.0,1.0,0.09090909090909091,0.8181818181818182,0.0,1.0,0.8,0.6,0.9090909090909091,1.0,0.6,0.875,0.5416666666666666,0.4666666666666667
972,attribute,no,1,1.0,1.0,0.0,1.0,1.0,1.0,0.0,1.0,0.47619047619047616,1.0,0.5416666666666666,0.5416666666666666,1.0,0.4444444444444444
973,object,no,0,0.6363636363636364,0.4909090909090909,0.45454545454545453,0.45454545454545453,0.6,0.4,1.0,1.0,0.4805194805194805,0.5,0.6,0.4666666666666667,0.5,0.6444444444444445
974,attribute,no,0,0.0,1.0,1.0,1.0,0.0,1.0,1.0,1.0,0.47619047619047616,1.0,0.5416666666666666,0.5416666666666666,1.0,0.4444444444444444
975,attribute,no,1,1.0,1.0,0.36363636363636365,0.4909090909090909,0.8,0.6,0.6,0.4,0.5454545454545454,0.875,0.7666666666666667,0.4666666666666667,0.475,0.5333333333333333
976,object,no,0,0.0,1.0,0.9090909090909091,0.8181818181818182,0.4,0.4,0.6,0.4,0.4805194805194805,0.7666666666666667,0.675,0.6,0.675,0.4444444444444444
977,attribute,no,0,0.7272727272727273,0.5636363636363636,0.6363636363636364,0.4909090909090909,0.0,1.0,1.0,1.0,0.5454545454545454,0.4666666666666667,0.675,0.475,0.6,0.4444444444444444
978,attribute,no,0,0.8181818181818182,0.6727272727272727,1.0,1.0,0.6,0.4,1.0,1.0,0.8268398268398268,0.6,0.7666666666666667,0.7666666666666667,1.0,0.6444444444444445
979,attribute,no,1,1.0,1.0,0.8181818181818182,0.6727272727272727,1.0,1.0,0.2,0.6,0.8268398268398268,1.0,0.6,0.7666666666666667,0.5,0.4666666666666667
980,attribute,no,0,0.9090909090909091,0.8181818181818182,0.09090909090909091,0.8181818181818182,0.4,0.4,0.4,0.4,0.47619047619047616,0.6,0.6,0.675,0.675,0.4666666666666667
981,attribute,no,0,1.0,1.0,0.0,1.0,1.0,1.0,0.2,0.6,0.47619047619047616,1.0,0.6,0.5416666666666666,0.875,0.4666666666666667
982,attribute,no,1,1.0,1.0,0.09090909090909091,0.8181818181818182,1.0,1.0,0.0,1.0,0.4805194805194805,1.0,0.5416666666666666,0.5,0.875,0.4444444444444444
983,object,no,0,0.5454545454545454,0.45454545454545453,0.0,1.0,0.0,1.0,0.8,0.6,0.5844155844155844,0.5,0.5,1.0,0.6,0.4666666666666667
984,object,no,0,1.0,1.0,0.0,1.0,0.6,0.4,0.0,1.0,0.47619047619047616,0.7666666666666667,0.5416666666666666,0.675,1.0,0.5333333333333333
985,object,no,0,1.0,1.0,0.09090909090909091,0.8181818181818182,0.8,0.6,0.6,0.4,0.4805194805194805,0.875,0.7666666666666667,0.5416666666666666,0.6,0.5333333333333333
986,object,no,0,0.8181818181818182,0.6727272727272727,0.0,1.0,0.4,0.4,0.6,0.4,0.4935064935064935,0.5416666666666666,0.6,0.7666666666666667,0.675,0.4444444444444444
987,sentiment,no,1,1.0,1.0,1.0,1.0,1.0,1.0,1.0,1.0,1.0,1.0,1.0,1.0,1.0,1.0
988,attribute,no,1,1.0,1.0,1.0,1.0,1.0,1.0,0.4,0.4,1.0,1.0,0.675,1.0,0.675,0.5333333333333333
989,object,no,1,1.0,1.0,1.0,1.0,1.0,1.0,0.6,0.4,1.0,1.0,0.7666666666666667,1.0,0.7666666666666667,0.6444444444444445
990,attribute,no,0,0.8181818181818182,0.6727272727272727,0.2727272727272727,0.5636363636363636,0.2,0.6,0.4,0.4,0.4805194805194805,0.5,0.5416666666666666,0.6,0.5416666666666666,0.5333333333333333
991,positional,no,1,1.0,1.0,0.9090909090909091,0.8181818181818182,1.0,1.0,0.6,0.4,0.9090909090909091,1.0,0.7666666666666667,0.875,0.675,0.6444444444444445
992,attribute,no,0,1.0,1.0,0.0,1.0,0.6,0.4,0.0,1.0,0.47619047619047616,0.7666666666666667,0.5416666666666666,0.675,1.0,0.5333333333333333
993,object,no,0,1.0,1.0,0.45454545454545453,0.45454545454545453,1.0,1.0,0.6,0.4,0.5844155844155844,1.0,0.7666666666666667,0.5,0.4666666666666667,0.6444444444444445
994,counting,no,1,1.0,1.0,0.09090909090909091,0.8181818181818182,1.0,1.0,0.0,1.0,0.4805194805194805,1.0,0.5416666666666666,0.5,0.875,0.4444444444444444
995,attribute,no,0,1.0,1.0,0.0,1.0,1.0,1.0,0.2,0.6,0.47619047619047616,1.0,0.6,0.5416666666666666,0.875,0.4666666666666667
996,attribute,no,0,0.09090909090909091,0.8181818181818182,0.18181818181818182,0.6727272727272727,0.0,1.0,0.8,0.6,0.7532467532467533,0.875,0.5416666666666666,0.7666666666666667,0.5,0.4666666666666667
997,positional,no,0,0.45454545454545453,0.45454545454545453,0.9090909090909091,0.8181818181818182,0.2,0.6,1.0,1.0,0.5454545454545454,0.5,0.5,0.5416666666666666,0.875,0.4666666666666667
998,attribute,no,1,0.6363636363636364,0.4909090909090909,0.0,1.0,0.8,0.6,0.0,1.0,0.5454545454545454,0.5416666666666666,0.475,0.6,1.0,0.4666666666666667
999,sentiment,no,1,1.0,1.0,1.0,1.0,1.0,1.0,1.0,1.0,1.0,1.0,1.0,1.0,1.0,1.0
1000,attribute,no,0,0.2727272727272727,0.5636363636363636,1.0,1.0,0.2,0.6,1.0,1.0,0.5151515151515151,0.6,0.4666666666666667,0.6,1.0,0.4666666666666667
1001,counting,no,0,0.09090909090909091,0.8181818181818182,0.0,1.0,0.4,0.4,0.2,0.6,0.9090909090909091,0.675,0.7666666666666667,0.7666666666666667,0.875,0.5333333333333333
1002,object,no,0,1.0,1.0,0.9090909090909091,0.8181818181818182,0.6,0.4,0.8,0.6,0.9090909090909091,0.7666666666666667,0.875,0.675,0.7666666666666667,0.5333333333333333
1003,positional,no,1,1.0,1.0,1.0,1.0,1.0,1.0,0.2,0.6,1.0,1.0,0.6,1.0,0.6,0.4666666666666667
1004,attribute,no,0,1.0,1.0,0.36363636363636365,0.4909090909090909,0.8,0.6,0.6,0.4,0.5454545454545454,0.875,0.7666666666666667,0.4666666666666667,0.475,0.5333333333333333
1005,counting,no,1,1.0,1.0,0.36363636363636365,0.4909090909090909,1.0,1.0,0.0,1.0,0.5454545454545454,1.0,0.5416666666666666,0.475,0.6,0.4444444444444444
1006,object,no,1,1.0,1.0,0.9090909090909091,0.8181818181818182,1.0,1.0,0.4,0.4,0.9090909090909091,1.0,0.675,0.875,0.6,0.5333333333333333
1008,counting,no,1,0.5454545454545454,0.45454545454545453,0.9090909090909091,0.8181818181818182,1.0,1.0,0.6,0.4,0.5844155844155844,0.5416666666666666,0.475,0.875,0.675,0.6444444444444445
1009,object,no,0,0.9090909090909091,0.8181818181818182,0.0,1.0,0.6,0.4,0.8,0.6,0.4805194805194805,0.675,0.7666666666666667,0.675,0.6,0.5333333333333333
1010,object,no,0,1.0,1.0,0.0,1.0,0.8,0.6,0.4,0.4,0.47619047619047616,0.875,0.675,0.6,0.7666666666666667,0.4666666666666667
1012,attribute,no,0,1.0,1.0,0.0,1.0,0.8,0.6,0.0,1.0,0.47619047619047616,0.875,0.5416666666666666,0.6,1.0,0.4666666666666667
1013,attribute,no,1,1.0,1.0,0.09090909090909091,0.8181818181818182,1.0,1.0,0.0,1.0,0.4805194805194805,1.0,0.5416666666666666,0.5,0.875,0.4444444444444444
1014,attribute,no,0,1.0,1.0,0.2727272727272727,0.5636363636363636,0.4,0.4,0.0,1.0,0.5151515151515151,0.675,0.5416666666666666,0.5416666666666666,0.675,0.6444444444444445
1015,object,no,1,0.9090909090909091,0.8181818181818182,1.0,1.0,1.0,1.0,1.0,1.0,0.9090909090909091,0.875,0.875,1.0,1.0,1.0
1016,attribute,no,0,0.09090909090909091,0.8181818181818182,0.9090909090909091,0.8181818181818182,0.0,1.0,1.0,1.0,0.47619047619047616,0.875,0.5,0.5,0.875,0.4444444444444444
1017,positional,no,0,0.0,1.0,1.0,1.0,0.0,1.0,1.0,1.0,0.47619047619047616,1.0,0.5416666666666666,0.5416666666666666,1.0,0.4444444444444444
1018,object,no,0,0.9090909090909091,0.8181818181818182,0.2727272727272727,0.5636363636363636,0.8,0.6,1.0,1.0,0.4935064935064935,0.7666666666666667,0.875,0.475,0.4666666666666667,0.8
1019,attribute,no,0,0.18181818181818182,0.6727272727272727,0.45454545454545453,0.45454545454545453,0.0,1.0,0.8,0.6,0.5454545454545454,0.7666666666666667,0.5,0.5416666666666666,0.475,0.4666666666666667
1020,attribute,no,1,1.0,1.0,0.0,1.0,1.0,1.0,0.0,1.0,0.47619047619047616,1.0,0.5416666666666666,0.5416666666666666,1.0,0.4444444444444444
1021,object,no,1,1.0,1.0,1.0,1.0,1.0,1.0,0.8,0.6,1.0,1.0,0.875,1.0,0.875,0.8
1022,attribute,no,0,0.6363636363636364,0.4909090909090909,0.0,1.0,0.0,1.0,0.4,0.4,0.5454545454545454,0.475,0.475,1.0,0.7666666666666667,0.6444444444444445
1023,object,no,1,1.0,1.0,0.45454545454545453,0.45454545454545453,1.0,1.0,0.2,0.6,0.5844155844155844,1.0,0.6,0.5,0.5,0.4666666666666667
1024,object,no,1,1.0,1.0,1.0,1.0,1.0,1.0,0.6,0.4,1.0,1.0,0.7666666666666667,1.0,0.7666666666666667,0.6444444444444445
1027,object,no,1,1.0,1.0,0.9090909090909091,0.8181818181818182,1.0,1.0,0.4,0.4,0.9090909090909091,1.0,0.675,0.875,0.6,0.5333333333333333
1028,attribute,no,0,0.0,1.0,1.0,1.0,0.0,1.0,1.0,1.0,0.47619047619047616,1.0,0.5416666666666666,0.5416666666666666,1.0,0.4444444444444444
1029,attribute,no,0,0.09090909090909091,0.8181818181818182,0.0,1.0,0.0,1.0,0.4,0.4,0.9090909090909091,0.875,0.675,1.0,0.7666666666666667,0.6444444444444445
1030,positional,no,1,1.0,1.0,0.18181818181818182,0.6727272727272727,1.0,1.0,0.0,1.0,0.4935064935064935,1.0,0.5416666666666666,0.475,0.7666666666666667,0.4444444444444444
1031,object,no,1,1.0,1.0,1.0,1.0,1.0,1.0,0.2,0.6,1.0,1.0,0.6,1.0,0.6,0.4666666666666667
1032,positional,no,0,0.8181818181818182,0.6727272727272727,0.0,1.0,0.2,0.6,0.6,0.4,0.4935064935064935,0.5,0.6,0.875,0.675,0.4666666666666667
1033,sentiment,no,0,1.0,1.0,0.0,1.0,0.4,0.4,0.4,0.4,0.47619047619047616,0.675,0.675,0.7666666666666667,0.7666666666666667,0.4666666666666667
1034,attribute,no,0,0.7272727272727273,0.5636363636363636,1.0,1.0,0.4,0.4,1.0,1.0,0.7532467532467533,0.5,0.675,0.675,1.0,0.5333333333333333
1035,object,no,0,0.0,1.0,0.8181818181818182,0.6727272727272727,0.0,1.0,1.0,1.0,0.4935064935064935,1.0,0.5416666666666666,0.475,0.7666666666666667,0.4444444444444444
1036,object,no,1,1.0,1.0,1.0,1.0,1.0,1.0,0.6,0.4,1.0,1.0,0.7666666666666667,1.0,0.7666666666666667,0.6444444444444445
1037,counting,no,0,1.0,1.0,0.0,1.0,1.0,1.0,0.2,0.6,0.47619047619047616,1.0,0.6,0.5416666666666666,0.875,0.4666666666666667
1038,attribute,no,0,0.0,1.0,0.7272727272727273,0.5636363636363636,0.0,1.0,1.0,1.0,0.5151515151515151,1.0,0.5416666666666666,0.4666666666666667,0.675,0.4444444444444444
1039,object,no,1,0.9090909090909091,0.8181818181818182,1.0,1.0,0.8,0.6,0.6,0.4,0.9090909090909091,0.7666666666666667,0.675,0.875,0.7666666666666667,0.5333333333333333
1040,attribute,no,0,0.6363636363636364,0.4909090909090909,1.0,1.0,0.2,0.6,1.0,1.0,0.6883116883116883,0.4666666666666667,0.6,0.6,1.0,0.4666666666666667
1041,object,no,0,0.36363636363636365,0.4909090909090909,0.0,1.0,0.0,1.0,0.4,0.4,0.6883116883116883,0.6,0.5,1.0,0.7666666666666667,0.6444444444444445
1042,positional,no,0,1.0,1.0,0.0,1.0,0.2,0.6,0.4,0.4,0.47619047619047616,0.6,0.675,0.875,0.7666666666666667,0.5333333333333333
1043,positional,no,0,0.8181818181818182,0.6727272727272727,0.7272727272727273,0.5636363636363636,0.2,0.6,1.0,1.0,0.6320346320346321,0.5,0.7666666666666667,0.475,0.675,0.4666666666666667
1044,object,no,0,0.09090909090909091,0.8181818181818182,0.7272727272727273,0.5636363636363636,0.2,0.6,1.0,1.0,0.4935064935064935,0.7666666666666667,0.5,0.475,0.675,0.4666666666666667
1045,attribute,no,0,0.45454545454545453,0.45454545454545453,1.0,1.0,0.2,0.6,1.0,1.0,0.5844155844155844,0.5,0.5,0.6,1.0,0.4666666666666667
1046,object,no,0,1.0,1.0,0.6363636363636364,0.4909090909090909,0.8,0.6,0.6,0.4,0.6883116883116883,0.875,0.7666666666666667,0.5416666666666666,0.5,0.5333333333333333
1048,positional,no,1,1.0,1.0,0.5454545454545454,0.45454545454545453,1.0,1.0,0.4,0.4,0.6320346320346321,1.0,0.675,0.5416666666666666,0.4666666666666667,0.5333333333333333
1049,attribute,no,1,1.0,1.0,0.18181818181818182,0.6727272727272727,1.0,1.0,0.6,0.4,0.4935064935064935,1.0,0.7666666666666667,0.475,0.5416666666666666,0.6444444444444445
1051,object,no,1,0.9090909090909091,0.8181818181818182,1.0,1.0,0.8,0.6,1.0,1.0,0.9090909090909091,0.7666666666666667,0.875,0.875,1.0,0.8
1052,sentiment,no,1,1.0,1.0,0.18181818181818182,0.6727272727272727,1.0,1.0,0.0,1.0,0.4935064935064935,1.0,0.5416666666666666,0.475,0.7666666666666667,0.4444444444444444
1053,object,no,0,1.0,1.0,0.0,1.0,0.8,0.6,0.2,0.6,0.47619047619047616,0.875,0.6,0.6,0.875,0.4444444444444444
1054,attribute,no,0,0.09090909090909091,0.8181818181818182,1.0,1.0,0.0,1.0,1.0,1.0,0.4805194805194805,0.875,0.5,0.5416666666666666,1.0,0.4444444444444444
1055,sentiment,no,1,1.0,1.0,1.0,1.0,1.0,1.0,1.0,1.0,1.0,1.0,1.0,1.0,1.0,1.0
1057,attribute,no,0,0.8181818181818182,0.6727272727272727,0.09090909090909091,0.8181818181818182,1.0,1.0,0.6,0.4,0.4805194805194805,0.7666666666666667,0.6,0.5,0.6,0.6444444444444445
1058,object,no,0,0.09090909090909091,0.8181818181818182,0.0,1.0,0.0,1.0,0.0,1.0,0.9090909090909091,0.875,0.875,1.0,1.0,1.0
1059,positional,no,1,1.0,1.0,1.0,1.0,1.0,1.0,0.8,0.6,1.0,1.0,0.875,1.0,0.875,0.8
1060,object,no,0,0.0,1.0,0.0,1.0,0.0,1.0,0.0,1.0,1.0,1.0,1.0,1.0,1.0,1.0
1062,object,no,1,0.0,1.0,1.0,1.0,0.0,1.0,0.4,0.4,0.47619047619047616,1.0,0.7666666666666667,0.5416666666666666,0.675,0.6444444444444445
1063,positional,no,1,1.0,1.0,1.0,1.0,1.0,1.0,0.4,0.4,1.0,1.0,0.675,1.0,0.675,0.5333333333333333
1064,sentiment,no,0,1.0,1.0,0.0,1.0,0.8,0.6,0.0,1.0,0.47619047619047616,0.875,0.5416666666666666,0.6,1.0,0.4666666666666667
1066,sentiment,no,1,0.7272727272727273,0.5636363636363636,1.0,1.0,1.0,1.0,1.0,1.0,0.7532467532467533,0.675,0.675,1.0,1.0,1.0
1067,attribute,no,0,0.5454545454545454,0.45454545454545453,1.0,1.0,0.2,0.6,1.0,1.0,0.6320346320346321,0.475,0.5416666666666666,0.6,1.0,0.4666666666666667
1069,positional,no,0,0.18181818181818182,0.6727272727272727,0.0,1.0,0.2,0.6,0.6,0.4,0.8268398268398268,0.675,0.5416666666666666,0.875,0.675,0.4666666666666667
1070,object,no,1,1.0,1.0,1.0,1.0,1.0,1.0,0.4,0.4,1.0,1.0,0.675,1.0,0.675,0.5333333333333333
1072,attribute,no,0,1.0,1.0,0.5454545454545454,0.45454545454545453,0.8,0.6,0.8,0.6,0.6320346320346321,0.875,0.875,0.5,0.5,0.6444444444444445
1073,object,no,1,1.0,1.0,1.0,1.0,1.0,1.0,0.6,0.4,1.0,1.0,0.7666666666666667,1.0,0.7666666666666667,0.6444444444444445
1074,object,no,0,0.9090909090909091,0.8181818181818182,1.0,1.0,0.8,0.6,1.0,1.0,0.9090909090909091,0.7666666666666667,0.875,0.875,1.0,0.8
1075,counting,no,1,1.0,1.0,0.45454545454545453,0.45454545454545453,1.0,1.0,0.0,1.0,0.5844155844155844,1.0,0.5416666666666666,0.5,0.5416666666666666,0.4444444444444444
1076,object,no,0,1.0,1.0,0.0,1.0,0.8,0.6,0.6,0.4,0.47619047619047616,0.875,0.7666666666666667,0.6,0.675,0.5333333333333333
1077,object,no,0,0.45454545454545453,0.45454545454545453,0.0,1.0,0.4,0.4,0.6,0.4,0.6320346320346321,0.475,0.4666666666666667,0.7666666666666667,0.675,0.4444444444444444
1078,positional,no,1,1.0,1.0,0.0,1.0,1.0,1.0,0.0,1.0,0.47619047619047616,1.0,0.5416666666666666,0.5416666666666666,1.0,0.4444444444444444
1079,attribute,no,1,1.0,1.0,0.0,1.0,1.0,1.0,0.0,1.0,0.47619047619047616,1.0,0.5416666666666666,0.5416666666666666,1.0,0.4444444444444444
1080,attribute,no,1,1.0,1.0,0.09090909090909091,0.8181818181818182,1.0,1.0,0.0,1.0,0.4805194805194805,1.0,0.5416666666666666,0.5,0.875,0.4444444444444444
1081,sentiment,no,0,0.0,1.0,0.0,1.0,0.0,1.0,0.2,0.6,1.0,1.0,0.875,1.0,0.875,0.8
1082,sentiment,no,0,1.0,1.0,0.0,1.0,1.0,1.0,0.2,0.6,0.47619047619047616,1.0,0.6,0.5416666666666666,0.875,0.4666666666666667
1083,counting,no,1,0.8181818181818182,0.6727272727272727,1.0,1.0,1.0,1.0,0.4,0.4,0.8268398268398268,0.7666666666666667,0.5416666666666666,1.0,0.675,0.5333333333333333
1085,counting,no,1,1.0,1.0,1.0,1.0,1.0,1.0,0.4,0.4,1.0,1.0,0.675,1.0,0.675,0.5333333333333333
1086,attribute,no,0,0.09090909090909091,0.8181818181818182,0.9090909090909091,0.8181818181818182,0.0,1.0,1.0,1.0,0.47619047619047616,0.875,0.5,0.5,0.875,0.4444444444444444
1087,attribute,no,1,0.9090909090909091,0.8181818181818182,1.0,1.0,1.0,1.0,0.2,0.6,0.9090909090909091,0.875,0.5416666666666666,1.0,0.6,0.4666666666666667
1088,object,no,0,1.0,1.0,0.0,1.0,0.6,0.4,0.0,1.0,0.47619047619047616,0.7666666666666667,0.5416666666666666,0.675,1.0,0.5333333333333333
1089,object,no,0,1.0,1.0,0.5454545454545454,0.45454545454545453,0.8,0.6,1.0,1.0,0.6320346320346321,0.875,1.0,0.5,0.5416666666666666,0.8
1091,sentiment,no,0,0.0,1.0,0.0,1.0,0.0,1.0,0.6,0.4,1.0,1.0,0.675,1.0,0.675,0.5333333333333333
1092,attribute,no,1,0.9090909090909091,0.8181818181818182,1.0,1.0,1.0,1.0,0.2,0.6,0.9090909090909091,0.875,0.5416666666666666,1.0,0.6,0.4666666666666667
1093,object,no,1,1.0,1.0,0.09090909090909091,0.8181818181818182,1.0,1.0,0.0,1.0,0.4805194805194805,1.0,0.5416666666666666,0.5,0.875,0.4444444444444444
1094,sentiment,no,1,1.0,1.0,0.0,1.0,1.0,1.0,0.2,0.6,0.47619047619047616,1.0,0.6,0.5416666666666666,0.875,0.4666666666666667
1095,sentiment,no,0,0.36363636363636365,0.4909090909090909,1.0,1.0,0.2,0.6,1.0,1.0,0.5454545454545454,0.5416666666666666,0.475,0.6,1.0,0.4666666666666667
1096,attribute,no,0,1.0,1.0,0.36363636363636365,0.4909090909090909,0.4,0.4,1.0,1.0,0.5454545454545454,0.675,1.0,0.5,0.475,0.5333333333333333
1097,object,no,0,1.0,1.0,0.0,1.0,0.8,0.6,0.6,0.4,0.47619047619047616,0.875,0.7666666666666667,0.6,0.675,0.5333333333333333
1098,sentiment,no,1,1.0,1.0,1.0,1.0,0.8,0.6,1.0,1.0,1.0,0.875,1.0,0.875,1.0,0.8
1099,object,no,1,1.0,1.0,1.0,1.0,1.0,1.0,0.8,0.6,1.0,1.0,0.875,1.0,0.875,0.8
1100,positional,no,1,1.0,1.0,0.0,1.0,1.0,1.0,0.0,1.0,0.47619047619047616,1.0,0.5416666666666666,0.5416666666666666,1.0,0.4444444444444444
1101,counting,no,1,1.0,1.0,0.18181818181818182,0.6727272727272727,1.0,1.0,0.0,1.0,0.4935064935064935,1.0,0.5416666666666666,0.475,0.7666666666666667,0.4444444444444444
1102,counting,no,1,1.0,1.0,0.8181818181818182,0.6727272727272727,1.0,1.0,0.4,0.4,0.8268398268398268,1.0,0.675,0.7666666666666667,0.5416666666666666,0.5333333333333333
1104,counting,no,1,1.0,1.0,1.0,1.0,1.0,1.0,0.4,0.4,1.0,1.0,0.675,1.0,0.675,0.5333333333333333
1105,attribute,no,0,0.0,1.0,1.0,1.0,0.0,1.0,1.0,1.0,0.47619047619047616,1.0,0.5416666666666666,0.5416666666666666,1.0,0.4444444444444444
1106,object,no,0,0.0,1.0,0.09090909090909091,0.8181818181818182,0.0,1.0,0.8,0.6,0.9090909090909091,1.0,0.6,0.875,0.5416666666666666,0.4666666666666667
1107,object,no,0,0.9090909090909091,0.8181818181818182,0.0,1.0,0.4,0.4,0.6,0.4,0.4805194805194805,0.6,0.675,0.7666666666666667,0.675,0.4444444444444444
1110,object,no,0,0.6363636363636364,0.4909090909090909,0.0,1.0,0.6,0.4,0.6,0.4,0.5454545454545454,0.5,0.5,0.675,0.675,0.4666666666666667
1111,attribute,no,1,1.0,1.0,0.9090909090909091,0.8181818181818182,1.0,1.0,0.8,0.6,0.9090909090909091,1.0,0.875,0.875,0.7666666666666667,0.8
1112,sentiment,no,1,1.0,1.0,0.0,1.0,1.0,1.0,0.0,1.0,0.47619047619047616,1.0,0.5416666666666666,0.5416666666666666,1.0,0.4444444444444444
1113,attribute,no,1,0.7272727272727273,0.5636363636363636,0.0,1.0,1.0,1.0,0.0,1.0,0.5151515151515151,0.675,0.4666666666666667,0.5416666666666666,1.0,0.4444444444444444
1114,positional,no,0,0.8181818181818182,0.6727272727272727,0.0,1.0,0.2,0.6,0.4,0.4,0.4935064935064935,0.5,0.5416666666666666,0.875,0.7666666666666667,0.5333333333333333
1115,counting,no,0,0.6363636363636364,0.4909090909090909,0.7272727272727273,0.5636363636363636,0.0,1.0,1.0,1.0,0.5454545454545454,0.475,0.6,0.4666666666666667,0.675,0.4444444444444444
1116,sentiment,no,0,0.9090909090909091,0.8181818181818182,0.6363636363636364,0.4909090909090909,0.2,0.6,0.8,0.6,0.6320346320346321,0.5416666666666666,0.7666666666666667,0.4666666666666667,0.5416666666666666,0.4444444444444444
1117,attribute,no,0,0.36363636363636365,0.4909090909090909,0.0,1.0,0.2,0.6,0.0,1.0,0.6883116883116883,0.5416666666666666,0.6,0.875,1.0,0.8
1118,attribute,no,1,0.8181818181818182,0.6727272727272727,1.0,1.0,1.0,1.0,1.0,1.0,0.8268398268398268,0.7666666666666667,0.7666666666666667,1.0,1.0,1.0
1119,positional,no,0,0.18181818181818182,0.6727272727272727,0.0,1.0,0.0,1.0,0.2,0.6,0.8268398268398268,0.7666666666666667,0.675,1.0,0.875,0.8
1120,object,no,0,1.0,1.0,0.45454545454545453,0.45454545454545453,0.6,0.4,0.8,0.6,0.5844155844155844,0.7666666666666667,0.875,0.4666666666666667,0.475,0.5333333333333333
1121,attribute,no,0,0.8181818181818182,0.6727272727272727,0.9090909090909091,0.8181818181818182,0.4,0.4,0.8,0.6,0.7532467532467533,0.5416666666666666,0.675,0.6,0.7666666666666667,0.4666666666666667
1122,object,no,0,0.0,1.0,0.9090909090909091,0.8181818181818182,0.0,1.0,0.6,0.4,0.4805194805194805,1.0,0.675,0.5,0.675,0.5333333333333333
1123,object,no,0,0.5454545454545454,0.45454545454545453,0.5454545454545454,0.45454545454545453,0.6,0.4,1.0,1.0,0.4805194805194805,0.475,0.5416666666666666,0.475,0.5416666666666666,0.6444444444444445
1124,attribute,no,0,0.09090909090909091,0.8181818181818182,1.0,1.0,0.0,1.0,1.0,1.0,0.4805194805194805,0.875,0.5,0.5416666666666666,1.0,0.4444444444444444
1125,positional,no,0,0.5454545454545454,0.45454545454545453,0.8181818181818182,0.6727272727272727,0.2,0.6,1.0,1.0,0.5454545454545454,0.475,0.5416666666666666,0.5,0.7666666666666667,0.4666666666666667
1126,object,no,0,0.8181818181818182,0.6727272727272727,0.0,1.0,0.2,0.6,0.0,1.0,0.4935064935064935,0.5,0.475,0.875,1.0,0.8
1127,attribute,no,0,0.36363636363636365,0.4909090909090909,0.09090909090909091,0.8181818181818182,0.0,1.0,0.8,0.6,0.6320346320346321,0.6,0.4666666666666667,0.875,0.5416666666666666,0.4666666666666667
1128,sentiment,no,1,1.0,1.0,1.0,1.0,1.0,1.0,0.8,0.6,1.0,1.0,0.875,1.0,0.875,0.8
1129,object,no,1,0.9090909090909091,0.8181818181818182,0.2727272727272727,0.5636363636363636,0.6,0.4,0.2,0.6,0.4935064935064935,0.675,0.5416666666666666,0.5,0.6,0.4666666666666667
1130,attribute,no,0,0.0,1.0,0.0,1.0,0.0,1.0,0.6,0.4,1.0,1.0,0.675,1.0,0.675,0.5333333333333333
1131,object,no,0,0.0,1.0,1.0,1.0,0.0,1.0,1.0,1.0,0.47619047619047616,1.0,0.5416666666666666,0.5416666666666666,1.0,0.4444444444444444
1132,attribute,no,1,1.0,1.0,0.9090909090909091,0.8181818181818182,1.0,1.0,1.0,1.0,0.9090909090909091,1.0,1.0,0.875,0.875,1.0
1133,attribute,no,0,1.0,1.0,1.0,1.0,0.6,0.4,0.8,0.6,1.0,0.7666666666666667,0.875,0.7666666666666667,0.875,0.5333333333333333
1134,positional,no,0,0.5454545454545454,0.45454545454545453,0.0,1.0,0.4,0.4,0.4,0.4,0.5844155844155844,0.4666666666666667,0.4666666666666667,0.7666666666666667,0.7666666666666667,0.4666666666666667
1135,positional,no,0,1.0,1.0,0.09090909090909091,0.8181818181818182,0.4,0.4,0.8,0.6,0.4805194805194805,0.675,0.875,0.675,0.5416666666666666,0.4666666666666667
1137,counting,no,1,1.0,1.0,0.5454545454545454,0.45454545454545453,1.0,1.0,0.6,0.4,0.6320346320346321,1.0,0.7666666666666667,0.5416666666666666,0.475,0.6444444444444445
1138,sentiment,no,0,0.0,1.0,0.0,1.0,0.0,1.0,0.2,0.6,1.0,1.0,0.875,1.0,0.875,0.8
1139,attribute,no,0,1.0,1.0,1.0,1.0,1.0,1.0,1.0,1.0,1.0,1.0,1.0,1.0,1.0,1.0
1140,positional,no,0,0.09090909090909091,0.8181818181818182,0.0,1.0,0.0,1.0,0.4,0.4,0.9090909090909091,0.875,0.675,1.0,0.7666666666666667,0.6444444444444445
1141,counting,no,1,1.0,1.0,0.36363636363636365,0.4909090909090909,1.0,1.0,0.0,1.0,0.5454545454545454,1.0,0.5416666666666666,0.475,0.6,0.4444444444444444
1142,positional,no,1,1.0,1.0,1.0,1.0,1.0,1.0,0.2,0.6,1.0,1.0,0.6,1.0,0.6,0.4666666666666667
1143,attribute,no,0,0.0,1.0,1.0,1.0,0.0,1.0,1.0,1.0,0.47619047619047616,1.0,0.5416666666666666,0.5416666666666666,1.0,0.4444444444444444
1144,sentiment,no,0,0.0,1.0,0.0,1.0,0.0,1.0,0.0,1.0,1.0,1.0,1.0,1.0,1.0,1.0
1145,object,no,0,1.0,1.0,0.45454545454545453,0.45454545454545453,0.8,0.6,0.4,0.4,0.5844155844155844,0.875,0.675,0.475,0.475,0.4666666666666667
1146,counting,no,1,0.09090909090909091,0.8181818181818182,1.0,1.0,0.2,0.6,0.8,0.6,0.4805194805194805,0.7666666666666667,0.5416666666666666,0.6,0.875,0.4444444444444444
1147,object,no,0,1.0,1.0,0.45454545454545453,0.45454545454545453,0.6,0.4,0.8,0.6,0.5844155844155844,0.7666666666666667,0.875,0.4666666666666667,0.475,0.5333333333333333
1148,object,no,0,0.8181818181818182,0.6727272727272727,0.0,1.0,1.0,1.0,0.6,0.4,0.4935064935064935,0.7666666666666667,0.6,0.5416666666666666,0.675,0.6444444444444445
1149,object,no,0,0.7272727272727273,0.5636363636363636,0.5454545454545454,0.45454545454545453,0.6,0.4,0.8,0.6,0.5151515151515151,0.5416666666666666,0.6,0.475,0.5,0.5333333333333333
1150,attribute,no,0,0.2727272727272727,0.5636363636363636,1.0,1.0,1.0,1.0,1.0,1.0,0.5151515151515151,0.4666666666666667,0.4666666666666667,1.0,1.0,1.0
1152,counting,no,0,0.0,1.0,0.2727272727272727,0.5636363636363636,0.0,1.0,0.4,0.4,0.7532467532467533,1.0,0.7666666666666667,0.675,0.5416666666666666,0.6444444444444445
1153,sentiment,no,1,0.36363636363636365,0.4909090909090909,1.0,1.0,0.6,0.4,1.0,1.0,0.5454545454545454,0.475,0.475,0.7666666666666667,1.0,0.6444444444444445
1154,object,no,0,1.0,1.0,0.0,1.0,1.0,1.0,0.6,0.4,0.47619047619047616,1.0,0.7666666666666667,0.5416666666666666,0.675,0.6444444444444445
1155,sentiment,no,1,1.0,1.0,1.0,1.0,1.0,1.0,1.0,1.0,1.0,1.0,1.0,1.0,1.0,1.0
1156,object,no,1,0.9090909090909091,0.8181818181818182,1.0,1.0,1.0,1.0,0.4,0.4,0.9090909090909091,0.875,0.6,1.0,0.675,0.5333333333333333
1158,attribute,no,0,0.6363636363636364,0.4909090909090909,1.0,1.0,0.2,0.6,1.0,1.0,0.6883116883116883,0.4666666666666667,0.6,0.6,1.0,0.4666666666666667
1161,object,no,1,1.0,1.0,0.2727272727272727,0.5636363636363636,1.0,1.0,0.0,1.0,0.5151515151515151,1.0,0.5416666666666666,0.4666666666666667,0.675,0.4444444444444444
1162,object,no,0,1.0,1.0,0.6363636363636364,0.4909090909090909,0.8,0.6,1.0,1.0,0.6883116883116883,0.875,1.0,0.5416666666666666,0.6,0.8
1163,positional,no,1,1.0,1.0,1.0,1.0,1.0,1.0,0.2,0.6,1.0,1.0,0.6,1.0,0.6,0.4666666666666667
1164,object,no,0,1.0,1.0,0.09090909090909091,0.8181818181818182,1.0,1.0,0.4,0.4,0.4805194805194805,1.0,0.675,0.5,0.675,0.5333333333333333
1165,counting,no,1,0.8181818181818182,0.6727272727272727,1.0,1.0,1.0,1.0,0.4,0.4,0.8268398268398268,0.7666666666666667,0.5416666666666666,1.0,0.675,0.5333333333333333
1166,object,no,0,1.0,1.0,0.9090909090909091,0.8181818181818182,0.8,0.6,1.0,1.0,0.9090909090909091,0.875,1.0,0.7666666666666667,0.875,0.8
1167,object,no,1,0.8181818181818182,0.6727272727272727,1.0,1.0,1.0,1.0,0.6,0.4,0.8268398268398268,0.7666666666666667,0.6,1.0,0.7666666666666667,0.6444444444444445
1168,object,no,1,0.7272727272727273,0.5636363636363636,0.2727272727272727,0.5636363636363636,1.0,1.0,0.0,1.0,0.47619047619047616,0.675,0.4666666666666667,0.4666666666666667,0.675,0.4444444444444444
1169,object,no,1,1.0,1.0,1.0,1.0,1.0,1.0,1.0,1.0,1.0,1.0,1.0,1.0,1.0,1.0
1170,attribute,no,0,0.5454545454545454,0.45454545454545453,0.0,1.0,0.4,0.4,0.6,0.4,0.5844155844155844,0.4666666666666667,0.475,0.7666666666666667,0.675,0.4444444444444444
1171,counting,no,1,1.0,1.0,0.0,1.0,1.0,1.0,0.2,0.6,0.47619047619047616,1.0,0.6,0.5416666666666666,0.875,0.4666666666666667
1172,object,no,0,1.0,1.0,0.0,1.0,1.0,1.0,0.4,0.4,0.47619047619047616,1.0,0.675,0.5416666666666666,0.7666666666666667,0.5333333333333333
1174,attribute,no,1,1.0,1.0,0.0,1.0,1.0,1.0,0.0,1.0,0.47619047619047616,1.0,0.5416666666666666,0.5416666666666666,1.0,0.4444444444444444
1175,sentiment,no,1,1.0,1.0,0.9090909090909091,0.8181818181818182,1.0,1.0,0.8,0.6,0.9090909090909091,1.0,0.875,0.875,0.7666666666666667,0.8
1177,counting,no,1,1.0,1.0,1.0,1.0,1.0,1.0,0.6,0.4,1.0,1.0,0.7666666666666667,1.0,0.7666666666666667,0.6444444444444445
1178,object,no,0,1.0,1.0,0.09090909090909091,0.8181818181818182,1.0,1.0,0.4,0.4,0.4805194805194805,1.0,0.675,0.5,0.675,0.5333333333333333
1179,attribute,no,0,0.7272727272727273,0.5636363636363636,0.0,1.0,0.4,0.4,0.2,0.6,0.5151515151515151,0.5,0.475,0.7666666666666667,0.875,0.5333333333333333
1180,attribute,no,0,0.7272727272727273,0.5636363636363636,0.9090909090909091,0.8181818181818182,0.8,0.6,1.0,1.0,0.6883116883116883,0.6,0.675,0.7666666666666667,0.875,0.8
1181,object,no,0,1.0,1.0,0.0,1.0,0.8,0.6,0.0,1.0,0.47619047619047616,0.875,0.5416666666666666,0.6,1.0,0.4666666666666667
1182,positional,no,1,0.09090909090909091,0.8181818181818182,1.0,1.0,0.8,0.6,0.2,0.6,0.4805194805194805,0.5416666666666666,0.7666666666666667,0.875,0.6,0.4444444444444444
1183,counting,no,0,0.0,1.0,0.6363636363636364,0.4909090909090909,0.0,1.0,1.0,1.0,0.5454545454545454,1.0,0.5416666666666666,0.475,0.6,0.4444444444444444
1184,object,no,0,1.0,1.0,0.18181818181818182,0.6727272727272727,1.0,1.0,0.8,0.6,0.4935064935064935,1.0,0.875,0.475,0.5,0.8
1185,sentiment,no,0,1.0,1.0,0.0,1.0,0.8,0.6,0.2,0.6,0.47619047619047616,0.875,0.6,0.6,0.875,0.4444444444444444
1187,object,no,1,0.8181818181818182,0.6727272727272727,1.0,1.0,1.0,1.0,0.4,0.4,0.8268398268398268,0.7666666666666667,0.5416666666666666,1.0,0.675,0.5333333333333333
1188,attribute,no,0,1.0,1.0,0.0,1.0,0.4,0.4,0.6,0.4,0.47619047619047616,0.675,0.7666666666666667,0.7666666666666667,0.675,0.4444444444444444
1189,counting,no,1,1.0,1.0,1.0,1.0,1.0,1.0,0.4,0.4,1.0,1.0,0.675,1.0,0.675,0.5333333333333333
1190,attribute,no,0,0.09090909090909091,0.8181818181818182,1.0,1.0,0.2,0.6,1.0,1.0,0.4805194805194805,0.7666666666666667,0.5,0.6,1.0,0.4666666666666667
1191,object,no,0,0.8181818181818182,0.6727272727272727,0.0,1.0,0.4,0.4,0.4,0.4,0.4935064935064935,0.5416666666666666,0.5416666666666666,0.7666666666666667,0.7666666666666667,0.4666666666666667
1192,object,no,1,1.0,1.0,1.0,1.0,1.0,1.0,1.0,1.0,1.0,1.0,1.0,1.0,1.0,1.0
1193,object,no,1,0.8181818181818182,0.6727272727272727,0.5454545454545454,0.45454545454545453,1.0,1.0,0.4,0.4,0.5454545454545454,0.7666666666666667,0.5416666666666666,0.5416666666666666,0.4666666666666667,0.5333333333333333
1194,counting,no,1,1.0,1.0,1.0,1.0,1.0,1.0,0.2,0.6,1.0,1.0,0.6,1.0,0.6,0.4666666666666667
1195,counting,no,1,1.0,1.0,0.09090909090909091,0.8181818181818182,1.0,1.0,0.0,1.0,0.4805194805194805,1.0,0.5416666666666666,0.5,0.875,0.4444444444444444
1197,counting,no,1,1.0,1.0,0.09090909090909091,0.8181818181818182,0.8,0.6,0.0,1.0,0.4805194805194805,0.875,0.5416666666666666,0.5416666666666666,0.875,0.4666666666666667
1198,counting,no,1,0.5454545454545454,0.45454545454545453,0.7272727272727273,0.5636363636363636,1.0,1.0,0.2,0.6,0.5151515151515151,0.5416666666666666,0.475,0.675,0.475,0.4666666666666667
1199,object,no,0,1.0,1.0,0.8181818181818182,0.6727272727272727,0.6,0.4,1.0,1.0,0.8268398268398268,0.7666666666666667,1.0,0.6,0.7666666666666667,0.6444444444444445
1200,object,no,0,1.0,1.0,0.0,1.0,1.0,1.0,0.4,0.4,0.47619047619047616,1.0,0.675,0.5416666666666666,0.7666666666666667,0.5333333333333333
1201,positional,no,0,0.36363636363636365,0.4909090909090909,0.9090909090909091,0.8181818181818182,0.0,1.0,1.0,1.0,0.5151515151515151,0.6,0.475,0.5,0.875,0.4444444444444444
1202,sentiment,no,0,1.0,1.0,0.6363636363636364,0.4909090909090909,0.4,0.4,0.6,0.4,0.6883116883116883,0.675,0.7666666666666667,0.475,0.5,0.4444444444444444
1203,attribute,no,1,0.8181818181818182,0.6727272727272727,0.18181818181818182,0.6727272727272727,1.0,1.0,0.0,1.0,0.47619047619047616,0.7666666666666667,0.475,0.475,0.7666666666666667,0.4444444444444444
1204,positional,no,1,0.0,1.0,1.0,1.0,0.8,0.6,0.8,0.6,0.47619047619047616,0.6,0.6,0.875,0.875,0.6444444444444445
1205,counting,no,1,1.0,1.0,0.8181818181818182,0.6727272727272727,1.0,1.0,0.0,1.0,0.8268398268398268,1.0,0.5416666666666666,0.7666666666666667,0.475,0.4444444444444444
1206,attribute,no,0,0.45454545454545453,0.45454545454545453,0.8181818181818182,0.6727272727272727,0.0,1.0,1.0,1.0,0.5151515151515151,0.5416666666666666,0.5,0.475,0.7666666666666667,0.4444444444444444
1208,counting,no,1,1.0,1.0,0.18181818181818182,0.6727272727272727,1.0,1.0,0.0,1.0,0.4935064935064935,1.0,0.5416666666666666,0.475,0.7666666666666667,0.4444444444444444
1209,attribute,no,1,0.7272727272727273,0.5636363636363636,0.09090909090909091,0.8181818181818182,1.0,1.0,0.0,1.0,0.4935064935064935,0.675,0.4666666666666667,0.5,0.875,0.4444444444444444
1210,attribute,no,0,0.2727272727272727,0.5636363636363636,0.7272727272727273,0.5636363636363636,0.0,1.0,1.0,1.0,0.47619047619047616,0.675,0.4666666666666667,0.4666666666666667,0.675,0.4444444444444444
1211,positional,no,1,0.9090909090909091,0.8181818181818182,1.0,1.0,1.0,1.0,0.6,0.4,0.9090909090909091,0.875,0.675,1.0,0.7666666666666667,0.6444444444444445
1213,sentiment,no,0,0.9090909090909091,0.8181818181818182,0.5454545454545454,0.45454545454545453,0.4,0.4,0.8,0.6,0.5844155844155844,0.6,0.7666666666666667,0.4666666666666667,0.5,0.4666666666666667
1214,object,no,0,0.6363636363636364,0.4909090909090909,0.9090909090909091,0.8181818181818182,0.2,0.6,1.0,1.0,0.6320346320346321,0.4666666666666667,0.6,0.5416666666666666,0.875,0.4666666666666667
1215,sentiment,no,0,0.0,1.0,0.0,1.0,0.4,0.4,0.0,1.0,1.0,0.7666666666666667,1.0,0.7666666666666667,1.0,0.6444444444444445
1216,sentiment,no,0,1.0,1.0,1.0,1.0,1.0,1.0,0.8,0.6,1.0,1.0,0.875,1.0,0.875,0.8
1217,object,no,0,0.7272727272727273,0.5636363636363636,0.45454545454545453,0.45454545454545453,0.4,0.4,1.0,1.0,0.4935064935064935,0.5,0.675,0.475,0.5,0.5333333333333333
1218,positional,no,1,1.0,1.0,1.0,1.0,1.0,1.0,1.0,1.0,1.0,1.0,1.0,1.0,1.0,1.0
1219,object,no,0,0.9090909090909091,0.8181818181818182,0.9090909090909091,0.8181818181818182,0.8,0.6,0.6,0.4,0.8268398268398268,0.7666666666666667,0.675,0.7666666666666667,0.675,0.5333333333333333
1220,counting,no,1,0.0,1.0,1.0,1.0,0.2,0.6,0.8,0.6,0.47619047619047616,0.875,0.6,0.6,0.875,0.4444444444444444
1221,positional,no,1,1.0,1.0,0.5454545454545454,0.45454545454545453,1.0,1.0,0.0,1.0,0.6320346320346321,1.0,0.5416666666666666,0.5416666666666666,0.5,0.4444444444444444
1222,counting,no,1,1.0,1.0,0.2727272727272727,0.5636363636363636,1.0,1.0,0.0,1.0,0.5151515151515151,1.0,0.5416666666666666,0.4666666666666667,0.675,0.4444444444444444
1223,object,no,0,0.7272727272727273,0.5636363636363636,0.0,1.0,0.8,0.6,0.0,1.0,0.5151515151515151,0.6,0.4666666666666667,0.6,1.0,0.4666666666666667
1224,object,no,0,1.0,1.0,0.0,1.0,1.0,1.0,0.8,0.6,0.47619047619047616,1.0,0.875,0.5416666666666666,0.6,0.8
1225,attribute,no,1,1.0,1.0,0.09090909090909091,0.8181818181818182,1.0,1.0,0.0,1.0,0.4805194805194805,1.0,0.5416666666666666,0.5,0.875,0.4444444444444444
1226,object,no,0,0.6363636363636364,0.4909090909090909,0.0,1.0,1.0,1.0,0.8,0.6,0.5454545454545454,0.6,0.5416666666666666,0.5416666666666666,0.6,0.8
1227,counting,no,0,0.0,1.0,0.09090909090909091,0.8181818181818182,0.0,1.0,0.6,0.4,0.9090909090909091,1.0,0.675,0.875,0.6,0.5333333333333333
1229,object,no,0,1.0,1.0,0.09090909090909091,0.8181818181818182,0.8,0.6,0.6,0.4,0.4805194805194805,0.875,0.7666666666666667,0.5416666666666666,0.6,0.5333333333333333
1230,positional,no,1,1.0,1.0,0.5454545454545454,0.45454545454545453,1.0,1.0,0.0,1.0,0.6320346320346321,1.0,0.5416666666666666,0.5416666666666666,0.5,0.4444444444444444
1231,sentiment,no,0,1.0,1.0,1.0,1.0,0.8,0.6,1.0,1.0,1.0,0.875,1.0,0.875,1.0,0.8
1232,attribute,no,1,0.0,1.0,1.0,1.0,0.6,0.4,0.4,0.4,0.47619047619047616,0.675,0.7666666666666667,0.7666666666666667,0.675,0.4444444444444444
1233,positional,no,0,0.0,1.0,0.09090909090909091,0.8181818181818182,0.0,1.0,0.2,0.6,0.9090909090909091,1.0,0.875,0.875,0.7666666666666667,0.8
1235,positional,no,0,1.0,1.0,0.0,1.0,1.0,1.0,0.2,0.6,0.47619047619047616,1.0,0.6,0.5416666666666666,0.875,0.4666666666666667
1236,counting,no,1,0.8181818181818182,0.6727272727272727,1.0,1.0,1.0,1.0,0.2,0.6,0.8268398268398268,0.7666666666666667,0.5,1.0,0.6,0.4666666666666667
1237,positional,no,1,0.6363636363636364,0.4909090909090909,1.0,1.0,1.0,1.0,0.4,0.4,0.6883116883116883,0.6,0.475,1.0,0.675,0.5333333333333333
1238,attribute,no,0,1.0,1.0,1.0,1.0,0.8,0.6,1.0,1.0,1.0,0.875,1.0,0.875,1.0,0.8
1239,sentiment,no,0,0.45454545454545453,0.45454545454545453,1.0,1.0,0.2,0.6,1.0,1.0,0.5844155844155844,0.5,0.5,0.6,1.0,0.4666666666666667
1240,object,no,0,1.0,1.0,0.8181818181818182,0.6727272727272727,0.8,0.6,0.8,0.6,0.8268398268398268,0.875,0.875,0.675,0.675,0.6444444444444445
1241,attribute,no,0,0.0,1.0,1.0,1.0,0.0,1.0,1.0,1.0,0.47619047619047616,1.0,0.5416666666666666,0.5416666666666666,1.0,0.4444444444444444
1242,object,no,1,0.8181818181818182,0.6727272727272727,1.0,1.0,1.0,1.0,1.0,1.0,0.8268398268398268,0.7666666666666667,0.7666666666666667,1.0,1.0,1.0
1243,positional,no,1,1.0,1.0,0.09090909090909091,0.8181818181818182,1.0,1.0,0.0,1.0,0.4805194805194805,1.0,0.5416666666666666,0.5,0.875,0.4444444444444444
1245,positional,no,1,0.9090909090909091,0.8181818181818182,0.09090909090909091,0.8181818181818182,1.0,1.0,0.0,1.0,0.47619047619047616,0.875,0.5,0.5,0.875,0.4444444444444444
1246,attribute,no,0,0.0,1.0,0.0,1.0,0.0,1.0,0.6,0.4,1.0,1.0,0.675,1.0,0.675,0.5333333333333333
1248,counting,no,1,1.0,1.0,1.0,1.0,1.0,1.0,0.4,0.4,1.0,1.0,0.675,1.0,0.675,0.5333333333333333
1249,attribute,no,0,1.0,1.0,1.0,1.0,0.8,0.6,1.0,1.0,1.0,0.875,1.0,0.875,1.0,0.8
1250,attribute,no,1,1.0,1.0,0.0,1.0,1.0,1.0,0.0,1.0,0.47619047619047616,1.0,0.5416666666666666,0.5416666666666666,1.0,0.4444444444444444
1251,object,no,1,1.0,1.0,0.2727272727272727,0.5636363636363636,1.0,1.0,0.2,0.6,0.5151515151515151,1.0,0.6,0.4666666666666667,0.6,0.4666666666666667
1252,attribute,no,0,0.0,1.0,1.0,1.0,0.0,1.0,1.0,1.0,0.47619047619047616,1.0,0.5416666666666666,0.5416666666666666,1.0,0.4444444444444444
1253,object,no,1,1.0,1.0,1.0,1.0,1.0,1.0,0.6,0.4,1.0,1.0,0.7666666666666667,1.0,0.7666666666666667,0.6444444444444445
1254,object,no,1,0.9090909090909091,0.8181818181818182,0.09090909090909091,0.8181818181818182,1.0,1.0,0.0,1.0,0.47619047619047616,0.875,0.5,0.5,0.875,0.4444444444444444
1255,object,no,1,1.0,1.0,1.0,1.0,1.0,1.0,0.6,0.4,1.0,1.0,0.7666666666666667,1.0,0.7666666666666667,0.6444444444444445
1257,attribute,no,1,1.0,1.0,1.0,1.0,1.0,1.0,0.8,0.6,1.0,1.0,0.875,1.0,0.875,0.8
1258,object,no,0,0.6363636363636364,0.4909090909090909,0.18181818181818182,0.6727272727272727,0.6,0.4,0.4,0.4,0.4935064935064935,0.5,0.475,0.5416666666666666,0.6,0.4444444444444444
1259,counting,no,0,1.0,1.0,0.09090909090909091,0.8181818181818182,0.4,0.4,0.8,0.6,0.4805194805194805,0.675,0.875,0.675,0.5416666666666666,0.4666666666666667
1261,positional,no,0,0.0,1.0,1.0,1.0,0.0,1.0,1.0,1.0,0.47619047619047616,1.0,0.5416666666666666,0.5416666666666666,1.0,0.4444444444444444
1262,sentiment,no,0,1.0,1.0,0.0,1.0,0.2,0.6,0.0,1.0,0.47619047619047616,0.6,0.5416666666666666,0.875,1.0,0.8
1263,counting,no,1,1.0,1.0,0.36363636363636365,0.4909090909090909,1.0,1.0,0.4,0.4,0.5454545454545454,1.0,0.675,0.475,0.5,0.5333333333333333
1264,positional,no,0,1.0,1.0,0.0,1.0,0.2,0.6,0.8,0.6,0.47619047619047616,0.6,0.875,0.875,0.6,0.4444444444444444
1265,object,no,1,1.0,1.0,1.0,1.0,1.0,1.0,0.4,0.4,1.0,1.0,0.675,1.0,0.675,0.5333333333333333
1266,positional,no,0,0.9090909090909091,0.8181818181818182,0.0,1.0,0.6,0.4,0.4,0.4,0.4805194805194805,0.675,0.6,0.675,0.7666666666666667,0.4444444444444444
1267,attribute,no,0,0.0,1.0,1.0,1.0,0.0,1.0,1.0,1.0,0.47619047619047616,1.0,0.5416666666666666,0.5416666666666666,1.0,0.4444444444444444
1268,positional,no,1,1.0,1.0,1.0,1.0,1.0,1.0,0.8,0.6,1.0,1.0,0.875,1.0,0.875,0.8
1269,object,no,0,0.0,1.0,1.0,1.0,0.4,0.4,0.8,0.6,0.47619047619047616,0.7666666666666667,0.6,0.675,0.875,0.4666666666666667
1270,attribute,no,1,1.0,1.0,1.0,1.0,1.0,1.0,1.0,1.0,1.0,1.0,1.0,1.0,1.0,1.0
1271,sentiment,no,0,0.9090909090909091,0.8181818181818182,0.0,1.0,1.0,1.0,0.2,0.6,0.4805194805194805,0.875,0.5416666666666666,0.5416666666666666,0.875,0.4666666666666667
1272,object,no,0,1.0,1.0,0.0,1.0,0.8,0.6,0.0,1.0,0.47619047619047616,0.875,0.5416666666666666,0.6,1.0,0.4666666666666667
1273,positional,no,1,1.0,1.0,1.0,1.0,1.0,1.0,0.8,0.6,1.0,1.0,0.875,1.0,0.875,0.8
1274,counting,no,1,0.0,1.0,0.9090909090909091,0.8181818181818182,0.8,0.6,0.0,1.0,0.4805194805194805,0.6,1.0,0.7666666666666667,0.5,0.4666666666666667
1275,positional,no,1,0.0,1.0,1.0,1.0,0.6,0.4,1.0,1.0,0.47619047619047616,0.675,0.5416666666666666,0.7666666666666667,1.0,0.6444444444444445
1276,positional,no,0,1.0,1.0,0.0,1.0,0.8,0.6,0.0,1.0,0.47619047619047616,0.875,0.5416666666666666,0.6,1.0,0.4666666666666667
1277,sentiment,no,0,0.0,1.0,1.0,1.0,0.2,0.6,0.8,0.6,0.47619047619047616,0.875,0.6,0.6,0.875,0.4444444444444444
1278,attribute,no,0,0.09090909090909091,0.8181818181818182,0.8181818181818182,0.6727272727272727,0.0,1.0,1.0,1.0,0.4805194805194805,0.875,0.5,0.475,0.7666666666666667,0.4444444444444444
1279,object,no,1,0.8181818181818182,0.6727272727272727,0.36363636363636365,0.4909090909090909,1.0,1.0,0.4,0.4,0.4935064935064935,0.7666666666666667,0.5416666666666666,0.475,0.5,0.5333333333333333
1280,attribute,no,0,1.0,1.0,0.0,1.0,0.8,0.6,0.0,1.0,0.47619047619047616,0.875,0.5416666666666666,0.6,1.0,0.4666666666666667
1281,attribute,no,0,1.0,1.0,0.6363636363636364,0.4909090909090909,0.6,0.4,1.0,1.0,0.6883116883116883,0.7666666666666667,1.0,0.5,0.6,0.6444444444444445
1282,sentiment,no,1,0.6363636363636364,0.4909090909090909,1.0,1.0,0.8,0.6,0.8,0.6,0.6883116883116883,0.5416666666666666,0.5416666666666666,0.875,0.875,0.6444444444444445
1283,attribute,no,0,0.7272727272727273,0.5636363636363636,1.0,1.0,0.8,0.6,1.0,1.0,0.7532467532467533,0.6,0.675,0.875,1.0,0.8
1284,positional,no,1,1.0,1.0,0.2727272727272727,0.5636363636363636,1.0,1.0,0.0,1.0,0.5151515151515151,1.0,0.5416666666666666,0.4666666666666667,0.675,0.4444444444444444
1285,attribute,no,0,0.2727272727272727,0.5636363636363636,1.0,1.0,0.4,0.4,1.0,1.0,0.5151515151515151,0.5416666666666666,0.4666666666666667,0.675,1.0,0.5333333333333333
1286,object,no,0,1.0,1.0,0.0,1.0,1.0,1.0,0.4,0.4,0.47619047619047616,1.0,0.675,0.5416666666666666,0.7666666666666667,0.5333333333333333
1287,positional,no,1,1.0,1.0,0.0,1.0,1.0,1.0,0.0,1.0,0.47619047619047616,1.0,0.5416666666666666,0.5416666666666666,1.0,0.4444444444444444
1288,object,no,1,0.9090909090909091,0.8181818181818182,1.0,1.0,1.0,1.0,0.4,0.4,0.9090909090909091,0.875,0.6,1.0,0.675,0.5333333333333333
1289,attribute,no,0,1.0,1.0,1.0,1.0,0.6,0.4,1.0,1.0,1.0,0.7666666666666667,1.0,0.7666666666666667,1.0,0.6444444444444445
1290,positional,no,0,0.18181818181818182,0.6727272727272727,0.9090909090909091,0.8181818181818182,0.0,1.0,1.0,1.0,0.4805194805194805,0.7666666666666667,0.475,0.5,0.875,0.4444444444444444
1291,object,no,0,0.0,1.0,1.0,1.0,0.0,1.0,1.0,1.0,0.47619047619047616,1.0,0.5416666666666666,0.5416666666666666,1.0,0.4444444444444444
1292,counting,no,1,0.9090909090909091,0.8181818181818182,0.36363636363636365,0.4909090909090909,1.0,1.0,0.4,0.4,0.5151515151515151,0.875,0.6,0.475,0.5,0.5333333333333333
1293,attribute,no,0,0.18181818181818182,0.6727272727272727,0.9090909090909091,0.8181818181818182,0.0,1.0,1.0,1.0,0.4805194805194805,0.7666666666666667,0.475,0.5,0.875,0.4444444444444444
1294,counting,no,1,1.0,1.0,0.09090909090909091,0.8181818181818182,1.0,1.0,0.0,1.0,0.4805194805194805,1.0,0.5416666666666666,0.5,0.875,0.4444444444444444
1295,counting,no,1,1.0,1.0,1.0,1.0,1.0,1.0,0.6,0.4,1.0,1.0,0.7666666666666667,1.0,0.7666666666666667,0.6444444444444445
1296,object,no,1,1.0,1.0,0.18181818181818182,0.6727272727272727,1.0,1.0,0.2,0.6,0.4935064935064935,1.0,0.6,0.475,0.675,0.4666666666666667
1297,attribute,no,0,1.0,1.0,0.0,1.0,0.8,0.6,0.6,0.4,0.47619047619047616,0.875,0.7666666666666667,0.6,0.675,0.5333333333333333
1299,object,no,0,1.0,1.0,0.0,1.0,1.0,1.0,0.0,1.0,0.47619047619047616,1.0,0.5416666666666666,0.5416666666666666,1.0,0.4444444444444444
1300,counting,no,1,1.0,1.0,0.8181818181818182,0.6727272727272727,1.0,1.0,0.6,0.4,0.8268398268398268,1.0,0.7666666666666667,0.7666666666666667,0.6,0.6444444444444445
1301,object,no,0,1.0,1.0,1.0,1.0,1.0,1.0,0.8,0.6,1.0,1.0,0.875,1.0,0.875,0.8
1302,object,no,0,0.18181818181818182,0.6727272727272727,0.9090909090909091,0.8181818181818182,0.2,0.6,1.0,1.0,0.4805194805194805,0.675,0.475,0.5416666666666666,0.875,0.4666666666666667
1303,object,no,1,0.9090909090909091,0.8181818181818182,0.09090909090909091,0.8181818181818182,1.0,1.0,0.0,1.0,0.47619047619047616,0.875,0.5,0.5,0.875,0.4444444444444444
1304,object,no,0,1.0,1.0,0.5454545454545454,0.45454545454545453,0.6,0.4,0.8,0.6,0.6320346320346321,0.7666666666666667,0.875,0.475,0.5,0.5333333333333333
1306,object,no,0,1.0,1.0,0.0,1.0,0.6,0.4,0.6,0.4,0.47619047619047616,0.7666666666666667,0.7666666666666667,0.675,0.675,0.4666666666666667
1307,object,no,0,1.0,1.0,0.0,1.0,0.8,0.6,0.8,0.6,0.47619047619047616,0.875,0.875,0.6,0.6,0.6444444444444445
1308,counting,no,0,1.0,1.0,0.0,1.0,0.8,0.6,0.2,0.6,0.47619047619047616,0.875,0.6,0.6,0.875,0.4444444444444444
1310,attribute,no,0,0.7272727272727273,0.5636363636363636,0.2727272727272727,0.5636363636363636,0.6,0.4,0.8,0.6,0.47619047619047616,0.5416666666666666,0.6,0.5,0.475,0.5333333333333333
1312,object,no,1,0.6363636363636364,0.4909090909090909,0.45454545454545453,0.45454545454545453,1.0,1.0,0.2,0.6,0.4805194805194805,0.6,0.4666666666666667,0.5,0.5,0.4666666666666667
1313,attribute,no,0,0.09090909090909091,0.8181818181818182,0.36363636363636365,0.4909090909090909,0.2,0.6,0.6,0.4,0.6320346320346321,0.7666666666666667,0.6,0.5416666666666666,0.475,0.4666666666666667
1314,attribute,no,0,0.7272727272727273,0.5636363636363636,0.0,1.0,0.2,0.6,0.2,0.6,0.5151515151515151,0.475,0.475,0.875,0.875,0.6444444444444445
1316,attribute,no,1,1.0,1.0,1.0,1.0,1.0,1.0,0.8,0.6,1.0,1.0,0.875,1.0,0.875,0.8
1317,object,no,0,1.0,1.0,0.0,1.0,0.8,0.6,0.2,0.6,0.47619047619047616,0.875,0.6,0.6,0.875,0.4444444444444444
1318,object,no,1,0.7272727272727273,0.5636363636363636,1.0,1.0,0.2,0.6,1.0,1.0,0.7532467532467533,0.475,0.675,0.6,1.0,0.4666666666666667
1319,positional,no,1,0.9090909090909091,0.8181818181818182,0.18181818181818182,0.6727272727272727,1.0,1.0,0.0,1.0,0.4805194805194805,0.875,0.5,0.475,0.7666666666666667,0.4444444444444444
1320,object,no,1,0.7272727272727273,0.5636363636363636,0.18181818181818182,0.6727272727272727,1.0,1.0,0.0,1.0,0.4805194805194805,0.675,0.4666666666666667,0.475,0.7666666666666667,0.4444444444444444
1322,object,no,0,1.0,1.0,0.45454545454545453,0.45454545454545453,0.8,0.6,0.8,0.6,0.5844155844155844,0.875,0.875,0.475,0.475,0.6444444444444445
1324,object,no,0,1.0,1.0,0.7272727272727273,0.5636363636363636,0.8,0.6,0.8,0.6,0.7532467532467533,0.875,0.875,0.6,0.6,0.6444444444444445
1325,positional,no,0,1.0,1.0,0.0,1.0,0.6,0.4,0.2,0.6,0.47619047619047616,0.7666666666666667,0.6,0.675,0.875,0.4666666666666667
1326,attribute,no,0,1.0,1.0,1.0,1.0,0.4,0.4,1.0,1.0,1.0,0.675,1.0,0.675,1.0,0.5333333333333333
1327,counting,no,1,0.5454545454545454,0.45454545454545453,1.0,1.0,1.0,1.0,0.8,0.6,0.6320346320346321,0.5416666666666666,0.5,1.0,0.875,0.8
1328,object,no,0,0.0,1.0,0.7272727272727273,0.5636363636363636,0.2,0.6,0.6,0.4,0.5151515151515151,0.875,0.675,0.475,0.5416666666666666,0.4666666666666667
1329,attribute,no,0,1.0,1.0,1.0,1.0,1.0,1.0,1.0,1.0,1.0,1.0,1.0,1.0,1.0,1.0
1331,object,no,0,0.8181818181818182,0.6727272727272727,1.0,1.0,0.6,0.4,0.8,0.6,0.8268398268398268,0.6,0.675,0.7666666666666667,0.875,0.5333333333333333
1332,positional,no,1,1.0,1.0,0.45454545454545453,0.45454545454545453,1.0,1.0,0.0,1.0,0.5844155844155844,1.0,0.5416666666666666,0.5,0.5416666666666666,0.4444444444444444
1333,object,no,0,0.2727272727272727,0.5636363636363636,0.5454545454545454,0.45454545454545453,0.6,0.4,0.8,0.6,0.4935064935064935,0.5,0.475,0.475,0.5,0.5333333333333333
1334,attribute,no,0,1.0,1.0,0.0,1.0,1.0,1.0,0.6,0.4,0.47619047619047616,1.0,0.7666666666666667,0.5416666666666666,0.675,0.6444444444444445
1335,object,no,1,1.0,1.0,1.0,1.0,1.0,1.0,0.2,0.6,1.0,1.0,0.6,1.0,0.6,0.4666666666666667
1336,attribute,no,1,1.0,1.0,1.0,1.0,1.0,1.0,0.6,0.4,1.0,1.0,0.7666666666666667,1.0,0.7666666666666667,0.6444444444444445
1337,counting,no,0,0.9090909090909091,0.8181818181818182,0.0,1.0,0.2,0.6,0.2,0.6,0.4805194805194805,0.5416666666666666,0.5416666666666666,0.875,0.875,0.6444444444444445
1339,object,no,0,0.0,1.0,1.0,1.0,0.0,1.0,1.0,1.0,0.47619047619047616,1.0,0.5416666666666666,0.5416666666666666,1.0,0.4444444444444444
1340,sentiment,no,0,1.0,1.0,0.5454545454545454,0.45454545454545453,1.0,1.0,0.8,0.6,0.6320346320346321,1.0,0.875,0.5416666666666666,0.5,0.8
1341,object,no,1,1.0,1.0,0.18181818181818182,0.6727272727272727,1.0,1.0,0.2,0.6,0.4935064935064935,1.0,0.6,0.475,0.675,0.4666666666666667
1343,sentiment,no,0,0.9090909090909091,0.8181818181818182,0.6363636363636364,0.4909090909090909,0.8,0.6,0.8,0.6,0.6320346320346321,0.7666666666666667,0.7666666666666667,0.5416666666666666,0.5416666666666666,0.6444444444444445
1344,attribute,no,1,1.0,1.0,0.0,1.0,1.0,1.0,0.0,1.0,0.47619047619047616,1.0,0.5416666666666666,0.5416666666666666,1.0,0.4444444444444444
1345,object,no,1,0.6363636363636364,0.4909090909090909,1.0,1.0,0.8,0.6,1.0,1.0,0.6883116883116883,0.5416666666666666,0.6,0.875,1.0,0.8
1346,object,no,0,0.2727272727272727,0.5636363636363636,0.09090909090909091,0.8181818181818182,0.0,1.0,0.8,0.6,0.6883116883116883,0.675,0.475,0.875,0.5416666666666666,0.4666666666666667
1347,object,no,0,1.0,1.0,0.45454545454545453,0.45454545454545453,1.0,1.0,0.6,0.4,0.5844155844155844,1.0,0.7666666666666667,0.5,0.4666666666666667,0.6444444444444445
1348,sentiment,no,1,1.0,1.0,1.0,1.0,0.8,0.6,0.4,0.4,1.0,0.875,0.675,0.875,0.675,0.4666666666666667
1349,object,no,0,0.0,1.0,0.9090909090909091,0.8181818181818182,0.0,1.0,1.0,1.0,0.4805194805194805,1.0,0.5416666666666666,0.5,0.875,0.4444444444444444
1350,object,no,0,1.0,1.0,0.0,1.0,0.8,0.6,0.8,0.6,0.47619047619047616,0.875,0.875,0.6,0.6,0.6444444444444445
1351,attribute,no,0,0.5454545454545454,0.45454545454545453,0.0,1.0,0.4,0.4,0.4,0.4,0.5844155844155844,0.4666666666666667,0.4666666666666667,0.7666666666666667,0.7666666666666667,0.4666666666666667
1352,attribute,no,1,1.0,1.0,0.18181818181818182,0.6727272727272727,1.0,1.0,0.0,1.0,0.4935064935064935,1.0,0.5416666666666666,0.475,0.7666666666666667,0.4444444444444444
1353,positional,no,1,1.0,1.0,0.0,1.0,1.0,1.0,0.0,1.0,0.47619047619047616,1.0,0.5416666666666666,0.5416666666666666,1.0,0.4444444444444444
1354,counting,no,0,0.0,1.0,0.0,1.0,0.0,1.0,0.6,0.4,1.0,1.0,0.675,1.0,0.675,0.5333333333333333
1355,attribute,no,0,0.9090909090909091,0.8181818181818182,0.0,1.0,0.6,0.4,0.8,0.6,0.4805194805194805,0.675,0.7666666666666667,0.675,0.6,0.5333333333333333
1356,positional,no,1,1.0,1.0,1.0,1.0,1.0,1.0,0.2,0.6,1.0,1.0,0.6,1.0,0.6,0.4666666666666667
1357,object,no,1,0.9090909090909091,0.8181818181818182,0.8181818181818182,0.6727272727272727,1.0,1.0,0.2,0.6,0.7532467532467533,0.875,0.5416666666666666,0.7666666666666667,0.5,0.4666666666666667
1358,object,no,1,1.0,1.0,0.09090909090909091,0.8181818181818182,1.0,1.0,0.4,0.4,0.4805194805194805,1.0,0.675,0.5,0.675,0.5333333333333333
1359,positional,no,0,0.0,1.0,0.6363636363636364,0.4909090909090909,0.0,1.0,0.8,0.6,0.5454545454545454,1.0,0.6,0.475,0.5416666666666666,0.4666666666666667
1360,positional,no,0,0.0,1.0,0.0,1.0,0.0,1.0,0.4,0.4,1.0,1.0,0.7666666666666667,1.0,0.7666666666666667,0.6444444444444445
1361,attribute,no,0,0.0,1.0,1.0,1.0,0.0,1.0,1.0,1.0,0.47619047619047616,1.0,0.5416666666666666,0.5416666666666666,1.0,0.4444444444444444
1362,attribute,no,0,0.0,1.0,0.9090909090909091,0.8181818181818182,0.0,1.0,1.0,1.0,0.4805194805194805,1.0,0.5416666666666666,0.5,0.875,0.4444444444444444
1363,object,no,0,0.6363636363636364,0.4909090909090909,0.0,1.0,0.4,0.4,0.6,0.4,0.5454545454545454,0.475,0.5,0.7666666666666667,0.675,0.4444444444444444
1364,attribute,no,1,0.8181818181818182,0.6727272727272727,0.9090909090909091,0.8181818181818182,1.0,1.0,0.0,1.0,0.7532467532467533,0.7666666666666667,0.475,0.875,0.5,0.4444444444444444
1365,object,no,0,0.18181818181818182,0.6727272727272727,1.0,1.0,0.2,0.6,1.0,1.0,0.4935064935064935,0.675,0.475,0.6,1.0,0.4666666666666667
1366,object,no,0,1.0,1.0,0.0,1.0,0.8,0.6,0.6,0.4,0.47619047619047616,0.875,0.7666666666666667,0.6,0.675,0.5333333333333333
1367,positional,no,1,0.7272727272727273,0.5636363636363636,1.0,1.0,1.0,1.0,0.8,0.6,0.7532467532467533,0.675,0.6,1.0,0.875,0.8
1368,object,no,1,0.09090909090909091,0.8181818181818182,1.0,1.0,0.4,0.4,0.8,0.6,0.4805194805194805,0.675,0.5416666666666666,0.675,0.875,0.4666666666666667
1369,object,no,1,0.9090909090909091,0.8181818181818182,1.0,1.0,0.6,0.4,0.8,0.6,0.9090909090909091,0.675,0.7666666666666667,0.7666666666666667,0.875,0.5333333333333333
1370,object,no,1,1.0,1.0,0.09090909090909091,0.8181818181818182,1.0,1.0,0.4,0.4,0.4805194805194805,1.0,0.675,0.5,0.675,0.5333333333333333
1371,positional,no,1,0.7272727272727273,0.5636363636363636,1.0,1.0,1.0,1.0,0.2,0.6,0.7532467532467533,0.675,0.475,1.0,0.6,0.4666666666666667
1372,object,no,0,1.0,1.0,0.0,1.0,0.4,0.4,0.6,0.4,0.47619047619047616,0.675,0.7666666666666667,0.7666666666666667,0.675,0.4444444444444444
1373,attribute,no,1,0.6363636363636364,0.4909090909090909,1.0,1.0,1.0,1.0,0.4,0.4,0.6883116883116883,0.6,0.475,1.0,0.675,0.5333333333333333
1374,object,no,1,0.6363636363636364,0.4909090909090909,1.0,1.0,1.0,1.0,0.8,0.6,0.6883116883116883,0.6,0.5416666666666666,1.0,0.875,0.8
1376,counting,no,0,0.09090909090909091,0.8181818181818182,0.9090909090909091,0.8181818181818182,0.0,1.0,1.0,1.0,0.47619047619047616,0.875,0.5,0.5,0.875,0.4444444444444444
1378,object,no,0,1.0,1.0,0.0,1.0,1.0,1.0,0.0,1.0,0.47619047619047616,1.0,0.5416666666666666,0.5416666666666666,1.0,0.4444444444444444
1379,object,no,0,0.09090909090909091,0.8181818181818182,0.09090909090909091,0.8181818181818182,0.4,0.4,0.6,0.4,0.8268398268398268,0.675,0.6,0.675,0.6,0.4444444444444444
1380,sentiment,no,0,0.0,1.0,0.9090909090909091,0.8181818181818182,0.2,0.6,0.8,0.6,0.4805194805194805,0.875,0.6,0.5416666666666666,0.7666666666666667,0.4444444444444444
1381,counting,no,1,1.0,1.0,1.0,1.0,1.0,1.0,0.2,0.6,1.0,1.0,0.6,1.0,0.6,0.4666666666666667
1382,attribute,no,0,0.9090909090909091,0.8181818181818182,1.0,1.0,0.6,0.4,1.0,1.0,0.9090909090909091,0.675,0.875,0.7666666666666667,1.0,0.6444444444444445
1383,sentiment,no,0,1.0,1.0,0.09090909090909091,0.8181818181818182,1.0,1.0,0.6,0.4,0.4805194805194805,1.0,0.7666666666666667,0.5,0.6,0.6444444444444445
1384,object,no,0,0.7272727272727273,0.5636363636363636,0.9090909090909091,0.8181818181818182,0.6,0.4,1.0,1.0,0.6883116883116883,0.5416666666666666,0.675,0.675,0.875,0.6444444444444445
1386,sentiment,no,1,1.0,1.0,0.6363636363636364,0.4909090909090909,1.0,1.0,0.2,0.6,0.6883116883116883,1.0,0.6,0.6,0.4666666666666667,0.4666666666666667
1388,attribute,no,0,0.8181818181818182,0.6727272727272727,0.5454545454545454,0.45454545454545453,0.2,0.6,1.0,1.0,0.5454545454545454,0.5,0.7666666666666667,0.475,0.5416666666666666,0.4666666666666667
1389,object,no,1,1.0,1.0,1.0,1.0,1.0,1.0,0.2,0.6,1.0,1.0,0.6,1.0,0.6,0.4666666666666667
1390,object,no,1,0.9090909090909091,0.8181818181818182,0.8181818181818182,0.6727272727272727,0.6,0.4,0.8,0.6,0.7532467532467533,0.675,0.7666666666666667,0.6,0.675,0.5333333333333333
1391,attribute,no,0,0.6363636363636364,0.4909090909090909,1.0,1.0,0.8,0.6,1.0,1.0,0.6883116883116883,0.5416666666666666,0.6,0.875,1.0,0.8
1392,object,no,0,1.0,1.0,1.0,1.0,0.8,0.6,0.8,0.6,1.0,0.875,0.875,0.875,0.875,0.6444444444444445
1394,counting,no,1,1.0,1.0,1.0,1.0,1.0,1.0,0.2,0.6,1.0,1.0,0.6,1.0,0.6,0.4666666666666667
1395,positional,no,0,1.0,1.0,0.0,1.0,0.4,0.4,0.2,0.6,0.47619047619047616,0.675,0.6,0.7666666666666667,0.875,0.5333333333333333
1396,attribute,no,0,1.0,1.0,0.6363636363636364,0.4909090909090909,0.2,0.6,1.0,1.0,0.6883116883116883,0.6,1.0,0.4666666666666667,0.6,0.4666666666666667
1397,object,no,1,1.0,1.0,1.0,1.0,1.0,1.0,1.0,1.0,1.0,1.0,1.0,1.0,1.0,1.0
1398,sentiment,no,1,0.2727272727272727,0.5636363636363636,1.0,1.0,0.8,0.6,1.0,1.0,0.5151515151515151,0.475,0.4666666666666667,0.875,1.0,0.8
1399,positional,no,1,1.0,1.0,0.09090909090909091,0.8181818181818182,1.0,1.0,0.0,1.0,0.4805194805194805,1.0,0.5416666666666666,0.5,0.875,0.4444444444444444
1400,attribute,no,1,0.2727272727272727,0.5636363636363636,0.0,1.0,0.6,0.4,0.2,0.6,0.7532467532467533,0.5,0.6,0.675,0.875,0.4666666666666667
1401,object,no,1,1.0,1.0,1.0,1.0,1.0,1.0,0.6,0.4,1.0,1.0,0.7666666666666667,1.0,0.7666666666666667,0.6444444444444445
1402,attribute,no,0,1.0,1.0,1.0,1.0,1.0,1.0,1.0,1.0,1.0,1.0,1.0,1.0,1.0,1.0
1403,sentiment,no,1,0.9090909090909091,0.8181818181818182,1.0,1.0,1.0,1.0,1.0,1.0,0.9090909090909091,0.875,0.875,1.0,1.0,1.0
1404,attribute,no,0,1.0,1.0,0.0,1.0,0.2,0.6,0.4,0.4,0.47619047619047616,0.6,0.675,0.875,0.7666666666666667,0.5333333333333333
1405,positional,no,1,1.0,1.0,1.0,1.0,1.0,1.0,0.6,0.4,1.0,1.0,0.7666666666666667,1.0,0.7666666666666667,0.6444444444444445
1406,attribute,no,1,1.0,1.0,0.9090909090909091,0.8181818181818182,1.0,1.0,0.6,0.4,0.9090909090909091,1.0,0.7666666666666667,0.875,0.675,0.6444444444444445
1407,counting,no,1,0.9090909090909091,0.8181818181818182,1.0,1.0,1.0,1.0,0.4,0.4,0.9090909090909091,0.875,0.6,1.0,0.675,0.5333333333333333
1408,positional,no,1,1.0,1.0,1.0,1.0,1.0,1.0,1.0,1.0,1.0,1.0,1.0,1.0,1.0,1.0
1409,object,no,0,1.0,1.0,0.5454545454545454,0.45454545454545453,0.8,0.6,0.8,0.6,0.6320346320346321,0.875,0.875,0.5,0.5,0.6444444444444445
1410,sentiment,no,1,1.0,1.0,1.0,1.0,1.0,1.0,1.0,1.0,1.0,1.0,1.0,1.0,1.0,1.0
1411,attribute,no,1,0.7272727272727273,0.5636363636363636,0.2727272727272727,0.5636363636363636,1.0,1.0,0.8,0.6,0.47619047619047616,0.675,0.6,0.4666666666666667,0.475,0.8
1412,object,no,0,0.09090909090909091,0.8181818181818182,0.0,1.0,0.2,0.6,0.0,1.0,0.9090909090909091,0.7666666666666667,0.875,0.875,1.0,0.8
1413,object,no,1,1.0,1.0,0.5454545454545454,0.45454545454545453,1.0,1.0,0.0,1.0,0.6320346320346321,1.0,0.5416666666666666,0.5416666666666666,0.5,0.4444444444444444
1414,counting,no,1,0.18181818181818182,0.6727272727272727,1.0,1.0,0.4,0.4,0.8,0.6,0.4935064935064935,0.6,0.5,0.675,0.875,0.4666666666666667
1415,attribute,no,1,1.0,1.0,1.0,1.0,1.0,1.0,0.2,0.6,1.0,1.0,0.6,1.0,0.6,0.4666666666666667
1416,object,no,1,0.7272727272727273,0.5636363636363636,0.2727272727272727,0.5636363636363636,0.8,0.6,0.2,0.6,0.47619047619047616,0.6,0.475,0.475,0.6,0.4444444444444444
1417,object,no,1,0.9090909090909091,0.8181818181818182,1.0,1.0,1.0,1.0,0.8,0.6,0.9090909090909091,0.875,0.7666666666666667,1.0,0.875,0.8
1418,attribute,no,0,0.2727272727272727,0.5636363636363636,1.0,1.0,0.6,0.4,1.0,1.0,0.5151515151515151,0.5,0.4666666666666667,0.7666666666666667,1.0,0.6444444444444445
1419,positional,no,0,1.0,1.0,0.0,1.0,0.8,0.6,0.8,0.6,0.47619047619047616,0.875,0.875,0.6,0.6,0.6444444444444445
1420,counting,no,1,1.0,1.0,0.18181818181818182,0.6727272727272727,1.0,1.0,0.4,0.4,0.4935064935064935,1.0,0.675,0.475,0.6,0.5333333333333333
1421,positional,no,1,1.0,1.0,0.09090909090909091,0.8181818181818182,1.0,1.0,0.0,1.0,0.4805194805194805,1.0,0.5416666666666666,0.5,0.875,0.4444444444444444
1422,positional,no,1,1.0,1.0,1.0,1.0,1.0,1.0,0.2,0.6,1.0,1.0,0.6,1.0,0.6,0.4666666666666667
1423,object,no,1,1.0,1.0,1.0,1.0,1.0,1.0,0.6,0.4,1.0,1.0,0.7666666666666667,1.0,0.7666666666666667,0.6444444444444445
1424,attribute,no,1,1.0,1.0,0.0,1.0,1.0,1.0,0.0,1.0,0.47619047619047616,1.0,0.5416666666666666,0.5416666666666666,1.0,0.4444444444444444
1425,attribute,no,1,0.9090909090909091,0.8181818181818182,0.45454545454545453,0.45454545454545453,1.0,1.0,0.0,1.0,0.5454545454545454,0.875,0.5,0.5,0.5416666666666666,0.4444444444444444
1426,object,no,0,1.0,1.0,1.0,1.0,0.8,0.6,0.6,0.4,1.0,0.875,0.7666666666666667,0.875,0.7666666666666667,0.5333333333333333
1427,counting,no,1,0.0,1.0,1.0,1.0,0.0,1.0,1.0,1.0,0.47619047619047616,1.0,0.5416666666666666,0.5416666666666666,1.0,0.4444444444444444
1429,attribute,no,0,0.09090909090909091,0.8181818181818182,0.0,1.0,0.0,1.0,0.8,0.6,0.9090909090909091,0.875,0.5416666666666666,1.0,0.6,0.4666666666666667
1430,attribute,no,0,0.45454545454545453,0.45454545454545453,1.0,1.0,1.0,1.0,1.0,1.0,0.5844155844155844,0.5,0.5,1.0,1.0,1.0
1431,object,no,0,1.0,1.0,0.0,1.0,0.8,0.6,0.2,0.6,0.47619047619047616,0.875,0.6,0.6,0.875,0.4444444444444444
1432,object,no,0,0.2727272727272727,0.5636363636363636,0.0,1.0,0.4,0.4,0.4,0.4,0.7532467532467533,0.5416666666666666,0.5416666666666666,0.7666666666666667,0.7666666666666667,0.4666666666666667
1433,object,no,1,1.0,1.0,1.0,1.0,0.8,0.6,0.2,0.6,1.0,0.875,0.6,0.875,0.6,0.4444444444444444
1434,positional,no,1,1.0,1.0,0.8181818181818182,0.6727272727272727,1.0,1.0,0.4,0.4,0.8268398268398268,1.0,0.675,0.7666666666666667,0.5416666666666666,0.5333333333333333
1435,positional,no,1,1.0,1.0,0.45454545454545453,0.45454545454545453,1.0,1.0,0.0,1.0,0.5844155844155844,1.0,0.5416666666666666,0.5,0.5416666666666666,0.4444444444444444
1436,attribute,no,0,0.6363636363636364,0.4909090909090909,0.8181818181818182,0.6727272727272727,0.4,0.4,0.8,0.6,0.5844155844155844,0.475,0.5416666666666666,0.5416666666666666,0.675,0.4666666666666667
1437,object,no,1,1.0,1.0,1.0,1.0,1.0,1.0,1.0,1.0,1.0,1.0,1.0,1.0,1.0,1.0
1438,object,no,0,0.9090909090909091,0.8181818181818182,0.0,1.0,0.8,0.6,0.8,0.6,0.4805194805194805,0.7666666666666667,0.7666666666666667,0.6,0.6,0.6444444444444445
1439,object,no,0,1.0,1.0,0.0,1.0,1.0,1.0,0.0,1.0,0.47619047619047616,1.0,0.5416666666666666,0.5416666666666666,1.0,0.4444444444444444
1440,attribute,no,0,0.0,1.0,0.8181818181818182,0.6727272727272727,0.0,1.0,1.0,1.0,0.4935064935064935,1.0,0.5416666666666666,0.475,0.7666666666666667,0.4444444444444444
1441,positional,no,0,0.6363636363636364,0.4909090909090909,0.0,1.0,0.2,0.6,0.6,0.4,0.5454545454545454,0.4666666666666667,0.5,0.875,0.675,0.4666666666666667
1442,attribute,no,0,0.09090909090909091,0.8181818181818182,0.8181818181818182,0.6727272727272727,0.0,1.0,1.0,1.0,0.4805194805194805,0.875,0.5,0.475,0.7666666666666667,0.4444444444444444
1443,object,no,0,0.7272727272727273,0.5636363636363636,0.0,1.0,0.4,0.4,0.6,0.4,0.5151515151515151,0.5,0.5416666666666666,0.7666666666666667,0.675,0.4444444444444444
1444,attribute,no,0,0.0,1.0,0.6363636363636364,0.4909090909090909,0.0,1.0,1.0,1.0,0.5454545454545454,1.0,0.5416666666666666,0.475,0.6,0.4444444444444444
1445,positional,no,0,0.0,1.0,0.2727272727272727,0.5636363636363636,0.0,1.0,0.8,0.6,0.7532467532467533,1.0,0.6,0.675,0.475,0.4666666666666667
1446,object,no,1,1.0,1.0,0.18181818181818182,0.6727272727272727,1.0,1.0,0.0,1.0,0.4935064935064935,1.0,0.5416666666666666,0.475,0.7666666666666667,0.4444444444444444
1447,attribute,no,0,0.09090909090909091,0.8181818181818182,1.0,1.0,0.2,0.6,0.8,0.6,0.4805194805194805,0.7666666666666667,0.5416666666666666,0.6,0.875,0.4444444444444444
1448,positional,no,0,0.09090909090909091,0.8181818181818182,0.0,1.0,0.0,1.0,0.4,0.4,0.9090909090909091,0.875,0.675,1.0,0.7666666666666667,0.6444444444444445
1450,positional,no,1,0.9090909090909091,0.8181818181818182,1.0,1.0,1.0,1.0,0.6,0.4,0.9090909090909091,0.875,0.675,1.0,0.7666666666666667,0.6444444444444445
1451,counting,no,1,1.0,1.0,0.2727272727272727,0.5636363636363636,1.0,1.0,0.0,1.0,0.5151515151515151,1.0,0.5416666666666666,0.4666666666666667,0.675,0.4444444444444444
1452,positional,no,0,0.0,1.0,0.8181818181818182,0.6727272727272727,0.0,1.0,1.0,1.0,0.4935064935064935,1.0,0.5416666666666666,0.475,0.7666666666666667,0.4444444444444444
1453,attribute,no,1,1.0,1.0,0.0,1.0,1.0,1.0,0.0,1.0,0.47619047619047616,1.0,0.5416666666666666,0.5416666666666666,1.0,0.4444444444444444
1454,object,no,1,1.0,1.0,1.0,1.0,1.0,1.0,0.4,0.4,1.0,1.0,0.675,1.0,0.675,0.5333333333333333
1455,object,no,0,1.0,1.0,0.6363636363636364,0.4909090909090909,1.0,1.0,0.2,0.6,0.6883116883116883,1.0,0.6,0.6,0.4666666666666667,0.4666666666666667
1456,counting,no,1,0.9090909090909091,0.8181818181818182,1.0,1.0,1.0,1.0,0.2,0.6,0.9090909090909091,0.875,0.5416666666666666,1.0,0.6,0.4666666666666667
1457,object,no,0,1.0,1.0,1.0,1.0,1.0,1.0,0.8,0.6,1.0,1.0,0.875,1.0,0.875,0.8
1458,counting,no,1,1.0,1.0,0.2727272727272727,0.5636363636363636,1.0,1.0,0.4,0.4,0.5151515151515151,1.0,0.675,0.4666666666666667,0.5416666666666666,0.5333333333333333
1459,object,no,1,1.0,1.0,1.0,1.0,1.0,1.0,0.4,0.4,1.0,1.0,0.675,1.0,0.675,0.5333333333333333
1460,counting,no,1,1.0,1.0,1.0,1.0,1.0,1.0,0.6,0.4,1.0,1.0,0.7666666666666667,1.0,0.7666666666666667,0.6444444444444445
1461,object,no,0,0.09090909090909091,0.8181818181818182,0.8181818181818182,0.6727272727272727,0.0,1.0,1.0,1.0,0.4805194805194805,0.875,0.5,0.475,0.7666666666666667,0.4444444444444444
1462,object,no,0,1.0,1.0,0.0,1.0,0.6,0.4,0.2,0.6,0.47619047619047616,0.7666666666666667,0.6,0.675,0.875,0.4666666666666667
1463,object,no,0,0.5454545454545454,0.45454545454545453,0.0,1.0,0.4,0.4,0.2,0.6,0.5844155844155844,0.4666666666666667,0.475,0.7666666666666667,0.875,0.5333333333333333
1464,sentiment,no,1,1.0,1.0,0.9090909090909091,0.8181818181818182,1.0,1.0,0.6,0.4,0.9090909090909091,1.0,0.7666666666666667,0.875,0.675,0.6444444444444445
1465,positional,no,0,1.0,1.0,0.0,1.0,0.6,0.4,0.2,0.6,0.47619047619047616,0.7666666666666667,0.6,0.675,0.875,0.4666666666666667
1466,attribute,no,0,0.0,1.0,1.0,1.0,0.0,1.0,1.0,1.0,0.47619047619047616,1.0,0.5416666666666666,0.5416666666666666,1.0,0.4444444444444444
1467,attribute,no,0,1.0,1.0,1.0,1.0,1.0,1.0,1.0,1.0,1.0,1.0,1.0,1.0,1.0,1.0
1468,counting,no,1,1.0,1.0,1.0,1.0,1.0,1.0,0.6,0.4,1.0,1.0,0.7666666666666667,1.0,0.7666666666666667,0.6444444444444445
1469,sentiment,no,0,1.0,1.0,0.09090909090909091,0.8181818181818182,1.0,1.0,0.6,0.4,0.4805194805194805,1.0,0.7666666666666667,0.5,0.6,0.6444444444444445
1470,object,no,1,1.0,1.0,1.0,1.0,1.0,1.0,0.6,0.4,1.0,1.0,0.7666666666666667,1.0,0.7666666666666667,0.6444444444444445
1472,sentiment,no,0,0.09090909090909091,0.8181818181818182,0.9090909090909091,0.8181818181818182,0.2,0.6,1.0,1.0,0.47619047619047616,0.7666666666666667,0.5,0.5416666666666666,0.875,0.4666666666666667
1473,attribute,no,1,0.9090909090909091,0.8181818181818182,1.0,1.0,1.0,1.0,1.0,1.0,0.9090909090909091,0.875,0.875,1.0,1.0,1.0
1474,positional,no,1,1.0,1.0,1.0,1.0,1.0,1.0,0.6,0.4,1.0,1.0,0.7666666666666667,1.0,0.7666666666666667,0.6444444444444445
1475,object,no,1,1.0,1.0,0.0,1.0,1.0,1.0,0.0,1.0,0.47619047619047616,1.0,0.5416666666666666,0.5416666666666666,1.0,0.4444444444444444
1476,attribute,no,0,0.8181818181818182,0.6727272727272727,0.5454545454545454,0.45454545454545453,0.2,0.6,1.0,1.0,0.5454545454545454,0.5,0.7666666666666667,0.475,0.5416666666666666,0.4666666666666667
1477,object,no,0,0.0,1.0,0.9090909090909091,0.8181818181818182,0.0,1.0,1.0,1.0,0.4805194805194805,1.0,0.5416666666666666,0.5,0.875,0.4444444444444444
1478,attribute,no,1,1.0,1.0,0.45454545454545453,0.45454545454545453,1.0,1.0,0.2,0.6,0.5844155844155844,1.0,0.6,0.5,0.5,0.4666666666666667
1479,object,no,0,0.0,1.0,0.9090909090909091,0.8181818181818182,0.0,1.0,1.0,1.0,0.4805194805194805,1.0,0.5416666666666666,0.5,0.875,0.4444444444444444
1480,attribute,no,0,0.0,1.0,1.0,1.0,0.0,1.0,1.0,1.0,0.47619047619047616,1.0,0.5416666666666666,0.5416666666666666,1.0,0.4444444444444444
1481,counting,no,0,0.09090909090909091,0.8181818181818182,0.0,1.0,0.0,1.0,0.4,0.4,0.9090909090909091,0.875,0.675,1.0,0.7666666666666667,0.6444444444444445
1482,attribute,no,1,1.0,1.0,0.18181818181818182,0.6727272727272727,1.0,1.0,0.4,0.4,0.4935064935064935,1.0,0.675,0.475,0.6,0.5333333333333333
1483,attribute,no,0,0.2727272727272727,0.5636363636363636,0.0,1.0,0.0,1.0,0.4,0.4,0.7532467532467533,0.675,0.5416666666666666,1.0,0.7666666666666667,0.6444444444444445
1484,object,no,1,1.0,1.0,0.09090909090909091,0.8181818181818182,1.0,1.0,0.0,1.0,0.4805194805194805,1.0,0.5416666666666666,0.5,0.875,0.4444444444444444
1485,attribute,no,0,0.2727272727272727,0.5636363636363636,0.9090909090909091,0.8181818181818182,0.0,1.0,1.0,1.0,0.4935064935064935,0.675,0.4666666666666667,0.5,0.875,0.4444444444444444
1486,object,no,0,0.18181818181818182,0.6727272727272727,0.0,1.0,0.2,0.6,0.2,0.6,0.8268398268398268,0.675,0.675,0.875,0.875,0.6444444444444445
1487,positional,no,1,1.0,1.0,0.8181818181818182,0.6727272727272727,1.0,1.0,0.4,0.4,0.8268398268398268,1.0,0.675,0.7666666666666667,0.5416666666666666,0.5333333333333333
1488,object,no,1,1.0,1.0,1.0,1.0,1.0,1.0,0.6,0.4,1.0,1.0,0.7666666666666667,1.0,0.7666666666666667,0.6444444444444445
1489,sentiment,no,0,1.0,1.0,0.0,1.0,0.8,0.6,0.4,0.4,0.47619047619047616,0.875,0.675,0.6,0.7666666666666667,0.4666666666666667
1490,counting,no,1,0.7272727272727273,0.5636363636363636,1.0,1.0,1.0,1.0,0.6,0.4,0.7532467532467533,0.675,0.5416666666666666,1.0,0.7666666666666667,0.6444444444444445
1492,object,no,0,0.0,1.0,0.0,1.0,0.0,1.0,0.6,0.4,1.0,1.0,0.675,1.0,0.675,0.5333333333333333
1493,positional,no,1,0.5454545454545454,0.45454545454545453,1.0,1.0,1.0,1.0,1.0,1.0,0.6320346320346321,0.5416666666666666,0.5416666666666666,1.0,1.0,1.0
1495,counting,no,0,1.0,1.0,0.0,1.0,0.8,0.6,0.6,0.4,0.47619047619047616,0.875,0.7666666666666667,0.6,0.675,0.5333333333333333
1496,counting,no,1,0.6363636363636364,0.4909090909090909,1.0,1.0,1.0,1.0,0.8,0.6,0.6883116883116883,0.6,0.5416666666666666,1.0,0.875,0.8
1497,positional,no,1,1.0,1.0,0.18181818181818182,0.6727272727272727,1.0,1.0,0.0,1.0,0.4935064935064935,1.0,0.5416666666666666,0.475,0.7666666666666667,0.4444444444444444
1498,object,no,0,0.5454545454545454,0.45454545454545453,0.8181818181818182,0.6727272727272727,0.2,0.6,1.0,1.0,0.5454545454545454,0.475,0.5416666666666666,0.5,0.7666666666666667,0.4666666666666667
1499,attribute,no,0,0.0,1.0,1.0,1.0,0.0,1.0,1.0,1.0,0.47619047619047616,1.0,0.5416666666666666,0.5416666666666666,1.0,0.4444444444444444
1500,counting,no,1,0.8181818181818182,0.6727272727272727,0.36363636363636365,0.4909090909090909,1.0,1.0,0.0,1.0,0.4935064935064935,0.7666666666666667,0.475,0.475,0.6,0.4444444444444444
1501,object,no,1,1.0,1.0,1.0,1.0,0.8,0.6,1.0,1.0,1.0,0.875,1.0,0.875,1.0,0.8
1502,counting,no,1,1.0,1.0,0.09090909090909091,0.8181818181818182,1.0,1.0,0.0,1.0,0.4805194805194805,1.0,0.5416666666666666,0.5,0.875,0.4444444444444444
1503,positional,no,1,1.0,1.0,0.8181818181818182,0.6727272727272727,1.0,1.0,0.2,0.6,0.8268398268398268,1.0,0.6,0.7666666666666667,0.5,0.4666666666666667
1504,attribute,no,1,1.0,1.0,0.09090909090909091,0.8181818181818182,0.8,0.6,0.0,1.0,0.4805194805194805,0.875,0.5416666666666666,0.5416666666666666,0.875,0.4666666666666667
1505,object,no,1,1.0,1.0,1.0,1.0,1.0,1.0,0.8,0.6,1.0,1.0,0.875,1.0,0.875,0.8
1506,attribute,no,0,0.0,1.0,1.0,1.0,0.0,1.0,1.0,1.0,0.47619047619047616,1.0,0.5416666666666666,0.5416666666666666,1.0,0.4444444444444444
1507,attribute,no,0,1.0,1.0,0.09090909090909091,0.8181818181818182,0.6,0.4,0.8,0.6,0.4805194805194805,0.7666666666666667,0.875,0.6,0.5416666666666666,0.5333333333333333
1508,object,no,0,1.0,1.0,0.0,1.0,0.8,0.6,0.6,0.4,0.47619047619047616,0.875,0.7666666666666667,0.6,0.675,0.5333333333333333
1510,object,no,1,0.8181818181818182,0.6727272727272727,1.0,1.0,1.0,1.0,1.0,1.0,0.8268398268398268,0.7666666666666667,0.7666666666666667,1.0,1.0,1.0
1511,attribute,no,1,1.0,1.0,0.9090909090909091,0.8181818181818182,1.0,1.0,0.2,0.6,0.9090909090909091,1.0,0.6,0.875,0.5416666666666666,0.4666666666666667
1512,attribute,no,0,0.36363636363636365,0.4909090909090909,0.0,1.0,0.0,1.0,0.4,0.4,0.6883116883116883,0.6,0.5,1.0,0.7666666666666667,0.6444444444444445
1513,object,no,0,0.36363636363636365,0.4909090909090909,0.0,1.0,0.4,0.4,0.6,0.4,0.6883116883116883,0.5,0.475,0.7666666666666667,0.675,0.4444444444444444
1514,object,no,0,1.0,1.0,0.0,1.0,0.4,0.4,0.6,0.4,0.47619047619047616,0.675,0.7666666666666667,0.7666666666666667,0.675,0.4444444444444444
1515,attribute,no,0,0.0,1.0,0.9090909090909091,0.8181818181818182,0.0,1.0,1.0,1.0,0.4805194805194805,1.0,0.5416666666666666,0.5,0.875,0.4444444444444444
1516,object,no,0,1.0,1.0,0.0,1.0,1.0,1.0,0.0,1.0,0.47619047619047616,1.0,0.5416666666666666,0.5416666666666666,1.0,0.4444444444444444
1517,object,no,0,0.45454545454545453,0.45454545454545453,1.0,1.0,0.2,0.6,1.0,1.0,0.5844155844155844,0.5,0.5,0.6,1.0,0.4666666666666667
1518,object,no,0,0.0,1.0,1.0,1.0,0.2,0.6,0.8,0.6,0.47619047619047616,0.875,0.6,0.6,0.875,0.4444444444444444
1519,counting,no,1,1.0,1.0,0.09090909090909091,0.8181818181818182,1.0,1.0,0.0,1.0,0.4805194805194805,1.0,0.5416666666666666,0.5,0.875,0.4444444444444444
1520,object,no,0,1.0,1.0,0.09090909090909091,0.8181818181818182,0.4,0.4,0.8,0.6,0.4805194805194805,0.675,0.875,0.675,0.5416666666666666,0.4666666666666667
1521,positional,no,1,1.0,1.0,0.6363636363636364,0.4909090909090909,1.0,1.0,0.6,0.4,0.6883116883116883,1.0,0.7666666666666667,0.6,0.5,0.6444444444444445
1522,counting,no,1,1.0,1.0,1.0,1.0,1.0,1.0,0.8,0.6,1.0,1.0,0.875,1.0,0.875,0.8
1523,counting,no,1,1.0,1.0,0.18181818181818182,0.6727272727272727,1.0,1.0,0.2,0.6,0.4935064935064935,1.0,0.6,0.475,0.675,0.4666666666666667
1525,object,no,0,0.9090909090909091,0.8181818181818182,0.6363636363636364,0.4909090909090909,0.2,0.6,1.0,1.0,0.6320346320346321,0.5416666666666666,0.875,0.4666666666666667,0.6,0.4666666666666667
1526,positional,no,1,1.0,1.0,1.0,1.0,1.0,1.0,0.8,0.6,1.0,1.0,0.875,1.0,0.875,0.8
1527,object,no,1,1.0,1.0,0.09090909090909091,0.8181818181818182,1.0,1.0,0.2,0.6,0.4805194805194805,1.0,0.6,0.5,0.7666666666666667,0.4666666666666667
1528,counting,no,1,1.0,1.0,1.0,1.0,1.0,1.0,0.4,0.4,1.0,1.0,0.675,1.0,0.675,0.5333333333333333
1529,object,no,1,1.0,1.0,0.18181818181818182,0.6727272727272727,1.0,1.0,0.0,1.0,0.4935064935064935,1.0,0.5416666666666666,0.475,0.7666666666666667,0.4444444444444444
1530,attribute,no,1,0.8181818181818182,0.6727272727272727,0.0,1.0,1.0,1.0,0.0,1.0,0.4935064935064935,0.7666666666666667,0.475,0.5416666666666666,1.0,0.4444444444444444
1531,counting,no,1,0.9090909090909091,0.8181818181818182,1.0,1.0,1.0,1.0,0.2,0.6,0.9090909090909091,0.875,0.5416666666666666,1.0,0.6,0.4666666666666667
1532,object,no,1,0.5454545454545454,0.45454545454545453,1.0,1.0,1.0,1.0,0.4,0.4,0.6320346320346321,0.5416666666666666,0.4666666666666667,1.0,0.675,0.5333333333333333
1533,counting,no,1,1.0,1.0,0.36363636363636365,0.4909090909090909,1.0,1.0,0.0,1.0,0.5454545454545454,1.0,0.5416666666666666,0.475,0.6,0.4444444444444444
1534,positional,no,1,1.0,1.0,1.0,1.0,1.0,1.0,0.6,0.4,1.0,1.0,0.7666666666666667,1.0,0.7666666666666667,0.6444444444444445
1535,counting,no,1,1.0,1.0,1.0,1.0,1.0,1.0,0.8,0.6,1.0,1.0,0.875,1.0,0.875,0.8
1536,attribute,no,1,1.0,1.0,0.36363636363636365,0.4909090909090909,1.0,1.0,0.0,1.0,0.5454545454545454,1.0,0.5416666666666666,0.475,0.6,0.4444444444444444
1537,sentiment,no,0,0.0,1.0,0.0,1.0,0.0,1.0,0.4,0.4,1.0,1.0,0.7666666666666667,1.0,0.7666666666666667,0.6444444444444445
1538,object,no,1,0.9090909090909091,0.8181818181818182,0.7272727272727273,0.5636363636363636,1.0,1.0,0.2,0.6,0.6883116883116883,0.875,0.5416666666666666,0.675,0.475,0.4666666666666667
1539,object,no,0,1.0,1.0,0.7272727272727273,0.5636363636363636,0.8,0.6,1.0,1.0,0.7532467532467533,0.875,1.0,0.6,0.675,0.8
1540,attribute,no,0,0.36363636363636365,0.4909090909090909,1.0,1.0,0.4,0.4,1.0,1.0,0.5454545454545454,0.5,0.475,0.675,1.0,0.5333333333333333
1542,counting,no,1,1.0,1.0,0.2727272727272727,0.5636363636363636,1.0,1.0,0.0,1.0,0.5151515151515151,1.0,0.5416666666666666,0.4666666666666667,0.675,0.4444444444444444
1543,counting,no,1,1.0,1.0,1.0,1.0,1.0,1.0,0.6,0.4,1.0,1.0,0.7666666666666667,1.0,0.7666666666666667,0.6444444444444445
1544,object,no,0,1.0,1.0,0.9090909090909091,0.8181818181818182,1.0,1.0,0.8,0.6,0.9090909090909091,1.0,0.875,0.875,0.7666666666666667,0.8
1545,attribute,no,0,1.0,1.0,0.6363636363636364,0.4909090909090909,0.8,0.6,1.0,1.0,0.6883116883116883,0.875,1.0,0.5416666666666666,0.6,0.8
1546,counting,no,1,1.0,1.0,0.09090909090909091,0.8181818181818182,1.0,1.0,0.0,1.0,0.4805194805194805,1.0,0.5416666666666666,0.5,0.875,0.4444444444444444
1547,object,no,0,0.8181818181818182,0.6727272727272727,0.0,1.0,0.8,0.6,0.6,0.4,0.4935064935064935,0.675,0.6,0.6,0.675,0.5333333333333333
1548,attribute,no,1,0.2727272727272727,0.5636363636363636,0.0,1.0,0.8,0.6,0.2,0.6,0.7532467532467533,0.475,0.6,0.6,0.875,0.4444444444444444
1549,positional,no,1,1.0,1.0,0.5454545454545454,0.45454545454545453,1.0,1.0,0.6,0.4,0.6320346320346321,1.0,0.7666666666666667,0.5416666666666666,0.475,0.6444444444444445
1550,counting,no,1,1.0,1.0,0.36363636363636365,0.4909090909090909,1.0,1.0,0.4,0.4,0.5454545454545454,1.0,0.675,0.475,0.5,0.5333333333333333
1551,attribute,no,0,1.0,1.0,0.5454545454545454,0.45454545454545453,0.6,0.4,0.4,0.4,0.6320346320346321,0.7666666666666667,0.675,0.475,0.4666666666666667,0.4444444444444444
1552,object,no,1,1.0,1.0,1.0,1.0,1.0,1.0,1.0,1.0,1.0,1.0,1.0,1.0,1.0,1.0
1553,counting,no,1,1.0,1.0,1.0,1.0,1.0,1.0,0.4,0.4,1.0,1.0,0.675,1.0,0.675,0.5333333333333333
1554,object,no,0,0.18181818181818182,0.6727272727272727,0.9090909090909091,0.8181818181818182,0.4,0.4,0.8,0.6,0.4805194805194805,0.6,0.5,0.6,0.7666666666666667,0.4666666666666667
1555,attribute,no,0,1.0,1.0,0.6363636363636364,0.4909090909090909,0.4,0.4,0.6,0.4,0.6883116883116883,0.675,0.7666666666666667,0.475,0.5,0.4444444444444444
1557,object,no,0,1.0,1.0,0.6363636363636364,0.4909090909090909,0.8,0.6,1.0,1.0,0.6883116883116883,0.875,1.0,0.5416666666666666,0.6,0.8
1558,object,no,1,1.0,1.0,1.0,1.0,1.0,1.0,0.6,0.4,1.0,1.0,0.7666666666666667,1.0,0.7666666666666667,0.6444444444444445
1559,positional,no,1,1.0,1.0,1.0,1.0,1.0,1.0,0.8,0.6,1.0,1.0,0.875,1.0,0.875,0.8
1560,object,no,0,0.7272727272727273,0.5636363636363636,0.0,1.0,0.4,0.4,0.0,1.0,0.5151515151515151,0.5,0.4666666666666667,0.7666666666666667,1.0,0.6444444444444445
1561,object,no,1,1.0,1.0,1.0,1.0,1.0,1.0,0.4,0.4,1.0,1.0,0.675,1.0,0.675,0.5333333333333333
1564,sentiment,no,0,0.09090909090909091,0.8181818181818182,0.0,1.0,0.2,0.6,0.0,1.0,0.9090909090909091,0.7666666666666667,0.875,0.875,1.0,0.8
1565,object,no,1,1.0,1.0,1.0,1.0,1.0,1.0,1.0,1.0,1.0,1.0,1.0,1.0,1.0,1.0
1566,sentiment,no,0,1.0,1.0,0.6363636363636364,0.4909090909090909,1.0,1.0,0.8,0.6,0.6883116883116883,1.0,0.875,0.6,0.5416666666666666,0.8
1567,object,no,1,1.0,1.0,0.09090909090909091,0.8181818181818182,1.0,1.0,0.4,0.4,0.4805194805194805,1.0,0.675,0.5,0.675,0.5333333333333333
1568,attribute,no,1,0.7272727272727273,0.5636363636363636,0.9090909090909091,0.8181818181818182,1.0,1.0,0.4,0.4,0.6883116883116883,0.675,0.5,0.875,0.6,0.5333333333333333
1569,object,no,0,1.0,1.0,0.0,1.0,1.0,1.0,0.4,0.4,0.47619047619047616,1.0,0.675,0.5416666666666666,0.7666666666666667,0.5333333333333333
1570,attribute,no,0,0.0,1.0,0.18181818181818182,0.6727272727272727,0.0,1.0,0.8,0.6,0.8268398268398268,1.0,0.6,0.7666666666666667,0.5,0.4666666666666667
1571,attribute,no,0,1.0,1.0,0.9090909090909091,0.8181818181818182,0.4,0.4,1.0,1.0,0.9090909090909091,0.675,1.0,0.6,0.875,0.5333333333333333
1572,counting,no,1,1.0,1.0,1.0,1.0,1.0,1.0,0.8,0.6,1.0,1.0,0.875,1.0,0.875,0.8
1573,object,no,0,0.2727272727272727,0.5636363636363636,0.0,1.0,0.4,0.4,0.6,0.4,0.7532467532467533,0.5416666666666666,0.5,0.7666666666666667,0.675,0.4444444444444444
1574,attribute,no,1,1.0,1.0,1.0,1.0,1.0,1.0,0.8,0.6,1.0,1.0,0.875,1.0,0.875,0.8
1575,positional,no,1,1.0,1.0,1.0,1.0,1.0,1.0,0.4,0.4,1.0,1.0,0.675,1.0,0.675,0.5333333333333333
1577,object,no,0,1.0,1.0,0.0,1.0,0.8,0.6,0.6,0.4,0.47619047619047616,0.875,0.7666666666666667,0.6,0.675,0.5333333333333333
1578,object,no,1,1.0,1.0,0.9090909090909091,0.8181818181818182,1.0,1.0,0.2,0.6,0.9090909090909091,1.0,0.6,0.875,0.5416666666666666,0.4666666666666667
1579,positional,no,1,1.0,1.0,0.36363636363636365,0.4909090909090909,1.0,1.0,0.0,1.0,0.5454545454545454,1.0,0.5416666666666666,0.475,0.6,0.4444444444444444
1580,object,no,0,0.8181818181818182,0.6727272727272727,0.8181818181818182,0.6727272727272727,0.6,0.4,0.6,0.4,0.6883116883116883,0.6,0.6,0.6,0.6,0.4666666666666667
1582,counting,no,1,0.8181818181818182,0.6727272727272727,0.45454545454545453,0.45454545454545453,1.0,1.0,0.0,1.0,0.5151515151515151,0.7666666666666667,0.475,0.5,0.5416666666666666,0.4444444444444444
1583,object,no,0,0.09090909090909091,0.8181818181818182,1.0,1.0,0.4,0.4,0.6,0.4,0.4805194805194805,0.675,0.6,0.675,0.7666666666666667,0.4444444444444444
1584,attribute,no,0,0.2727272727272727,0.5636363636363636,0.9090909090909091,0.8181818181818182,0.0,1.0,1.0,1.0,0.4935064935064935,0.675,0.4666666666666667,0.5,0.875,0.4444444444444444
1585,attribute,no,1,1.0,1.0,1.0,1.0,1.0,1.0,0.2,0.6,1.0,1.0,0.6,1.0,0.6,0.4666666666666667
1586,object,no,0,1.0,1.0,0.9090909090909091,0.8181818181818182,0.4,0.4,1.0,1.0,0.9090909090909091,0.675,1.0,0.6,0.875,0.5333333333333333
1587,object,no,0,0.0,1.0,0.0,1.0,0.0,1.0,0.8,0.6,1.0,1.0,0.6,1.0,0.6,0.4666666666666667
1588,attribute,no,0,0.9090909090909091,0.8181818181818182,0.9090909090909091,0.8181818181818182,0.2,0.6,1.0,1.0,0.8268398268398268,0.5416666666666666,0.875,0.5416666666666666,0.875,0.4666666666666667
1589,counting,no,1,1.0,1.0,1.0,1.0,1.0,1.0,0.6,0.4,1.0,1.0,0.7666666666666667,1.0,0.7666666666666667,0.6444444444444445
1590,object,no,0,0.18181818181818182,0.6727272727272727,0.36363636363636365,0.4909090909090909,0.0,1.0,1.0,1.0,0.5844155844155844,0.7666666666666667,0.475,0.6,0.475,0.4444444444444444
1591,object,no,0,0.0,1.0,1.0,1.0,0.0,1.0,1.0,1.0,0.47619047619047616,1.0,0.5416666666666666,0.5416666666666666,1.0,0.4444444444444444
1592,object,no,0,1.0,1.0,0.9090909090909091,0.8181818181818182,0.8,0.6,1.0,1.0,0.9090909090909091,0.875,1.0,0.7666666666666667,0.875,0.8
1593,object,no,0,1.0,1.0,0.2727272727272727,0.5636363636363636,1.0,1.0,0.6,0.4,0.5151515151515151,1.0,0.7666666666666667,0.4666666666666667,0.5,0.6444444444444445
1594,object,no,0,1.0,1.0,0.0,1.0,0.8,0.6,0.8,0.6,0.47619047619047616,0.875,0.875,0.6,0.6,0.6444444444444445
1595,object,no,0,1.0,1.0,0.2727272727272727,0.5636363636363636,0.8,0.6,0.0,1.0,0.5151515151515151,0.875,0.5416666666666666,0.475,0.675,0.4666666666666667
1596,attribute,no,0,0.6363636363636364,0.4909090909090909,0.9090909090909091,0.8181818181818182,0.2,0.6,1.0,1.0,0.6320346320346321,0.4666666666666667,0.6,0.5416666666666666,0.875,0.4666666666666667
1597,object,no,0,1.0,1.0,0.45454545454545453,0.45454545454545453,0.6,0.4,0.8,0.6,0.5844155844155844,0.7666666666666667,0.875,0.4666666666666667,0.475,0.5333333333333333
1598,object,no,1,1.0,1.0,0.2727272727272727,0.5636363636363636,1.0,1.0,0.0,1.0,0.5151515151515151,1.0,0.5416666666666666,0.4666666666666667,0.675,0.4444444444444444
1599,counting,no,0,0.36363636363636365,0.4909090909090909,0.7272727272727273,0.5636363636363636,0.0,1.0,1.0,1.0,0.4805194805194805,0.6,0.475,0.4666666666666667,0.675,0.4444444444444444
1600,object,no,1,1.0,1.0,1.0,1.0,1.0,1.0,0.2,0.6,1.0,1.0,0.6,1.0,0.6,0.4666666666666667
1601,object,no,1,0.8181818181818182,0.6727272727272727,1.0,1.0,1.0,1.0,0.8,0.6,0.8268398268398268,0.7666666666666667,0.675,1.0,0.875,0.8
1602,attribute,no,0,0.8181818181818182,0.6727272727272727,0.8181818181818182,0.6727272727272727,0.8,0.6,1.0,1.0,0.6883116883116883,0.675,0.7666666666666667,0.675,0.7666666666666667,0.8
1603,object,no,1,0.9090909090909091,0.8181818181818182,0.8181818181818182,0.6727272727272727,1.0,1.0,0.6,0.4,0.7532467532467533,0.875,0.675,0.7666666666666667,0.6,0.6444444444444445
1604,object,no,1,0.9090909090909091,0.8181818181818182,0.09090909090909091,0.8181818181818182,1.0,1.0,0.0,1.0,0.47619047619047616,0.875,0.5,0.5,0.875,0.4444444444444444
1605,attribute,no,1,0.45454545454545453,0.45454545454545453,1.0,1.0,1.0,1.0,0.2,0.6,0.5844155844155844,0.5,0.5,1.0,0.6,0.4666666666666667
1606,object,no,0,0.09090909090909091,0.8181818181818182,1.0,1.0,0.2,0.6,1.0,1.0,0.4805194805194805,0.7666666666666667,0.5,0.6,1.0,0.4666666666666667
1607,attribute,no,0,0.18181818181818182,0.6727272727272727,0.7272727272727273,0.5636363636363636,0.0,1.0,1.0,1.0,0.4805194805194805,0.7666666666666667,0.475,0.4666666666666667,0.675,0.4444444444444444
1608,object,no,0,1.0,1.0,0.9090909090909091,0.8181818181818182,0.4,0.4,0.8,0.6,0.9090909090909091,0.675,0.875,0.6,0.7666666666666667,0.4666666666666667
1609,object,no,1,1.0,1.0,1.0,1.0,1.0,1.0,1.0,1.0,1.0,1.0,1.0,1.0,1.0,1.0
1610,attribute,no,1,0.7272727272727273,0.5636363636363636,0.0,1.0,1.0,1.0,0.2,0.6,0.5151515151515151,0.675,0.475,0.5416666666666666,0.875,0.4666666666666667
1611,attribute,no,0,0.0,1.0,1.0,1.0,0.0,1.0,1.0,1.0,0.47619047619047616,1.0,0.5416666666666666,0.5416666666666666,1.0,0.4444444444444444
1612,counting,no,1,1.0,1.0,1.0,1.0,1.0,1.0,0.4,0.4,1.0,1.0,0.675,1.0,0.675,0.5333333333333333
1613,attribute,no,0,0.0,1.0,1.0,1.0,0.0,1.0,1.0,1.0,0.47619047619047616,1.0,0.5416666666666666,0.5416666666666666,1.0,0.4444444444444444
1614,positional,no,0,1.0,1.0,0.0,1.0,0.2,0.6,0.6,0.4,0.47619047619047616,0.6,0.7666666666666667,0.875,0.675,0.4666666666666667
1615,attribute,no,1,1.0,1.0,0.09090909090909091,0.8181818181818182,1.0,1.0,0.0,1.0,0.4805194805194805,1.0,0.5416666666666666,0.5,0.875,0.4444444444444444
1616,sentiment,no,1,0.0,1.0,1.0,1.0,0.4,0.4,1.0,1.0,0.47619047619047616,0.7666666666666667,0.5416666666666666,0.675,1.0,0.5333333333333333
1617,attribute,no,0,0.0,1.0,0.0,1.0,0.0,1.0,0.6,0.4,1.0,1.0,0.675,1.0,0.675,0.5333333333333333
1618,counting,no,1,1.0,1.0,1.0,1.0,1.0,1.0,0.4,0.4,1.0,1.0,0.675,1.0,0.675,0.5333333333333333
1619,object,no,0,1.0,1.0,0.0,1.0,1.0,1.0,0.2,0.6,0.47619047619047616,1.0,0.6,0.5416666666666666,0.875,0.4666666666666667
1620,positional,no,1,1.0,1.0,0.09090909090909091,0.8181818181818182,1.0,1.0,0.0,1.0,0.4805194805194805,1.0,0.5416666666666666,0.5,0.875,0.4444444444444444
1621,attribute,no,1,1.0,1.0,0.36363636363636365,0.4909090909090909,1.0,1.0,0.2,0.6,0.5454545454545454,1.0,0.6,0.475,0.5416666666666666,0.4666666666666667
1622,object,no,1,1.0,1.0,1.0,1.0,1.0,1.0,1.0,1.0,1.0,1.0,1.0,1.0,1.0,1.0
1623,object,no,0,0.7272727272727273,0.5636363636363636,0.0,1.0,0.4,0.4,0.0,1.0,0.5151515151515151,0.5,0.4666666666666667,0.7666666666666667,1.0,0.6444444444444445
1624,attribute,no,0,0.2727272727272727,0.5636363636363636,0.7272727272727273,0.5636363636363636,0.0,1.0,0.8,0.6,0.47619047619047616,0.675,0.475,0.4666666666666667,0.6,0.4666666666666667
1625,object,no,1,1.0,1.0,1.0,1.0,1.0,1.0,1.0,1.0,1.0,1.0,1.0,1.0,1.0,1.0
1626,positional,no,1,1.0,1.0,0.9090909090909091,0.8181818181818182,1.0,1.0,0.2,0.6,0.9090909090909091,1.0,0.6,0.875,0.5416666666666666,0.4666666666666667
1627,attribute,no,0,0.09090909090909091,0.8181818181818182,0.2727272727272727,0.5636363636363636,0.0,1.0,0.8,0.6,0.6883116883116883,0.875,0.5416666666666666,0.675,0.475,0.4666666666666667
1628,counting,no,1,1.0,1.0,1.0,1.0,1.0,1.0,0.4,0.4,1.0,1.0,0.675,1.0,0.675,0.5333333333333333
1629,object,no,0,0.2727272727272727,0.5636363636363636,0.9090909090909091,0.8181818181818182,0.2,0.6,1.0,1.0,0.4935064935064935,0.6,0.4666666666666667,0.5416666666666666,0.875,0.4666666666666667
1630,attribute,no,0,0.09090909090909091,0.8181818181818182,1.0,1.0,0.6,0.4,1.0,1.0,0.4805194805194805,0.6,0.5,0.7666666666666667,1.0,0.6444444444444445
1631,object,no,1,0.2727272727272727,0.5636363636363636,1.0,1.0,0.6,0.4,0.8,0.6,0.5151515151515151,0.5,0.475,0.7666666666666667,0.875,0.5333333333333333
1632,object,no,1,1.0,1.0,1.0,1.0,0.8,0.6,0.6,0.4,1.0,0.875,0.7666666666666667,0.875,0.7666666666666667,0.5333333333333333
1633,attribute,no,0,0.7272727272727273,0.5636363636363636,0.0,1.0,0.2,0.6,0.2,0.6,0.5151515151515151,0.475,0.475,0.875,0.875,0.6444444444444445
1634,object,no,0,0.7272727272727273,0.5636363636363636,0.9090909090909091,0.8181818181818182,0.6,0.4,0.8,0.6,0.6883116883116883,0.5416666666666666,0.6,0.675,0.7666666666666667,0.5333333333333333
1635,attribute,no,0,0.6363636363636364,0.4909090909090909,0.2727272727272727,0.5636363636363636,0.2,0.6,0.6,0.4,0.4805194805194805,0.4666666666666667,0.5,0.6,0.5,0.4666666666666667
1636,attribute,no,1,1.0,1.0,0.5454545454545454,0.45454545454545453,1.0,1.0,0.2,0.6,0.6320346320346321,1.0,0.6,0.5416666666666666,0.475,0.4666666666666667
1637,attribute,no,1,0.7272727272727273,0.5636363636363636,0.0,1.0,1.0,1.0,0.0,1.0,0.5151515151515151,0.675,0.4666666666666667,0.5416666666666666,1.0,0.4444444444444444
1638,object,no,0,0.09090909090909091,0.8181818181818182,0.9090909090909091,0.8181818181818182,0.6,0.4,0.6,0.4,0.47619047619047616,0.6,0.6,0.675,0.675,0.4666666666666667
1639,positional,no,0,0.9090909090909091,0.8181818181818182,1.0,1.0,0.2,0.6,1.0,1.0,0.9090909090909091,0.5416666666666666,0.875,0.6,1.0,0.4666666666666667
1640,counting,no,1,1.0,1.0,1.0,1.0,1.0,1.0,0.2,0.6,1.0,1.0,0.6,1.0,0.6,0.4666666666666667
1641,object,no,0,0.0,1.0,1.0,1.0,0.0,1.0,0.8,0.6,0.47619047619047616,1.0,0.6,0.5416666666666666,0.875,0.4666666666666667
1642,object,no,0,1.0,1.0,0.0,1.0,1.0,1.0,0.0,1.0,0.47619047619047616,1.0,0.5416666666666666,0.5416666666666666,1.0,0.4444444444444444
1643,attribute,no,1,0.9090909090909091,0.8181818181818182,0.0,1.0,1.0,1.0,0.0,1.0,0.4805194805194805,0.875,0.5,0.5416666666666666,1.0,0.4444444444444444
1644,counting,no,1,1.0,1.0,1.0,1.0,1.0,1.0,0.4,0.4,1.0,1.0,0.675,1.0,0.675,0.5333333333333333
1646,attribute,no,1,1.0,1.0,1.0,1.0,1.0,1.0,0.8,0.6,1.0,1.0,0.875,1.0,0.875,0.8
1647,positional,no,0,1.0,1.0,0.09090909090909091,0.8181818181818182,0.8,0.6,1.0,1.0,0.4805194805194805,0.875,1.0,0.5416666666666666,0.5,0.8
1648,attribute,no,0,1.0,1.0,0.0,1.0,0.8,0.6,0.6,0.4,0.47619047619047616,0.875,0.7666666666666667,0.6,0.675,0.5333333333333333
1649,positional,no,0,0.09090909090909091,0.8181818181818182,0.36363636363636365,0.4909090909090909,0.0,1.0,0.8,0.6,0.6320346320346321,0.875,0.5416666666666666,0.6,0.4666666666666667,0.4666666666666667
1650,object,no,1,1.0,1.0,0.0,1.0,1.0,1.0,0.0,1.0,0.47619047619047616,1.0,0.5416666666666666,0.5416666666666666,1.0,0.4444444444444444
1651,object,no,1,1.0,1.0,1.0,1.0,1.0,1.0,0.8,0.6,1.0,1.0,0.875,1.0,0.875,0.8
1652,object,no,1,1.0,1.0,1.0,1.0,1.0,1.0,0.8,0.6,1.0,1.0,0.875,1.0,0.875,0.8
1653,attribute,no,0,1.0,1.0,0.0,1.0,0.6,0.4,0.0,1.0,0.47619047619047616,0.7666666666666667,0.5416666666666666,0.675,1.0,0.5333333333333333
1654,positional,no,0,1.0,1.0,0.0,1.0,0.4,0.4,0.2,0.6,0.47619047619047616,0.675,0.6,0.7666666666666667,0.875,0.5333333333333333
1655,counting,no,1,0.9090909090909091,0.8181818181818182,1.0,1.0,1.0,1.0,0.6,0.4,0.9090909090909091,0.875,0.675,1.0,0.7666666666666667,0.6444444444444445
1656,positional,no,0,1.0,1.0,0.6363636363636364,0.4909090909090909,0.2,0.6,1.0,1.0,0.6883116883116883,0.6,1.0,0.4666666666666667,0.6,0.4666666666666667
1657,attribute,no,0,0.0,1.0,0.9090909090909091,0.8181818181818182,0.0,1.0,1.0,1.0,0.4805194805194805,1.0,0.5416666666666666,0.5,0.875,0.4444444444444444
1658,counting,no,1,0.7272727272727273,0.5636363636363636,1.0,1.0,1.0,1.0,0.4,0.4,0.7532467532467533,0.675,0.5,1.0,0.675,0.5333333333333333
1659,sentiment,no,1,0.9090909090909091,0.8181818181818182,1.0,1.0,1.0,1.0,1.0,1.0,0.9090909090909091,0.875,0.875,1.0,1.0,1.0
1660,positional,no,0,0.2727272727272727,0.5636363636363636,0.0,1.0,0.0,1.0,0.6,0.4,0.7532467532467533,0.675,0.5,1.0,0.675,0.5333333333333333
1662,object,no,1,1.0,1.0,0.0,1.0,1.0,1.0,0.0,1.0,0.47619047619047616,1.0,0.5416666666666666,0.5416666666666666,1.0,0.4444444444444444
1663,sentiment,no,1,1.0,1.0,1.0,1.0,1.0,1.0,0.4,0.4,1.0,1.0,0.675,1.0,0.675,0.5333333333333333
1664,attribute,no,0,0.09090909090909091,0.8181818181818182,1.0,1.0,0.2,0.6,1.0,1.0,0.4805194805194805,0.7666666666666667,0.5,0.6,1.0,0.4666666666666667
1665,object,no,0,0.9090909090909091,0.8181818181818182,0.0,1.0,1.0,1.0,0.4,0.4,0.4805194805194805,0.875,0.6,0.5416666666666666,0.7666666666666667,0.5333333333333333
1666,object,no,1,1.0,1.0,1.0,1.0,0.8,0.6,1.0,1.0,1.0,0.875,1.0,0.875,1.0,0.8
1667,counting,no,1,0.9090909090909091,0.8181818181818182,1.0,1.0,1.0,1.0,0.8,0.6,0.9090909090909091,0.875,0.7666666666666667,1.0,0.875,0.8
1669,attribute,no,1,1.0,1.0,0.45454545454545453,0.45454545454545453,1.0,1.0,0.2,0.6,0.5844155844155844,1.0,0.6,0.5,0.5,0.4666666666666667
1670,object,no,0,0.09090909090909091,0.8181818181818182,0.0,1.0,0.0,1.0,0.2,0.6,0.9090909090909091,0.875,0.7666666666666667,1.0,0.875,0.8
1671,object,no,0,0.9090909090909091,0.8181818181818182,0.0,1.0,0.8,0.6,0.2,0.6,0.4805194805194805,0.7666666666666667,0.5416666666666666,0.6,0.875,0.4444444444444444
1673,attribute,no,0,0.0,1.0,0.45454545454545453,0.45454545454545453,0.0,1.0,0.2,0.6,0.6320346320346321,1.0,0.875,0.5416666666666666,0.5,0.8
1674,counting,no,1,1.0,1.0,1.0,1.0,1.0,1.0,0.4,0.4,1.0,1.0,0.675,1.0,0.675,0.5333333333333333
1675,attribute,no,0,0.0,1.0,0.09090909090909091,0.8181818181818182,0.0,1.0,0.6,0.4,0.9090909090909091,1.0,0.675,0.875,0.6,0.5333333333333333
1676,sentiment,no,0,0.0,1.0,1.0,1.0,0.0,1.0,1.0,1.0,0.47619047619047616,1.0,0.5416666666666666,0.5416666666666666,1.0,0.4444444444444444
1677,object,no,1,1.0,1.0,0.45454545454545453,0.45454545454545453,1.0,1.0,0.2,0.6,0.5844155844155844,1.0,0.6,0.5,0.5,0.4666666666666667
1678,sentiment,no,0,0.8181818181818182,0.6727272727272727,0.0,1.0,0.8,0.6,0.4,0.4,0.4935064935064935,0.675,0.5416666666666666,0.6,0.7666666666666667,0.4666666666666667
1680,positional,no,1,1.0,1.0,0.09090909090909091,0.8181818181818182,1.0,1.0,0.0,1.0,0.4805194805194805,1.0,0.5416666666666666,0.5,0.875,0.4444444444444444
1681,sentiment,no,0,1.0,1.0,0.0,1.0,0.8,0.6,0.0,1.0,0.47619047619047616,0.875,0.5416666666666666,0.6,1.0,0.4666666666666667
1682,attribute,no,0,0.0,1.0,0.9090909090909091,0.8181818181818182,0.2,0.6,1.0,1.0,0.4805194805194805,0.875,0.5416666666666666,0.5416666666666666,0.875,0.4666666666666667
1683,counting,no,1,1.0,1.0,1.0,1.0,1.0,1.0,0.4,0.4,1.0,1.0,0.675,1.0,0.675,0.5333333333333333
1684,object,no,0,1.0,1.0,0.0,1.0,0.8,0.6,0.8,0.6,0.47619047619047616,0.875,0.875,0.6,0.6,0.6444444444444445
1685,counting,no,1,1.0,1.0,0.9090909090909091,0.8181818181818182,1.0,1.0,0.4,0.4,0.9090909090909091,1.0,0.675,0.875,0.6,0.5333333333333333
1686,object,no,1,1.0,1.0,1.0,1.0,1.0,1.0,1.0,1.0,1.0,1.0,1.0,1.0,1.0,1.0
1687,positional,no,0,1.0,1.0,0.0,1.0,0.4,0.4,0.2,0.6,0.47619047619047616,0.675,0.6,0.7666666666666667,0.875,0.5333333333333333
1688,attribute,no,0,1.0,1.0,0.36363636363636365,0.4909090909090909,0.2,0.6,0.8,0.6,0.5454545454545454,0.6,0.875,0.5416666666666666,0.4666666666666667,0.4444444444444444
1690,attribute,no,1,0.2727272727272727,0.5636363636363636,1.0,1.0,1.0,1.0,0.2,0.6,0.5151515151515151,0.4666666666666667,0.6,1.0,0.6,0.4666666666666667
1691,object,no,1,0.7272727272727273,0.5636363636363636,1.0,1.0,1.0,1.0,0.4,0.4,0.7532467532467533,0.675,0.5,1.0,0.675,0.5333333333333333
1692,counting,no,0,0.0,1.0,0.36363636363636365,0.4909090909090909,0.4,0.4,0.6,0.4,0.6883116883116883,0.7666666666666667,0.675,0.5,0.475,0.4444444444444444
1694,object,no,1,1.0,1.0,0.45454545454545453,0.45454545454545453,1.0,1.0,1.0,1.0,0.5844155844155844,1.0,1.0,0.5,0.5,1.0
1695,positional,no,0,1.0,1.0,0.36363636363636365,0.4909090909090909,0.2,0.6,0.8,0.6,0.5454545454545454,0.6,0.875,0.5416666666666666,0.4666666666666667,0.4444444444444444
1696,sentiment,no,1,1.0,1.0,1.0,1.0,1.0,1.0,1.0,1.0,1.0,1.0,1.0,1.0,1.0,1.0
1697,positional,no,0,0.0,1.0,0.7272727272727273,0.5636363636363636,0.0,1.0,1.0,1.0,0.5151515151515151,1.0,0.5416666666666666,0.4666666666666667,0.675,0.4444444444444444
1698,attribute,no,1,1.0,1.0,0.2727272727272727,0.5636363636363636,1.0,1.0,0.0,1.0,0.5151515151515151,1.0,0.5416666666666666,0.4666666666666667,0.675,0.4444444444444444
1699,positional,no,0,0.9090909090909091,0.8181818181818182,0.7272727272727273,0.5636363636363636,0.2,0.6,1.0,1.0,0.6883116883116883,0.5416666666666666,0.875,0.475,0.675,0.4666666666666667
1700,sentiment,no,1,0.8181818181818182,0.6727272727272727,1.0,1.0,1.0,1.0,0.6,0.4,0.8268398268398268,0.7666666666666667,0.6,1.0,0.7666666666666667,0.6444444444444445
1701,attribute,no,0,0.36363636363636365,0.4909090909090909,1.0,1.0,0.0,1.0,1.0,1.0,0.5454545454545454,0.6,0.475,0.5416666666666666,1.0,0.4444444444444444
1702,object,no,0,1.0,1.0,0.8181818181818182,0.6727272727272727,1.0,1.0,0.8,0.6,0.8268398268398268,1.0,0.875,0.7666666666666667,0.675,0.8
1703,counting,no,1,1.0,1.0,1.0,1.0,1.0,1.0,1.0,1.0,1.0,1.0,1.0,1.0,1.0,1.0
1704,attribute,no,1,0.9090909090909091,0.8181818181818182,1.0,1.0,1.0,1.0,0.8,0.6,0.9090909090909091,0.875,0.7666666666666667,1.0,0.875,0.8
1705,object,no,0,1.0,1.0,0.2727272727272727,0.5636363636363636,0.8,0.6,1.0,1.0,0.5151515151515151,0.875,1.0,0.475,0.4666666666666667,0.8
1706,sentiment,no,0,0.36363636363636365,0.4909090909090909,0.0,1.0,0.0,1.0,0.2,0.6,0.6883116883116883,0.6,0.5416666666666666,1.0,0.875,0.8
1707,positional,no,1,1.0,1.0,1.0,1.0,1.0,1.0,0.2,0.6,1.0,1.0,0.6,1.0,0.6,0.4666666666666667
1708,attribute,no,1,1.0,1.0,0.09090909090909091,0.8181818181818182,1.0,1.0,0.0,1.0,0.4805194805194805,1.0,0.5416666666666666,0.5,0.875,0.4444444444444444
1709,counting,no,1,1.0,1.0,0.09090909090909091,0.8181818181818182,1.0,1.0,0.0,1.0,0.4805194805194805,1.0,0.5416666666666666,0.5,0.875,0.4444444444444444
1710,attribute,no,0,0.2727272727272727,0.5636363636363636,1.0,1.0,0.6,0.4,1.0,1.0,0.5151515151515151,0.5,0.4666666666666667,0.7666666666666667,1.0,0.6444444444444445
1714,attribute,no,0,0.0,1.0,0.7272727272727273,0.5636363636363636,0.0,1.0,1.0,1.0,0.5151515151515151,1.0,0.5416666666666666,0.4666666666666667,0.675,0.4444444444444444
1715,object,no,1,1.0,1.0,0.0,1.0,1.0,1.0,0.0,1.0,0.47619047619047616,1.0,0.5416666666666666,0.5416666666666666,1.0,0.4444444444444444
1716,sentiment,no,1,1.0,1.0,1.0,1.0,1.0,1.0,1.0,1.0,1.0,1.0,1.0,1.0,1.0,1.0
1717,positional,no,0,1.0,1.0,0.0,1.0,0.2,0.6,0.8,0.6,0.47619047619047616,0.6,0.875,0.875,0.6,0.4444444444444444
1718,attribute,no,1,1.0,1.0,1.0,1.0,1.0,1.0,0.4,0.4,1.0,1.0,0.675,1.0,0.675,0.5333333333333333
1719,counting,no,1,1.0,1.0,0.2727272727272727,0.5636363636363636,0.8,0.6,0.4,0.4,0.5151515151515151,0.875,0.675,0.475,0.5416666666666666,0.4666666666666667
1720,object,no,0,0.9090909090909091,0.8181818181818182,0.0,1.0,1.0,1.0,0.0,1.0,0.4805194805194805,0.875,0.5,0.5416666666666666,1.0,0.4444444444444444
1721,attribute,no,1,1.0,1.0,0.09090909090909091,0.8181818181818182,1.0,1.0,0.0,1.0,0.4805194805194805,1.0,0.5416666666666666,0.5,0.875,0.4444444444444444
1723,object,no,1,1.0,1.0,0.09090909090909091,0.8181818181818182,1.0,1.0,0.0,1.0,0.4805194805194805,1.0,0.5416666666666666,0.5,0.875,0.4444444444444444
1724,attribute,no,0,1.0,1.0,0.18181818181818182,0.6727272727272727,0.4,0.4,0.8,0.6,0.4935064935064935,0.675,0.875,0.6,0.5,0.4666666666666667
1725,object,no,0,0.0,1.0,0.9090909090909091,0.8181818181818182,0.0,1.0,1.0,1.0,0.4805194805194805,1.0,0.5416666666666666,0.5,0.875,0.4444444444444444
1726,attribute,no,0,0.0,1.0,1.0,1.0,0.2,0.6,1.0,1.0,0.47619047619047616,0.875,0.5416666666666666,0.6,1.0,0.4666666666666667
1727,sentiment,no,1,1.0,1.0,1.0,1.0,1.0,1.0,0.4,0.4,1.0,1.0,0.675,1.0,0.675,0.5333333333333333
1729,counting,no,1,1.0,1.0,0.09090909090909091,0.8181818181818182,1.0,1.0,0.2,0.6,0.4805194805194805,1.0,0.6,0.5,0.7666666666666667,0.4666666666666667
1730,positional,no,1,1.0,1.0,0.5454545454545454,0.45454545454545453,1.0,1.0,0.0,1.0,0.6320346320346321,1.0,0.5416666666666666,0.5416666666666666,0.5,0.4444444444444444
1731,positional,no,1,1.0,1.0,0.0,1.0,1.0,1.0,0.0,1.0,0.47619047619047616,1.0,0.5416666666666666,0.5416666666666666,1.0,0.4444444444444444
1732,counting,no,1,1.0,1.0,0.9090909090909091,0.8181818181818182,1.0,1.0,0.2,0.6,0.9090909090909091,1.0,0.6,0.875,0.5416666666666666,0.4666666666666667
1734,object,no,0,1.0,1.0,0.0,1.0,0.6,0.4,0.6,0.4,0.47619047619047616,0.7666666666666667,0.7666666666666667,0.675,0.675,0.4666666666666667
1735,attribute,no,0,0.2727272727272727,0.5636363636363636,0.8181818181818182,0.6727272727272727,0.0,1.0,1.0,1.0,0.4805194805194805,0.675,0.4666666666666667,0.475,0.7666666666666667,0.4444444444444444
1736,object,no,0,1.0,1.0,1.0,1.0,0.8,0.6,0.6,0.4,1.0,0.875,0.7666666666666667,0.875,0.7666666666666667,0.5333333333333333
1737,attribute,no,1,0.8181818181818182,0.6727272727272727,0.0,1.0,1.0,1.0,0.0,1.0,0.4935064935064935,0.7666666666666667,0.475,0.5416666666666666,1.0,0.4444444444444444
1738,attribute,no,0,0.5454545454545454,0.45454545454545453,1.0,1.0,0.2,0.6,1.0,1.0,0.6320346320346321,0.475,0.5416666666666666,0.6,1.0,0.4666666666666667
1740,object,no,1,1.0,1.0,0.5454545454545454,0.45454545454545453,0.8,0.6,0.0,1.0,0.6320346320346321,0.875,0.5416666666666666,0.5,0.5,0.4666666666666667
1741,attribute,no,0,0.7272727272727273,0.5636363636363636,1.0,1.0,0.2,0.6,1.0,1.0,0.7532467532467533,0.475,0.675,0.6,1.0,0.4666666666666667
1742,attribute,no,0,1.0,1.0,0.8181818181818182,0.6727272727272727,1.0,1.0,1.0,1.0,0.8268398268398268,1.0,1.0,0.7666666666666667,0.7666666666666667,1.0
1743,attribute,no,0,0.5454545454545454,0.45454545454545453,0.0,1.0,0.4,0.4,0.0,1.0,0.5844155844155844,0.4666666666666667,0.5,0.7666666666666667,1.0,0.6444444444444445
1744,attribute,no,0,0.0,1.0,0.2727272727272727,0.5636363636363636,0.0,1.0,1.0,1.0,0.7532467532467533,1.0,0.5416666666666666,0.675,0.4666666666666667,0.4444444444444444
1745,object,no,0,0.36363636363636365,0.4909090909090909,0.6363636363636364,0.4909090909090909,0.4,0.4,1.0,1.0,0.47619047619047616,0.5,0.475,0.475,0.6,0.5333333333333333
1746,object,no,1,0.2727272727272727,0.5636363636363636,1.0,1.0,0.8,0.6,1.0,1.0,0.5151515151515151,0.475,0.4666666666666667,0.875,1.0,0.8
1747,sentiment,no,0,1.0,1.0,0.6363636363636364,0.4909090909090909,0.6,0.4,0.6,0.4,0.6883116883116883,0.7666666666666667,0.7666666666666667,0.5,0.5,0.4666666666666667
1748,object,no,1,1.0,1.0,0.0,1.0,1.0,1.0,0.0,1.0,0.47619047619047616,1.0,0.5416666666666666,0.5416666666666666,1.0,0.4444444444444444
1749,positional,no,0,1.0,1.0,0.0,1.0,0.4,0.4,0.4,0.4,0.47619047619047616,0.675,0.675,0.7666666666666667,0.7666666666666667,0.4666666666666667
1751,attribute,no,0,0.18181818181818182,0.6727272727272727,0.9090909090909091,0.8181818181818182,0.0,1.0,1.0,1.0,0.4805194805194805,0.7666666666666667,0.475,0.5,0.875,0.4444444444444444
1752,object,no,0,1.0,1.0,0.6363636363636364,0.4909090909090909,0.8,0.6,0.8,0.6,0.6883116883116883,0.875,0.875,0.5416666666666666,0.5416666666666666,0.6444444444444445
1753,attribute,no,0,0.2727272727272727,0.5636363636363636,0.0,1.0,0.0,1.0,0.4,0.4,0.7532467532467533,0.675,0.5416666666666666,1.0,0.7666666666666667,0.6444444444444445
1754,object,no,1,1.0,1.0,0.18181818181818182,0.6727272727272727,1.0,1.0,0.0,1.0,0.4935064935064935,1.0,0.5416666666666666,0.475,0.7666666666666667,0.4444444444444444
1755,object,no,1,1.0,1.0,0.0,1.0,1.0,1.0,0.2,0.6,0.47619047619047616,1.0,0.6,0.5416666666666666,0.875,0.4666666666666667
1756,attribute,no,1,1.0,1.0,1.0,1.0,1.0,1.0,1.0,1.0,1.0,1.0,1.0,1.0,1.0,1.0
1757,sentiment,no,0,0.45454545454545453,0.45454545454545453,0.0,1.0,0.6,0.4,0.2,0.6,0.6320346320346321,0.4666666666666667,0.5,0.675,0.875,0.4666666666666667
1758,object,no,0,0.2727272727272727,0.5636363636363636,0.36363636363636365,0.4909090909090909,0.2,0.6,1.0,1.0,0.5454545454545454,0.6,0.4666666666666667,0.5416666666666666,0.475,0.4666666666666667
1759,object,no,0,0.8181818181818182,0.6727272727272727,0.0,1.0,0.6,0.4,0.0,1.0,0.4935064935064935,0.6,0.475,0.675,1.0,0.5333333333333333
1760,object,no,0,1.0,1.0,0.0,1.0,1.0,1.0,0.4,0.4,0.47619047619047616,1.0,0.675,0.5416666666666666,0.7666666666666667,0.5333333333333333
1761,attribute,no,1,1.0,1.0,0.0,1.0,1.0,1.0,0.0,1.0,0.47619047619047616,1.0,0.5416666666666666,0.5416666666666666,1.0,0.4444444444444444
1762,positional,no,1,0.9090909090909091,0.8181818181818182,0.36363636363636365,0.4909090909090909,1.0,1.0,0.0,1.0,0.5151515151515151,0.875,0.5,0.475,0.6,0.4444444444444444
1763,object,no,0,1.0,1.0,0.0,1.0,0.8,0.6,0.4,0.4,0.47619047619047616,0.875,0.675,0.6,0.7666666666666667,0.4666666666666667
1764,positional,no,1,1.0,1.0,0.09090909090909091,0.8181818181818182,1.0,1.0,0.0,1.0,0.4805194805194805,1.0,0.5416666666666666,0.5,0.875,0.4444444444444444
1765,object,no,0,1.0,1.0,0.0,1.0,1.0,1.0,0.0,1.0,0.47619047619047616,1.0,0.5416666666666666,0.5416666666666666,1.0,0.4444444444444444
1766,attribute,no,0,0.0,1.0,0.36363636363636365,0.4909090909090909,0.0,1.0,0.2,0.6,0.6883116883116883,1.0,0.875,0.6,0.5416666666666666,0.8
1767,attribute,no,1,0.0,1.0,0.0,1.0,0.6,0.4,0.0,1.0,1.0,0.675,1.0,0.675,1.0,0.5333333333333333
1768,sentiment,no,1,1.0,1.0,1.0,1.0,1.0,1.0,0.8,0.6,1.0,1.0,0.875,1.0,0.875,0.8
1769,object,no,1,0.5454545454545454,0.45454545454545453,1.0,1.0,0.8,0.6,0.4,0.4,0.6320346320346321,0.5,0.4666666666666667,0.875,0.675,0.4666666666666667
1771,positional,no,0,0.0,1.0,0.9090909090909091,0.8181818181818182,0.0,1.0,0.8,0.6,0.4805194805194805,1.0,0.6,0.5,0.7666666666666667,0.4666666666666667
1772,attribute,no,1,0.45454545454545453,0.45454545454545453,0.09090909090909091,0.8181818181818182,1.0,1.0,0.0,1.0,0.5844155844155844,0.5,0.5416666666666666,0.5,0.875,0.4444444444444444
1774,positional,no,1,1.0,1.0,0.45454545454545453,0.45454545454545453,1.0,1.0,0.0,1.0,0.5844155844155844,1.0,0.5416666666666666,0.5,0.5416666666666666,0.4444444444444444
1775,counting,no,1,0.36363636363636365,0.4909090909090909,1.0,1.0,0.0,1.0,1.0,1.0,0.5454545454545454,0.6,0.475,0.5416666666666666,1.0,0.4444444444444444
1776,object,no,0,0.8181818181818182,0.6727272727272727,0.7272727272727273,0.5636363636363636,0.6,0.4,1.0,1.0,0.6320346320346321,0.6,0.7666666666666667,0.5416666666666666,0.675,0.6444444444444445
1777,object,no,0,0.9090909090909091,0.8181818181818182,0.8181818181818182,0.6727272727272727,0.4,0.4,0.8,0.6,0.7532467532467533,0.6,0.7666666666666667,0.5416666666666666,0.675,0.4666666666666667
1778,attribute,no,0,1.0,1.0,0.9090909090909091,0.8181818181818182,0.8,0.6,1.0,1.0,0.9090909090909091,0.875,1.0,0.7666666666666667,0.875,0.8
1779,counting,no,1,1.0,1.0,0.09090909090909091,0.8181818181818182,1.0,1.0,0.2,0.6,0.4805194805194805,1.0,0.6,0.5,0.7666666666666667,0.4666666666666667
1780,attribute,no,1,1.0,1.0,0.09090909090909091,0.8181818181818182,1.0,1.0,0.0,1.0,0.4805194805194805,1.0,0.5416666666666666,0.5,0.875,0.4444444444444444
1781,counting,no,0,1.0,1.0,0.09090909090909091,0.8181818181818182,1.0,1.0,0.6,0.4,0.4805194805194805,1.0,0.7666666666666667,0.5,0.6,0.6444444444444445
1782,positional,no,1,1.0,1.0,0.18181818181818182,0.6727272727272727,1.0,1.0,0.0,1.0,0.4935064935064935,1.0,0.5416666666666666,0.475,0.7666666666666667,0.4444444444444444
1783,positional,no,1,1.0,1.0,0.45454545454545453,0.45454545454545453,1.0,1.0,0.0,1.0,0.5844155844155844,1.0,0.5416666666666666,0.5,0.5416666666666666,0.4444444444444444
1785,attribute,no,0,0.0,1.0,0.2727272727272727,0.5636363636363636,0.0,1.0,0.6,0.4,0.7532467532467533,1.0,0.675,0.675,0.5,0.5333333333333333
1786,attribute,no,1,1.0,1.0,1.0,1.0,1.0,1.0,0.8,0.6,1.0,1.0,0.875,1.0,0.875,0.8
1788,positional,no,1,1.0,1.0,1.0,1.0,1.0,1.0,0.2,0.6,1.0,1.0,0.6,1.0,0.6,0.4666666666666667
1789,attribute,no,0,0.6363636363636364,0.4909090909090909,0.9090909090909091,0.8181818181818182,0.0,1.0,1.0,1.0,0.6320346320346321,0.475,0.6,0.5,0.875,0.4444444444444444
1790,positional,no,1,1.0,1.0,0.9090909090909091,0.8181818181818182,1.0,1.0,0.4,0.4,0.9090909090909091,1.0,0.675,0.875,0.6,0.5333333333333333
1791,counting,no,1,1.0,1.0,0.18181818181818182,0.6727272727272727,1.0,1.0,0.2,0.6,0.4935064935064935,1.0,0.6,0.475,0.675,0.4666666666666667
1793,attribute,no,0,0.7272727272727273,0.5636363636363636,0.45454545454545453,0.45454545454545453,0.4,0.4,1.0,1.0,0.4935064935064935,0.5,0.675,0.475,0.5,0.5333333333333333
1794,attribute,no,1,1.0,1.0,1.0,1.0,1.0,1.0,1.0,1.0,1.0,1.0,1.0,1.0,1.0,1.0
1795,object,no,1,1.0,1.0,1.0,1.0,1.0,1.0,1.0,1.0,1.0,1.0,1.0,1.0,1.0,1.0
1796,attribute,no,1,0.0,1.0,1.0,1.0,0.4,0.4,0.8,0.6,0.47619047619047616,0.7666666666666667,0.6,0.675,0.875,0.4666666666666667
1797,object,no,0,0.8181818181818182,0.6727272727272727,0.0,1.0,0.2,0.6,0.0,1.0,0.4935064935064935,0.5,0.475,0.875,1.0,0.8
1798,attribute,no,0,0.6363636363636364,0.4909090909090909,1.0,1.0,0.2,0.6,1.0,1.0,0.6883116883116883,0.4666666666666667,0.6,0.6,1.0,0.4666666666666667
1799,attribute,no,0,0.0,1.0,1.0,1.0,0.0,1.0,1.0,1.0,0.47619047619047616,1.0,0.5416666666666666,0.5416666666666666,1.0,0.4444444444444444
1800,object,no,0,0.9090909090909091,0.8181818181818182,0.0,1.0,1.0,1.0,0.4,0.4,0.4805194805194805,0.875,0.6,0.5416666666666666,0.7666666666666667,0.5333333333333333
1801,object,no,0,1.0,1.0,0.0,1.0,0.4,0.4,0.0,1.0,0.47619047619047616,0.675,0.5416666666666666,0.7666666666666667,1.0,0.6444444444444445
1802,sentiment,no,1,1.0,1.0,1.0,1.0,1.0,1.0,0.6,0.4,1.0,1.0,0.7666666666666667,1.0,0.7666666666666667,0.6444444444444445
1803,object,no,0,0.45454545454545453,0.45454545454545453,0.0,1.0,0.2,0.6,0.8,0.6,0.6320346320346321,0.5,0.475,0.875,0.6,0.4444444444444444
1804,attribute,no,1,1.0,1.0,0.18181818181818182,0.6727272727272727,1.0,1.0,0.2,0.6,0.4935064935064935,1.0,0.6,0.475,0.675,0.4666666666666667
1805,attribute,no,0,0.0,1.0,0.9090909090909091,0.8181818181818182,0.0,1.0,1.0,1.0,0.4805194805194805,1.0,0.5416666666666666,0.5,0.875,0.4444444444444444
1806,sentiment,no,0,0.18181818181818182,0.6727272727272727,0.5454545454545454,0.45454545454545453,0.2,0.6,0.8,0.6,0.5151515151515151,0.675,0.5,0.475,0.5,0.4444444444444444
1808,sentiment,no,0,1.0,1.0,0.0,1.0,1.0,1.0,0.2,0.6,0.47619047619047616,1.0,0.6,0.5416666666666666,0.875,0.4666666666666667
1809,counting,no,1,1.0,1.0,1.0,1.0,1.0,1.0,0.6,0.4,1.0,1.0,0.7666666666666667,1.0,0.7666666666666667,0.6444444444444445
1810,object,no,0,1.0,1.0,0.0,1.0,1.0,1.0,0.4,0.4,0.47619047619047616,1.0,0.675,0.5416666666666666,0.7666666666666667,0.5333333333333333
1811,object,no,1,0.9090909090909091,0.8181818181818182,0.0,1.0,1.0,1.0,0.2,0.6,0.4805194805194805,0.875,0.5416666666666666,0.5416666666666666,0.875,0.4666666666666667
1812,object,no,0,0.36363636363636365,0.4909090909090909,0.0,1.0,0.6,0.4,0.4,0.4,0.6883116883116883,0.475,0.5,0.675,0.7666666666666667,0.4444444444444444
1813,object,no,1,1.0,1.0,1.0,1.0,1.0,1.0,0.6,0.4,1.0,1.0,0.7666666666666667,1.0,0.7666666666666667,0.6444444444444445
1814,positional,no,0,1.0,1.0,0.0,1.0,0.8,0.6,0.0,1.0,0.47619047619047616,0.875,0.5416666666666666,0.6,1.0,0.4666666666666667
1815,object,no,1,0.6363636363636364,0.4909090909090909,1.0,1.0,1.0,1.0,0.8,0.6,0.6883116883116883,0.6,0.5416666666666666,1.0,0.875,0.8
1816,object,no,0,1.0,1.0,0.0,1.0,1.0,1.0,0.8,0.6,0.47619047619047616,1.0,0.875,0.5416666666666666,0.6,0.8
1817,attribute,no,1,0.0,1.0,1.0,1.0,0.4,0.4,1.0,1.0,0.47619047619047616,0.7666666666666667,0.5416666666666666,0.675,1.0,0.5333333333333333
1818,positional,no,1,1.0,1.0,1.0,1.0,1.0,1.0,0.4,0.4,1.0,1.0,0.675,1.0,0.675,0.5333333333333333
1819,attribute,no,1,1.0,1.0,1.0,1.0,1.0,1.0,0.4,0.4,1.0,1.0,0.675,1.0,0.675,0.5333333333333333
1820,sentiment,no,1,1.0,1.0,0.0,1.0,1.0,1.0,0.0,1.0,0.47619047619047616,1.0,0.5416666666666666,0.5416666666666666,1.0,0.4444444444444444
1821,sentiment,no,0,1.0,1.0,1.0,1.0,0.6,0.4,1.0,1.0,1.0,0.7666666666666667,1.0,0.7666666666666667,1.0,0.6444444444444445
1824,object,no,0,1.0,1.0,0.0,1.0,0.4,0.4,0.4,0.4,0.47619047619047616,0.675,0.675,0.7666666666666667,0.7666666666666667,0.4666666666666667
1825,object,no,0,1.0,1.0,0.0,1.0,0.8,0.6,0.2,0.6,0.47619047619047616,0.875,0.6,0.6,0.875,0.4444444444444444
1826,object,no,0,0.2727272727272727,0.5636363636363636,0.0,1.0,0.2,0.6,0.0,1.0,0.7532467532467533,0.6,0.675,0.875,1.0,0.8
1828,positional,no,1,1.0,1.0,0.2727272727272727,0.5636363636363636,1.0,1.0,0.0,1.0,0.5151515151515151,1.0,0.5416666666666666,0.4666666666666667,0.675,0.4444444444444444
1829,object,no,0,0.0,1.0,0.36363636363636365,0.4909090909090909,0.2,0.6,0.6,0.4,0.6883116883116883,0.875,0.675,0.5416666666666666,0.475,0.4666666666666667
1830,object,no,0,0.9090909090909091,0.8181818181818182,0.18181818181818182,0.6727272727272727,0.6,0.4,0.4,0.4,0.4805194805194805,0.675,0.6,0.5416666666666666,0.6,0.4444444444444444
1832,positional,no,0,1.0,1.0,0.8181818181818182,0.6727272727272727,0.8,0.6,0.8,0.6,0.8268398268398268,0.875,0.875,0.675,0.675,0.6444444444444445
1833,object,no,0,0.09090909090909091,0.8181818181818182,0.0,1.0,0.2,0.6,0.2,0.6,0.9090909090909091,0.7666666666666667,0.7666666666666667,0.875,0.875,0.6444444444444445
1834,object,no,0,1.0,1.0,0.8181818181818182,0.6727272727272727,0.2,0.6,1.0,1.0,0.8268398268398268,0.6,1.0,0.5,0.7666666666666667,0.4666666666666667
1835,sentiment,no,0,0.7272727272727273,0.5636363636363636,1.0,1.0,0.8,0.6,1.0,1.0,0.7532467532467533,0.6,0.675,0.875,1.0,0.8
1836,positional,no,1,1.0,1.0,1.0,1.0,1.0,1.0,0.2,0.6,1.0,1.0,0.6,1.0,0.6,0.4666666666666667
1837,attribute,no,0,0.0,1.0,1.0,1.0,0.2,0.6,1.0,1.0,0.47619047619047616,0.875,0.5416666666666666,0.6,1.0,0.4666666666666667
1838,object,no,0,0.45454545454545453,0.45454545454545453,0.0,1.0,0.6,0.4,0.4,0.4,0.6320346320346321,0.4666666666666667,0.475,0.675,0.7666666666666667,0.4444444444444444
1839,counting,no,1,1.0,1.0,0.09090909090909091,0.8181818181818182,1.0,1.0,0.2,0.6,0.4805194805194805,1.0,0.6,0.5,0.7666666666666667,0.4666666666666667
1840,counting,no,1,0.6363636363636364,0.4909090909090909,1.0,1.0,1.0,1.0,0.6,0.4,0.6883116883116883,0.6,0.5,1.0,0.7666666666666667,0.6444444444444445
1841,object,no,0,0.0,1.0,0.0,1.0,0.2,0.6,0.4,0.4,1.0,0.875,0.7666666666666667,0.875,0.7666666666666667,0.5333333333333333
1842,attribute,no,0,0.9090909090909091,0.8181818181818182,1.0,1.0,0.4,0.4,1.0,1.0,0.9090909090909091,0.6,0.875,0.675,1.0,0.5333333333333333
1843,attribute,no,0,0.09090909090909091,0.8181818181818182,1.0,1.0,0.0,1.0,1.0,1.0,0.4805194805194805,0.875,0.5,0.5416666666666666,1.0,0.4444444444444444
1844,sentiment,no,1,0.0,1.0,0.0,1.0,0.8,0.6,0.0,1.0,1.0,0.6,1.0,0.6,1.0,0.4666666666666667
1845,object,no,0,0.7272727272727273,0.5636363636363636,1.0,1.0,0.8,0.6,1.0,1.0,0.7532467532467533,0.6,0.675,0.875,1.0,0.8
1846,object,no,0,1.0,1.0,0.5454545454545454,0.45454545454545453,1.0,1.0,0.8,0.6,0.6320346320346321,1.0,0.875,0.5416666666666666,0.5,0.8
1847,positional,no,1,1.0,1.0,0.5454545454545454,0.45454545454545453,1.0,1.0,0.0,1.0,0.6320346320346321,1.0,0.5416666666666666,0.5416666666666666,0.5,0.4444444444444444
1848,attribute,no,0,0.36363636363636365,0.4909090909090909,1.0,1.0,0.0,1.0,1.0,1.0,0.5454545454545454,0.6,0.475,0.5416666666666666,1.0,0.4444444444444444
1849,object,no,1,1.0,1.0,0.5454545454545454,0.45454545454545453,1.0,1.0,0.0,1.0,0.6320346320346321,1.0,0.5416666666666666,0.5416666666666666,0.5,0.4444444444444444
1850,attribute,no,1,0.6363636363636364,0.4909090909090909,0.8181818181818182,0.6727272727272727,1.0,1.0,0.2,0.6,0.5844155844155844,0.6,0.4666666666666667,0.7666666666666667,0.5,0.4666666666666667
1851,attribute,no,1,1.0,1.0,0.5454545454545454,0.45454545454545453,1.0,1.0,0.4,0.4,0.6320346320346321,1.0,0.675,0.5416666666666666,0.4666666666666667,0.5333333333333333
1852,positional,no,1,1.0,1.0,0.0,1.0,1.0,1.0,0.0,1.0,0.47619047619047616,1.0,0.5416666666666666,0.5416666666666666,1.0,0.4444444444444444
1853,attribute,no,1,1.0,1.0,0.2727272727272727,0.5636363636363636,1.0,1.0,0.0,1.0,0.5151515151515151,1.0,0.5416666666666666,0.4666666666666667,0.675,0.4444444444444444
1854,object,no,0,0.09090909090909091,0.8181818181818182,0.5454545454545454,0.45454545454545453,0.2,0.6,0.8,0.6,0.5454545454545454,0.7666666666666667,0.5416666666666666,0.475,0.5,0.4444444444444444
1855,counting,no,1,1.0,1.0,0.2727272727272727,0.5636363636363636,1.0,1.0,0.0,1.0,0.5151515151515151,1.0,0.5416666666666666,0.4666666666666667,0.675,0.4444444444444444
1856,counting,no,1,1.0,1.0,1.0,1.0,1.0,1.0,0.6,0.4,1.0,1.0,0.7666666666666667,1.0,0.7666666666666667,0.6444444444444445
1857,attribute,no,1,1.0,1.0,0.2727272727272727,0.5636363636363636,1.0,1.0,0.0,1.0,0.5151515151515151,1.0,0.5416666666666666,0.4666666666666667,0.675,0.4444444444444444
1858,attribute,no,0,0.5454545454545454,0.45454545454545453,0.9090909090909091,0.8181818181818182,0.4,0.4,0.8,0.6,0.5844155844155844,0.4666666666666667,0.5,0.6,0.7666666666666667,0.4666666666666667
1860,object,no,0,0.8181818181818182,0.6727272727272727,0.0,1.0,0.8,0.6,0.6,0.4,0.4935064935064935,0.675,0.6,0.6,0.675,0.5333333333333333
1861,attribute,no,0,0.9090909090909091,0.8181818181818182,0.0,1.0,0.2,0.6,0.0,1.0,0.4805194805194805,0.5416666666666666,0.5,0.875,1.0,0.8
1862,object,no,0,1.0,1.0,0.0,1.0,0.4,0.4,0.8,0.6,0.47619047619047616,0.675,0.875,0.7666666666666667,0.6,0.4666666666666667
1863,object,no,0,0.8181818181818182,0.6727272727272727,1.0,1.0,0.6,0.4,0.8,0.6,0.8268398268398268,0.6,0.675,0.7666666666666667,0.875,0.5333333333333333
1864,sentiment,no,0,1.0,1.0,0.0,1.0,0.8,0.6,0.0,1.0,0.47619047619047616,0.875,0.5416666666666666,0.6,1.0,0.4666666666666667
1865,counting,no,1,1.0,1.0,0.09090909090909091,0.8181818181818182,1.0,1.0,0.0,1.0,0.4805194805194805,1.0,0.5416666666666666,0.5,0.875,0.4444444444444444
1866,positional,no,1,1.0,1.0,1.0,1.0,1.0,1.0,0.8,0.6,1.0,1.0,0.875,1.0,0.875,0.8
1867,object,no,0,1.0,1.0,0.0,1.0,0.6,0.4,0.6,0.4,0.47619047619047616,0.7666666666666667,0.7666666666666667,0.675,0.675,0.4666666666666667
1868,positional,no,1,0.36363636363636365,0.4909090909090909,1.0,1.0,0.6,0.4,0.8,0.6,0.5454545454545454,0.475,0.4666666666666667,0.7666666666666667,0.875,0.5333333333333333
1870,object,no,0,0.5454545454545454,0.45454545454545453,0.5454545454545454,0.45454545454545453,0.0,1.0,0.8,0.6,0.4805194805194805,0.5,0.5,0.5,0.5,0.4666666666666667
1871,counting,no,1,1.0,1.0,1.0,1.0,1.0,1.0,0.4,0.4,1.0,1.0,0.675,1.0,0.675,0.5333333333333333
1873,attribute,no,0,0.36363636363636365,0.4909090909090909,1.0,1.0,0.0,1.0,1.0,1.0,0.5454545454545454,0.6,0.475,0.5416666666666666,1.0,0.4444444444444444
1874,attribute,no,0,1.0,1.0,0.0,1.0,0.8,0.6,0.0,1.0,0.47619047619047616,0.875,0.5416666666666666,0.6,1.0,0.4666666666666667
1875,attribute,no,1,1.0,1.0,1.0,1.0,1.0,1.0,1.0,1.0,1.0,1.0,1.0,1.0,1.0,1.0
1877,attribute,no,0,0.7272727272727273,0.5636363636363636,1.0,1.0,0.6,0.4,1.0,1.0,0.7532467532467533,0.5416666666666666,0.675,0.7666666666666667,1.0,0.6444444444444445
1878,object,no,0,0.9090909090909091,0.8181818181818182,0.8181818181818182,0.6727272727272727,1.0,1.0,1.0,1.0,0.7532467532467533,0.875,0.875,0.7666666666666667,0.7666666666666667,1.0
1880,attribute,no,1,1.0,1.0,0.8181818181818182,0.6727272727272727,1.0,1.0,1.0,1.0,0.8268398268398268,1.0,1.0,0.7666666666666667,0.7666666666666667,1.0
1881,positional,no,0,1.0,1.0,1.0,1.0,0.2,0.6,0.8,0.6,1.0,0.6,0.875,0.6,0.875,0.4444444444444444
1883,counting,no,1,1.0,1.0,1.0,1.0,1.0,1.0,0.2,0.6,1.0,1.0,0.6,1.0,0.6,0.4666666666666667
1885,sentiment,no,1,1.0,1.0,1.0,1.0,1.0,1.0,1.0,1.0,1.0,1.0,1.0,1.0,1.0,1.0
1886,sentiment,no,1,1.0,1.0,1.0,1.0,1.0,1.0,1.0,1.0,1.0,1.0,1.0,1.0,1.0,1.0
1887,sentiment,no,1,1.0,1.0,1.0,1.0,1.0,1.0,0.4,0.4,1.0,1.0,0.675,1.0,0.675,0.5333333333333333
1888,counting,no,0,0.36363636363636365,0.4909090909090909,0.0,1.0,0.2,0.6,0.2,0.6,0.6883116883116883,0.5416666666666666,0.5416666666666666,0.875,0.875,0.6444444444444445
1890,attribute,no,0,0.7272727272727273,0.5636363636363636,0.9090909090909091,0.8181818181818182,0.6,0.4,0.6,0.4,0.6883116883116883,0.5416666666666666,0.5416666666666666,0.675,0.675,0.4666666666666667
1891,attribute,no,0,1.0,1.0,0.9090909090909091,0.8181818181818182,0.4,0.4,1.0,1.0,0.9090909090909091,0.675,1.0,0.6,0.875,0.5333333333333333
1892,sentiment,no,1,1.0,1.0,1.0,1.0,1.0,1.0,0.2,0.6,1.0,1.0,0.6,1.0,0.6,0.4666666666666667
1893,counting,no,1,1.0,1.0,1.0,1.0,1.0,1.0,0.2,0.6,1.0,1.0,0.6,1.0,0.6,0.4666666666666667
1894,object,no,0,1.0,1.0,0.8181818181818182,0.6727272727272727,1.0,1.0,0.8,0.6,0.8268398268398268,1.0,0.875,0.7666666666666667,0.675,0.8
1897,object,no,1,1.0,1.0,0.5454545454545454,0.45454545454545453,1.0,1.0,0.4,0.4,0.6320346320346321,1.0,0.675,0.5416666666666666,0.4666666666666667,0.5333333333333333
1898,counting,no,1,1.0,1.0,0.09090909090909091,0.8181818181818182,1.0,1.0,0.2,0.6,0.4805194805194805,1.0,0.6,0.5,0.7666666666666667,0.4666666666666667
1899,attribute,no,1,1.0,1.0,0.0,1.0,1.0,1.0,0.0,1.0,0.47619047619047616,1.0,0.5416666666666666,0.5416666666666666,1.0,0.4444444444444444
1900,object,no,0,0.0,1.0,0.8181818181818182,0.6727272727272727,0.0,1.0,1.0,1.0,0.4935064935064935,1.0,0.5416666666666666,0.475,0.7666666666666667,0.4444444444444444
1901,attribute,no,0,0.45454545454545453,0.45454545454545453,1.0,1.0,0.2,0.6,1.0,1.0,0.5844155844155844,0.5,0.5,0.6,1.0,0.4666666666666667
1902,sentiment,no,1,1.0,1.0,1.0,1.0,1.0,1.0,1.0,1.0,1.0,1.0,1.0,1.0,1.0,1.0
1903,object,no,0,1.0,1.0,0.0,1.0,1.0,1.0,0.8,0.6,0.47619047619047616,1.0,0.875,0.5416666666666666,0.6,0.8
1904,sentiment,no,0,1.0,1.0,0.0,1.0,1.0,1.0,0.2,0.6,0.47619047619047616,1.0,0.6,0.5416666666666666,0.875,0.4666666666666667
1905,sentiment,no,0,1.0,1.0,0.0,1.0,1.0,1.0,0.0,1.0,0.47619047619047616,1.0,0.5416666666666666,0.5416666666666666,1.0,0.4444444444444444
1906,positional,no,1,1.0,1.0,1.0,1.0,1.0,1.0,0.6,0.4,1.0,1.0,0.7666666666666667,1.0,0.7666666666666667,0.6444444444444445
1907,sentiment,no,1,0.6363636363636364,0.4909090909090909,1.0,1.0,1.0,1.0,0.8,0.6,0.6883116883116883,0.6,0.5416666666666666,1.0,0.875,0.8
1908,object,no,0,0.36363636363636365,0.4909090909090909,0.8181818181818182,0.6727272727272727,0.4,0.4,0.8,0.6,0.4935064935064935,0.5,0.4666666666666667,0.5416666666666666,0.675,0.4666666666666667
1909,attribute,no,1,0.9090909090909091,0.8181818181818182,0.09090909090909091,0.8181818181818182,1.0,1.0,0.0,1.0,0.47619047619047616,0.875,0.5,0.5,0.875,0.4444444444444444
1910,attribute,no,0,0.2727272727272727,0.5636363636363636,0.0,1.0,0.6,0.4,0.6,0.4,0.7532467532467533,0.5,0.5,0.675,0.675,0.4666666666666667
1911,object,no,1,1.0,1.0,0.0,1.0,1.0,1.0,0.0,1.0,0.47619047619047616,1.0,0.5416666666666666,0.5416666666666666,1.0,0.4444444444444444
1912,counting,no,1,0.18181818181818182,0.6727272727272727,1.0,1.0,1.0,1.0,0.8,0.6,0.4935064935064935,0.475,0.5,1.0,0.875,0.8
1914,counting,no,0,0.8181818181818182,0.6727272727272727,0.0,1.0,0.6,0.4,0.4,0.4,0.4935064935064935,0.6,0.5416666666666666,0.675,0.7666666666666667,0.4444444444444444
1915,sentiment,no,1,0.5454545454545454,0.45454545454545453,1.0,1.0,0.6,0.4,0.8,0.6,0.6320346320346321,0.475,0.5,0.7666666666666667,0.875,0.5333333333333333
1917,positional,no,1,1.0,1.0,0.0,1.0,1.0,1.0,0.0,1.0,0.47619047619047616,1.0,0.5416666666666666,0.5416666666666666,1.0,0.4444444444444444
1918,attribute,no,1,0.9090909090909091,0.8181818181818182,0.9090909090909091,0.8181818181818182,1.0,1.0,0.2,0.6,0.8268398268398268,0.875,0.5416666666666666,0.875,0.5416666666666666,0.4666666666666667
1919,counting,no,1,1.0,1.0,0.45454545454545453,0.45454545454545453,1.0,1.0,0.2,0.6,0.5844155844155844,1.0,0.6,0.5,0.5,0.4666666666666667
1920,positional,no,0,1.0,1.0,0.0,1.0,0.8,0.6,0.2,0.6,0.47619047619047616,0.875,0.6,0.6,0.875,0.4444444444444444
1921,counting,no,1,1.0,1.0,0.09090909090909091,0.8181818181818182,1.0,1.0,0.0,1.0,0.4805194805194805,1.0,0.5416666666666666,0.5,0.875,0.4444444444444444
1922,sentiment,no,0,1.0,1.0,0.0,1.0,1.0,1.0,0.4,0.4,0.47619047619047616,1.0,0.675,0.5416666666666666,0.7666666666666667,0.5333333333333333
1923,attribute,no,0,0.45454545454545453,0.45454545454545453,0.0,1.0,0.0,1.0,0.8,0.6,0.6320346320346321,0.5416666666666666,0.475,1.0,0.6,0.4666666666666667
1924,attribute,no,1,0.9090909090909091,0.8181818181818182,0.18181818181818182,0.6727272727272727,1.0,1.0,0.0,1.0,0.4805194805194805,0.875,0.5,0.475,0.7666666666666667,0.4444444444444444
1925,positional,no,0,0.6363636363636364,0.4909090909090909,0.7272727272727273,0.5636363636363636,0.2,0.6,1.0,1.0,0.5454545454545454,0.4666666666666667,0.6,0.475,0.675,0.4666666666666667
1926,object,no,0,0.36363636363636365,0.4909090909090909,0.45454545454545453,0.45454545454545453,0.2,0.6,0.4,0.4,0.4935064935064935,0.5416666666666666,0.5,0.5,0.475,0.5333333333333333
1927,attribute,no,0,0.6363636363636364,0.4909090909090909,1.0,1.0,0.4,0.4,1.0,1.0,0.6883116883116883,0.475,0.6,0.675,1.0,0.5333333333333333
1928,attribute,no,0,0.0,1.0,0.7272727272727273,0.5636363636363636,0.2,0.6,1.0,1.0,0.5151515151515151,0.875,0.5416666666666666,0.475,0.675,0.4666666666666667
1929,positional,no,0,0.0,1.0,1.0,1.0,0.0,1.0,1.0,1.0,0.47619047619047616,1.0,0.5416666666666666,0.5416666666666666,1.0,0.4444444444444444
1930,positional,no,0,0.0,1.0,1.0,1.0,0.0,1.0,1.0,1.0,0.47619047619047616,1.0,0.5416666666666666,0.5416666666666666,1.0,0.4444444444444444
1931,attribute,no,1,1.0,1.0,1.0,1.0,1.0,1.0,1.0,1.0,1.0,1.0,1.0,1.0,1.0,1.0
1932,attribute,no,0,1.0,1.0,0.0,1.0,0.8,0.6,0.6,0.4,0.47619047619047616,0.875,0.7666666666666667,0.6,0.675,0.5333333333333333
1933,object,no,1,1.0,1.0,1.0,1.0,1.0,1.0,0.2,0.6,1.0,1.0,0.6,1.0,0.6,0.4666666666666667
1934,object,no,0,0.9090909090909091,0.8181818181818182,1.0,1.0,0.4,0.4,1.0,1.0,0.9090909090909091,0.6,0.875,0.675,1.0,0.5333333333333333
1935,object,no,0,0.9090909090909091,0.8181818181818182,0.0,1.0,0.6,0.4,0.0,1.0,0.4805194805194805,0.675,0.5,0.675,1.0,0.5333333333333333
1936,sentiment,no,1,1.0,1.0,1.0,1.0,1.0,1.0,1.0,1.0,1.0,1.0,1.0,1.0,1.0,1.0
1937,positional,no,1,1.0,1.0,0.45454545454545453,0.45454545454545453,1.0,1.0,0.0,1.0,0.5844155844155844,1.0,0.5416666666666666,0.5,0.5416666666666666,0.4444444444444444
1938,object,no,0,0.0,1.0,0.5454545454545454,0.45454545454545453,0.2,0.6,1.0,1.0,0.5844155844155844,0.875,0.5416666666666666,0.475,0.5416666666666666,0.4666666666666667
1939,object,no,0,0.9090909090909091,0.8181818181818182,0.0,1.0,0.6,0.4,0.0,1.0,0.4805194805194805,0.675,0.5,0.675,1.0,0.5333333333333333
1940,attribute,no,0,0.2727272727272727,0.5636363636363636,0.6363636363636364,0.4909090909090909,0.2,0.6,1.0,1.0,0.4805194805194805,0.6,0.4666666666666667,0.4666666666666667,0.6,0.4666666666666667
1941,attribute,no,0,0.6363636363636364,0.4909090909090909,1.0,1.0,0.6,0.4,1.0,1.0,0.6883116883116883,0.5,0.6,0.7666666666666667,1.0,0.6444444444444445
1942,counting,no,0,1.0,1.0,0.09090909090909091,0.8181818181818182,0.2,0.6,0.8,0.6,0.4805194805194805,0.6,0.875,0.7666666666666667,0.5416666666666666,0.4444444444444444
1943,object,no,1,1.0,1.0,1.0,1.0,1.0,1.0,0.8,0.6,1.0,1.0,0.875,1.0,0.875,0.8
1947,object,no,0,1.0,1.0,0.0,1.0,0.4,0.4,0.4,0.4,0.47619047619047616,0.675,0.675,0.7666666666666667,0.7666666666666667,0.4666666666666667
1948,object,no,1,1.0,1.0,1.0,1.0,1.0,1.0,1.0,1.0,1.0,1.0,1.0,1.0,1.0,1.0
1949,counting,no,0,0.7272727272727273,0.5636363636363636,0.7272727272727273,0.5636363636363636,0.2,0.6,1.0,1.0,0.5844155844155844,0.475,0.675,0.475,0.675,0.4666666666666667
1950,object,no,1,0.45454545454545453,0.45454545454545453,1.0,1.0,0.4,0.4,0.8,0.6,0.5844155844155844,0.475,0.475,0.675,0.875,0.4666666666666667
1951,object,no,0,0.9090909090909091,0.8181818181818182,0.09090909090909091,0.8181818181818182,0.6,0.4,0.6,0.4,0.47619047619047616,0.675,0.675,0.6,0.6,0.4666666666666667
1953,positional,no,0,0.0,1.0,0.0,1.0,0.0,1.0,0.2,0.6,1.0,1.0,0.875,1.0,0.875,0.8
1954,object,no,0,0.09090909090909091,0.8181818181818182,0.7272727272727273,0.5636363636363636,0.0,1.0,0.8,0.6,0.4935064935064935,0.875,0.5416666666666666,0.4666666666666667,0.6,0.4666666666666667
1955,object,no,1,1.0,1.0,0.0,1.0,1.0,1.0,0.2,0.6,0.47619047619047616,1.0,0.6,0.5416666666666666,0.875,0.4666666666666667
1956,object,no,1,1.0,1.0,0.0,1.0,1.0,1.0,0.6,0.4,0.47619047619047616,1.0,0.7666666666666667,0.5416666666666666,0.675,0.6444444444444445
1957,object,no,1,0.8181818181818182,0.6727272727272727,1.0,1.0,1.0,1.0,0.6,0.4,0.8268398268398268,0.7666666666666667,0.6,1.0,0.7666666666666667,0.6444444444444445
1958,counting,no,1,0.9090909090909091,0.8181818181818182,1.0,1.0,1.0,1.0,0.4,0.4,0.9090909090909091,0.875,0.6,1.0,0.675,0.5333333333333333
1959,counting,no,0,0.09090909090909091,0.8181818181818182,0.0,1.0,0.2,0.6,0.4,0.4,0.9090909090909091,0.7666666666666667,0.675,0.875,0.7666666666666667,0.5333333333333333
1960,sentiment,no,0,0.18181818181818182,0.6727272727272727,0.0,1.0,0.4,0.4,0.2,0.6,0.8268398268398268,0.6,0.675,0.7666666666666667,0.875,0.5333333333333333
1961,object,no,0,1.0,1.0,0.8181818181818182,0.6727272727272727,1.0,1.0,0.6,0.4,0.8268398268398268,1.0,0.7666666666666667,0.7666666666666667,0.6,0.6444444444444445
1962,attribute,no,0,0.0,1.0,0.0,1.0,0.0,1.0,0.2,0.6,1.0,1.0,0.875,1.0,0.875,0.8
1964,counting,no,1,0.2727272727272727,0.5636363636363636,1.0,1.0,0.2,0.6,1.0,1.0,0.5151515151515151,0.6,0.4666666666666667,0.6,1.0,0.4666666666666667
1965,counting,no,1,1.0,1.0,0.09090909090909091,0.8181818181818182,1.0,1.0,0.4,0.4,0.4805194805194805,1.0,0.675,0.5,0.675,0.5333333333333333
1966,attribute,no,0,0.7272727272727273,0.5636363636363636,0.7272727272727273,0.5636363636363636,0.2,0.6,0.8,0.6,0.5844155844155844,0.475,0.6,0.475,0.6,0.4444444444444444
1967,object,no,1,1.0,1.0,0.18181818181818182,0.6727272727272727,1.0,1.0,0.0,1.0,0.4935064935064935,1.0,0.5416666666666666,0.475,0.7666666666666667,0.4444444444444444
1968,object,no,0,0.9090909090909091,0.8181818181818182,0.0,1.0,0.4,0.4,0.2,0.6,0.4805194805194805,0.6,0.5416666666666666,0.7666666666666667,0.875,0.5333333333333333
1969,attribute,no,1,1.0,1.0,0.09090909090909091,0.8181818181818182,1.0,1.0,0.0,1.0,0.4805194805194805,1.0,0.5416666666666666,0.5,0.875,0.4444444444444444
1970,attribute,no,0,0.0,1.0,1.0,1.0,0.2,0.6,1.0,1.0,0.47619047619047616,0.875,0.5416666666666666,0.6,1.0,0.4666666666666667
1971,attribute,no,1,0.2727272727272727,0.5636363636363636,0.0,1.0,1.0,1.0,0.0,1.0,0.7532467532467533,0.4666666666666667,0.675,0.5416666666666666,1.0,0.4444444444444444
1972,attribute,no,0,0.2727272727272727,0.5636363636363636,0.0,1.0,0.2,0.6,0.0,1.0,0.7532467532467533,0.6,0.675,0.875,1.0,0.8
1973,sentiment,no,1,0.36363636363636365,0.4909090909090909,1.0,1.0,0.8,0.6,0.8,0.6,0.5454545454545454,0.4666666666666667,0.4666666666666667,0.875,0.875,0.6444444444444445
1974,sentiment,no,1,1.0,1.0,0.09090909090909091,0.8181818181818182,0.6,0.4,0.4,0.4,0.4805194805194805,0.7666666666666667,0.675,0.6,0.675,0.4444444444444444
1975,attribute,no,0,0.2727272727272727,0.5636363636363636,0.9090909090909091,0.8181818181818182,0.2,0.6,1.0,1.0,0.4935064935064935,0.6,0.4666666666666667,0.5416666666666666,0.875,0.4666666666666667
1976,attribute,no,0,0.6363636363636364,0.4909090909090909,0.0,1.0,0.0,1.0,0.4,0.4,0.5454545454545454,0.475,0.475,1.0,0.7666666666666667,0.6444444444444445
1977,sentiment,no,0,0.0,1.0,0.9090909090909091,0.8181818181818182,0.0,1.0,0.4,0.4,0.4805194805194805,1.0,0.7666666666666667,0.5,0.6,0.6444444444444445
1978,object,no,0,0.6363636363636364,0.4909090909090909,0.0,1.0,0.6,0.4,0.0,1.0,0.5454545454545454,0.5,0.475,0.675,1.0,0.5333333333333333
1979,object,no,0,0.7272727272727273,0.5636363636363636,0.8181818181818182,0.6727272727272727,0.8,0.6,1.0,1.0,0.6320346320346321,0.6,0.675,0.675,0.7666666666666667,0.8
1980,counting,no,1,0.9090909090909091,0.8181818181818182,0.45454545454545453,0.45454545454545453,1.0,1.0,0.0,1.0,0.5454545454545454,0.875,0.5,0.5,0.5416666666666666,0.4444444444444444
1981,sentiment,no,1,1.0,1.0,0.0,1.0,1.0,1.0,0.2,0.6,0.47619047619047616,1.0,0.6,0.5416666666666666,0.875,0.4666666666666667
1982,counting,no,1,1.0,1.0,0.09090909090909091,0.8181818181818182,0.8,0.6,0.0,1.0,0.4805194805194805,0.875,0.5416666666666666,0.5416666666666666,0.875,0.4666666666666667
1984,sentiment,no,1,1.0,1.0,0.7272727272727273,0.5636363636363636,1.0,1.0,0.6,0.4,0.7532467532467533,1.0,0.7666666666666667,0.675,0.5416666666666666,0.6444444444444445
1985,object,no,1,0.9090909090909091,0.8181818181818182,1.0,1.0,1.0,1.0,0.6,0.4,0.9090909090909091,0.875,0.675,1.0,0.7666666666666667,0.6444444444444445
1986,object,no,0,1.0,1.0,0.0,1.0,0.6,0.4,0.0,1.0,0.47619047619047616,0.7666666666666667,0.5416666666666666,0.675,1.0,0.5333333333333333
1987,counting,no,1,1.0,1.0,0.5454545454545454,0.45454545454545453,1.0,1.0,0.2,0.6,0.6320346320346321,1.0,0.6,0.5416666666666666,0.475,0.4666666666666667
1988,object,no,0,1.0,1.0,0.0,1.0,0.8,0.6,0.6,0.4,0.47619047619047616,0.875,0.7666666666666667,0.6,0.675,0.5333333333333333
1989,sentiment,no,1,0.0,1.0,1.0,1.0,0.2,0.6,0.6,0.4,0.47619047619047616,0.875,0.675,0.6,0.7666666666666667,0.4666666666666667
1991,object,no,0,0.0,1.0,1.0,1.0,0.0,1.0,1.0,1.0,0.47619047619047616,1.0,0.5416666666666666,0.5416666666666666,1.0,0.4444444444444444
1992,counting,no,0,1.0,1.0,0.09090909090909091,0.8181818181818182,0.8,0.6,0.6,0.4,0.4805194805194805,0.875,0.7666666666666667,0.5416666666666666,0.6,0.5333333333333333
1993,counting,no,1,1.0,1.0,0.36363636363636365,0.4909090909090909,1.0,1.0,0.4,0.4,0.5454545454545454,1.0,0.675,0.475,0.5,0.5333333333333333
1994,positional,no,1,1.0,1.0,0.5454545454545454,0.45454545454545453,1.0,1.0,0.0,1.0,0.6320346320346321,1.0,0.5416666666666666,0.5416666666666666,0.5,0.4444444444444444
1995,object,no,1,1.0,1.0,1.0,1.0,1.0,1.0,0.2,0.6,1.0,1.0,0.6,1.0,0.6,0.4666666666666667
1997,attribute,no,1,1.0,1.0,0.9090909090909091,0.8181818181818182,1.0,1.0,0.4,0.4,0.9090909090909091,1.0,0.675,0.875,0.6,0.5333333333333333
1998,object,no,1,1.0,1.0,1.0,1.0,1.0,1.0,0.4,0.4,1.0,1.0,0.675,1.0,0.675,0.5333333333333333
1999,object,no,0,0.0,1.0,0.9090909090909091,0.8181818181818182,0.0,1.0,0.8,0.6,0.4805194805194805,1.0,0.6,0.5,0.7666666666666667,0.4666666666666667
2000,object,no,1,1.0,1.0,0.2727272727272727,0.5636363636363636,1.0,1.0,0.0,1.0,0.5151515151515151,1.0,0.5416666666666666,0.4666666666666667,0.675,0.4444444444444444
2001,counting,no,1,1.0,1.0,1.0,1.0,1.0,1.0,0.2,0.6,1.0,1.0,0.6,1.0,0.6,0.4666666666666667
2002,positional,no,1,1.0,1.0,0.5454545454545454,0.45454545454545453,1.0,1.0,0.0,1.0,0.6320346320346321,1.0,0.5416666666666666,0.5416666666666666,0.5,0.4444444444444444
2003,object,no,0,1.0,1.0,0.5454545454545454,0.45454545454545453,0.6,0.4,1.0,1.0,0.6320346320346321,0.7666666666666667,1.0,0.475,0.5416666666666666,0.6444444444444445
2005,counting,no,1,1.0,1.0,0.09090909090909091,0.8181818181818182,1.0,1.0,0.2,0.6,0.4805194805194805,1.0,0.6,0.5,0.7666666666666667,0.4666666666666667
2006,attribute,no,0,0.0,1.0,0.9090909090909091,0.8181818181818182,0.0,1.0,1.0,1.0,0.4805194805194805,1.0,0.5416666666666666,0.5,0.875,0.4444444444444444
2008,object,no,0,0.7272727272727273,0.5636363636363636,0.8181818181818182,0.6727272727272727,0.4,0.4,1.0,1.0,0.6320346320346321,0.5,0.675,0.5416666666666666,0.7666666666666667,0.5333333333333333
2009,positional,no,1,1.0,1.0,1.0,1.0,1.0,1.0,0.6,0.4,1.0,1.0,0.7666666666666667,1.0,0.7666666666666667,0.6444444444444445
2010,object,no,0,1.0,1.0,0.0,1.0,0.2,0.6,0.4,0.4,0.47619047619047616,0.6,0.675,0.875,0.7666666666666667,0.5333333333333333
2011,object,no,1,1.0,1.0,1.0,1.0,1.0,1.0,0.8,0.6,1.0,1.0,0.875,1.0,0.875,0.8
2012,object,no,0,0.8181818181818182,0.6727272727272727,0.7272727272727273,0.5636363636363636,0.6,0.4,0.8,0.6,0.6320346320346321,0.6,0.675,0.5416666666666666,0.6,0.5333333333333333
2013,sentiment,no,0,1.0,1.0,0.0,1.0,0.8,0.6,0.0,1.0,0.47619047619047616,0.875,0.5416666666666666,0.6,1.0,0.4666666666666667
2014,attribute,no,0,0.0,1.0,0.36363636363636365,0.4909090909090909,0.0,1.0,1.0,1.0,0.6883116883116883,1.0,0.5416666666666666,0.6,0.475,0.4444444444444444
2015,object,no,0,0.6363636363636364,0.4909090909090909,0.9090909090909091,0.8181818181818182,0.8,0.6,0.8,0.6,0.6320346320346321,0.5416666666666666,0.5416666666666666,0.7666666666666667,0.7666666666666667,0.6444444444444445
2016,object,no,1,1.0,1.0,0.36363636363636365,0.4909090909090909,1.0,1.0,0.0,1.0,0.5454545454545454,1.0,0.5416666666666666,0.475,0.6,0.4444444444444444
2017,counting,no,1,1.0,1.0,0.18181818181818182,0.6727272727272727,1.0,1.0,0.4,0.4,0.4935064935064935,1.0,0.675,0.475,0.6,0.5333333333333333
2018,object,no,0,1.0,1.0,0.0,1.0,0.8,0.6,0.2,0.6,0.47619047619047616,0.875,0.6,0.6,0.875,0.4444444444444444
2019,positional,no,1,1.0,1.0,1.0,1.0,1.0,1.0,0.6,0.4,1.0,1.0,0.7666666666666667,1.0,0.7666666666666667,0.6444444444444445
2020,object,no,0,1.0,1.0,0.18181818181818182,0.6727272727272727,0.8,0.6,0.6,0.4,0.4935064935064935,0.875,0.7666666666666667,0.5,0.5416666666666666,0.5333333333333333
2021,object,no,0,1.0,1.0,0.0,1.0,1.0,1.0,0.4,0.4,0.47619047619047616,1.0,0.675,0.5416666666666666,0.7666666666666667,0.5333333333333333
2022,object,no,1,1.0,1.0,1.0,1.0,1.0,1.0,0.4,0.4,1.0,1.0,0.675,1.0,0.675,0.5333333333333333
2023,object,no,0,1.0,1.0,0.9090909090909091,0.8181818181818182,1.0,1.0,0.8,0.6,0.9090909090909091,1.0,0.875,0.875,0.7666666666666667,0.8
2024,object,no,0,0.5454545454545454,0.45454545454545453,0.0,1.0,1.0,1.0,0.6,0.4,0.5844155844155844,0.5416666666666666,0.475,0.5416666666666666,0.675,0.6444444444444445
2025,sentiment,no,1,0.8181818181818182,0.6727272727272727,0.8181818181818182,0.6727272727272727,0.8,0.6,0.6,0.4,0.6883116883116883,0.675,0.6,0.675,0.6,0.5333333333333333
2026,sentiment,no,1,1.0,1.0,1.0,1.0,0.8,0.6,0.8,0.6,1.0,0.875,0.875,0.875,0.875,0.6444444444444445
2027,counting,no,1,1.0,1.0,0.7272727272727273,0.5636363636363636,1.0,1.0,0.0,1.0,0.7532467532467533,1.0,0.5416666666666666,0.675,0.4666666666666667,0.4444444444444444
2028,object,no,0,0.45454545454545453,0.45454545454545453,0.0,1.0,0.2,0.6,0.4,0.4,0.6320346320346321,0.5,0.475,0.875,0.7666666666666667,0.5333333333333333
2030,attribute,no,0,1.0,1.0,1.0,1.0,0.4,0.4,1.0,1.0,1.0,0.675,1.0,0.675,1.0,0.5333333333333333
2031,positional,no,1,1.0,1.0,0.7272727272727273,0.5636363636363636,1.0,1.0,0.8,0.6,0.7532467532467533,1.0,0.875,0.675,0.6,0.8
2032,sentiment,no,1,1.0,1.0,1.0,1.0,1.0,1.0,1.0,1.0,1.0,1.0,1.0,1.0,1.0,1.0
2033,attribute,no,0,0.7272727272727273,0.5636363636363636,0.0,1.0,0.6,0.4,0.2,0.6,0.5151515151515151,0.5416666666666666,0.475,0.675,0.875,0.4666666666666667
2034,attribute,no,0,0.6363636363636364,0.4909090909090909,0.36363636363636365,0.4909090909090909,0.2,0.6,0.8,0.6,0.47619047619047616,0.4666666666666667,0.5416666666666666,0.5416666666666666,0.4666666666666667,0.4444444444444444
2036,object,no,1,1.0,1.0,0.6363636363636364,0.4909090909090909,1.0,1.0,0.6,0.4,0.6883116883116883,1.0,0.7666666666666667,0.6,0.5,0.6444444444444445
2038,positional,no,1,0.0,1.0,0.18181818181818182,0.6727272727272727,0.6,0.4,0.0,1.0,0.8268398268398268,0.675,1.0,0.5416666666666666,0.7666666666666667,0.5333333333333333
2039,counting,no,1,0.0,1.0,1.0,1.0,0.8,0.6,1.0,1.0,0.47619047619047616,0.6,0.5416666666666666,0.875,1.0,0.8
2040,attribute,no,1,1.0,1.0,0.18181818181818182,0.6727272727272727,1.0,1.0,0.2,0.6,0.4935064935064935,1.0,0.6,0.475,0.675,0.4666666666666667
2041,object,no,0,1.0,1.0,1.0,1.0,0.2,0.6,1.0,1.0,1.0,0.6,1.0,0.6,1.0,0.4666666666666667
2042,object,no,0,1.0,1.0,0.0,1.0,0.8,0.6,0.2,0.6,0.47619047619047616,0.875,0.6,0.6,0.875,0.4444444444444444
2043,object,no,1,0.0,1.0,1.0,1.0,0.4,0.4,1.0,1.0,0.47619047619047616,0.7666666666666667,0.5416666666666666,0.675,1.0,0.5333333333333333
2044,attribute,no,1,0.7272727272727273,0.5636363636363636,0.36363636363636365,0.4909090909090909,1.0,1.0,0.2,0.6,0.4805194805194805,0.675,0.475,0.475,0.5416666666666666,0.4666666666666667
2045,attribute,no,0,1.0,1.0,0.8181818181818182,0.6727272727272727,0.4,0.4,1.0,1.0,0.8268398268398268,0.675,1.0,0.5416666666666666,0.7666666666666667,0.5333333333333333
2046,object,no,0,1.0,1.0,0.0,1.0,0.8,0.6,0.6,0.4,0.47619047619047616,0.875,0.7666666666666667,0.6,0.675,0.5333333333333333
2047,positional,no,1,0.8181818181818182,0.6727272727272727,0.09090909090909091,0.8181818181818182,1.0,1.0,0.0,1.0,0.4805194805194805,0.7666666666666667,0.475,0.5,0.875,0.4444444444444444
2048,sentiment,no,0,0.0,1.0,1.0,1.0,0.0,1.0,1.0,1.0,0.47619047619047616,1.0,0.5416666666666666,0.5416666666666666,1.0,0.4444444444444444
2049,object,no,0,0.2727272727272727,0.5636363636363636,1.0,1.0,0.0,1.0,0.8,0.6,0.5151515151515151,0.675,0.475,0.5416666666666666,0.875,0.4666666666666667
2050,attribute,no,1,0.8181818181818182,0.6727272727272727,0.0,1.0,1.0,1.0,0.0,1.0,0.4935064935064935,0.7666666666666667,0.475,0.5416666666666666,1.0,0.4444444444444444
2051,counting,no,1,1.0,1.0,0.9090909090909091,0.8181818181818182,1.0,1.0,0.6,0.4,0.9090909090909091,1.0,0.7666666666666667,0.875,0.675,0.6444444444444445
2052,attribute,no,1,1.0,1.0,0.0,1.0,1.0,1.0,0.0,1.0,0.47619047619047616,1.0,0.5416666666666666,0.5416666666666666,1.0,0.4444444444444444
2053,counting,no,1,1.0,1.0,0.5454545454545454,0.45454545454545453,1.0,1.0,0.2,0.6,0.6320346320346321,1.0,0.6,0.5416666666666666,0.475,0.4666666666666667
2054,attribute,no,0,0.09090909090909091,0.8181818181818182,0.45454545454545453,0.45454545454545453,0.0,1.0,1.0,1.0,0.5844155844155844,0.875,0.5,0.5416666666666666,0.5,0.4444444444444444
2055,positional,no,0,0.09090909090909091,0.8181818181818182,0.9090909090909091,0.8181818181818182,0.0,1.0,1.0,1.0,0.47619047619047616,0.875,0.5,0.5,0.875,0.4444444444444444
2056,attribute,no,0,0.0,1.0,0.8181818181818182,0.6727272727272727,0.2,0.6,0.8,0.6,0.4935064935064935,0.875,0.6,0.5,0.675,0.4444444444444444
2057,object,no,0,0.0,1.0,0.0,1.0,0.0,1.0,0.6,0.4,1.0,1.0,0.675,1.0,0.675,0.5333333333333333
2058,object,no,1,0.5454545454545454,0.45454545454545453,1.0,1.0,0.4,0.4,0.6,0.4,0.6320346320346321,0.4666666666666667,0.475,0.675,0.7666666666666667,0.4444444444444444
2059,sentiment,no,1,0.09090909090909091,0.8181818181818182,1.0,1.0,0.8,0.6,1.0,1.0,0.4805194805194805,0.5416666666666666,0.5,0.875,1.0,0.8
2060,positional,no,1,0.09090909090909091,0.8181818181818182,1.0,1.0,0.6,0.4,1.0,1.0,0.4805194805194805,0.6,0.5,0.7666666666666667,1.0,0.6444444444444445
2061,counting,no,1,1.0,1.0,1.0,1.0,1.0,1.0,0.6,0.4,1.0,1.0,0.7666666666666667,1.0,0.7666666666666667,0.6444444444444445
2062,attribute,no,0,0.0,1.0,0.36363636363636365,0.4909090909090909,0.0,1.0,0.8,0.6,0.6883116883116883,1.0,0.6,0.6,0.4666666666666667,0.4666666666666667
2063,attribute,no,0,1.0,1.0,1.0,1.0,0.2,0.6,1.0,1.0,1.0,0.6,1.0,0.6,1.0,0.4666666666666667
2064,sentiment,no,1,1.0,1.0,0.36363636363636365,0.4909090909090909,0.8,0.6,0.0,1.0,0.5454545454545454,0.875,0.5416666666666666,0.4666666666666667,0.6,0.4666666666666667
2065,object,no,1,1.0,1.0,0.09090909090909091,0.8181818181818182,1.0,1.0,0.0,1.0,0.4805194805194805,1.0,0.5416666666666666,0.5,0.875,0.4444444444444444
2066,sentiment,no,1,0.0,1.0,1.0,1.0,0.8,0.6,1.0,1.0,0.47619047619047616,0.6,0.5416666666666666,0.875,1.0,0.8
2067,object,no,0,1.0,1.0,0.0,1.0,1.0,1.0,0.0,1.0,0.47619047619047616,1.0,0.5416666666666666,0.5416666666666666,1.0,0.4444444444444444
2068,object,no,0,0.0,1.0,0.0,1.0,0.0,1.0,0.6,0.4,1.0,1.0,0.675,1.0,0.675,0.5333333333333333
2069,counting,no,1,1.0,1.0,1.0,1.0,1.0,1.0,0.6,0.4,1.0,1.0,0.7666666666666667,1.0,0.7666666666666667,0.6444444444444445
2070,object,no,0,1.0,1.0,1.0,1.0,0.8,0.6,0.8,0.6,1.0,0.875,0.875,0.875,0.875,0.6444444444444445
2071,positional,no,1,1.0,1.0,1.0,1.0,1.0,1.0,0.6,0.4,1.0,1.0,0.7666666666666667,1.0,0.7666666666666667,0.6444444444444445
2072,object,no,1,0.36363636363636365,0.4909090909090909,1.0,1.0,0.2,0.6,1.0,1.0,0.5454545454545454,0.5416666666666666,0.475,0.6,1.0,0.4666666666666667
2073,object,no,0,1.0,1.0,0.0,1.0,0.8,0.6,0.4,0.4,0.47619047619047616,0.875,0.675,0.6,0.7666666666666667,0.4666666666666667
2074,counting,no,1,1.0,1.0,1.0,1.0,1.0,1.0,0.4,0.4,1.0,1.0,0.675,1.0,0.675,0.5333333333333333
2075,object,no,0,0.9090909090909091,0.8181818181818182,0.9090909090909091,0.8181818181818182,0.2,0.6,1.0,1.0,0.8268398268398268,0.5416666666666666,0.875,0.5416666666666666,0.875,0.4666666666666667
2076,counting,no,1,0.9090909090909091,0.8181818181818182,1.0,1.0,1.0,1.0,1.0,1.0,0.9090909090909091,0.875,0.875,1.0,1.0,1.0
2077,object,no,0,0.09090909090909091,0.8181818181818182,0.0,1.0,0.0,1.0,0.8,0.6,0.9090909090909091,0.875,0.5416666666666666,1.0,0.6,0.4666666666666667
2078,attribute,no,0,1.0,1.0,0.0,1.0,1.0,1.0,0.2,0.6,0.47619047619047616,1.0,0.6,0.5416666666666666,0.875,0.4666666666666667
2080,attribute,no,0,1.0,1.0,0.0,1.0,0.6,0.4,0.6,0.4,0.47619047619047616,0.7666666666666667,0.7666666666666667,0.675,0.675,0.4666666666666667
2081,positional,no,1,1.0,1.0,1.0,1.0,1.0,1.0,0.8,0.6,1.0,1.0,0.875,1.0,0.875,0.8
2082,attribute,no,0,0.0,1.0,0.7272727272727273,0.5636363636363636,0.0,1.0,0.8,0.6,0.5151515151515151,1.0,0.6,0.4666666666666667,0.6,0.4666666666666667
2083,sentiment,no,0,1.0,1.0,0.09090909090909091,0.8181818181818182,1.0,1.0,0.6,0.4,0.4805194805194805,1.0,0.7666666666666667,0.5,0.6,0.6444444444444445
2084,sentiment,no,0,0.18181818181818182,0.6727272727272727,1.0,1.0,0.0,1.0,1.0,1.0,0.4935064935064935,0.7666666666666667,0.475,0.5416666666666666,1.0,0.4444444444444444
2085,object,no,0,0.0,1.0,1.0,1.0,0.0,1.0,1.0,1.0,0.47619047619047616,1.0,0.5416666666666666,0.5416666666666666,1.0,0.4444444444444444
2086,attribute,no,0,1.0,1.0,0.45454545454545453,0.45454545454545453,0.6,0.4,0.8,0.6,0.5844155844155844,0.7666666666666667,0.875,0.4666666666666667,0.475,0.5333333333333333
2087,positional,no,1,0.9090909090909091,0.8181818181818182,1.0,1.0,0.6,0.4,0.8,0.6,0.9090909090909091,0.675,0.7666666666666667,0.7666666666666667,0.875,0.5333333333333333
2088,attribute,no,0,1.0,1.0,0.0,1.0,0.6,0.4,0.4,0.4,0.47619047619047616,0.7666666666666667,0.675,0.675,0.7666666666666667,0.4444444444444444
2089,sentiment,no,1,1.0,1.0,1.0,1.0,1.0,1.0,0.8,0.6,1.0,1.0,0.875,1.0,0.875,0.8
2090,sentiment,no,1,0.0,1.0,1.0,1.0,0.2,0.6,1.0,1.0,0.47619047619047616,0.875,0.5416666666666666,0.6,1.0,0.4666666666666667
2091,object,no,0,1.0,1.0,0.0,1.0,1.0,1.0,0.0,1.0,0.47619047619047616,1.0,0.5416666666666666,0.5416666666666666,1.0,0.4444444444444444
2092,positional,no,1,0.7272727272727273,0.5636363636363636,1.0,1.0,1.0,1.0,0.8,0.6,0.7532467532467533,0.675,0.6,1.0,0.875,0.8
2093,counting,no,0,0.5454545454545454,0.45454545454545453,0.0,1.0,0.0,1.0,0.6,0.4,0.5844155844155844,0.5,0.475,1.0,0.675,0.5333333333333333
2094,attribute,no,1,1.0,1.0,1.0,1.0,1.0,1.0,0.2,0.6,1.0,1.0,0.6,1.0,0.6,0.4666666666666667
2095,object,no,0,0.0,1.0,1.0,1.0,0.0,1.0,0.8,0.6,0.47619047619047616,1.0,0.6,0.5416666666666666,0.875,0.4666666666666667
2096,counting,no,0,1.0,1.0,0.0,1.0,0.8,0.6,0.0,1.0,0.47619047619047616,0.875,0.5416666666666666,0.6,1.0,0.4666666666666667
2097,attribute,no,0,0.8181818181818182,0.6727272727272727,0.9090909090909091,0.8181818181818182,0.2,0.6,1.0,1.0,0.7532467532467533,0.5,0.7666666666666667,0.5416666666666666,0.875,0.4666666666666667
2098,object,no,0,0.09090909090909091,0.8181818181818182,1.0,1.0,0.8,0.6,1.0,1.0,0.4805194805194805,0.5416666666666666,0.5,0.875,1.0,0.8
2099,counting,no,0,0.8181818181818182,0.6727272727272727,0.45454545454545453,0.45454545454545453,0.6,0.4,0.8,0.6,0.5151515151515151,0.6,0.675,0.4666666666666667,0.475,0.5333333333333333
2101,sentiment,no,1,0.09090909090909091,0.8181818181818182,1.0,1.0,0.6,0.4,1.0,1.0,0.4805194805194805,0.6,0.5,0.7666666666666667,1.0,0.6444444444444445
2102,positional,no,1,1.0,1.0,0.18181818181818182,0.6727272727272727,1.0,1.0,0.2,0.6,0.4935064935064935,1.0,0.6,0.475,0.675,0.4666666666666667
2103,sentiment,no,1,1.0,1.0,1.0,1.0,1.0,1.0,0.4,0.4,1.0,1.0,0.675,1.0,0.675,0.5333333333333333
2104,object,no,0,0.8181818181818182,0.6727272727272727,0.0,1.0,0.6,0.4,0.8,0.6,0.4935064935064935,0.6,0.675,0.675,0.6,0.5333333333333333
2105,object,no,1,0.36363636363636365,0.4909090909090909,0.6363636363636364,0.4909090909090909,0.8,0.6,0.6,0.4,0.47619047619047616,0.4666666666666667,0.475,0.5416666666666666,0.5,0.5333333333333333
2106,object,no,0,0.0,1.0,0.0,1.0,0.0,1.0,0.8,0.6,1.0,1.0,0.6,1.0,0.6,0.4666666666666667
2107,attribute,no,0,0.0,1.0,1.0,1.0,0.0,1.0,1.0,1.0,0.47619047619047616,1.0,0.5416666666666666,0.5416666666666666,1.0,0.4444444444444444
2108,sentiment,no,1,1.0,1.0,1.0,1.0,1.0,1.0,0.8,0.6,1.0,1.0,0.875,1.0,0.875,0.8
2109,object,no,1,1.0,1.0,1.0,1.0,1.0,1.0,0.2,0.6,1.0,1.0,0.6,1.0,0.6,0.4666666666666667
2110,attribute,no,0,0.7272727272727273,0.5636363636363636,1.0,1.0,0.6,0.4,1.0,1.0,0.7532467532467533,0.5416666666666666,0.675,0.7666666666666667,1.0,0.6444444444444445
2111,attribute,no,0,0.45454545454545453,0.45454545454545453,0.7272727272727273,0.5636363636363636,0.6,0.4,0.8,0.6,0.4935064935064935,0.4666666666666667,0.475,0.5416666666666666,0.6,0.5333333333333333
2112,counting,no,1,1.0,1.0,0.09090909090909091,0.8181818181818182,1.0,1.0,0.0,1.0,0.4805194805194805,1.0,0.5416666666666666,0.5,0.875,0.4444444444444444
2113,object,no,0,1.0,1.0,0.0,1.0,1.0,1.0,0.0,1.0,0.47619047619047616,1.0,0.5416666666666666,0.5416666666666666,1.0,0.4444444444444444
2114,sentiment,no,0,0.0,1.0,0.0,1.0,0.0,1.0,0.0,1.0,1.0,1.0,1.0,1.0,1.0,1.0
2116,attribute,no,0,0.0,1.0,0.18181818181818182,0.6727272727272727,0.0,1.0,0.0,1.0,0.8268398268398268,1.0,1.0,0.7666666666666667,0.7666666666666667,1.0
2117,counting,no,1,1.0,1.0,1.0,1.0,1.0,1.0,0.2,0.6,1.0,1.0,0.6,1.0,0.6,0.4666666666666667
2118,attribute,no,0,0.45454545454545453,0.45454545454545453,0.09090909090909091,0.8181818181818182,0.6,0.4,0.8,0.6,0.5844155844155844,0.4666666666666667,0.475,0.6,0.5416666666666666,0.5333333333333333
2119,object,no,0,0.0,1.0,0.45454545454545453,0.45454545454545453,0.4,0.4,0.4,0.4,0.6320346320346321,0.7666666666666667,0.7666666666666667,0.475,0.475,0.4666666666666667
2120,positional,no,1,1.0,1.0,0.0,1.0,1.0,1.0,0.0,1.0,0.47619047619047616,1.0,0.5416666666666666,0.5416666666666666,1.0,0.4444444444444444
2122,attribute,no,0,1.0,1.0,0.5454545454545454,0.45454545454545453,0.4,0.4,0.8,0.6,0.6320346320346321,0.675,0.875,0.4666666666666667,0.5,0.4666666666666667
2123,counting,no,1,1.0,1.0,0.36363636363636365,0.4909090909090909,1.0,1.0,0.0,1.0,0.5454545454545454,1.0,0.5416666666666666,0.475,0.6,0.4444444444444444
2124,attribute,no,0,0.09090909090909091,0.8181818181818182,0.2727272727272727,0.5636363636363636,0.0,1.0,0.8,0.6,0.6883116883116883,0.875,0.5416666666666666,0.675,0.475,0.4666666666666667
2125,attribute,no,1,1.0,1.0,0.09090909090909091,0.8181818181818182,1.0,1.0,0.8,0.6,0.4805194805194805,1.0,0.875,0.5,0.5416666666666666,0.8
2126,object,no,1,1.0,1.0,0.8181818181818182,0.6727272727272727,1.0,1.0,0.0,1.0,0.8268398268398268,1.0,0.5416666666666666,0.7666666666666667,0.475,0.4444444444444444
2127,attribute,no,1,1.0,1.0,1.0,1.0,1.0,1.0,0.8,0.6,1.0,1.0,0.875,1.0,0.875,0.8
2128,object,no,0,0.09090909090909091,0.8181818181818182,0.0,1.0,0.2,0.6,0.4,0.4,0.9090909090909091,0.7666666666666667,0.675,0.875,0.7666666666666667,0.5333333333333333
2129,sentiment,no,0,1.0,1.0,1.0,1.0,1.0,1.0,0.8,0.6,1.0,1.0,0.875,1.0,0.875,0.8
2130,counting,no,1,1.0,1.0,0.9090909090909091,0.8181818181818182,1.0,1.0,0.0,1.0,0.9090909090909091,1.0,0.5416666666666666,0.875,0.5,0.4444444444444444
2131,counting,no,0,1.0,1.0,0.0,1.0,0.8,0.6,0.2,0.6,0.47619047619047616,0.875,0.6,0.6,0.875,0.4444444444444444
2132,object,no,1,1.0,1.0,0.9090909090909091,0.8181818181818182,1.0,1.0,0.2,0.6,0.9090909090909091,1.0,0.6,0.875,0.5416666666666666,0.4666666666666667
2133,counting,no,1,1.0,1.0,0.6363636363636364,0.4909090909090909,1.0,1.0,0.0,1.0,0.6883116883116883,1.0,0.5416666666666666,0.6,0.475,0.4444444444444444
2134,positional,no,1,1.0,1.0,0.09090909090909091,0.8181818181818182,1.0,1.0,0.0,1.0,0.4805194805194805,1.0,0.5416666666666666,0.5,0.875,0.4444444444444444
2135,counting,no,1,0.0,1.0,1.0,1.0,0.6,0.4,0.6,0.4,0.47619047619047616,0.675,0.675,0.7666666666666667,0.7666666666666667,0.4666666666666667
2136,object,no,0,0.8181818181818182,0.6727272727272727,0.8181818181818182,0.6727272727272727,0.8,0.6,0.8,0.6,0.6883116883116883,0.675,0.675,0.675,0.675,0.6444444444444445
2137,positional,no,0,0.9090909090909091,0.8181818181818182,0.0,1.0,0.2,0.6,0.8,0.6,0.4805194805194805,0.5416666666666666,0.7666666666666667,0.875,0.6,0.4444444444444444
2138,object,no,0,0.9090909090909091,0.8181818181818182,0.0,1.0,0.4,0.4,0.6,0.4,0.4805194805194805,0.6,0.675,0.7666666666666667,0.675,0.4444444444444444
2139,counting,no,1,1.0,1.0,0.9090909090909091,0.8181818181818182,1.0,1.0,0.0,1.0,0.9090909090909091,1.0,0.5416666666666666,0.875,0.5,0.4444444444444444
2140,object,no,0,0.09090909090909091,0.8181818181818182,1.0,1.0,0.4,0.4,0.8,0.6,0.4805194805194805,0.675,0.5416666666666666,0.675,0.875,0.4666666666666667
2141,object,no,1,0.7272727272727273,0.5636363636363636,1.0,1.0,1.0,1.0,0.2,0.6,0.7532467532467533,0.675,0.475,1.0,0.6,0.4666666666666667
2143,object,no,0,0.36363636363636365,0.4909090909090909,1.0,1.0,0.4,0.4,1.0,1.0,0.5454545454545454,0.5,0.475,0.675,1.0,0.5333333333333333
2145,attribute,no,0,0.0,1.0,1.0,1.0,0.0,1.0,1.0,1.0,0.47619047619047616,1.0,0.5416666666666666,0.5416666666666666,1.0,0.4444444444444444
2146,object,no,0,1.0,1.0,0.0,1.0,1.0,1.0,0.0,1.0,0.47619047619047616,1.0,0.5416666666666666,0.5416666666666666,1.0,0.4444444444444444
2147,attribute,no,0,1.0,1.0,0.45454545454545453,0.45454545454545453,0.8,0.6,0.8,0.6,0.5844155844155844,0.875,0.875,0.475,0.475,0.6444444444444445
2148,counting,no,1,1.0,1.0,1.0,1.0,1.0,1.0,0.4,0.4,1.0,1.0,0.675,1.0,0.675,0.5333333333333333
2149,object,no,0,1.0,1.0,0.9090909090909091,0.8181818181818182,0.8,0.6,0.8,0.6,0.9090909090909091,0.875,0.875,0.7666666666666667,0.7666666666666667,0.6444444444444445
2150,object,no,1,1.0,1.0,0.9090909090909091,0.8181818181818182,1.0,1.0,1.0,1.0,0.9090909090909091,1.0,1.0,0.875,0.875,1.0
2151,positional,no,1,1.0,1.0,1.0,1.0,1.0,1.0,0.2,0.6,1.0,1.0,0.6,1.0,0.6,0.4666666666666667
2152,counting,no,1,1.0,1.0,0.45454545454545453,0.45454545454545453,1.0,1.0,0.0,1.0,0.5844155844155844,1.0,0.5416666666666666,0.5,0.5416666666666666,0.4444444444444444
2153,counting,no,0,0.0,1.0,0.0,1.0,0.0,1.0,0.8,0.6,1.0,1.0,0.6,1.0,0.6,0.4666666666666667
2154,sentiment,no,0,1.0,1.0,0.8181818181818182,0.6727272727272727,0.8,0.6,0.8,0.6,0.8268398268398268,0.875,0.875,0.675,0.675,0.6444444444444445
2155,counting,no,1,0.18181818181818182,0.6727272727272727,1.0,1.0,0.8,0.6,0.4,0.4,0.4935064935064935,0.5,0.6,0.875,0.675,0.4666666666666667
2156,object,no,0,1.0,1.0,1.0,1.0,1.0,1.0,1.0,1.0,1.0,1.0,1.0,1.0,1.0,1.0
2158,positional,no,1,0.8181818181818182,0.6727272727272727,1.0,1.0,1.0,1.0,0.2,0.6,0.8268398268398268,0.7666666666666667,0.5,1.0,0.6,0.4666666666666667
2160,object,no,0,1.0,1.0,0.0,1.0,0.8,0.6,0.8,0.6,0.47619047619047616,0.875,0.875,0.6,0.6,0.6444444444444445
2161,attribute,no,1,0.8181818181818182,0.6727272727272727,0.5454545454545454,0.45454545454545453,1.0,1.0,0.2,0.6,0.5454545454545454,0.7666666666666667,0.5,0.5416666666666666,0.475,0.4666666666666667
2162,object,no,0,0.9090909090909091,0.8181818181818182,0.0,1.0,0.2,0.6,0.8,0.6,0.4805194805194805,0.5416666666666666,0.7666666666666667,0.875,0.6,0.4444444444444444
2163,positional,no,1,1.0,1.0,0.09090909090909091,0.8181818181818182,1.0,1.0,0.0,1.0,0.4805194805194805,1.0,0.5416666666666666,0.5,0.875,0.4444444444444444
2164,object,no,1,1.0,1.0,0.09090909090909091,0.8181818181818182,1.0,1.0,0.0,1.0,0.4805194805194805,1.0,0.5416666666666666,0.5,0.875,0.4444444444444444
2167,sentiment,no,0,1.0,1.0,1.0,1.0,0.4,0.4,1.0,1.0,1.0,0.675,1.0,0.675,1.0,0.5333333333333333
2168,positional,no,0,0.2727272727272727,0.5636363636363636,0.0,1.0,0.0,1.0,0.2,0.6,0.7532467532467533,0.675,0.6,1.0,0.875,0.8
2169,positional,no,1,1.0,1.0,1.0,1.0,1.0,1.0,0.4,0.4,1.0,1.0,0.675,1.0,0.675,0.5333333333333333
2170,positional,no,1,1.0,1.0,0.0,1.0,1.0,1.0,0.0,1.0,0.47619047619047616,1.0,0.5416666666666666,0.5416666666666666,1.0,0.4444444444444444
2172,object,no,0,0.9090909090909091,0.8181818181818182,1.0,1.0,0.2,0.6,1.0,1.0,0.9090909090909091,0.5416666666666666,0.875,0.6,1.0,0.4666666666666667
2173,attribute,no,0,0.9090909090909091,0.8181818181818182,1.0,1.0,0.8,0.6,1.0,1.0,0.9090909090909091,0.7666666666666667,0.875,0.875,1.0,0.8
2174,positional,no,1,1.0,1.0,0.9090909090909091,0.8181818181818182,1.0,1.0,0.4,0.4,0.9090909090909091,1.0,0.675,0.875,0.6,0.5333333333333333
2175,attribute,no,1,1.0,1.0,0.18181818181818182,0.6727272727272727,1.0,1.0,0.2,0.6,0.4935064935064935,1.0,0.6,0.475,0.675,0.4666666666666667
2176,attribute,no,1,1.0,1.0,0.09090909090909091,0.8181818181818182,1.0,1.0,0.0,1.0,0.4805194805194805,1.0,0.5416666666666666,0.5,0.875,0.4444444444444444
2177,positional,no,1,1.0,1.0,0.2727272727272727,0.5636363636363636,1.0,1.0,0.0,1.0,0.5151515151515151,1.0,0.5416666666666666,0.4666666666666667,0.675,0.4444444444444444
2178,object,no,0,0.45454545454545453,0.45454545454545453,0.0,1.0,0.4,0.4,0.4,0.4,0.6320346320346321,0.475,0.475,0.7666666666666667,0.7666666666666667,0.4666666666666667
2179,object,no,0,0.5454545454545454,0.45454545454545453,1.0,1.0,0.4,0.4,1.0,1.0,0.6320346320346321,0.4666666666666667,0.5416666666666666,0.675,1.0,0.5333333333333333
2181,object,no,1,1.0,1.0,0.0,1.0,1.0,1.0,0.0,1.0,0.47619047619047616,1.0,0.5416666666666666,0.5416666666666666,1.0,0.4444444444444444
2182,attribute,no,0,0.0,1.0,1.0,1.0,0.2,0.6,1.0,1.0,0.47619047619047616,0.875,0.5416666666666666,0.6,1.0,0.4666666666666667
2183,counting,no,1,1.0,1.0,1.0,1.0,1.0,1.0,0.2,0.6,1.0,1.0,0.6,1.0,0.6,0.4666666666666667
2184,counting,no,1,1.0,1.0,1.0,1.0,1.0,1.0,0.2,0.6,1.0,1.0,0.6,1.0,0.6,0.4666666666666667
2185,object,no,1,1.0,1.0,1.0,1.0,1.0,1.0,0.8,0.6,1.0,1.0,0.875,1.0,0.875,0.8
2186,counting,no,1,1.0,1.0,1.0,1.0,1.0,1.0,0.4,0.4,1.0,1.0,0.675,1.0,0.675,0.5333333333333333
2188,object,no,1,0.9090909090909091,0.8181818181818182,1.0,1.0,1.0,1.0,0.4,0.4,0.9090909090909091,0.875,0.6,1.0,0.675,0.5333333333333333
2189,positional,no,1,1.0,1.0,0.45454545454545453,0.45454545454545453,1.0,1.0,0.0,1.0,0.5844155844155844,1.0,0.5416666666666666,0.5,0.5416666666666666,0.4444444444444444
2190,object,no,0,0.0,1.0,0.9090909090909091,0.8181818181818182,0.0,1.0,1.0,1.0,0.4805194805194805,1.0,0.5416666666666666,0.5,0.875,0.4444444444444444
2191,counting,no,1,1.0,1.0,0.0,1.0,1.0,1.0,0.2,0.6,0.47619047619047616,1.0,0.6,0.5416666666666666,0.875,0.4666666666666667
2192,object,no,0,0.9090909090909091,0.8181818181818182,0.0,1.0,1.0,1.0,0.4,0.4,0.4805194805194805,0.875,0.6,0.5416666666666666,0.7666666666666667,0.5333333333333333
2193,object,no,1,0.7272727272727273,0.5636363636363636,1.0,1.0,0.4,0.4,1.0,1.0,0.7532467532467533,0.5,0.675,0.675,1.0,0.5333333333333333
2194,object,no,0,0.0,1.0,0.09090909090909091,0.8181818181818182,0.2,0.6,0.4,0.4,0.9090909090909091,0.875,0.7666666666666667,0.7666666666666667,0.675,0.5333333333333333
2195,object,no,0,1.0,1.0,0.0,1.0,0.2,0.6,0.4,0.4,0.47619047619047616,0.6,0.675,0.875,0.7666666666666667,0.5333333333333333
2196,sentiment,no,1,0.09090909090909091,0.8181818181818182,1.0,1.0,0.8,0.6,1.0,1.0,0.4805194805194805,0.5416666666666666,0.5,0.875,1.0,0.8
2197,counting,no,1,1.0,1.0,0.09090909090909091,0.8181818181818182,1.0,1.0,0.6,0.4,0.4805194805194805,1.0,0.7666666666666667,0.5,0.6,0.6444444444444445
2199,counting,no,1,1.0,1.0,1.0,1.0,1.0,1.0,0.6,0.4,1.0,1.0,0.7666666666666667,1.0,0.7666666666666667,0.6444444444444445
2200,object,no,0,0.0,1.0,1.0,1.0,0.2,0.6,1.0,1.0,0.47619047619047616,0.875,0.5416666666666666,0.6,1.0,0.4666666666666667
2201,attribute,no,1,1.0,1.0,0.0,1.0,1.0,1.0,0.0,1.0,0.47619047619047616,1.0,0.5416666666666666,0.5416666666666666,1.0,0.4444444444444444
2202,object,no,0,1.0,1.0,0.0,1.0,0.8,0.6,0.2,0.6,0.47619047619047616,0.875,0.6,0.6,0.875,0.4444444444444444
2206,attribute,no,0,1.0,1.0,0.18181818181818182,0.6727272727272727,0.8,0.6,0.8,0.6,0.4935064935064935,0.875,0.875,0.5,0.5,0.6444444444444445
2207,object,no,0,0.7272727272727273,0.5636363636363636,0.8181818181818182,0.6727272727272727,0.0,1.0,1.0,1.0,0.6320346320346321,0.4666666666666667,0.675,0.475,0.7666666666666667,0.4444444444444444
2208,sentiment,no,1,1.0,1.0,0.0,1.0,1.0,1.0,0.4,0.4,0.47619047619047616,1.0,0.675,0.5416666666666666,0.7666666666666667,0.5333333333333333
2209,attribute,no,0,0.5454545454545454,0.45454545454545453,0.6363636363636364,0.4909090909090909,0.4,0.4,1.0,1.0,0.4935064935064935,0.4666666666666667,0.5416666666666666,0.475,0.6,0.5333333333333333
2210,attribute,no,0,1.0,1.0,1.0,1.0,1.0,1.0,1.0,1.0,1.0,1.0,1.0,1.0,1.0,1.0
2211,counting,no,1,1.0,1.0,1.0,1.0,1.0,1.0,0.8,0.6,1.0,1.0,0.875,1.0,0.875,0.8
2213,sentiment,no,0,1.0,1.0,0.0,1.0,1.0,1.0,0.2,0.6,0.47619047619047616,1.0,0.6,0.5416666666666666,0.875,0.4666666666666667
2214,attribute,no,0,0.7272727272727273,0.5636363636363636,0.0,1.0,1.0,1.0,0.2,0.6,0.5151515151515151,0.675,0.475,0.5416666666666666,0.875,0.4666666666666667
2215,object,no,1,0.9090909090909091,0.8181818181818182,1.0,1.0,0.8,0.6,0.6,0.4,0.9090909090909091,0.7666666666666667,0.675,0.875,0.7666666666666667,0.5333333333333333
2216,attribute,no,1,1.0,1.0,0.09090909090909091,0.8181818181818182,1.0,1.0,0.2,0.6,0.4805194805194805,1.0,0.6,0.5,0.7666666666666667,0.4666666666666667
2217,object,no,1,0.0,1.0,1.0,1.0,0.0,1.0,0.6,0.4,0.47619047619047616,1.0,0.675,0.5416666666666666,0.7666666666666667,0.5333333333333333
2218,attribute,no,0,1.0,1.0,0.0,1.0,1.0,1.0,0.8,0.6,0.47619047619047616,1.0,0.875,0.5416666666666666,0.6,0.8
2219,object,no,0,0.0,1.0,1.0,1.0,0.0,1.0,1.0,1.0,0.47619047619047616,1.0,0.5416666666666666,0.5416666666666666,1.0,0.4444444444444444
2220,object,no,1,0.2727272727272727,0.5636363636363636,1.0,1.0,0.6,0.4,0.4,0.4,0.5151515151515151,0.5,0.5416666666666666,0.7666666666666667,0.675,0.4444444444444444
2221,attribute,no,1,1.0,1.0,1.0,1.0,1.0,1.0,0.4,0.4,1.0,1.0,0.675,1.0,0.675,0.5333333333333333
2222,object,no,1,1.0,1.0,0.8181818181818182,0.6727272727272727,1.0,1.0,0.4,0.4,0.8268398268398268,1.0,0.675,0.7666666666666667,0.5416666666666666,0.5333333333333333
2223,object,no,1,1.0,1.0,1.0,1.0,1.0,1.0,0.6,0.4,1.0,1.0,0.7666666666666667,1.0,0.7666666666666667,0.6444444444444445
2225,counting,no,1,1.0,1.0,1.0,1.0,1.0,1.0,0.6,0.4,1.0,1.0,0.7666666666666667,1.0,0.7666666666666667,0.6444444444444445
2226,positional,no,1,0.9090909090909091,0.8181818181818182,0.8181818181818182,0.6727272727272727,1.0,1.0,0.4,0.4,0.7532467532467533,0.875,0.6,0.7666666666666667,0.5416666666666666,0.5333333333333333
2227,attribute,no,0,0.8181818181818182,0.6727272727272727,0.9090909090909091,0.8181818181818182,0.4,0.4,0.8,0.6,0.7532467532467533,0.5416666666666666,0.675,0.6,0.7666666666666667,0.4666666666666667
2228,attribute,no,1,1.0,1.0,0.0,1.0,1.0,1.0,0.0,1.0,0.47619047619047616,1.0,0.5416666666666666,0.5416666666666666,1.0,0.4444444444444444
2229,positional,no,1,0.9090909090909091,0.8181818181818182,1.0,1.0,1.0,1.0,0.6,0.4,0.9090909090909091,0.875,0.675,1.0,0.7666666666666667,0.6444444444444445
2231,object,no,0,0.45454545454545453,0.45454545454545453,0.9090909090909091,0.8181818181818182,0.2,0.6,1.0,1.0,0.5454545454545454,0.5,0.5,0.5416666666666666,0.875,0.4666666666666667
2232,object,no,0,0.7272727272727273,0.5636363636363636,1.0,1.0,0.8,0.6,1.0,1.0,0.7532467532467533,0.6,0.675,0.875,1.0,0.8
2233,object,no,1,0.9090909090909091,0.8181818181818182,1.0,1.0,0.8,0.6,0.6,0.4,0.9090909090909091,0.7666666666666667,0.675,0.875,0.7666666666666667,0.5333333333333333
2234,sentiment,no,0,1.0,1.0,0.0,1.0,1.0,1.0,0.2,0.6,0.47619047619047616,1.0,0.6,0.5416666666666666,0.875,0.4666666666666667
2235,counting,no,1,1.0,1.0,0.45454545454545453,0.45454545454545453,1.0,1.0,0.0,1.0,0.5844155844155844,1.0,0.5416666666666666,0.5,0.5416666666666666,0.4444444444444444
2236,object,no,0,0.9090909090909091,0.8181818181818182,0.5454545454545454,0.45454545454545453,0.6,0.4,0.8,0.6,0.5844155844155844,0.675,0.7666666666666667,0.475,0.5,0.5333333333333333
2237,attribute,no,0,0.45454545454545453,0.45454545454545453,1.0,1.0,0.2,0.6,1.0,1.0,0.5844155844155844,0.5,0.5,0.6,1.0,0.4666666666666667
2238,positional,no,0,0.9090909090909091,0.8181818181818182,0.0,1.0,0.6,0.4,0.6,0.4,0.4805194805194805,0.675,0.675,0.675,0.675,0.4666666666666667
2240,object,no,0,0.6363636363636364,0.4909090909090909,1.0,1.0,0.2,0.6,1.0,1.0,0.6883116883116883,0.4666666666666667,0.6,0.6,1.0,0.4666666666666667
2241,attribute,no,0,0.09090909090909091,0.8181818181818182,1.0,1.0,0.2,0.6,1.0,1.0,0.4805194805194805,0.7666666666666667,0.5,0.6,1.0,0.4666666666666667
2242,positional,no,0,0.0,1.0,1.0,1.0,0.4,0.4,0.6,0.4,0.47619047619047616,0.7666666666666667,0.675,0.675,0.7666666666666667,0.4444444444444444
2243,positional,no,1,1.0,1.0,0.9090909090909091,0.8181818181818182,1.0,1.0,0.4,0.4,0.9090909090909091,1.0,0.675,0.875,0.6,0.5333333333333333
2244,positional,no,1,1.0,1.0,1.0,1.0,1.0,1.0,0.2,0.6,1.0,1.0,0.6,1.0,0.6,0.4666666666666667
2245,attribute,no,1,1.0,1.0,1.0,1.0,1.0,1.0,0.4,0.4,1.0,1.0,0.675,1.0,0.675,0.5333333333333333
2246,positional,no,1,1.0,1.0,0.5454545454545454,0.45454545454545453,1.0,1.0,0.0,1.0,0.6320346320346321,1.0,0.5416666666666666,0.5416666666666666,0.5,0.4444444444444444
2247,attribute,no,0,0.0,1.0,0.0,1.0,0.0,1.0,0.8,0.6,1.0,1.0,0.6,1.0,0.6,0.4666666666666667
2248,positional,no,1,1.0,1.0,0.18181818181818182,0.6727272727272727,1.0,1.0,0.2,0.6,0.4935064935064935,1.0,0.6,0.475,0.675,0.4666666666666667
2249,object,no,0,1.0,1.0,0.0,1.0,1.0,1.0,0.4,0.4,0.47619047619047616,1.0,0.675,0.5416666666666666,0.7666666666666667,0.5333333333333333
2250,object,no,0,1.0,1.0,0.0,1.0,0.2,0.6,0.8,0.6,0.47619047619047616,0.6,0.875,0.875,0.6,0.4444444444444444
2251,counting,no,1,1.0,1.0,0.09090909090909091,0.8181818181818182,1.0,1.0,0.0,1.0,0.4805194805194805,1.0,0.5416666666666666,0.5,0.875,0.4444444444444444
2253,counting,no,0,1.0,1.0,0.0,1.0,0.8,0.6,0.2,0.6,0.47619047619047616,0.875,0.6,0.6,0.875,0.4444444444444444
2254,attribute,no,0,0.36363636363636365,0.4909090909090909,0.9090909090909091,0.8181818181818182,0.0,1.0,1.0,1.0,0.5151515151515151,0.6,0.475,0.5,0.875,0.4444444444444444
2255,object,no,1,0.2727272727272727,0.5636363636363636,1.0,1.0,0.8,0.6,0.6,0.4,0.5151515151515151,0.475,0.5,0.875,0.7666666666666667,0.5333333333333333
2256,object,no,1,1.0,1.0,0.6363636363636364,0.4909090909090909,1.0,1.0,0.0,1.0,0.6883116883116883,1.0,0.5416666666666666,0.6,0.475,0.4444444444444444
2257,sentiment,no,1,0.8181818181818182,0.6727272727272727,1.0,1.0,1.0,1.0,1.0,1.0,0.8268398268398268,0.7666666666666667,0.7666666666666667,1.0,1.0,1.0
2258,sentiment,no,1,0.8181818181818182,0.6727272727272727,1.0,1.0,1.0,1.0,1.0,1.0,0.8268398268398268,0.7666666666666667,0.7666666666666667,1.0,1.0,1.0
2259,counting,no,1,1.0,1.0,1.0,1.0,1.0,1.0,0.6,0.4,1.0,1.0,0.7666666666666667,1.0,0.7666666666666667,0.6444444444444445
2260,object,no,1,1.0,1.0,1.0,1.0,1.0,1.0,0.4,0.4,1.0,1.0,0.675,1.0,0.675,0.5333333333333333
2261,attribute,no,0,1.0,1.0,0.18181818181818182,0.6727272727272727,0.2,0.6,0.2,0.6,0.4935064935064935,0.6,0.6,0.675,0.675,0.6444444444444445
2262,object,no,1,0.36363636363636365,0.4909090909090909,1.0,1.0,0.2,0.6,1.0,1.0,0.5454545454545454,0.5416666666666666,0.475,0.6,1.0,0.4666666666666667
2263,object,no,0,0.0,1.0,0.7272727272727273,0.5636363636363636,0.0,1.0,1.0,1.0,0.5151515151515151,1.0,0.5416666666666666,0.4666666666666667,0.675,0.4444444444444444
2264,object,no,0,1.0,1.0,0.45454545454545453,0.45454545454545453,1.0,1.0,0.8,0.6,0.5844155844155844,1.0,0.875,0.5,0.475,0.8
2265,positional,no,1,1.0,1.0,0.0,1.0,1.0,1.0,0.0,1.0,0.47619047619047616,1.0,0.5416666666666666,0.5416666666666666,1.0,0.4444444444444444
2266,positional,no,1,1.0,1.0,0.09090909090909091,0.8181818181818182,1.0,1.0,0.0,1.0,0.4805194805194805,1.0,0.5416666666666666,0.5,0.875,0.4444444444444444
2267,object,no,1,1.0,1.0,1.0,1.0,1.0,1.0,0.4,0.4,1.0,1.0,0.675,1.0,0.675,0.5333333333333333
2269,positional,no,1,1.0,1.0,1.0,1.0,1.0,1.0,1.0,1.0,1.0,1.0,1.0,1.0,1.0,1.0
2270,object,no,0,0.9090909090909091,0.8181818181818182,1.0,1.0,0.8,0.6,0.8,0.6,0.9090909090909091,0.7666666666666667,0.7666666666666667,0.875,0.875,0.6444444444444445
2271,sentiment,no,1,1.0,1.0,1.0,1.0,0.8,0.6,0.6,0.4,1.0,0.875,0.7666666666666667,0.875,0.7666666666666667,0.5333333333333333
2272,attribute,no,1,1.0,1.0,0.0,1.0,1.0,1.0,0.0,1.0,0.47619047619047616,1.0,0.5416666666666666,0.5416666666666666,1.0,0.4444444444444444
2273,object,no,0,0.7272727272727273,0.5636363636363636,1.0,1.0,0.6,0.4,0.8,0.6,0.7532467532467533,0.5416666666666666,0.6,0.7666666666666667,0.875,0.5333333333333333
2274,object,no,0,1.0,1.0,0.0,1.0,1.0,1.0,0.4,0.4,0.47619047619047616,1.0,0.675,0.5416666666666666,0.7666666666666667,0.5333333333333333
2275,object,no,1,1.0,1.0,1.0,1.0,1.0,1.0,1.0,1.0,1.0,1.0,1.0,1.0,1.0,1.0
2276,positional,no,1,0.36363636363636365,0.4909090909090909,1.0,1.0,0.8,0.6,1.0,1.0,0.5454545454545454,0.4666666666666667,0.475,0.875,1.0,0.8
2277,object,no,1,1.0,1.0,1.0,1.0,1.0,1.0,1.0,1.0,1.0,1.0,1.0,1.0,1.0,1.0
2278,counting,no,0,0.9090909090909091,0.8181818181818182,0.0,1.0,0.2,0.6,0.6,0.4,0.4805194805194805,0.5416666666666666,0.675,0.875,0.675,0.4666666666666667
2280,counting,no,1,1.0,1.0,0.45454545454545453,0.45454545454545453,1.0,1.0,0.4,0.4,0.5844155844155844,1.0,0.675,0.5,0.475,0.5333333333333333
2281,positional,no,0,0.09090909090909091,0.8181818181818182,0.6363636363636364,0.4909090909090909,0.0,1.0,1.0,1.0,0.5151515151515151,0.875,0.5,0.475,0.6,0.4444444444444444
2282,object,no,1,0.7272727272727273,0.5636363636363636,1.0,1.0,1.0,1.0,0.2,0.6,0.7532467532467533,0.675,0.475,1.0,0.6,0.4666666666666667
2284,positional,no,1,1.0,1.0,0.18181818181818182,0.6727272727272727,1.0,1.0,0.0,1.0,0.4935064935064935,1.0,0.5416666666666666,0.475,0.7666666666666667,0.4444444444444444
2285,positional,no,0,1.0,1.0,0.0,1.0,0.4,0.4,0.6,0.4,0.47619047619047616,0.675,0.7666666666666667,0.7666666666666667,0.675,0.4444444444444444
2286,sentiment,no,0,1.0,1.0,0.0,1.0,1.0,1.0,0.2,0.6,0.47619047619047616,1.0,0.6,0.5416666666666666,0.875,0.4666666666666667
2287,object,no,1,1.0,1.0,1.0,1.0,1.0,1.0,0.4,0.4,1.0,1.0,0.675,1.0,0.675,0.5333333333333333
2288,sentiment,no,1,1.0,1.0,1.0,1.0,1.0,1.0,0.8,0.6,1.0,1.0,0.875,1.0,0.875,0.8
2289,positional,no,0,0.5454545454545454,0.45454545454545453,0.0,1.0,0.4,0.4,0.4,0.4,0.5844155844155844,0.4666666666666667,0.4666666666666667,0.7666666666666667,0.7666666666666667,0.4666666666666667
2290,positional,no,1,0.8181818181818182,0.6727272727272727,0.6363636363636364,0.4909090909090909,1.0,1.0,0.6,0.4,0.5844155844155844,0.7666666666666667,0.6,0.6,0.5,0.6444444444444445
2291,object,no,0,1.0,1.0,0.0,1.0,0.8,0.6,0.0,1.0,0.47619047619047616,0.875,0.5416666666666666,0.6,1.0,0.4666666666666667
2292,positional,no,1,1.0,1.0,0.8181818181818182,0.6727272727272727,0.8,0.6,0.6,0.4,0.8268398268398268,0.875,0.7666666666666667,0.675,0.6,0.5333333333333333
2293,object,no,0,1.0,1.0,0.8181818181818182,0.6727272727272727,1.0,1.0,1.0,1.0,0.8268398268398268,1.0,1.0,0.7666666666666667,0.7666666666666667,1.0
2294,attribute,no,0,0.2727272727272727,0.5636363636363636,0.09090909090909091,0.8181818181818182,0.0,1.0,0.8,0.6,0.6883116883116883,0.675,0.475,0.875,0.5416666666666666,0.4666666666666667
2295,counting,no,1,0.9090909090909091,0.8181818181818182,1.0,1.0,1.0,1.0,0.4,0.4,0.9090909090909091,0.875,0.6,1.0,0.675,0.5333333333333333
2296,sentiment,no,0,0.9090909090909091,0.8181818181818182,0.0,1.0,0.2,0.6,0.4,0.4,0.4805194805194805,0.5416666666666666,0.6,0.875,0.7666666666666667,0.5333333333333333
2297,sentiment,no,1,1.0,1.0,1.0,1.0,1.0,1.0,1.0,1.0,1.0,1.0,1.0,1.0,1.0,1.0
2298,attribute,no,0,0.5454545454545454,0.45454545454545453,0.8181818181818182,0.6727272727272727,0.4,0.4,1.0,1.0,0.5454545454545454,0.4666666666666667,0.5416666666666666,0.5416666666666666,0.7666666666666667,0.5333333333333333
2299,object,no,0,0.0,1.0,0.7272727272727273,0.5636363636363636,0.0,1.0,0.8,0.6,0.5151515151515151,1.0,0.6,0.4666666666666667,0.6,0.4666666666666667
2301,counting,no,1,1.0,1.0,0.09090909090909091,0.8181818181818182,1.0,1.0,0.0,1.0,0.4805194805194805,1.0,0.5416666666666666,0.5,0.875,0.4444444444444444
2302,positional,no,1,1.0,1.0,0.0,1.0,1.0,1.0,0.0,1.0,0.47619047619047616,1.0,0.5416666666666666,0.5416666666666666,1.0,0.4444444444444444
2303,positional,no,0,1.0,1.0,0.0,1.0,0.4,0.4,0.6,0.4,0.47619047619047616,0.675,0.7666666666666667,0.7666666666666667,0.675,0.4444444444444444
2304,positional,no,1,1.0,1.0,1.0,1.0,1.0,1.0,0.2,0.6,1.0,1.0,0.6,1.0,0.6,0.4666666666666667
2305,counting,no,1,1.0,1.0,1.0,1.0,1.0,1.0,0.6,0.4,1.0,1.0,0.7666666666666667,1.0,0.7666666666666667,0.6444444444444445
2307,object,no,0,0.0,1.0,1.0,1.0,0.0,1.0,1.0,1.0,0.47619047619047616,1.0,0.5416666666666666,0.5416666666666666,1.0,0.4444444444444444
2308,object,no,0,0.9090909090909091,0.8181818181818182,0.0,1.0,0.6,0.4,0.4,0.4,0.4805194805194805,0.675,0.6,0.675,0.7666666666666667,0.4444444444444444
2309,object,no,1,0.6363636363636364,0.4909090909090909,1.0,1.0,1.0,1.0,0.8,0.6,0.6883116883116883,0.6,0.5416666666666666,1.0,0.875,0.8
2311,positional,no,0,1.0,1.0,0.0,1.0,0.4,0.4,0.2,0.6,0.47619047619047616,0.675,0.6,0.7666666666666667,0.875,0.5333333333333333
2312,counting,no,1,1.0,1.0,1.0,1.0,1.0,1.0,0.6,0.4,1.0,1.0,0.7666666666666667,1.0,0.7666666666666667,0.6444444444444445
2313,attribute,no,0,1.0,1.0,1.0,1.0,0.2,0.6,1.0,1.0,1.0,0.6,1.0,0.6,1.0,0.4666666666666667
2315,attribute,no,0,1.0,1.0,1.0,1.0,0.8,0.6,1.0,1.0,1.0,0.875,1.0,0.875,1.0,0.8
2316,positional,no,1,1.0,1.0,1.0,1.0,1.0,1.0,0.2,0.6,1.0,1.0,0.6,1.0,0.6,0.4666666666666667
2317,object,no,1,0.6363636363636364,0.4909090909090909,1.0,1.0,0.2,0.6,0.8,0.6,0.6883116883116883,0.4666666666666667,0.5416666666666666,0.6,0.875,0.4444444444444444
2319,object,no,0,1.0,1.0,0.5454545454545454,0.45454545454545453,0.8,0.6,0.8,0.6,0.6320346320346321,0.875,0.875,0.5,0.5,0.6444444444444445
2320,attribute,no,0,1.0,1.0,1.0,1.0,0.8,0.6,1.0,1.0,1.0,0.875,1.0,0.875,1.0,0.8
2321,object,no,0,1.0,1.0,0.18181818181818182,0.6727272727272727,0.8,0.6,0.6,0.4,0.4935064935064935,0.875,0.7666666666666667,0.5,0.5416666666666666,0.5333333333333333
2322,object,no,0,0.7272727272727273,0.5636363636363636,0.0,1.0,0.4,0.4,0.2,0.6,0.5151515151515151,0.5,0.475,0.7666666666666667,0.875,0.5333333333333333
2323,positional,no,1,0.7272727272727273,0.5636363636363636,0.09090909090909091,0.8181818181818182,0.6,0.4,0.2,0.6,0.4935064935064935,0.5416666666666666,0.475,0.6,0.7666666666666667,0.4666666666666667
2324,counting,no,0,0.0,1.0,0.0,1.0,0.0,1.0,0.8,0.6,1.0,1.0,0.6,1.0,0.6,0.4666666666666667
2325,attribute,no,0,0.8181818181818182,0.6727272727272727,0.9090909090909091,0.8181818181818182,0.2,0.6,1.0,1.0,0.7532467532467533,0.5,0.7666666666666667,0.5416666666666666,0.875,0.4666666666666667
2326,object,no,0,0.9090909090909091,0.8181818181818182,0.0,1.0,0.6,0.4,0.0,1.0,0.4805194805194805,0.675,0.5,0.675,1.0,0.5333333333333333
2327,attribute,no,0,0.9090909090909091,0.8181818181818182,0.8181818181818182,0.6727272727272727,0.6,0.4,1.0,1.0,0.7532467532467533,0.675,0.875,0.6,0.7666666666666667,0.6444444444444445
2328,counting,no,1,1.0,1.0,0.18181818181818182,0.6727272727272727,1.0,1.0,0.0,1.0,0.4935064935064935,1.0,0.5416666666666666,0.475,0.7666666666666667,0.4444444444444444
2329,object,no,0,1.0,1.0,0.0,1.0,0.8,0.6,0.0,1.0,0.47619047619047616,0.875,0.5416666666666666,0.6,1.0,0.4666666666666667
2331,counting,no,1,1.0,1.0,1.0,1.0,1.0,1.0,0.2,0.6,1.0,1.0,0.6,1.0,0.6,0.4666666666666667
2332,object,no,1,1.0,1.0,1.0,1.0,1.0,1.0,0.8,0.6,1.0,1.0,0.875,1.0,0.875,0.8
2333,counting,no,1,1.0,1.0,1.0,1.0,1.0,1.0,0.4,0.4,1.0,1.0,0.675,1.0,0.675,0.5333333333333333
2334,object,no,0,1.0,1.0,0.0,1.0,0.8,0.6,0.6,0.4,0.47619047619047616,0.875,0.7666666666666667,0.6,0.675,0.5333333333333333
2335,sentiment,no,0,1.0,1.0,1.0,1.0,0.6,0.4,1.0,1.0,1.0,0.7666666666666667,1.0,0.7666666666666667,1.0,0.6444444444444445
2336,attribute,no,0,1.0,1.0,0.0,1.0,0.8,0.6,0.4,0.4,0.47619047619047616,0.875,0.675,0.6,0.7666666666666667,0.4666666666666667
2337,object,no,0,0.45454545454545453,0.45454545454545453,0.0,1.0,0.0,1.0,0.8,0.6,0.6320346320346321,0.5416666666666666,0.475,1.0,0.6,0.4666666666666667
2338,counting,no,1,1.0,1.0,1.0,1.0,1.0,1.0,0.2,0.6,1.0,1.0,0.6,1.0,0.6,0.4666666666666667
2339,object,no,0,0.09090909090909091,0.8181818181818182,0.09090909090909091,0.8181818181818182,0.0,1.0,0.8,0.6,0.8268398268398268,0.875,0.5416666666666666,0.875,0.5416666666666666,0.4666666666666667
2340,attribute,no,1,0.9090909090909091,0.8181818181818182,0.0,1.0,1.0,1.0,0.0,1.0,0.4805194805194805,0.875,0.5,0.5416666666666666,1.0,0.4444444444444444
2341,positional,no,1,0.5454545454545454,0.45454545454545453,1.0,1.0,1.0,1.0,0.8,0.6,0.6320346320346321,0.5416666666666666,0.5,1.0,0.875,0.8
2342,counting,no,1,1.0,1.0,0.45454545454545453,0.45454545454545453,0.8,0.6,0.4,0.4,0.5844155844155844,0.875,0.675,0.475,0.475,0.4666666666666667
2343,attribute,no,0,1.0,1.0,0.2727272727272727,0.5636363636363636,0.2,0.6,0.8,0.6,0.5151515151515151,0.6,0.875,0.6,0.475,0.4444444444444444
2344,attribute,no,1,1.0,1.0,1.0,1.0,1.0,1.0,0.8,0.6,1.0,1.0,0.875,1.0,0.875,0.8
2345,object,no,0,1.0,1.0,0.0,1.0,0.6,0.4,0.6,0.4,0.47619047619047616,0.7666666666666667,0.7666666666666667,0.675,0.675,0.4666666666666667
2346,counting,no,1,0.0,1.0,1.0,1.0,0.8,0.6,0.8,0.6,0.47619047619047616,0.6,0.6,0.875,0.875,0.6444444444444445
2347,object,no,1,0.0,1.0,1.0,1.0,0.4,0.4,0.4,0.4,0.47619047619047616,0.7666666666666667,0.7666666666666667,0.675,0.675,0.4666666666666667
2348,object,no,0,1.0,1.0,0.0,1.0,1.0,1.0,0.6,0.4,0.47619047619047616,1.0,0.7666666666666667,0.5416666666666666,0.675,0.6444444444444445
2349,object,no,0,1.0,1.0,0.09090909090909091,0.8181818181818182,0.8,0.6,0.4,0.4,0.4805194805194805,0.875,0.675,0.5416666666666666,0.675,0.4666666666666667
2350,object,no,0,0.36363636363636365,0.4909090909090909,1.0,1.0,0.4,0.4,1.0,1.0,0.5454545454545454,0.5,0.475,0.675,1.0,0.5333333333333333
2351,object,no,1,0.7272727272727273,0.5636363636363636,0.9090909090909091,0.8181818181818182,0.8,0.6,0.2,0.6,0.6883116883116883,0.6,0.475,0.7666666666666667,0.5416666666666666,0.4444444444444444
2352,attribute,no,0,0.0,1.0,0.0,1.0,0.0,1.0,0.8,0.6,1.0,1.0,0.6,1.0,0.6,0.4666666666666667
2353,positional,no,1,1.0,1.0,1.0,1.0,1.0,1.0,0.4,0.4,1.0,1.0,0.675,1.0,0.675,0.5333333333333333
2354,attribute,no,0,0.9090909090909091,0.8181818181818182,0.9090909090909091,0.8181818181818182,0.2,0.6,1.0,1.0,0.8268398268398268,0.5416666666666666,0.875,0.5416666666666666,0.875,0.4666666666666667
2356,attribute,no,0,0.7272727272727273,0.5636363636363636,1.0,1.0,0.2,0.6,1.0,1.0,0.7532467532467533,0.475,0.675,0.6,1.0,0.4666666666666667
2357,object,no,0,0.09090909090909091,0.8181818181818182,0.9090909090909091,0.8181818181818182,0.0,1.0,1.0,1.0,0.47619047619047616,0.875,0.5,0.5,0.875,0.4444444444444444
2358,object,no,0,1.0,1.0,0.0,1.0,1.0,1.0,0.0,1.0,0.47619047619047616,1.0,0.5416666666666666,0.5416666666666666,1.0,0.4444444444444444
2360,positional,no,1,1.0,1.0,0.2727272727272727,0.5636363636363636,0.8,0.6,0.2,0.6,0.5151515151515151,0.875,0.6,0.475,0.6,0.4444444444444444
2361,counting,no,1,1.0,1.0,1.0,1.0,1.0,1.0,0.2,0.6,1.0,1.0,0.6,1.0,0.6,0.4666666666666667
2362,object,no,0,1.0,1.0,0.0,1.0,0.8,0.6,0.8,0.6,0.47619047619047616,0.875,0.875,0.6,0.6,0.6444444444444445
2363,object,no,0,0.2727272727272727,0.5636363636363636,0.8181818181818182,0.6727272727272727,0.0,1.0,1.0,1.0,0.4805194805194805,0.675,0.4666666666666667,0.475,0.7666666666666667,0.4444444444444444
2364,sentiment,no,0,1.0,1.0,0.0,1.0,0.4,0.4,0.2,0.6,0.47619047619047616,0.675,0.6,0.7666666666666667,0.875,0.5333333333333333
2365,counting,no,1,1.0,1.0,0.36363636363636365,0.4909090909090909,1.0,1.0,0.2,0.6,0.5454545454545454,1.0,0.6,0.475,0.5416666666666666,0.4666666666666667
2366,attribute,no,0,0.6363636363636364,0.4909090909090909,1.0,1.0,0.0,1.0,1.0,1.0,0.6883116883116883,0.475,0.6,0.5416666666666666,1.0,0.4444444444444444
2367,positional,no,0,0.0,1.0,0.0,1.0,0.0,1.0,0.4,0.4,1.0,1.0,0.7666666666666667,1.0,0.7666666666666667,0.6444444444444445
2368,counting,no,1,0.9090909090909091,0.8181818181818182,1.0,1.0,1.0,1.0,1.0,1.0,0.9090909090909091,0.875,0.875,1.0,1.0,1.0
2369,sentiment,no,1,1.0,1.0,1.0,1.0,0.6,0.4,0.8,0.6,1.0,0.7666666666666667,0.875,0.7666666666666667,0.875,0.5333333333333333
2370,attribute,no,0,0.0,1.0,1.0,1.0,0.0,1.0,1.0,1.0,0.47619047619047616,1.0,0.5416666666666666,0.5416666666666666,1.0,0.4444444444444444
2371,counting,no,1,0.9090909090909091,0.8181818181818182,1.0,1.0,1.0,1.0,0.6,0.4,0.9090909090909091,0.875,0.675,1.0,0.7666666666666667,0.6444444444444445
2372,positional,no,1,1.0,1.0,1.0,1.0,1.0,1.0,1.0,1.0,1.0,1.0,1.0,1.0,1.0,1.0
2373,object,no,0,0.09090909090909091,0.8181818181818182,0.0,1.0,0.4,0.4,0.0,1.0,0.9090909090909091,0.675,0.875,0.7666666666666667,1.0,0.6444444444444445
2374,attribute,no,0,0.0,1.0,1.0,1.0,0.2,0.6,1.0,1.0,0.47619047619047616,0.875,0.5416666666666666,0.6,1.0,0.4666666666666667
2375,sentiment,no,1,1.0,1.0,1.0,1.0,1.0,1.0,0.4,0.4,1.0,1.0,0.675,1.0,0.675,0.5333333333333333
2376,attribute,no,0,0.0,1.0,0.8181818181818182,0.6727272727272727,0.0,1.0,1.0,1.0,0.4935064935064935,1.0,0.5416666666666666,0.475,0.7666666666666667,0.4444444444444444
2377,object,no,0,1.0,1.0,0.6363636363636364,0.4909090909090909,0.6,0.4,1.0,1.0,0.6883116883116883,0.7666666666666667,1.0,0.5,0.6,0.6444444444444445
2378,object,no,0,0.0,1.0,1.0,1.0,0.4,0.4,0.8,0.6,0.47619047619047616,0.7666666666666667,0.6,0.675,0.875,0.4666666666666667
2379,positional,no,1,1.0,1.0,1.0,1.0,1.0,1.0,0.6,0.4,1.0,1.0,0.7666666666666667,1.0,0.7666666666666667,0.6444444444444445
2380,object,no,0,0.0,1.0,1.0,1.0,0.0,1.0,1.0,1.0,0.47619047619047616,1.0,0.5416666666666666,0.5416666666666666,1.0,0.4444444444444444
2381,counting,no,1,1.0,1.0,0.09090909090909091,0.8181818181818182,1.0,1.0,0.2,0.6,0.4805194805194805,1.0,0.6,0.5,0.7666666666666667,0.4666666666666667
2382,object,no,0,1.0,1.0,0.9090909090909091,0.8181818181818182,0.8,0.6,0.8,0.6,0.9090909090909091,0.875,0.875,0.7666666666666667,0.7666666666666667,0.6444444444444445
2383,counting,no,0,1.0,1.0,0.0,1.0,0.4,0.4,0.2,0.6,0.47619047619047616,0.675,0.6,0.7666666666666667,0.875,0.5333333333333333
2384,attribute,no,1,1.0,1.0,1.0,1.0,1.0,1.0,0.6,0.4,1.0,1.0,0.7666666666666667,1.0,0.7666666666666667,0.6444444444444445
2385,positional,no,1,1.0,1.0,0.0,1.0,1.0,1.0,0.0,1.0,0.47619047619047616,1.0,0.5416666666666666,0.5416666666666666,1.0,0.4444444444444444
2386,attribute,no,0,0.18181818181818182,0.6727272727272727,1.0,1.0,0.2,0.6,1.0,1.0,0.4935064935064935,0.675,0.475,0.6,1.0,0.4666666666666667
2387,attribute,no,1,1.0,1.0,1.0,1.0,1.0,1.0,1.0,1.0,1.0,1.0,1.0,1.0,1.0,1.0
2388,attribute,no,0,0.2727272727272727,0.5636363636363636,0.0,1.0,0.0,1.0,0.2,0.6,0.7532467532467533,0.675,0.6,1.0,0.875,0.8
2389,attribute,no,0,0.0,1.0,1.0,1.0,0.0,1.0,1.0,1.0,0.47619047619047616,1.0,0.5416666666666666,0.5416666666666666,1.0,0.4444444444444444
2390,sentiment,no,0,1.0,1.0,0.0,1.0,1.0,1.0,0.2,0.6,0.47619047619047616,1.0,0.6,0.5416666666666666,0.875,0.4666666666666667
2392,object,no,0,1.0,1.0,0.6363636363636364,0.4909090909090909,1.0,1.0,1.0,1.0,0.6883116883116883,1.0,1.0,0.6,0.6,1.0
2393,sentiment,no,1,0.7272727272727273,0.5636363636363636,1.0,1.0,1.0,1.0,1.0,1.0,0.7532467532467533,0.675,0.675,1.0,1.0,1.0
2394,object,no,0,0.9090909090909091,0.8181818181818182,0.0,1.0,0.4,0.4,0.2,0.6,0.4805194805194805,0.6,0.5416666666666666,0.7666666666666667,0.875,0.5333333333333333
2395,object,no,1,1.0,1.0,0.0,1.0,1.0,1.0,0.0,1.0,0.47619047619047616,1.0,0.5416666666666666,0.5416666666666666,1.0,0.4444444444444444
2396,object,no,0,1.0,1.0,0.0,1.0,0.8,0.6,0.0,1.0,0.47619047619047616,0.875,0.5416666666666666,0.6,1.0,0.4666666666666667
2397,object,no,1,0.9090909090909091,0.8181818181818182,0.8181818181818182,0.6727272727272727,0.6,0.4,0.4,0.4,0.7532467532467533,0.675,0.6,0.6,0.5416666666666666,0.4444444444444444
2398,object,no,0,0.36363636363636365,0.4909090909090909,0.0,1.0,0.4,0.4,0.4,0.4,0.6883116883116883,0.5,0.5,0.7666666666666667,0.7666666666666667,0.4666666666666667
2399,attribute,no,1,1.0,1.0,0.45454545454545453,0.45454545454545453,1.0,1.0,0.0,1.0,0.5844155844155844,1.0,0.5416666666666666,0.5,0.5416666666666666,0.4444444444444444
2400,attribute,no,0,0.09090909090909091,0.8181818181818182,0.9090909090909091,0.8181818181818182,0.0,1.0,1.0,1.0,0.47619047619047616,0.875,0.5,0.5,0.875,0.4444444444444444
2401,attribute,no,0,1.0,1.0,0.0,1.0,0.6,0.4,0.6,0.4,0.47619047619047616,0.7666666666666667,0.7666666666666667,0.675,0.675,0.4666666666666667
2402,object,no,1,1.0,1.0,0.9090909090909091,0.8181818181818182,1.0,1.0,0.4,0.4,0.9090909090909091,1.0,0.675,0.875,0.6,0.5333333333333333
2403,attribute,no,0,0.5454545454545454,0.45454545454545453,0.6363636363636364,0.4909090909090909,0.0,1.0,1.0,1.0,0.4935064935064935,0.5,0.5416666666666666,0.475,0.6,0.4444444444444444
2404,attribute,no,0,0.0,1.0,0.6363636363636364,0.4909090909090909,0.4,0.4,0.6,0.4,0.5454545454545454,0.7666666666666667,0.675,0.475,0.5,0.4444444444444444
2405,counting,no,1,1.0,1.0,1.0,1.0,1.0,1.0,0.4,0.4,1.0,1.0,0.675,1.0,0.675,0.5333333333333333
2406,object,no,0,0.8181818181818182,0.6727272727272727,0.0,1.0,0.2,0.6,0.4,0.4,0.4935064935064935,0.5,0.5416666666666666,0.875,0.7666666666666667,0.5333333333333333
2408,positional,no,0,0.09090909090909091,0.8181818181818182,0.0,1.0,0.0,1.0,0.6,0.4,0.9090909090909091,0.875,0.6,1.0,0.675,0.5333333333333333
2409,object,no,0,0.45454545454545453,0.45454545454545453,0.0,1.0,1.0,1.0,0.4,0.4,0.6320346320346321,0.5,0.475,0.5416666666666666,0.7666666666666667,0.5333333333333333
2410,sentiment,no,0,1.0,1.0,0.0,1.0,0.6,0.4,0.4,0.4,0.47619047619047616,0.7666666666666667,0.675,0.675,0.7666666666666667,0.4444444444444444
2411,positional,no,1,1.0,1.0,1.0,1.0,1.0,1.0,0.4,0.4,1.0,1.0,0.675,1.0,0.675,0.5333333333333333
2412,sentiment,no,1,0.9090909090909091,0.8181818181818182,0.5454545454545454,0.45454545454545453,1.0,1.0,1.0,1.0,0.5844155844155844,0.875,0.875,0.5416666666666666,0.5416666666666666,1.0
2413,object,no,0,1.0,1.0,0.36363636363636365,0.4909090909090909,1.0,1.0,0.0,1.0,0.5454545454545454,1.0,0.5416666666666666,0.475,0.6,0.4444444444444444
2414,positional,no,1,0.18181818181818182,0.6727272727272727,1.0,1.0,0.6,0.4,0.6,0.4,0.4935064935064935,0.5416666666666666,0.5416666666666666,0.7666666666666667,0.7666666666666667,0.4666666666666667
2415,object,no,1,0.5454545454545454,0.45454545454545453,1.0,1.0,1.0,1.0,1.0,1.0,0.6320346320346321,0.5416666666666666,0.5416666666666666,1.0,1.0,1.0
2416,object,no,1,0.8181818181818182,0.6727272727272727,1.0,1.0,1.0,1.0,0.8,0.6,0.8268398268398268,0.7666666666666667,0.675,1.0,0.875,0.8
2417,object,no,0,0.09090909090909091,0.8181818181818182,0.8181818181818182,0.6727272727272727,0.0,1.0,0.6,0.4,0.4805194805194805,0.875,0.6,0.475,0.6,0.5333333333333333
2418,attribute,no,0,0.7272727272727273,0.5636363636363636,1.0,1.0,0.2,0.6,1.0,1.0,0.7532467532467533,0.475,0.675,0.6,1.0,0.4666666666666667
2420,object,no,1,1.0,1.0,0.09090909090909091,0.8181818181818182,1.0,1.0,0.0,1.0,0.4805194805194805,1.0,0.5416666666666666,0.5,0.875,0.4444444444444444
2421,positional,no,1,1.0,1.0,1.0,1.0,1.0,1.0,0.4,0.4,1.0,1.0,0.675,1.0,0.675,0.5333333333333333
2422,object,no,1,1.0,1.0,0.0,1.0,1.0,1.0,0.0,1.0,0.47619047619047616,1.0,0.5416666666666666,0.5416666666666666,1.0,0.4444444444444444
2423,attribute,no,1,1.0,1.0,0.7272727272727273,0.5636363636363636,1.0,1.0,0.0,1.0,0.7532467532467533,1.0,0.5416666666666666,0.675,0.4666666666666667,0.4444444444444444
2424,attribute,no,0,1.0,1.0,0.36363636363636365,0.4909090909090909,0.4,0.4,0.8,0.6,0.5454545454545454,0.675,0.875,0.5,0.4666666666666667,0.4666666666666667
2425,object,no,0,1.0,1.0,0.6363636363636364,0.4909090909090909,0.8,0.6,1.0,1.0,0.6883116883116883,0.875,1.0,0.5416666666666666,0.6,0.8
2426,object,no,1,0.18181818181818182,0.6727272727272727,1.0,1.0,0.6,0.4,1.0,1.0,0.4935064935064935,0.5416666666666666,0.475,0.7666666666666667,1.0,0.6444444444444445
2427,object,no,0,1.0,1.0,0.8181818181818182,0.6727272727272727,0.4,0.4,1.0,1.0,0.8268398268398268,0.675,1.0,0.5416666666666666,0.7666666666666667,0.5333333333333333
2428,attribute,no,0,0.09090909090909091,0.8181818181818182,1.0,1.0,0.0,1.0,1.0,1.0,0.4805194805194805,0.875,0.5,0.5416666666666666,1.0,0.4444444444444444
2429,object,no,0,1.0,1.0,0.0,1.0,1.0,1.0,0.6,0.4,0.47619047619047616,1.0,0.7666666666666667,0.5416666666666666,0.675,0.6444444444444445
2430,object,no,1,0.9090909090909091,0.8181818181818182,1.0,1.0,1.0,1.0,1.0,1.0,0.9090909090909091,0.875,0.875,1.0,1.0,1.0
2431,attribute,no,0,1.0,1.0,0.36363636363636365,0.4909090909090909,0.6,0.4,0.8,0.6,0.5454545454545454,0.7666666666666667,0.875,0.475,0.4666666666666667,0.5333333333333333
2432,attribute,no,0,1.0,1.0,0.6363636363636364,0.4909090909090909,1.0,1.0,1.0,1.0,0.6883116883116883,1.0,1.0,0.6,0.6,1.0
2433,sentiment,no,1,1.0,1.0,0.0,1.0,0.6,0.4,0.2,0.6,0.47619047619047616,0.7666666666666667,0.6,0.675,0.875,0.4666666666666667
2434,positional,no,1,1.0,1.0,0.2727272727272727,0.5636363636363636,1.0,1.0,0.0,1.0,0.5151515151515151,1.0,0.5416666666666666,0.4666666666666667,0.675,0.4444444444444444
2436,object,no,1,1.0,1.0,0.09090909090909091,0.8181818181818182,1.0,1.0,0.4,0.4,0.4805194805194805,1.0,0.675,0.5,0.675,0.5333333333333333
2437,object,no,0,0.0,1.0,1.0,1.0,0.4,0.4,0.8,0.6,0.47619047619047616,0.7666666666666667,0.6,0.675,0.875,0.4666666666666667
2438,counting,no,0,0.9090909090909091,0.8181818181818182,0.0,1.0,0.8,0.6,0.4,0.4,0.4805194805194805,0.7666666666666667,0.6,0.6,0.7666666666666667,0.4666666666666667
2439,object,no,0,0.36363636363636365,0.4909090909090909,0.0,1.0,0.0,1.0,0.0,1.0,0.6883116883116883,0.6,0.6,1.0,1.0,1.0
2440,attribute,no,0,0.6363636363636364,0.4909090909090909,0.8181818181818182,0.6727272727272727,0.2,0.6,1.0,1.0,0.5844155844155844,0.4666666666666667,0.6,0.5,0.7666666666666667,0.4666666666666667
2442,object,no,0,1.0,1.0,0.0,1.0,0.6,0.4,0.8,0.6,0.47619047619047616,0.7666666666666667,0.875,0.675,0.6,0.5333333333333333
2443,object,no,1,0.45454545454545453,0.45454545454545453,1.0,1.0,1.0,1.0,0.6,0.4,0.5844155844155844,0.5,0.4666666666666667,1.0,0.7666666666666667,0.6444444444444445
2444,object,no,0,1.0,1.0,0.6363636363636364,0.4909090909090909,0.8,0.6,0.8,0.6,0.6883116883116883,0.875,0.875,0.5416666666666666,0.5416666666666666,0.6444444444444445
2445,object,no,0,1.0,1.0,0.8181818181818182,0.6727272727272727,0.8,0.6,0.8,0.6,0.8268398268398268,0.875,0.875,0.675,0.675,0.6444444444444445
2446,attribute,no,0,0.18181818181818182,0.6727272727272727,0.9090909090909091,0.8181818181818182,0.0,1.0,1.0,1.0,0.4805194805194805,0.7666666666666667,0.475,0.5,0.875,0.4444444444444444
2447,sentiment,no,1,0.9090909090909091,0.8181818181818182,1.0,1.0,1.0,1.0,0.4,0.4,0.9090909090909091,0.875,0.6,1.0,0.675,0.5333333333333333
2448,counting,no,1,1.0,1.0,0.36363636363636365,0.4909090909090909,1.0,1.0,0.0,1.0,0.5454545454545454,1.0,0.5416666666666666,0.475,0.6,0.4444444444444444
2449,attribute,no,1,1.0,1.0,0.09090909090909091,0.8181818181818182,0.8,0.6,0.2,0.6,0.4805194805194805,0.875,0.6,0.5416666666666666,0.7666666666666667,0.4444444444444444
2450,object,no,1,1.0,1.0,1.0,1.0,1.0,1.0,0.4,0.4,1.0,1.0,0.675,1.0,0.675,0.5333333333333333
2451,counting,no,1,1.0,1.0,1.0,1.0,1.0,1.0,0.6,0.4,1.0,1.0,0.7666666666666667,1.0,0.7666666666666667,0.6444444444444445
2452,object,no,1,1.0,1.0,1.0,1.0,1.0,1.0,0.6,0.4,1.0,1.0,0.7666666666666667,1.0,0.7666666666666667,0.6444444444444445
2453,attribute,no,0,0.8181818181818182,0.6727272727272727,0.0,1.0,0.2,0.6,0.6,0.4,0.4935064935064935,0.5,0.6,0.875,0.675,0.4666666666666667
2454,counting,no,1,1.0,1.0,0.0,1.0,1.0,1.0,0.0,1.0,0.47619047619047616,1.0,0.5416666666666666,0.5416666666666666,1.0,0.4444444444444444
2455,attribute,no,0,0.7272727272727273,0.5636363636363636,0.18181818181818182,0.6727272727272727,0.8,0.6,0.6,0.4,0.4805194805194805,0.6,0.5416666666666666,0.5,0.5416666666666666,0.5333333333333333
2456,positional,no,0,1.0,1.0,0.8181818181818182,0.6727272727272727,0.2,0.6,1.0,1.0,0.8268398268398268,0.6,1.0,0.5,0.7666666666666667,0.4666666666666667
2457,counting,no,0,0.09090909090909091,0.8181818181818182,0.0,1.0,0.0,1.0,0.6,0.4,0.9090909090909091,0.875,0.6,1.0,0.675,0.5333333333333333
2458,object,no,1,1.0,1.0,1.0,1.0,1.0,1.0,0.6,0.4,1.0,1.0,0.7666666666666667,1.0,0.7666666666666667,0.6444444444444445
2459,object,no,0,1.0,1.0,0.0,1.0,0.6,0.4,0.6,0.4,0.47619047619047616,0.7666666666666667,0.7666666666666667,0.675,0.675,0.4666666666666667
2460,sentiment,no,0,0.0,1.0,0.0,1.0,0.0,1.0,0.6,0.4,1.0,1.0,0.675,1.0,0.675,0.5333333333333333
2461,sentiment,no,1,0.45454545454545453,0.45454545454545453,1.0,1.0,1.0,1.0,1.0,1.0,0.5844155844155844,0.5,0.5,1.0,1.0,1.0
2462,object,no,0,1.0,1.0,0.9090909090909091,0.8181818181818182,0.8,0.6,0.8,0.6,0.9090909090909091,0.875,0.875,0.7666666666666667,0.7666666666666667,0.6444444444444445
2463,counting,no,1,1.0,1.0,1.0,1.0,1.0,1.0,0.8,0.6,1.0,1.0,0.875,1.0,0.875,0.8
2464,attribute,no,0,0.0,1.0,0.0,1.0,0.0,1.0,0.2,0.6,1.0,1.0,0.875,1.0,0.875,0.8
2465,sentiment,no,0,1.0,1.0,1.0,1.0,0.8,0.6,0.8,0.6,1.0,0.875,0.875,0.875,0.875,0.6444444444444445
2466,object,no,0,1.0,1.0,0.0,1.0,0.6,0.4,0.4,0.4,0.47619047619047616,0.7666666666666667,0.675,0.675,0.7666666666666667,0.4444444444444444
2467,sentiment,no,1,0.45454545454545453,0.45454545454545453,1.0,1.0,0.6,0.4,1.0,1.0,0.5844155844155844,0.4666666666666667,0.5,0.7666666666666667,1.0,0.6444444444444445
2468,object,no,0,0.36363636363636365,0.4909090909090909,0.8181818181818182,0.6727272727272727,0.6,0.4,0.8,0.6,0.4935064935064935,0.475,0.4666666666666667,0.6,0.675,0.5333333333333333
2469,object,no,0,0.8181818181818182,0.6727272727272727,0.0,1.0,0.4,0.4,0.4,0.4,0.4935064935064935,0.5416666666666666,0.5416666666666666,0.7666666666666667,0.7666666666666667,0.4666666666666667
2470,sentiment,no,0,0.2727272727272727,0.5636363636363636,0.0,1.0,0.0,1.0,0.0,1.0,0.7532467532467533,0.675,0.675,1.0,1.0,1.0
2471,object,no,0,0.9090909090909091,0.8181818181818182,0.18181818181818182,0.6727272727272727,1.0,1.0,0.4,0.4,0.4805194805194805,0.875,0.6,0.475,0.6,0.5333333333333333
2472,object,no,1,1.0,1.0,1.0,1.0,1.0,1.0,1.0,1.0,1.0,1.0,1.0,1.0,1.0,1.0
2474,counting,no,1,1.0,1.0,1.0,1.0,1.0,1.0,0.6,0.4,1.0,1.0,0.7666666666666667,1.0,0.7666666666666667,0.6444444444444445
2475,attribute,no,1,1.0,1.0,1.0,1.0,1.0,1.0,0.4,0.4,1.0,1.0,0.675,1.0,0.675,0.5333333333333333
2476,attribute,no,1,1.0,1.0,0.2727272727272727,0.5636363636363636,1.0,1.0,0.0,1.0,0.5151515151515151,1.0,0.5416666666666666,0.4666666666666667,0.675,0.4444444444444444
2477,attribute,no,0,1.0,1.0,0.18181818181818182,0.6727272727272727,1.0,1.0,0.4,0.4,0.4935064935064935,1.0,0.675,0.475,0.6,0.5333333333333333
2478,attribute,no,0,0.09090909090909091,0.8181818181818182,0.5454545454545454,0.45454545454545453,0.0,1.0,1.0,1.0,0.5454545454545454,0.875,0.5,0.5,0.5416666666666666,0.4444444444444444
2479,attribute,no,1,1.0,1.0,0.0,1.0,1.0,1.0,0.0,1.0,0.47619047619047616,1.0,0.5416666666666666,0.5416666666666666,1.0,0.4444444444444444
2480,sentiment,no,0,0.0,1.0,1.0,1.0,0.0,1.0,1.0,1.0,0.47619047619047616,1.0,0.5416666666666666,0.5416666666666666,1.0,0.4444444444444444
2481,counting,no,1,0.7272727272727273,0.5636363636363636,0.45454545454545453,0.45454545454545453,1.0,1.0,0.0,1.0,0.4935064935064935,0.675,0.4666666666666667,0.5,0.5416666666666666,0.4444444444444444
2482,counting,no,1,1.0,1.0,0.18181818181818182,0.6727272727272727,1.0,1.0,0.0,1.0,0.4935064935064935,1.0,0.5416666666666666,0.475,0.7666666666666667,0.4444444444444444
2483,attribute,no,0,0.18181818181818182,0.6727272727272727,1.0,1.0,0.4,0.4,1.0,1.0,0.4935064935064935,0.6,0.475,0.675,1.0,0.5333333333333333
2485,attribute,no,0,0.09090909090909091,0.8181818181818182,0.9090909090909091,0.8181818181818182,0.0,1.0,1.0,1.0,0.47619047619047616,0.875,0.5,0.5,0.875,0.4444444444444444
2486,object,no,0,1.0,1.0,0.6363636363636364,0.4909090909090909,1.0,1.0,1.0,1.0,0.6883116883116883,1.0,1.0,0.6,0.6,1.0
2487,attribute,no,0,0.0,1.0,1.0,1.0,0.0,1.0,1.0,1.0,0.47619047619047616,1.0,0.5416666666666666,0.5416666666666666,1.0,0.4444444444444444
2488,positional,no,1,1.0,1.0,1.0,1.0,1.0,1.0,0.4,0.4,1.0,1.0,0.675,1.0,0.675,0.5333333333333333
2489,counting,no,1,1.0,1.0,0.6363636363636364,0.4909090909090909,1.0,1.0,0.2,0.6,0.6883116883116883,1.0,0.6,0.6,0.4666666666666667,0.4666666666666667
2490,object,no,0,1.0,1.0,0.0,1.0,1.0,1.0,0.6,0.4,0.47619047619047616,1.0,0.7666666666666667,0.5416666666666666,0.675,0.6444444444444445
2491,attribute,no,1,1.0,1.0,0.36363636363636365,0.4909090909090909,1.0,1.0,0.0,1.0,0.5454545454545454,1.0,0.5416666666666666,0.475,0.6,0.4444444444444444
2492,positional,no,1,1.0,1.0,0.0,1.0,1.0,1.0,0.0,1.0,0.47619047619047616,1.0,0.5416666666666666,0.5416666666666666,1.0,0.4444444444444444
2493,counting,no,0,1.0,1.0,0.0,1.0,0.8,0.6,0.0,1.0,0.47619047619047616,0.875,0.5416666666666666,0.6,1.0,0.4666666666666667
2494,positional,no,1,1.0,1.0,0.7272727272727273,0.5636363636363636,1.0,1.0,0.2,0.6,0.7532467532467533,1.0,0.6,0.675,0.475,0.4666666666666667
2495,object,no,0,1.0,1.0,0.6363636363636364,0.4909090909090909,1.0,1.0,0.8,0.6,0.6883116883116883,1.0,0.875,0.6,0.5416666666666666,0.8
2496,sentiment,no,1,0.0,1.0,0.9090909090909091,0.8181818181818182,0.0,1.0,1.0,1.0,0.4805194805194805,1.0,0.5416666666666666,0.5,0.875,0.4444444444444444
2497,counting,no,1,1.0,1.0,1.0,1.0,1.0,1.0,0.2,0.6,1.0,1.0,0.6,1.0,0.6,0.4666666666666667
2498,attribute,no,0,0.36363636363636365,0.4909090909090909,1.0,1.0,0.2,0.6,1.0,1.0,0.5454545454545454,0.5416666666666666,0.475,0.6,1.0,0.4666666666666667
2499,object,no,0,0.36363636363636365,0.4909090909090909,0.9090909090909091,0.8181818181818182,0.6,0.4,0.8,0.6,0.5151515151515151,0.475,0.4666666666666667,0.675,0.7666666666666667,0.5333333333333333
2500,object,no,0,1.0,1.0,1.0,1.0,0.8,0.6,1.0,1.0,1.0,0.875,1.0,0.875,1.0,0.8
2501,attribute,no,0,1.0,1.0,0.9090909090909091,0.8181818181818182,0.4,0.4,1.0,1.0,0.9090909090909091,0.675,1.0,0.6,0.875,0.5333333333333333
2502,counting,no,1,1.0,1.0,0.09090909090909091,0.8181818181818182,1.0,1.0,0.0,1.0,0.4805194805194805,1.0,0.5416666666666666,0.5,0.875,0.4444444444444444
2503,object,no,0,0.0,1.0,0.9090909090909091,0.8181818181818182,0.0,1.0,0.8,0.6,0.4805194805194805,1.0,0.6,0.5,0.7666666666666667,0.4666666666666667
2504,positional,no,1,1.0,1.0,0.9090909090909091,0.8181818181818182,1.0,1.0,0.6,0.4,0.9090909090909091,1.0,0.7666666666666667,0.875,0.675,0.6444444444444445
2507,counting,no,1,1.0,1.0,1.0,1.0,1.0,1.0,0.4,0.4,1.0,1.0,0.675,1.0,0.675,0.5333333333333333
2508,object,no,0,0.6363636363636364,0.4909090909090909,0.0,1.0,0.2,0.6,0.0,1.0,0.5454545454545454,0.4666666666666667,0.475,0.875,1.0,0.8
2509,counting,no,1,1.0,1.0,0.45454545454545453,0.45454545454545453,1.0,1.0,0.2,0.6,0.5844155844155844,1.0,0.6,0.5,0.5,0.4666666666666667
2510,object,no,0,0.9090909090909091,0.8181818181818182,0.5454545454545454,0.45454545454545453,0.8,0.6,0.8,0.6,0.5844155844155844,0.7666666666666667,0.7666666666666667,0.5,0.5,0.6444444444444445
2511,sentiment,no,1,0.9090909090909091,0.8181818181818182,1.0,1.0,1.0,1.0,1.0,1.0,0.9090909090909091,0.875,0.875,1.0,1.0,1.0
2513,object,no,0,0.18181818181818182,0.6727272727272727,0.0,1.0,0.0,1.0,0.0,1.0,0.8268398268398268,0.7666666666666667,0.7666666666666667,1.0,1.0,1.0
2514,attribute,no,1,0.8181818181818182,0.6727272727272727,0.09090909090909091,0.8181818181818182,1.0,1.0,0.0,1.0,0.4805194805194805,0.7666666666666667,0.475,0.5,0.875,0.4444444444444444
2515,attribute,no,0,1.0,1.0,1.0,1.0,0.4,0.4,1.0,1.0,1.0,0.675,1.0,0.675,1.0,0.5333333333333333
2516,positional,no,0,0.09090909090909091,0.8181818181818182,0.0,1.0,0.0,1.0,0.8,0.6,0.9090909090909091,0.875,0.5416666666666666,1.0,0.6,0.4666666666666667
2517,attribute,no,0,0.6363636363636364,0.4909090909090909,0.9090909090909091,0.8181818181818182,0.6,0.4,0.8,0.6,0.6320346320346321,0.5,0.5416666666666666,0.675,0.7666666666666667,0.5333333333333333
2518,positional,no,1,1.0,1.0,0.36363636363636365,0.4909090909090909,1.0,1.0,0.0,1.0,0.5454545454545454,1.0,0.5416666666666666,0.475,0.6,0.4444444444444444
2519,positional,no,1,0.8181818181818182,0.6727272727272727,0.45454545454545453,0.45454545454545453,1.0,1.0,0.0,1.0,0.5151515151515151,0.7666666666666667,0.475,0.5,0.5416666666666666,0.4444444444444444
2520,counting,no,1,0.9090909090909091,0.8181818181818182,1.0,1.0,1.0,1.0,0.4,0.4,0.9090909090909091,0.875,0.6,1.0,0.675,0.5333333333333333
2521,object,no,0,0.7272727272727273,0.5636363636363636,0.9090909090909091,0.8181818181818182,0.6,0.4,0.8,0.6,0.6883116883116883,0.5416666666666666,0.6,0.675,0.7666666666666667,0.5333333333333333
2522,sentiment,no,0,1.0,1.0,0.0,1.0,0.8,0.6,0.0,1.0,0.47619047619047616,0.875,0.5416666666666666,0.6,1.0,0.4666666666666667
2523,object,no,0,0.8181818181818182,0.6727272727272727,0.6363636363636364,0.4909090909090909,0.8,0.6,0.8,0.6,0.5844155844155844,0.675,0.675,0.5416666666666666,0.5416666666666666,0.6444444444444445
2524,attribute,no,0,0.09090909090909091,0.8181818181818182,0.0,1.0,0.6,0.4,0.8,0.6,0.9090909090909091,0.6,0.5416666666666666,0.675,0.6,0.5333333333333333
2525,object,no,0,1.0,1.0,0.0,1.0,1.0,1.0,0.2,0.6,0.47619047619047616,1.0,0.6,0.5416666666666666,0.875,0.4666666666666667
2526,object,no,0,1.0,1.0,0.45454545454545453,0.45454545454545453,0.4,0.4,0.8,0.6,0.5844155844155844,0.675,0.875,0.475,0.475,0.4666666666666667
2527,sentiment,no,0,0.7272727272727273,0.5636363636363636,0.0,1.0,0.4,0.4,0.6,0.4,0.5151515151515151,0.5,0.5416666666666666,0.7666666666666667,0.675,0.4444444444444444
2528,counting,no,1,0.9090909090909091,0.8181818181818182,1.0,1.0,1.0,1.0,0.6,0.4,0.9090909090909091,0.875,0.675,1.0,0.7666666666666667,0.6444444444444445
2529,attribute,no,0,0.0,1.0,0.9090909090909091,0.8181818181818182,0.0,1.0,1.0,1.0,0.4805194805194805,1.0,0.5416666666666666,0.5,0.875,0.4444444444444444
2530,object,no,0,0.5454545454545454,0.45454545454545453,0.9090909090909091,0.8181818181818182,0.4,0.4,1.0,1.0,0.5844155844155844,0.4666666666666667,0.5416666666666666,0.6,0.875,0.5333333333333333
2531,object,no,0,1.0,1.0,0.0,1.0,1.0,1.0,0.4,0.4,0.47619047619047616,1.0,0.675,0.5416666666666666,0.7666666666666667,0.5333333333333333
2532,sentiment,no,1,1.0,1.0,0.0,1.0,1.0,1.0,0.0,1.0,0.47619047619047616,1.0,0.5416666666666666,0.5416666666666666,1.0,0.4444444444444444
2533,object,no,0,0.7272727272727273,0.5636363636363636,0.8181818181818182,0.6727272727272727,1.0,1.0,0.8,0.6,0.6320346320346321,0.675,0.6,0.7666666666666667,0.675,0.8
2534,object,no,0,0.9090909090909091,0.8181818181818182,1.0,1.0,0.8,0.6,0.8,0.6,0.9090909090909091,0.7666666666666667,0.7666666666666667,0.875,0.875,0.6444444444444445
2535,counting,no,0,0.2727272727272727,0.5636363636363636,0.0,1.0,0.8,0.6,0.4,0.4,0.7532467532467533,0.475,0.5416666666666666,0.6,0.7666666666666667,0.4666666666666667
2536,object,no,1,1.0,1.0,1.0,1.0,1.0,1.0,1.0,1.0,1.0,1.0,1.0,1.0,1.0,1.0
2537,object,no,0,0.45454545454545453,0.45454545454545453,0.0,1.0,0.4,0.4,0.4,0.4,0.6320346320346321,0.475,0.475,0.7666666666666667,0.7666666666666667,0.4666666666666667
2538,positional,no,1,1.0,1.0,0.09090909090909091,0.8181818181818182,1.0,1.0,0.0,1.0,0.4805194805194805,1.0,0.5416666666666666,0.5,0.875,0.4444444444444444
2539,counting,no,1,0.18181818181818182,0.6727272727272727,1.0,1.0,0.8,0.6,0.2,0.6,0.4935064935064935,0.5,0.675,0.875,0.6,0.4444444444444444
2540,counting,no,1,1.0,1.0,1.0,1.0,1.0,1.0,0.8,0.6,1.0,1.0,0.875,1.0,0.875,0.8
2541,object,no,0,1.0,1.0,0.09090909090909091,0.8181818181818182,0.4,0.4,0.6,0.4,0.4805194805194805,0.675,0.7666666666666667,0.675,0.6,0.4444444444444444
2542,object,no,1,0.8181818181818182,0.6727272727272727,1.0,1.0,1.0,1.0,0.4,0.4,0.8268398268398268,0.7666666666666667,0.5416666666666666,1.0,0.675,0.5333333333333333
2543,counting,no,1,1.0,1.0,1.0,1.0,1.0,1.0,0.6,0.4,1.0,1.0,0.7666666666666667,1.0,0.7666666666666667,0.6444444444444445
2544,object,no,0,0.9090909090909091,0.8181818181818182,0.0,1.0,0.2,0.6,0.4,0.4,0.4805194805194805,0.5416666666666666,0.6,0.875,0.7666666666666667,0.5333333333333333
2545,object,no,0,1.0,1.0,0.0,1.0,0.8,0.6,0.0,1.0,0.47619047619047616,0.875,0.5416666666666666,0.6,1.0,0.4666666666666667
2546,sentiment,no,1,1.0,1.0,0.36363636363636365,0.4909090909090909,1.0,1.0,0.0,1.0,0.5454545454545454,1.0,0.5416666666666666,0.475,0.6,0.4444444444444444
2547,attribute,no,0,0.18181818181818182,0.6727272727272727,0.6363636363636364,0.4909090909090909,0.0,1.0,1.0,1.0,0.4935064935064935,0.7666666666666667,0.475,0.475,0.6,0.4444444444444444
2548,object,no,0,1.0,1.0,0.0,1.0,1.0,1.0,0.0,1.0,0.47619047619047616,1.0,0.5416666666666666,0.5416666666666666,1.0,0.4444444444444444
2550,sentiment,no,1,0.9090909090909091,0.8181818181818182,0.9090909090909091,0.8181818181818182,1.0,1.0,0.2,0.6,0.8268398268398268,0.875,0.5416666666666666,0.875,0.5416666666666666,0.4666666666666667
2551,object,no,0,0.0,1.0,1.0,1.0,0.6,0.4,0.6,0.4,0.47619047619047616,0.675,0.675,0.7666666666666667,0.7666666666666667,0.4666666666666667
2552,object,no,0,1.0,1.0,0.0,1.0,0.6,0.4,0.0,1.0,0.47619047619047616,0.7666666666666667,0.5416666666666666,0.675,1.0,0.5333333333333333
2553,counting,no,0,1.0,1.0,0.0,1.0,1.0,1.0,0.4,0.4,0.47619047619047616,1.0,0.675,0.5416666666666666,0.7666666666666667,0.5333333333333333
2554,object,no,1,1.0,1.0,1.0,1.0,1.0,1.0,0.2,0.6,1.0,1.0,0.6,1.0,0.6,0.4666666666666667
2556,object,no,1,1.0,1.0,0.18181818181818182,0.6727272727272727,1.0,1.0,0.0,1.0,0.4935064935064935,1.0,0.5416666666666666,0.475,0.7666666666666667,0.4444444444444444
2557,positional,no,0,0.9090909090909091,0.8181818181818182,0.45454545454545453,0.45454545454545453,0.2,0.6,1.0,1.0,0.5454545454545454,0.5416666666666666,0.875,0.5,0.5,0.4666666666666667
2558,positional,no,1,1.0,1.0,0.45454545454545453,0.45454545454545453,1.0,1.0,0.0,1.0,0.5844155844155844,1.0,0.5416666666666666,0.5,0.5416666666666666,0.4444444444444444
2559,counting,no,1,1.0,1.0,1.0,1.0,1.0,1.0,0.4,0.4,1.0,1.0,0.675,1.0,0.675,0.5333333333333333
2560,object,no,0,0.18181818181818182,0.6727272727272727,0.5454545454545454,0.45454545454545453,0.0,1.0,1.0,1.0,0.5151515151515151,0.7666666666666667,0.475,0.5,0.5416666666666666,0.4444444444444444
2561,object,no,0,0.8181818181818182,0.6727272727272727,0.0,1.0,0.2,0.6,0.6,0.4,0.4935064935064935,0.5,0.6,0.875,0.675,0.4666666666666667
2562,object,no,0,0.09090909090909091,0.8181818181818182,0.6363636363636364,0.4909090909090909,0.0,1.0,1.0,1.0,0.5151515151515151,0.875,0.5,0.475,0.6,0.4444444444444444
2563,object,no,1,1.0,1.0,1.0,1.0,1.0,1.0,0.4,0.4,1.0,1.0,0.675,1.0,0.675,0.5333333333333333
2564,counting,no,1,0.9090909090909091,0.8181818181818182,1.0,1.0,1.0,1.0,0.6,0.4,0.9090909090909091,0.875,0.675,1.0,0.7666666666666667,0.6444444444444445
2565,attribute,no,1,1.0,1.0,0.5454545454545454,0.45454545454545453,1.0,1.0,0.4,0.4,0.6320346320346321,1.0,0.675,0.5416666666666666,0.4666666666666667,0.5333333333333333
2566,object,no,0,1.0,1.0,0.0,1.0,0.6,0.4,0.4,0.4,0.47619047619047616,0.7666666666666667,0.675,0.675,0.7666666666666667,0.4444444444444444
2567,object,no,0,0.2727272727272727,0.5636363636363636,0.0,1.0,0.4,0.4,0.2,0.6,0.7532467532467533,0.5416666666666666,0.6,0.7666666666666667,0.875,0.5333333333333333
2568,object,no,1,0.36363636363636365,0.4909090909090909,1.0,1.0,0.8,0.6,0.6,0.4,0.5454545454545454,0.4666666666666667,0.475,0.875,0.7666666666666667,0.5333333333333333
2569,object,no,0,0.8181818181818182,0.6727272727272727,0.0,1.0,0.6,0.4,0.4,0.4,0.4935064935064935,0.6,0.5416666666666666,0.675,0.7666666666666667,0.4444444444444444
2570,object,no,0,0.2727272727272727,0.5636363636363636,0.45454545454545453,0.45454545454545453,0.2,0.6,1.0,1.0,0.5151515151515151,0.6,0.4666666666666667,0.5,0.5,0.4666666666666667
2571,attribute,no,1,1.0,1.0,0.0,1.0,1.0,1.0,0.0,1.0,0.47619047619047616,1.0,0.5416666666666666,0.5416666666666666,1.0,0.4444444444444444
2572,object,no,0,1.0,1.0,0.0,1.0,1.0,1.0,0.0,1.0,0.47619047619047616,1.0,0.5416666666666666,0.5416666666666666,1.0,0.4444444444444444
2573,counting,no,1,1.0,1.0,0.9090909090909091,0.8181818181818182,1.0,1.0,0.2,0.6,0.9090909090909091,1.0,0.6,0.875,0.5416666666666666,0.4666666666666667
2574,attribute,no,0,0.0,1.0,1.0,1.0,0.0,1.0,1.0,1.0,0.47619047619047616,1.0,0.5416666666666666,0.5416666666666666,1.0,0.4444444444444444
2575,attribute,no,1,1.0,1.0,0.0,1.0,1.0,1.0,0.0,1.0,0.47619047619047616,1.0,0.5416666666666666,0.5416666666666666,1.0,0.4444444444444444
2576,object,no,0,0.18181818181818182,0.6727272727272727,0.0,1.0,0.0,1.0,0.0,1.0,0.8268398268398268,0.7666666666666667,0.7666666666666667,1.0,1.0,1.0
2577,sentiment,no,0,1.0,1.0,0.18181818181818182,0.6727272727272727,0.2,0.6,0.8,0.6,0.4935064935064935,0.6,0.875,0.675,0.5,0.4444444444444444
2578,object,no,0,0.0,1.0,0.36363636363636365,0.4909090909090909,0.0,1.0,1.0,1.0,0.6883116883116883,1.0,0.5416666666666666,0.6,0.475,0.4444444444444444
2579,object,no,0,1.0,1.0,0.36363636363636365,0.4909090909090909,0.6,0.4,0.6,0.4,0.5454545454545454,0.7666666666666667,0.7666666666666667,0.475,0.475,0.4666666666666667
2580,counting,no,1,1.0,1.0,0.09090909090909091,0.8181818181818182,1.0,1.0,0.0,1.0,0.4805194805194805,1.0,0.5416666666666666,0.5,0.875,0.4444444444444444
2581,attribute,no,0,1.0,1.0,0.9090909090909091,0.8181818181818182,1.0,1.0,0.8,0.6,0.9090909090909091,1.0,0.875,0.875,0.7666666666666667,0.8
2582,counting,no,1,1.0,1.0,0.2727272727272727,0.5636363636363636,1.0,1.0,0.0,1.0,0.5151515151515151,1.0,0.5416666666666666,0.4666666666666667,0.675,0.4444444444444444
2583,object,no,0,1.0,1.0,0.09090909090909091,0.8181818181818182,0.8,0.6,0.6,0.4,0.4805194805194805,0.875,0.7666666666666667,0.5416666666666666,0.6,0.5333333333333333
2584,attribute,no,0,0.9090909090909091,0.8181818181818182,0.5454545454545454,0.45454545454545453,0.6,0.4,1.0,1.0,0.5844155844155844,0.675,0.875,0.475,0.5416666666666666,0.6444444444444445
2585,object,no,1,0.09090909090909091,0.8181818181818182,1.0,1.0,0.6,0.4,0.6,0.4,0.4805194805194805,0.6,0.6,0.7666666666666667,0.7666666666666667,0.4666666666666667
2586,sentiment,no,0,0.5454545454545454,0.45454545454545453,0.0,1.0,0.2,0.6,0.2,0.6,0.5844155844155844,0.475,0.475,0.875,0.875,0.6444444444444445
2587,object,no,1,0.0,1.0,1.0,1.0,0.2,0.6,0.8,0.6,0.47619047619047616,0.875,0.6,0.6,0.875,0.4444444444444444
2588,attribute,no,1,1.0,1.0,0.2727272727272727,0.5636363636363636,1.0,1.0,0.0,1.0,0.5151515151515151,1.0,0.5416666666666666,0.4666666666666667,0.675,0.4444444444444444
2589,object,no,1,1.0,1.0,1.0,1.0,1.0,1.0,0.2,0.6,1.0,1.0,0.6,1.0,0.6,0.4666666666666667
2591,attribute,no,0,0.09090909090909091,0.8181818181818182,1.0,1.0,0.0,1.0,1.0,1.0,0.4805194805194805,0.875,0.5,0.5416666666666666,1.0,0.4444444444444444
2592,positional,no,1,1.0,1.0,1.0,1.0,1.0,1.0,0.6,0.4,1.0,1.0,0.7666666666666667,1.0,0.7666666666666667,0.6444444444444445
2593,counting,no,0,0.18181818181818182,0.6727272727272727,0.0,1.0,0.0,1.0,0.6,0.4,0.8268398268398268,0.7666666666666667,0.5416666666666666,1.0,0.675,0.5333333333333333
2594,sentiment,no,1,1.0,1.0,1.0,1.0,1.0,1.0,0.4,0.4,1.0,1.0,0.675,1.0,0.675,0.5333333333333333
2595,counting,no,0,1.0,1.0,0.0,1.0,1.0,1.0,0.2,0.6,0.47619047619047616,1.0,0.6,0.5416666666666666,0.875,0.4666666666666667
2596,counting,no,1,0.9090909090909091,0.8181818181818182,1.0,1.0,1.0,1.0,0.6,0.4,0.9090909090909091,0.875,0.675,1.0,0.7666666666666667,0.6444444444444445
2597,positional,no,1,0.8181818181818182,0.6727272727272727,1.0,1.0,1.0,1.0,0.6,0.4,0.8268398268398268,0.7666666666666667,0.6,1.0,0.7666666666666667,0.6444444444444445
2598,object,no,1,1.0,1.0,0.45454545454545453,0.45454545454545453,1.0,1.0,0.0,1.0,0.5844155844155844,1.0,0.5416666666666666,0.5,0.5416666666666666,0.4444444444444444
2599,object,no,0,1.0,1.0,0.5454545454545454,0.45454545454545453,0.6,0.4,0.8,0.6,0.6320346320346321,0.7666666666666667,0.875,0.475,0.5,0.5333333333333333
2600,counting,no,1,0.9090909090909091,0.8181818181818182,0.8181818181818182,0.6727272727272727,1.0,1.0,0.4,0.4,0.7532467532467533,0.875,0.6,0.7666666666666667,0.5416666666666666,0.5333333333333333
2601,sentiment,no,1,0.09090909090909091,0.8181818181818182,1.0,1.0,0.8,0.6,0.8,0.6,0.4805194805194805,0.5416666666666666,0.5416666666666666,0.875,0.875,0.6444444444444445
2602,object,no,1,1.0,1.0,0.36363636363636365,0.4909090909090909,1.0,1.0,0.2,0.6,0.5454545454545454,1.0,0.6,0.475,0.5416666666666666,0.4666666666666667
2603,object,no,0,1.0,1.0,0.0,1.0,0.8,0.6,0.4,0.4,0.47619047619047616,0.875,0.675,0.6,0.7666666666666667,0.4666666666666667
2604,object,no,0,1.0,1.0,0.0,1.0,0.8,0.6,0.0,1.0,0.47619047619047616,0.875,0.5416666666666666,0.6,1.0,0.4666666666666667
2605,positional,no,0,0.9090909090909091,0.8181818181818182,0.0,1.0,0.2,0.6,0.4,0.4,0.4805194805194805,0.5416666666666666,0.6,0.875,0.7666666666666667,0.5333333333333333
2606,positional,no,0,1.0,1.0,0.0,1.0,0.2,0.6,0.2,0.6,0.47619047619047616,0.6,0.6,0.875,0.875,0.6444444444444445
2607,attribute,no,0,0.0,1.0,1.0,1.0,0.0,1.0,1.0,1.0,0.47619047619047616,1.0,0.5416666666666666,0.5416666666666666,1.0,0.4444444444444444
2608,object,no,0,1.0,1.0,0.9090909090909091,0.8181818181818182,0.8,0.6,1.0,1.0,0.9090909090909091,0.875,1.0,0.7666666666666667,0.875,0.8
2609,attribute,no,1,1.0,1.0,0.8181818181818182,0.6727272727272727,1.0,1.0,0.4,0.4,0.8268398268398268,1.0,0.675,0.7666666666666667,0.5416666666666666,0.5333333333333333
2610,sentiment,no,1,1.0,1.0,1.0,1.0,1.0,1.0,0.2,0.6,1.0,1.0,0.6,1.0,0.6,0.4666666666666667
2611,counting,no,1,0.9090909090909091,0.8181818181818182,0.45454545454545453,0.45454545454545453,1.0,1.0,0.2,0.6,0.5454545454545454,0.875,0.5416666666666666,0.5,0.5,0.4666666666666667
2612,attribute,no,0,0.0,1.0,0.6363636363636364,0.4909090909090909,0.2,0.6,1.0,1.0,0.5454545454545454,0.875,0.5416666666666666,0.4666666666666667,0.6,0.4666666666666667
2613,object,no,0,1.0,1.0,0.0,1.0,0.8,0.6,0.6,0.4,0.47619047619047616,0.875,0.7666666666666667,0.6,0.675,0.5333333333333333
2614,object,no,0,0.9090909090909091,0.8181818181818182,0.0,1.0,0.6,0.4,0.6,0.4,0.4805194805194805,0.675,0.675,0.675,0.675,0.4666666666666667
2615,attribute,no,0,0.0,1.0,1.0,1.0,0.0,1.0,1.0,1.0,0.47619047619047616,1.0,0.5416666666666666,0.5416666666666666,1.0,0.4444444444444444
2617,attribute,no,0,0.9090909090909091,0.8181818181818182,1.0,1.0,0.4,0.4,1.0,1.0,0.9090909090909091,0.6,0.875,0.675,1.0,0.5333333333333333
2618,counting,no,1,0.0,1.0,1.0,1.0,0.8,0.6,0.6,0.4,0.47619047619047616,0.6,0.675,0.875,0.7666666666666667,0.5333333333333333
2619,positional,no,0,1.0,1.0,0.09090909090909091,0.8181818181818182,0.2,0.6,0.8,0.6,0.4805194805194805,0.6,0.875,0.7666666666666667,0.5416666666666666,0.4444444444444444
2620,attribute,no,0,0.0,1.0,0.6363636363636364,0.4909090909090909,0.0,1.0,1.0,1.0,0.5454545454545454,1.0,0.5416666666666666,0.475,0.6,0.4444444444444444
2621,counting,no,1,1.0,1.0,0.09090909090909091,0.8181818181818182,1.0,1.0,0.0,1.0,0.4805194805194805,1.0,0.5416666666666666,0.5,0.875,0.4444444444444444
2622,sentiment,no,1,0.7272727272727273,0.5636363636363636,1.0,1.0,0.8,0.6,0.8,0.6,0.7532467532467533,0.6,0.6,0.875,0.875,0.6444444444444445
2623,counting,no,1,1.0,1.0,1.0,1.0,1.0,1.0,0.6,0.4,1.0,1.0,0.7666666666666667,1.0,0.7666666666666667,0.6444444444444445
2624,attribute,no,1,1.0,1.0,0.0,1.0,1.0,1.0,0.0,1.0,0.47619047619047616,1.0,0.5416666666666666,0.5416666666666666,1.0,0.4444444444444444
2625,positional,no,1,1.0,1.0,0.09090909090909091,0.8181818181818182,1.0,1.0,0.0,1.0,0.4805194805194805,1.0,0.5416666666666666,0.5,0.875,0.4444444444444444
2626,object,no,0,1.0,1.0,0.0,1.0,0.8,0.6,0.4,0.4,0.47619047619047616,0.875,0.675,0.6,0.7666666666666667,0.4666666666666667
2627,object,no,1,1.0,1.0,1.0,1.0,1.0,1.0,0.4,0.4,1.0,1.0,0.675,1.0,0.675,0.5333333333333333
2628,object,no,1,1.0,1.0,1.0,1.0,0.8,0.6,0.4,0.4,1.0,0.875,0.675,0.875,0.675,0.4666666666666667
2629,object,no,0,1.0,1.0,0.0,1.0,1.0,1.0,0.6,0.4,0.47619047619047616,1.0,0.7666666666666667,0.5416666666666666,0.675,0.6444444444444445
2631,object,no,1,1.0,1.0,0.36363636363636365,0.4909090909090909,1.0,1.0,0.0,1.0,0.5454545454545454,1.0,0.5416666666666666,0.475,0.6,0.4444444444444444
2632,sentiment,no,1,1.0,1.0,1.0,1.0,1.0,1.0,1.0,1.0,1.0,1.0,1.0,1.0,1.0,1.0
2633,counting,no,1,1.0,1.0,1.0,1.0,0.6,0.4,0.6,0.4,1.0,0.7666666666666667,0.7666666666666667,0.7666666666666667,0.7666666666666667,0.4666666666666667
2634,object,no,1,1.0,1.0,0.09090909090909091,0.8181818181818182,1.0,1.0,0.0,1.0,0.4805194805194805,1.0,0.5416666666666666,0.5,0.875,0.4444444444444444
2635,attribute,no,0,1.0,1.0,1.0,1.0,0.8,0.6,1.0,1.0,1.0,0.875,1.0,0.875,1.0,0.8
2636,attribute,no,0,0.9090909090909091,0.8181818181818182,0.0,1.0,0.2,0.6,0.2,0.6,0.4805194805194805,0.5416666666666666,0.5416666666666666,0.875,0.875,0.6444444444444445
2638,object,no,0,0.36363636363636365,0.4909090909090909,0.7272727272727273,0.5636363636363636,0.4,0.4,0.8,0.6,0.4805194805194805,0.5,0.4666666666666667,0.5,0.6,0.4666666666666667
2639,attribute,no,0,0.0,1.0,0.7272727272727273,0.5636363636363636,0.0,1.0,0.6,0.4,0.5151515151515151,1.0,0.675,0.4666666666666667,0.5416666666666666,0.5333333333333333
2640,object,no,0,0.0,1.0,0.36363636363636365,0.4909090909090909,0.0,1.0,0.8,0.6,0.6883116883116883,1.0,0.6,0.6,0.4666666666666667,0.4666666666666667
2641,counting,no,1,1.0,1.0,0.09090909090909091,0.8181818181818182,1.0,1.0,0.0,1.0,0.4805194805194805,1.0,0.5416666666666666,0.5,0.875,0.4444444444444444
2642,object,no,0,1.0,1.0,0.0,1.0,0.8,0.6,0.0,1.0,0.47619047619047616,0.875,0.5416666666666666,0.6,1.0,0.4666666666666667
2643,sentiment,no,1,1.0,1.0,1.0,1.0,1.0,1.0,0.8,0.6,1.0,1.0,0.875,1.0,0.875,0.8
2644,sentiment,no,1,0.36363636363636365,0.4909090909090909,1.0,1.0,0.8,0.6,1.0,1.0,0.5454545454545454,0.4666666666666667,0.475,0.875,1.0,0.8
2645,attribute,no,0,0.9090909090909091,0.8181818181818182,0.8181818181818182,0.6727272727272727,0.4,0.4,1.0,1.0,0.7532467532467533,0.6,0.875,0.5416666666666666,0.7666666666666667,0.5333333333333333
2646,positional,no,1,1.0,1.0,1.0,1.0,1.0,1.0,0.4,0.4,1.0,1.0,0.675,1.0,0.675,0.5333333333333333
2647,attribute,no,1,1.0,1.0,0.0,1.0,1.0,1.0,0.0,1.0,0.47619047619047616,1.0,0.5416666666666666,0.5416666666666666,1.0,0.4444444444444444
2648,attribute,no,0,0.7272727272727273,0.5636363636363636,0.0,1.0,0.8,0.6,0.4,0.4,0.5151515151515151,0.6,0.5,0.6,0.7666666666666667,0.4666666666666667
2649,attribute,no,1,0.7272727272727273,0.5636363636363636,0.09090909090909091,0.8181818181818182,1.0,1.0,0.0,1.0,0.4935064935064935,0.675,0.4666666666666667,0.5,0.875,0.4444444444444444
2650,attribute,no,1,1.0,1.0,0.09090909090909091,0.8181818181818182,1.0,1.0,0.0,1.0,0.4805194805194805,1.0,0.5416666666666666,0.5,0.875,0.4444444444444444
2651,counting,no,1,1.0,1.0,1.0,1.0,1.0,1.0,0.2,0.6,1.0,1.0,0.6,1.0,0.6,0.4666666666666667
2652,object,no,0,1.0,1.0,0.0,1.0,1.0,1.0,0.2,0.6,0.47619047619047616,1.0,0.6,0.5416666666666666,0.875,0.4666666666666667
2653,sentiment,no,0,0.0,1.0,1.0,1.0,0.0,1.0,0.8,0.6,0.47619047619047616,1.0,0.6,0.5416666666666666,0.875,0.4666666666666667
2654,positional,no,1,0.5454545454545454,0.45454545454545453,0.2727272727272727,0.5636363636363636,1.0,1.0,0.0,1.0,0.4935064935064935,0.5416666666666666,0.5,0.4666666666666667,0.675,0.4444444444444444
2655,positional,no,0,0.6363636363636364,0.4909090909090909,0.0,1.0,0.4,0.4,0.0,1.0,0.5454545454545454,0.475,0.475,0.7666666666666667,1.0,0.6444444444444445
2656,positional,no,0,1.0,1.0,0.0,1.0,0.2,0.6,0.6,0.4,0.47619047619047616,0.6,0.7666666666666667,0.875,0.675,0.4666666666666667
2658,sentiment,no,0,1.0,1.0,0.0,1.0,1.0,1.0,0.0,1.0,0.47619047619047616,1.0,0.5416666666666666,0.5416666666666666,1.0,0.4444444444444444
2659,sentiment,no,1,0.9090909090909091,0.8181818181818182,0.36363636363636365,0.4909090909090909,0.6,0.4,0.2,0.6,0.5151515151515151,0.675,0.5416666666666666,0.475,0.5416666666666666,0.4666666666666667
2660,object,no,1,1.0,1.0,0.9090909090909091,0.8181818181818182,0.4,0.4,0.6,0.4,0.9090909090909091,0.675,0.7666666666666667,0.6,0.675,0.4444444444444444
2661,sentiment,no,0,0.0,1.0,0.0,1.0,0.0,1.0,0.2,0.6,1.0,1.0,0.875,1.0,0.875,0.8
2662,attribute,no,1,1.0,1.0,0.0,1.0,1.0,1.0,0.0,1.0,0.47619047619047616,1.0,0.5416666666666666,0.5416666666666666,1.0,0.4444444444444444
2663,positional,no,1,0.7272727272727273,0.5636363636363636,1.0,1.0,1.0,1.0,0.6,0.4,0.7532467532467533,0.675,0.5416666666666666,1.0,0.7666666666666667,0.6444444444444445
2664,sentiment,no,1,1.0,1.0,1.0,1.0,0.8,0.6,1.0,1.0,1.0,0.875,1.0,0.875,1.0,0.8
2665,object,no,1,1.0,1.0,0.18181818181818182,0.6727272727272727,1.0,1.0,0.2,0.6,0.4935064935064935,1.0,0.6,0.475,0.675,0.4666666666666667
2666,sentiment,no,1,1.0,1.0,1.0,1.0,1.0,1.0,0.8,0.6,1.0,1.0,0.875,1.0,0.875,0.8
2667,positional,no,0,0.7272727272727273,0.5636363636363636,0.18181818181818182,0.6727272727272727,0.2,0.6,0.6,0.4,0.4805194805194805,0.475,0.5416666666666666,0.675,0.5416666666666666,0.4666666666666667
2668,positional,no,0,1.0,1.0,0.5454545454545454,0.45454545454545453,0.2,0.6,0.8,0.6,0.6320346320346321,0.6,0.875,0.475,0.5,0.4444444444444444
2669,object,no,0,0.8181818181818182,0.6727272727272727,1.0,1.0,0.8,0.6,0.8,0.6,0.8268398268398268,0.675,0.675,0.875,0.875,0.6444444444444445
2670,attribute,no,1,1.0,1.0,0.0,1.0,1.0,1.0,0.0,1.0,0.47619047619047616,1.0,0.5416666666666666,0.5416666666666666,1.0,0.4444444444444444
2671,counting,no,1,1.0,1.0,0.0,1.0,1.0,1.0,0.0,1.0,0.47619047619047616,1.0,0.5416666666666666,0.5416666666666666,1.0,0.4444444444444444
2672,object,no,1,0.7272727272727273,0.5636363636363636,1.0,1.0,0.6,0.4,1.0,1.0,0.7532467532467533,0.5416666666666666,0.675,0.7666666666666667,1.0,0.6444444444444445
2673,positional,no,0,1.0,1.0,0.0,1.0,0.8,0.6,0.2,0.6,0.47619047619047616,0.875,0.6,0.6,0.875,0.4444444444444444
2675,counting,no,1,1.0,1.0,0.5454545454545454,0.45454545454545453,1.0,1.0,0.0,1.0,0.6320346320346321,1.0,0.5416666666666666,0.5416666666666666,0.5,0.4444444444444444
2676,counting,no,1,1.0,1.0,0.18181818181818182,0.6727272727272727,1.0,1.0,0.2,0.6,0.4935064935064935,1.0,0.6,0.475,0.675,0.4666666666666667
2678,object,no,0,1.0,1.0,0.0,1.0,1.0,1.0,0.2,0.6,0.47619047619047616,1.0,0.6,0.5416666666666666,0.875,0.4666666666666667
2679,object,no,0,1.0,1.0,1.0,1.0,0.4,0.4,0.8,0.6,1.0,0.675,0.875,0.675,0.875,0.4666666666666667
2680,positional,no,1,0.5454545454545454,0.45454545454545453,0.2727272727272727,0.5636363636363636,0.8,0.6,0.0,1.0,0.4935064935064935,0.5,0.5,0.475,0.675,0.4666666666666667
2682,attribute,no,1,1.0,1.0,0.9090909090909091,0.8181818181818182,1.0,1.0,0.8,0.6,0.9090909090909091,1.0,0.875,0.875,0.7666666666666667,0.8
2683,sentiment,no,1,1.0,1.0,0.18181818181818182,0.6727272727272727,1.0,1.0,0.4,0.4,0.4935064935064935,1.0,0.675,0.475,0.6,0.5333333333333333
2684,object,no,0,1.0,1.0,0.0,1.0,0.4,0.4,0.8,0.6,0.47619047619047616,0.675,0.875,0.7666666666666667,0.6,0.4666666666666667
2685,sentiment,no,0,1.0,1.0,0.0,1.0,0.8,0.6,0.4,0.4,0.47619047619047616,0.875,0.675,0.6,0.7666666666666667,0.4666666666666667
2686,positional,no,0,0.0,1.0,0.0,1.0,0.0,1.0,0.4,0.4,1.0,1.0,0.7666666666666667,1.0,0.7666666666666667,0.6444444444444445
2687,sentiment,no,1,0.09090909090909091,0.8181818181818182,0.45454545454545453,0.45454545454545453,0.6,0.4,0.4,0.4,0.5844155844155844,0.6,0.675,0.4666666666666667,0.475,0.4444444444444444
2688,sentiment,no,1,1.0,1.0,0.09090909090909091,0.8181818181818182,1.0,1.0,0.0,1.0,0.4805194805194805,1.0,0.5416666666666666,0.5,0.875,0.4444444444444444
2689,attribute,no,0,0.18181818181818182,0.6727272727272727,0.09090909090909091,0.8181818181818182,0.0,1.0,0.8,0.6,0.7532467532467533,0.7666666666666667,0.5,0.875,0.5416666666666666,0.4666666666666667
2690,attribute,no,0,0.0,1.0,1.0,1.0,0.2,0.6,1.0,1.0,0.47619047619047616,0.875,0.5416666666666666,0.6,1.0,0.4666666666666667
2691,attribute,no,0,1.0,1.0,0.0,1.0,0.8,0.6,0.4,0.4,0.47619047619047616,0.875,0.675,0.6,0.7666666666666667,0.4666666666666667
2692,object,no,1,1.0,1.0,0.18181818181818182,0.6727272727272727,0.4,0.4,0.0,1.0,0.4935064935064935,0.675,0.5416666666666666,0.6,0.7666666666666667,0.6444444444444445
2693,counting,no,1,0.8181818181818182,0.6727272727272727,1.0,1.0,1.0,1.0,0.6,0.4,0.8268398268398268,0.7666666666666667,0.6,1.0,0.7666666666666667,0.6444444444444445
2694,positional,no,1,1.0,1.0,0.0,1.0,1.0,1.0,0.0,1.0,0.47619047619047616,1.0,0.5416666666666666,0.5416666666666666,1.0,0.4444444444444444
2695,attribute,no,0,0.9090909090909091,0.8181818181818182,1.0,1.0,0.6,0.4,1.0,1.0,0.9090909090909091,0.675,0.875,0.7666666666666667,1.0,0.6444444444444445
2696,positional,no,0,1.0,1.0,0.0,1.0,0.2,0.6,0.8,0.6,0.47619047619047616,0.6,0.875,0.875,0.6,0.4444444444444444
2697,counting,no,1,1.0,1.0,0.36363636363636365,0.4909090909090909,1.0,1.0,0.0,1.0,0.5454545454545454,1.0,0.5416666666666666,0.475,0.6,0.4444444444444444
2698,counting,no,1,1.0,1.0,1.0,1.0,1.0,1.0,0.2,0.6,1.0,1.0,0.6,1.0,0.6,0.4666666666666667
2699,object,no,0,0.9090909090909091,0.8181818181818182,0.0,1.0,0.6,0.4,0.4,0.4,0.4805194805194805,0.675,0.6,0.675,0.7666666666666667,0.4444444444444444
2700,attribute,no,1,1.0,1.0,0.0,1.0,1.0,1.0,0.2,0.6,0.47619047619047616,1.0,0.6,0.5416666666666666,0.875,0.4666666666666667
2701,positional,no,1,0.2727272727272727,0.5636363636363636,1.0,1.0,0.4,0.4,0.6,0.4,0.5151515151515151,0.5416666666666666,0.5,0.675,0.7666666666666667,0.4444444444444444
2702,sentiment,no,0,1.0,1.0,0.0,1.0,0.8,0.6,0.4,0.4,0.47619047619047616,0.875,0.675,0.6,0.7666666666666667,0.4666666666666667
2703,attribute,no,1,1.0,1.0,1.0,1.0,1.0,1.0,0.4,0.4,1.0,1.0,0.675,1.0,0.675,0.5333333333333333
2704,object,no,1,1.0,1.0,0.09090909090909091,0.8181818181818182,1.0,1.0,0.0,1.0,0.4805194805194805,1.0,0.5416666666666666,0.5,0.875,0.4444444444444444
2705,object,no,0,0.0,1.0,0.0,1.0,0.0,1.0,0.8,0.6,1.0,1.0,0.6,1.0,0.6,0.4666666666666667
2706,counting,no,1,1.0,1.0,1.0,1.0,1.0,1.0,0.2,0.6,1.0,1.0,0.6,1.0,0.6,0.4666666666666667
2707,positional,no,1,1.0,1.0,0.09090909090909091,0.8181818181818182,1.0,1.0,0.0,1.0,0.4805194805194805,1.0,0.5416666666666666,0.5,0.875,0.4444444444444444
2708,object,no,1,0.18181818181818182,0.6727272727272727,1.0,1.0,0.4,0.4,1.0,1.0,0.4935064935064935,0.6,0.475,0.675,1.0,0.5333333333333333
2710,counting,no,1,1.0,1.0,0.36363636363636365,0.4909090909090909,1.0,1.0,0.0,1.0,0.5454545454545454,1.0,0.5416666666666666,0.475,0.6,0.4444444444444444
2711,positional,no,1,0.9090909090909091,0.8181818181818182,0.09090909090909091,0.8181818181818182,1.0,1.0,0.0,1.0,0.47619047619047616,0.875,0.5,0.5,0.875,0.4444444444444444
2712,attribute,no,0,0.09090909090909091,0.8181818181818182,0.0,1.0,0.0,1.0,0.2,0.6,0.9090909090909091,0.875,0.7666666666666667,1.0,0.875,0.8
2713,sentiment,no,0,1.0,1.0,0.0,1.0,0.6,0.4,0.4,0.4,0.47619047619047616,0.7666666666666667,0.675,0.675,0.7666666666666667,0.4444444444444444
2714,attribute,no,0,1.0,1.0,1.0,1.0,0.8,0.6,1.0,1.0,1.0,0.875,1.0,0.875,1.0,0.8
2715,object,no,0,0.9090909090909091,0.8181818181818182,1.0,1.0,0.8,0.6,1.0,1.0,0.9090909090909091,0.7666666666666667,0.875,0.875,1.0,0.8
2717,positional,no,1,0.0,1.0,0.09090909090909091,0.8181818181818182,0.8,0.6,0.0,1.0,0.9090909090909091,0.6,1.0,0.5416666666666666,0.875,0.4666666666666667
2718,sentiment,no,1,1.0,1.0,1.0,1.0,1.0,1.0,0.8,0.6,1.0,1.0,0.875,1.0,0.875,0.8
2719,counting,no,1,0.6363636363636364,0.4909090909090909,0.45454545454545453,0.45454545454545453,1.0,1.0,0.6,0.4,0.4805194805194805,0.6,0.5,0.5,0.4666666666666667,0.6444444444444445
2720,attribute,no,0,1.0,1.0,0.0,1.0,0.6,0.4,0.4,0.4,0.47619047619047616,0.7666666666666667,0.675,0.675,0.7666666666666667,0.4444444444444444
2721,object,no,1,0.6363636363636364,0.4909090909090909,1.0,1.0,0.4,0.4,0.6,0.4,0.6883116883116883,0.475,0.5,0.675,0.7666666666666667,0.4444444444444444
2722,sentiment,no,0,0.09090909090909091,0.8181818181818182,0.0,1.0,0.2,0.6,0.0,1.0,0.9090909090909091,0.7666666666666667,0.875,0.875,1.0,0.8
2723,attribute,no,1,0.7272727272727273,0.5636363636363636,0.0,1.0,1.0,1.0,0.0,1.0,0.5151515151515151,0.675,0.4666666666666667,0.5416666666666666,1.0,0.4444444444444444
2724,attribute,no,1,1.0,1.0,0.0,1.0,1.0,1.0,0.0,1.0,0.47619047619047616,1.0,0.5416666666666666,0.5416666666666666,1.0,0.4444444444444444
2725,attribute,no,0,0.0,1.0,0.18181818181818182,0.6727272727272727,0.0,1.0,0.8,0.6,0.8268398268398268,1.0,0.6,0.7666666666666667,0.5,0.4666666666666667
2726,sentiment,no,1,1.0,1.0,0.9090909090909091,0.8181818181818182,1.0,1.0,0.8,0.6,0.9090909090909091,1.0,0.875,0.875,0.7666666666666667,0.8
2727,counting,no,1,1.0,1.0,0.09090909090909091,0.8181818181818182,1.0,1.0,0.2,0.6,0.4805194805194805,1.0,0.6,0.5,0.7666666666666667,0.4666666666666667
2728,sentiment,no,1,0.5454545454545454,0.45454545454545453,1.0,1.0,1.0,1.0,0.4,0.4,0.6320346320346321,0.5416666666666666,0.4666666666666667,1.0,0.675,0.5333333333333333
2729,object,no,0,0.09090909090909091,0.8181818181818182,0.0,1.0,0.2,0.6,0.6,0.4,0.9090909090909091,0.7666666666666667,0.6,0.875,0.675,0.4666666666666667
2730,object,no,0,1.0,1.0,0.0,1.0,0.2,0.6,0.6,0.4,0.47619047619047616,0.6,0.7666666666666667,0.875,0.675,0.4666666666666667
2731,positional,no,1,1.0,1.0,0.5454545454545454,0.45454545454545453,1.0,1.0,0.0,1.0,0.6320346320346321,1.0,0.5416666666666666,0.5416666666666666,0.5,0.4444444444444444
2732,counting,no,1,1.0,1.0,1.0,1.0,1.0,1.0,0.4,0.4,1.0,1.0,0.675,1.0,0.675,0.5333333333333333
2733,object,no,1,1.0,1.0,1.0,1.0,1.0,1.0,0.6,0.4,1.0,1.0,0.7666666666666667,1.0,0.7666666666666667,0.6444444444444445
2734,object,no,1,0.45454545454545453,0.45454545454545453,1.0,1.0,1.0,1.0,0.4,0.4,0.5844155844155844,0.5,0.475,1.0,0.675,0.5333333333333333
2737,object,no,0,1.0,1.0,0.6363636363636364,0.4909090909090909,1.0,1.0,0.8,0.6,0.6883116883116883,1.0,0.875,0.6,0.5416666666666666,0.8
2738,object,no,1,1.0,1.0,0.9090909090909091,0.8181818181818182,1.0,1.0,0.4,0.4,0.9090909090909091,1.0,0.675,0.875,0.6,0.5333333333333333
2739,attribute,no,1,0.7272727272727273,0.5636363636363636,1.0,1.0,1.0,1.0,0.8,0.6,0.7532467532467533,0.675,0.6,1.0,0.875,0.8
2741,object,no,0,1.0,1.0,0.2727272727272727,0.5636363636363636,0.8,0.6,0.6,0.4,0.5151515151515151,0.875,0.7666666666666667,0.475,0.5,0.5333333333333333
2743,sentiment,no,0,0.7272727272727273,0.5636363636363636,0.0,1.0,0.4,0.4,0.4,0.4,0.5151515151515151,0.5,0.5,0.7666666666666667,0.7666666666666667,0.4666666666666667
2745,object,no,0,1.0,1.0,0.0,1.0,0.8,0.6,0.6,0.4,0.47619047619047616,0.875,0.7666666666666667,0.6,0.675,0.5333333333333333
2746,attribute,no,0,0.8181818181818182,0.6727272727272727,0.09090909090909091,0.8181818181818182,0.2,0.6,0.4,0.4,0.4805194805194805,0.5,0.5416666666666666,0.7666666666666667,0.675,0.5333333333333333
2747,positional,no,1,0.45454545454545453,0.45454545454545453,1.0,1.0,1.0,1.0,0.8,0.6,0.5844155844155844,0.5,0.475,1.0,0.875,0.8
2749,positional,no,1,1.0,1.0,1.0,1.0,1.0,1.0,0.8,0.6,1.0,1.0,0.875,1.0,0.875,0.8
2750,object,no,0,0.09090909090909091,0.8181818181818182,1.0,1.0,0.4,0.4,0.8,0.6,0.4805194805194805,0.675,0.5416666666666666,0.675,0.875,0.4666666666666667
2751,positional,no,1,0.2727272727272727,0.5636363636363636,1.0,1.0,0.6,0.4,0.6,0.4,0.5151515151515151,0.5,0.5,0.7666666666666667,0.7666666666666667,0.4666666666666667
2752,counting,no,1,1.0,1.0,0.36363636363636365,0.4909090909090909,1.0,1.0,0.4,0.4,0.5454545454545454,1.0,0.675,0.475,0.5,0.5333333333333333
2753,counting,no,1,0.9090909090909091,0.8181818181818182,0.45454545454545453,0.45454545454545453,1.0,1.0,0.0,1.0,0.5454545454545454,0.875,0.5,0.5,0.5416666666666666,0.4444444444444444
2754,object,no,1,1.0,1.0,1.0,1.0,1.0,1.0,0.8,0.6,1.0,1.0,0.875,1.0,0.875,0.8
2755,counting,no,1,1.0,1.0,0.18181818181818182,0.6727272727272727,1.0,1.0,0.0,1.0,0.4935064935064935,1.0,0.5416666666666666,0.475,0.7666666666666667,0.4444444444444444
2756,attribute,no,0,0.2727272727272727,0.5636363636363636,1.0,1.0,0.0,1.0,1.0,1.0,0.5151515151515151,0.675,0.4666666666666667,0.5416666666666666,1.0,0.4444444444444444
2757,sentiment,no,0,0.9090909090909091,0.8181818181818182,1.0,1.0,1.0,1.0,0.8,0.6,0.9090909090909091,0.875,0.7666666666666667,1.0,0.875,0.8
2758,counting,no,1,1.0,1.0,1.0,1.0,1.0,1.0,0.8,0.6,1.0,1.0,0.875,1.0,0.875,0.8
2759,attribute,no,1,1.0,1.0,0.0,1.0,1.0,1.0,0.0,1.0,0.47619047619047616,1.0,0.5416666666666666,0.5416666666666666,1.0,0.4444444444444444
2760,counting,no,0,0.9090909090909091,0.8181818181818182,0.0,1.0,0.8,0.6,0.2,0.6,0.4805194805194805,0.7666666666666667,0.5416666666666666,0.6,0.875,0.4444444444444444
2761,positional,no,1,1.0,1.0,0.8181818181818182,0.6727272727272727,1.0,1.0,0.4,0.4,0.8268398268398268,1.0,0.675,0.7666666666666667,0.5416666666666666,0.5333333333333333
2763,object,no,1,0.7272727272727273,0.5636363636363636,1.0,1.0,0.8,0.6,0.6,0.4,0.7532467532467533,0.6,0.5416666666666666,0.875,0.7666666666666667,0.5333333333333333
2764,attribute,no,0,0.09090909090909091,0.8181818181818182,0.18181818181818182,0.6727272727272727,0.0,1.0,0.4,0.4,0.7532467532467533,0.875,0.675,0.7666666666666667,0.6,0.6444444444444445
2765,positional,no,0,0.2727272727272727,0.5636363636363636,0.0,1.0,0.2,0.6,0.8,0.6,0.7532467532467533,0.6,0.475,0.875,0.6,0.4444444444444444
2766,positional,no,1,0.0,1.0,1.0,1.0,0.0,1.0,1.0,1.0,0.47619047619047616,1.0,0.5416666666666666,0.5416666666666666,1.0,0.4444444444444444
2767,sentiment,no,0,1.0,1.0,0.09090909090909091,0.8181818181818182,0.8,0.6,0.2,0.6,0.4805194805194805,0.875,0.6,0.5416666666666666,0.7666666666666667,0.4444444444444444
2768,object,no,1,1.0,1.0,1.0,1.0,1.0,1.0,0.6,0.4,1.0,1.0,0.7666666666666667,1.0,0.7666666666666667,0.6444444444444445
2769,attribute,no,0,0.7272727272727273,0.5636363636363636,0.6363636363636364,0.4909090909090909,0.8,0.6,1.0,1.0,0.5454545454545454,0.6,0.675,0.5416666666666666,0.6,0.8
2770,positional,no,0,0.18181818181818182,0.6727272727272727,0.18181818181818182,0.6727272727272727,0.2,0.6,0.6,0.4,0.6883116883116883,0.675,0.5416666666666666,0.675,0.5416666666666666,0.4666666666666667
2771,object,no,0,0.5454545454545454,0.45454545454545453,0.36363636363636365,0.4909090909090909,0.8,0.6,0.8,0.6,0.4805194805194805,0.5,0.5,0.4666666666666667,0.4666666666666667,0.6444444444444445
2772,object,no,0,1.0,1.0,0.0,1.0,0.6,0.4,0.0,1.0,0.47619047619047616,0.7666666666666667,0.5416666666666666,0.675,1.0,0.5333333333333333
2773,attribute,no,1,1.0,1.0,0.09090909090909091,0.8181818181818182,1.0,1.0,0.4,0.4,0.4805194805194805,1.0,0.675,0.5,0.675,0.5333333333333333
2774,object,no,1,1.0,1.0,1.0,1.0,1.0,1.0,0.8,0.6,1.0,1.0,0.875,1.0,0.875,0.8
2775,object,no,1,0.09090909090909091,0.8181818181818182,1.0,1.0,0.6,0.4,1.0,1.0,0.4805194805194805,0.6,0.5,0.7666666666666667,1.0,0.6444444444444445
2776,object,no,1,0.6363636363636364,0.4909090909090909,1.0,1.0,1.0,1.0,0.2,0.6,0.6883116883116883,0.6,0.4666666666666667,1.0,0.6,0.4666666666666667
2777,object,no,1,1.0,1.0,1.0,1.0,1.0,1.0,0.8,0.6,1.0,1.0,0.875,1.0,0.875,0.8
2778,object,no,1,0.9090909090909091,0.8181818181818182,1.0,1.0,1.0,1.0,0.2,0.6,0.9090909090909091,0.875,0.5416666666666666,1.0,0.6,0.4666666666666667
2779,counting,no,1,1.0,1.0,1.0,1.0,1.0,1.0,0.4,0.4,1.0,1.0,0.675,1.0,0.675,0.5333333333333333
2780,positional,no,0,0.09090909090909091,0.8181818181818182,0.5454545454545454,0.45454545454545453,0.0,1.0,1.0,1.0,0.5454545454545454,0.875,0.5,0.5,0.5416666666666666,0.4444444444444444
2781,counting,no,1,1.0,1.0,0.45454545454545453,0.45454545454545453,1.0,1.0,0.2,0.6,0.5844155844155844,1.0,0.6,0.5,0.5,0.4666666666666667
2782,object,no,0,0.7272727272727273,0.5636363636363636,0.0,1.0,0.6,0.4,0.8,0.6,0.5151515151515151,0.5416666666666666,0.6,0.675,0.6,0.5333333333333333
2783,attribute,no,1,1.0,1.0,1.0,1.0,1.0,1.0,0.2,0.6,1.0,1.0,0.6,1.0,0.6,0.4666666666666667
2784,attribute,no,0,0.0,1.0,0.9090909090909091,0.8181818181818182,0.0,1.0,1.0,1.0,0.4805194805194805,1.0,0.5416666666666666,0.5,0.875,0.4444444444444444
2785,attribute,no,0,0.0,1.0,0.9090909090909091,0.8181818181818182,0.0,1.0,0.8,0.6,0.4805194805194805,1.0,0.6,0.5,0.7666666666666667,0.4666666666666667
2786,counting,no,1,1.0,1.0,1.0,1.0,1.0,1.0,0.2,0.6,1.0,1.0,0.6,1.0,0.6,0.4666666666666667
2787,object,no,1,1.0,1.0,0.5454545454545454,0.45454545454545453,1.0,1.0,0.2,0.6,0.6320346320346321,1.0,0.6,0.5416666666666666,0.475,0.4666666666666667
2789,object,no,0,0.9090909090909091,0.8181818181818182,0.0,1.0,0.4,0.4,0.0,1.0,0.4805194805194805,0.6,0.5,0.7666666666666667,1.0,0.6444444444444445
2790,counting,no,1,1.0,1.0,0.36363636363636365,0.4909090909090909,1.0,1.0,0.0,1.0,0.5454545454545454,1.0,0.5416666666666666,0.475,0.6,0.4444444444444444
2791,sentiment,no,1,1.0,1.0,1.0,1.0,1.0,1.0,0.8,0.6,1.0,1.0,0.875,1.0,0.875,0.8
2792,object,no,0,0.0,1.0,1.0,1.0,0.4,0.4,1.0,1.0,0.47619047619047616,0.7666666666666667,0.5416666666666666,0.675,1.0,0.5333333333333333
2793,positional,no,1,0.0,1.0,1.0,1.0,0.6,0.4,0.4,0.4,0.47619047619047616,0.675,0.7666666666666667,0.7666666666666667,0.675,0.4444444444444444
2795,positional,no,1,1.0,1.0,0.0,1.0,1.0,1.0,0.0,1.0,0.47619047619047616,1.0,0.5416666666666666,0.5416666666666666,1.0,0.4444444444444444
2796,object,no,1,1.0,1.0,0.6363636363636364,0.4909090909090909,0.8,0.6,0.0,1.0,0.6883116883116883,0.875,0.5416666666666666,0.5416666666666666,0.475,0.4666666666666667
2797,object,no,0,0.7272727272727273,0.5636363636363636,1.0,1.0,0.6,0.4,0.8,0.6,0.7532467532467533,0.5416666666666666,0.6,0.7666666666666667,0.875,0.5333333333333333
2798,positional,no,1,1.0,1.0,1.0,1.0,1.0,1.0,1.0,1.0,1.0,1.0,1.0,1.0,1.0,1.0
2799,object,no,0,0.36363636363636365,0.4909090909090909,0.0,1.0,0.2,0.6,0.6,0.4,0.6883116883116883,0.5416666666666666,0.475,0.875,0.675,0.4666666666666667
2800,attribute,no,0,0.9090909090909091,0.8181818181818182,0.9090909090909091,0.8181818181818182,0.2,0.6,1.0,1.0,0.8268398268398268,0.5416666666666666,0.875,0.5416666666666666,0.875,0.4666666666666667
2801,attribute,no,0,0.0,1.0,1.0,1.0,0.0,1.0,1.0,1.0,0.47619047619047616,1.0,0.5416666666666666,0.5416666666666666,1.0,0.4444444444444444
2802,positional,no,1,1.0,1.0,0.7272727272727273,0.5636363636363636,1.0,1.0,0.2,0.6,0.7532467532467533,1.0,0.6,0.675,0.475,0.4666666666666667
2803,attribute,no,0,0.18181818181818182,0.6727272727272727,1.0,1.0,0.0,1.0,0.6,0.4,0.4935064935064935,0.7666666666666667,0.5416666666666666,0.5416666666666666,0.7666666666666667,0.5333333333333333
2804,sentiment,no,0,0.0,1.0,1.0,1.0,0.2,0.6,0.8,0.6,0.47619047619047616,0.875,0.6,0.6,0.875,0.4444444444444444
2805,positional,no,1,0.7272727272727273,0.5636363636363636,1.0,1.0,0.8,0.6,0.8,0.6,0.7532467532467533,0.6,0.6,0.875,0.875,0.6444444444444445
2806,positional,no,1,1.0,1.0,0.2727272727272727,0.5636363636363636,1.0,1.0,0.0,1.0,0.5151515151515151,1.0,0.5416666666666666,0.4666666666666667,0.675,0.4444444444444444
2807,object,no,0,1.0,1.0,0.9090909090909091,0.8181818181818182,1.0,1.0,0.8,0.6,0.9090909090909091,1.0,0.875,0.875,0.7666666666666667,0.8
2808,object,no,1,1.0,1.0,1.0,1.0,1.0,1.0,1.0,1.0,1.0,1.0,1.0,1.0,1.0,1.0
2809,counting,no,1,0.9090909090909091,0.8181818181818182,1.0,1.0,1.0,1.0,1.0,1.0,0.9090909090909091,0.875,0.875,1.0,1.0,1.0
2810,sentiment,no,1,1.0,1.0,0.09090909090909091,0.8181818181818182,1.0,1.0,0.0,1.0,0.4805194805194805,1.0,0.5416666666666666,0.5,0.875,0.4444444444444444
2811,counting,no,1,0.9090909090909091,0.8181818181818182,0.36363636363636365,0.4909090909090909,1.0,1.0,0.0,1.0,0.5151515151515151,0.875,0.5,0.475,0.6,0.4444444444444444
2812,object,no,0,0.0,1.0,0.8181818181818182,0.6727272727272727,0.0,1.0,1.0,1.0,0.4935064935064935,1.0,0.5416666666666666,0.475,0.7666666666666667,0.4444444444444444
2813,object,no,0,0.09090909090909091,0.8181818181818182,0.9090909090909091,0.8181818181818182,0.2,0.6,0.8,0.6,0.47619047619047616,0.7666666666666667,0.5416666666666666,0.5416666666666666,0.7666666666666667,0.4444444444444444
2814,attribute,no,0,1.0,1.0,1.0,1.0,0.6,0.4,0.8,0.6,1.0,0.7666666666666667,0.875,0.7666666666666667,0.875,0.5333333333333333
2815,object,no,1,1.0,1.0,0.0,1.0,1.0,1.0,0.0,1.0,0.47619047619047616,1.0,0.5416666666666666,0.5416666666666666,1.0,0.4444444444444444
2816,object,no,1,1.0,1.0,0.0,1.0,1.0,1.0,0.0,1.0,0.47619047619047616,1.0,0.5416666666666666,0.5416666666666666,1.0,0.4444444444444444
2817,sentiment,no,1,1.0,1.0,1.0,1.0,1.0,1.0,0.2,0.6,1.0,1.0,0.6,1.0,0.6,0.4666666666666667
2818,attribute,no,1,0.9090909090909091,0.8181818181818182,0.9090909090909091,0.8181818181818182,1.0,1.0,0.2,0.6,0.8268398268398268,0.875,0.5416666666666666,0.875,0.5416666666666666,0.4666666666666667
2819,object,no,0,0.7272727272727273,0.5636363636363636,0.9090909090909091,0.8181818181818182,0.8,0.6,1.0,1.0,0.6883116883116883,0.6,0.675,0.7666666666666667,0.875,0.8
2820,counting,no,1,0.9090909090909091,0.8181818181818182,1.0,1.0,1.0,1.0,0.4,0.4,0.9090909090909091,0.875,0.6,1.0,0.675,0.5333333333333333
2822,attribute,no,1,1.0,1.0,0.0,1.0,1.0,1.0,0.0,1.0,0.47619047619047616,1.0,0.5416666666666666,0.5416666666666666,1.0,0.4444444444444444
2823,positional,no,1,0.9090909090909091,0.8181818181818182,0.8181818181818182,0.6727272727272727,1.0,1.0,0.2,0.6,0.7532467532467533,0.875,0.5416666666666666,0.7666666666666667,0.5,0.4666666666666667
2824,attribute,no,1,1.0,1.0,0.2727272727272727,0.5636363636363636,1.0,1.0,0.0,1.0,0.5151515151515151,1.0,0.5416666666666666,0.4666666666666667,0.675,0.4444444444444444
2825,positional,no,1,0.0,1.0,1.0,1.0,0.8,0.6,0.6,0.4,0.47619047619047616,0.6,0.675,0.875,0.7666666666666667,0.5333333333333333
2826,positional,no,1,1.0,1.0,0.09090909090909091,0.8181818181818182,1.0,1.0,0.0,1.0,0.4805194805194805,1.0,0.5416666666666666,0.5,0.875,0.4444444444444444
2828,object,no,1,1.0,1.0,0.0,1.0,0.8,0.6,0.0,1.0,0.47619047619047616,0.875,0.5416666666666666,0.6,1.0,0.4666666666666667
2829,object,no,1,1.0,1.0,0.9090909090909091,0.8181818181818182,1.0,1.0,0.4,0.4,0.9090909090909091,1.0,0.675,0.875,0.6,0.5333333333333333
2830,attribute,no,0,0.36363636363636365,0.4909090909090909,0.8181818181818182,0.6727272727272727,0.0,1.0,0.8,0.6,0.4935064935064935,0.6,0.4666666666666667,0.475,0.675,0.4666666666666667
2831,object,no,1,0.9090909090909091,0.8181818181818182,1.0,1.0,1.0,1.0,0.4,0.4,0.9090909090909091,0.875,0.6,1.0,0.675,0.5333333333333333
2832,attribute,no,0,1.0,1.0,0.09090909090909091,0.8181818181818182,0.2,0.6,0.8,0.6,0.4805194805194805,0.6,0.875,0.7666666666666667,0.5416666666666666,0.4444444444444444
2833,counting,no,1,0.9090909090909091,0.8181818181818182,1.0,1.0,1.0,1.0,0.6,0.4,0.9090909090909091,0.875,0.675,1.0,0.7666666666666667,0.6444444444444445
2834,object,no,1,1.0,1.0,1.0,1.0,0.8,0.6,0.6,0.4,1.0,0.875,0.7666666666666667,0.875,0.7666666666666667,0.5333333333333333
2835,object,no,0,0.09090909090909091,0.8181818181818182,0.0,1.0,0.4,0.4,0.0,1.0,0.9090909090909091,0.675,0.875,0.7666666666666667,1.0,0.6444444444444445
2836,attribute,no,1,1.0,1.0,1.0,1.0,0.8,0.6,0.8,0.6,1.0,0.875,0.875,0.875,0.875,0.6444444444444445
2837,object,no,0,0.6363636363636364,0.4909090909090909,0.18181818181818182,0.6727272727272727,0.8,0.6,0.6,0.4,0.4935064935064935,0.5416666666666666,0.5,0.5,0.5416666666666666,0.5333333333333333
2838,object,no,1,1.0,1.0,1.0,1.0,1.0,1.0,1.0,1.0,1.0,1.0,1.0,1.0,1.0,1.0
2839,sentiment,no,1,0.9090909090909091,0.8181818181818182,1.0,1.0,1.0,1.0,0.8,0.6,0.9090909090909091,0.875,0.7666666666666667,1.0,0.875,0.8
2840,sentiment,no,1,1.0,1.0,1.0,1.0,1.0,1.0,0.4,0.4,1.0,1.0,0.675,1.0,0.675,0.5333333333333333
2841,counting,no,0,0.2727272727272727,0.5636363636363636,0.18181818181818182,0.6727272727272727,0.0,1.0,0.4,0.4,0.6320346320346321,0.675,0.5416666666666666,0.7666666666666667,0.6,0.6444444444444445
2842,attribute,no,0,0.0,1.0,0.9090909090909091,0.8181818181818182,0.0,1.0,1.0,1.0,0.4805194805194805,1.0,0.5416666666666666,0.5,0.875,0.4444444444444444
2843,object,no,0,1.0,1.0,0.0,1.0,1.0,1.0,0.0,1.0,0.47619047619047616,1.0,0.5416666666666666,0.5416666666666666,1.0,0.4444444444444444
2844,object,no,0,0.7272727272727273,0.5636363636363636,1.0,1.0,0.8,0.6,0.8,0.6,0.7532467532467533,0.6,0.6,0.875,0.875,0.6444444444444445
2845,attribute,no,1,0.6363636363636364,0.4909090909090909,0.8181818181818182,0.6727272727272727,1.0,1.0,0.2,0.6,0.5844155844155844,0.6,0.4666666666666667,0.7666666666666667,0.5,0.4666666666666667
2846,object,no,0,1.0,1.0,0.0,1.0,1.0,1.0,0.2,0.6,0.47619047619047616,1.0,0.6,0.5416666666666666,0.875,0.4666666666666667
2847,positional,no,1,0.9090909090909091,0.8181818181818182,0.36363636363636365,0.4909090909090909,1.0,1.0,0.0,1.0,0.5151515151515151,0.875,0.5,0.475,0.6,0.4444444444444444
2848,positional,no,1,0.9090909090909091,0.8181818181818182,0.18181818181818182,0.6727272727272727,0.8,0.6,0.2,0.6,0.4805194805194805,0.7666666666666667,0.5416666666666666,0.5,0.675,0.4444444444444444
2850,attribute,no,0,0.09090909090909091,0.8181818181818182,0.5454545454545454,0.45454545454545453,0.0,1.0,1.0,1.0,0.5454545454545454,0.875,0.5,0.5,0.5416666666666666,0.4444444444444444
2851,object,no,0,1.0,1.0,0.0,1.0,0.8,0.6,0.4,0.4,0.47619047619047616,0.875,0.675,0.6,0.7666666666666667,0.4666666666666667
2852,sentiment,no,0,0.0,1.0,0.9090909090909091,0.8181818181818182,0.4,0.4,0.8,0.6,0.4805194805194805,0.7666666666666667,0.6,0.6,0.7666666666666667,0.4666666666666667
2854,counting,no,0,1.0,1.0,0.0,1.0,1.0,1.0,0.0,1.0,0.47619047619047616,1.0,0.5416666666666666,0.5416666666666666,1.0,0.4444444444444444
2856,object,no,1,1.0,1.0,1.0,1.0,1.0,1.0,1.0,1.0,1.0,1.0,1.0,1.0,1.0,1.0
2857,attribute,no,0,0.5454545454545454,0.45454545454545453,1.0,1.0,0.2,0.6,1.0,1.0,0.6320346320346321,0.475,0.5416666666666666,0.6,1.0,0.4666666666666667
2858,positional,no,1,0.09090909090909091,0.8181818181818182,1.0,1.0,0.8,0.6,0.4,0.4,0.4805194805194805,0.5416666666666666,0.675,0.875,0.675,0.4666666666666667
2859,attribute,no,0,0.0,1.0,1.0,1.0,0.0,1.0,1.0,1.0,0.47619047619047616,1.0,0.5416666666666666,0.5416666666666666,1.0,0.4444444444444444
2860,object,no,1,0.18181818181818182,0.6727272727272727,1.0,1.0,0.6,0.4,0.6,0.4,0.4935064935064935,0.5416666666666666,0.5416666666666666,0.7666666666666667,0.7666666666666667,0.4666666666666667
2861,attribute,no,1,0.8181818181818182,0.6727272727272727,0.8181818181818182,0.6727272727272727,1.0,1.0,0.4,0.4,0.6883116883116883,0.7666666666666667,0.5416666666666666,0.7666666666666667,0.5416666666666666,0.5333333333333333
2862,sentiment,no,1,0.36363636363636365,0.4909090909090909,1.0,1.0,0.4,0.4,1.0,1.0,0.5454545454545454,0.5,0.475,0.675,1.0,0.5333333333333333
2863,attribute,no,0,0.36363636363636365,0.4909090909090909,0.0,1.0,0.2,0.6,0.0,1.0,0.6883116883116883,0.5416666666666666,0.6,0.875,1.0,0.8
2864,object,no,0,0.09090909090909091,0.8181818181818182,0.0,1.0,0.0,1.0,0.0,1.0,0.9090909090909091,0.875,0.875,1.0,1.0,1.0
2865,attribute,no,0,0.8181818181818182,0.6727272727272727,0.9090909090909091,0.8181818181818182,0.2,0.6,1.0,1.0,0.7532467532467533,0.5,0.7666666666666667,0.5416666666666666,0.875,0.4666666666666667
2866,positional,no,0,0.0,1.0,1.0,1.0,0.0,1.0,1.0,1.0,0.47619047619047616,1.0,0.5416666666666666,0.5416666666666666,1.0,0.4444444444444444
2867,object,no,1,1.0,1.0,1.0,1.0,1.0,1.0,0.2,0.6,1.0,1.0,0.6,1.0,0.6,0.4666666666666667
2868,sentiment,no,0,1.0,1.0,0.8181818181818182,0.6727272727272727,1.0,1.0,0.8,0.6,0.8268398268398268,1.0,0.875,0.7666666666666667,0.675,0.8
2869,attribute,no,0,0.09090909090909091,0.8181818181818182,1.0,1.0,0.0,1.0,1.0,1.0,0.4805194805194805,0.875,0.5,0.5416666666666666,1.0,0.4444444444444444
2870,counting,no,1,1.0,1.0,0.45454545454545453,0.45454545454545453,1.0,1.0,0.0,1.0,0.5844155844155844,1.0,0.5416666666666666,0.5,0.5416666666666666,0.4444444444444444
2871,attribute,no,0,0.0,1.0,0.9090909090909091,0.8181818181818182,0.0,1.0,1.0,1.0,0.4805194805194805,1.0,0.5416666666666666,0.5,0.875,0.4444444444444444
2872,counting,no,0,0.18181818181818182,0.6727272727272727,0.6363636363636364,0.4909090909090909,0.0,1.0,1.0,1.0,0.4935064935064935,0.7666666666666667,0.475,0.475,0.6,0.4444444444444444
2873,counting,no,1,0.9090909090909091,0.8181818181818182,0.09090909090909091,0.8181818181818182,1.0,1.0,0.0,1.0,0.47619047619047616,0.875,0.5,0.5,0.875,0.4444444444444444
2874,counting,no,1,0.8181818181818182,0.6727272727272727,0.45454545454545453,0.45454545454545453,1.0,1.0,0.0,1.0,0.5151515151515151,0.7666666666666667,0.475,0.5,0.5416666666666666,0.4444444444444444
2875,object,no,0,0.18181818181818182,0.6727272727272727,0.45454545454545453,0.45454545454545453,0.2,0.6,0.8,0.6,0.5454545454545454,0.675,0.5,0.5,0.475,0.4444444444444444
2876,object,no,0,0.8181818181818182,0.6727272727272727,0.0,1.0,0.2,0.6,0.4,0.4,0.4935064935064935,0.5,0.5416666666666666,0.875,0.7666666666666667,0.5333333333333333
2877,attribute,no,1,1.0,1.0,0.0,1.0,1.0,1.0,0.0,1.0,0.47619047619047616,1.0,0.5416666666666666,0.5416666666666666,1.0,0.4444444444444444
2878,positional,no,1,1.0,1.0,1.0,1.0,1.0,1.0,0.8,0.6,1.0,1.0,0.875,1.0,0.875,0.8
2879,object,no,1,1.0,1.0,1.0,1.0,1.0,1.0,0.8,0.6,1.0,1.0,0.875,1.0,0.875,0.8
2880,object,no,1,0.7272727272727273,0.5636363636363636,1.0,1.0,1.0,1.0,0.8,0.6,0.7532467532467533,0.675,0.6,1.0,0.875,0.8
2881,sentiment,no,1,1.0,1.0,1.0,1.0,0.8,0.6,0.6,0.4,1.0,0.875,0.7666666666666667,0.875,0.7666666666666667,0.5333333333333333
2882,object,no,0,0.7272727272727273,0.5636363636363636,0.8181818181818182,0.6727272727272727,0.6,0.4,1.0,1.0,0.6320346320346321,0.5416666666666666,0.675,0.6,0.7666666666666667,0.6444444444444445
2883,sentiment,no,1,1.0,1.0,1.0,1.0,1.0,1.0,0.2,0.6,1.0,1.0,0.6,1.0,0.6,0.4666666666666667
2884,object,no,1,1.0,1.0,0.5454545454545454,0.45454545454545453,1.0,1.0,0.0,1.0,0.6320346320346321,1.0,0.5416666666666666,0.5416666666666666,0.5,0.4444444444444444
2885,object,no,1,1.0,1.0,1.0,1.0,1.0,1.0,0.4,0.4,1.0,1.0,0.675,1.0,0.675,0.5333333333333333
2887,object,no,0,0.09090909090909091,0.8181818181818182,0.8181818181818182,0.6727272727272727,0.4,0.4,0.8,0.6,0.4805194805194805,0.675,0.5416666666666666,0.5416666666666666,0.675,0.4666666666666667
2888,object,no,0,1.0,1.0,0.0,1.0,1.0,1.0,0.6,0.4,0.47619047619047616,1.0,0.7666666666666667,0.5416666666666666,0.675,0.6444444444444445
2889,object,no,1,0.7272727272727273,0.5636363636363636,1.0,1.0,1.0,1.0,0.4,0.4,0.7532467532467533,0.675,0.5,1.0,0.675,0.5333333333333333
2890,positional,no,1,0.18181818181818182,0.6727272727272727,0.9090909090909091,0.8181818181818182,0.8,0.6,0.6,0.4,0.4805194805194805,0.5,0.5416666666666666,0.7666666666666667,0.675,0.5333333333333333
2891,attribute,no,1,1.0,1.0,0.6363636363636364,0.4909090909090909,1.0,1.0,0.0,1.0,0.6883116883116883,1.0,0.5416666666666666,0.6,0.475,0.4444444444444444
2892,counting,no,1,0.9090909090909091,0.8181818181818182,1.0,1.0,1.0,1.0,0.6,0.4,0.9090909090909091,0.875,0.675,1.0,0.7666666666666667,0.6444444444444445
2893,positional,no,1,1.0,1.0,1.0,1.0,1.0,1.0,0.6,0.4,1.0,1.0,0.7666666666666667,1.0,0.7666666666666667,0.6444444444444445
2894,object,no,1,1.0,1.0,0.18181818181818182,0.6727272727272727,1.0,1.0,0.0,1.0,0.4935064935064935,1.0,0.5416666666666666,0.475,0.7666666666666667,0.4444444444444444
2895,object,no,0,1.0,1.0,0.0,1.0,1.0,1.0,0.6,0.4,0.47619047619047616,1.0,0.7666666666666667,0.5416666666666666,0.675,0.6444444444444445
2896,sentiment,no,0,0.6363636363636364,0.4909090909090909,0.0,1.0,0.2,0.6,0.8,0.6,0.5454545454545454,0.4666666666666667,0.5416666666666666,0.875,0.6,0.4444444444444444
2897,counting,no,0,0.0,1.0,0.45454545454545453,0.45454545454545453,0.0,1.0,1.0,1.0,0.6320346320346321,1.0,0.5416666666666666,0.5416666666666666,0.5,0.4444444444444444
2899,positional,no,1,1.0,1.0,1.0,1.0,0.8,0.6,0.8,0.6,1.0,0.875,0.875,0.875,0.875,0.6444444444444445
2900,object,no,1,1.0,1.0,1.0,1.0,1.0,1.0,0.2,0.6,1.0,1.0,0.6,1.0,0.6,0.4666666666666667
2901,sentiment,no,1,1.0,1.0,1.0,1.0,0.4,0.4,1.0,1.0,1.0,0.675,1.0,0.675,1.0,0.5333333333333333
2902,object,no,1,0.0,1.0,1.0,1.0,0.4,0.4,1.0,1.0,0.47619047619047616,0.7666666666666667,0.5416666666666666,0.675,1.0,0.5333333333333333
2904,attribute,no,0,0.09090909090909091,0.8181818181818182,0.9090909090909091,0.8181818181818182,0.0,1.0,1.0,1.0,0.47619047619047616,0.875,0.5,0.5,0.875,0.4444444444444444
2905,attribute,no,0,0.0,1.0,0.9090909090909091,0.8181818181818182,0.0,1.0,1.0,1.0,0.4805194805194805,1.0,0.5416666666666666,0.5,0.875,0.4444444444444444
2907,object,no,1,1.0,1.0,1.0,1.0,1.0,1.0,0.6,0.4,1.0,1.0,0.7666666666666667,1.0,0.7666666666666667,0.6444444444444445
2908,object,no,0,1.0,1.0,1.0,1.0,1.0,1.0,0.8,0.6,1.0,1.0,0.875,1.0,0.875,0.8
2909,counting,no,1,1.0,1.0,1.0,1.0,1.0,1.0,0.4,0.4,1.0,1.0,0.675,1.0,0.675,0.5333333333333333
2910,counting,no,1,1.0,1.0,0.8181818181818182,0.6727272727272727,1.0,1.0,0.2,0.6,0.8268398268398268,1.0,0.6,0.7666666666666667,0.5,0.4666666666666667
2911,counting,no,0,1.0,1.0,0.0,1.0,1.0,1.0,0.0,1.0,0.47619047619047616,1.0,0.5416666666666666,0.5416666666666666,1.0,0.4444444444444444
2912,attribute,no,0,0.18181818181818182,0.6727272727272727,0.7272727272727273,0.5636363636363636,0.0,1.0,1.0,1.0,0.4805194805194805,0.7666666666666667,0.475,0.4666666666666667,0.675,0.4444444444444444
2913,object,no,1,0.45454545454545453,0.45454545454545453,1.0,1.0,0.4,0.4,0.6,0.4,0.5844155844155844,0.475,0.4666666666666667,0.675,0.7666666666666667,0.4444444444444444
2914,object,no,0,0.6363636363636364,0.4909090909090909,0.0,1.0,0.4,0.4,0.8,0.6,0.5454545454545454,0.475,0.5416666666666666,0.7666666666666667,0.6,0.4666666666666667
2915,counting,no,1,1.0,1.0,1.0,1.0,1.0,1.0,0.6,0.4,1.0,1.0,0.7666666666666667,1.0,0.7666666666666667,0.6444444444444445
2916,object,no,0,0.5454545454545454,0.45454545454545453,0.8181818181818182,0.6727272727272727,0.6,0.4,0.8,0.6,0.5454545454545454,0.475,0.5,0.6,0.675,0.5333333333333333
2917,object,no,1,0.8181818181818182,0.6727272727272727,1.0,1.0,1.0,1.0,0.4,0.4,0.8268398268398268,0.7666666666666667,0.5416666666666666,1.0,0.675,0.5333333333333333
2918,object,no,0,0.2727272727272727,0.5636363636363636,0.9090909090909091,0.8181818181818182,0.2,0.6,1.0,1.0,0.4935064935064935,0.6,0.4666666666666667,0.5416666666666666,0.875,0.4666666666666667
2919,attribute,no,0,0.09090909090909091,0.8181818181818182,1.0,1.0,0.0,1.0,1.0,1.0,0.4805194805194805,0.875,0.5,0.5416666666666666,1.0,0.4444444444444444
2920,object,no,0,1.0,1.0,0.45454545454545453,0.45454545454545453,0.8,0.6,1.0,1.0,0.5844155844155844,0.875,1.0,0.475,0.5,0.8
2921,attribute,no,0,0.0,1.0,1.0,1.0,0.2,0.6,1.0,1.0,0.47619047619047616,0.875,0.5416666666666666,0.6,1.0,0.4666666666666667
2922,attribute,no,0,0.0,1.0,1.0,1.0,0.0,1.0,1.0,1.0,0.47619047619047616,1.0,0.5416666666666666,0.5416666666666666,1.0,0.4444444444444444
2923,attribute,no,0,1.0,1.0,0.0,1.0,1.0,1.0,0.0,1.0,0.47619047619047616,1.0,0.5416666666666666,0.5416666666666666,1.0,0.4444444444444444
2924,object,no,1,0.9090909090909091,0.8181818181818182,1.0,1.0,0.8,0.6,1.0,1.0,0.9090909090909091,0.7666666666666667,0.875,0.875,1.0,0.8
2925,object,no,0,1.0,1.0,0.0,1.0,0.8,0.6,0.6,0.4,0.47619047619047616,0.875,0.7666666666666667,0.6,0.675,0.5333333333333333
2927,attribute,no,0,1.0,1.0,0.0,1.0,0.2,0.6,0.8,0.6,0.47619047619047616,0.6,0.875,0.875,0.6,0.4444444444444444
2928,attribute,no,0,0.0,1.0,0.9090909090909091,0.8181818181818182,0.0,1.0,1.0,1.0,0.4805194805194805,1.0,0.5416666666666666,0.5,0.875,0.4444444444444444
2929,attribute,no,1,1.0,1.0,0.0,1.0,1.0,1.0,0.0,1.0,0.47619047619047616,1.0,0.5416666666666666,0.5416666666666666,1.0,0.4444444444444444
2930,object,no,1,1.0,1.0,0.9090909090909091,0.8181818181818182,1.0,1.0,0.4,0.4,0.9090909090909091,1.0,0.675,0.875,0.6,0.5333333333333333
2931,object,no,1,0.7272727272727273,0.5636363636363636,1.0,1.0,1.0,1.0,0.4,0.4,0.7532467532467533,0.675,0.5,1.0,0.675,0.5333333333333333
2932,positional,no,1,1.0,1.0,1.0,1.0,1.0,1.0,0.2,0.6,1.0,1.0,0.6,1.0,0.6,0.4666666666666667
2933,attribute,no,1,1.0,1.0,0.2727272727272727,0.5636363636363636,1.0,1.0,0.0,1.0,0.5151515151515151,1.0,0.5416666666666666,0.4666666666666667,0.675,0.4444444444444444
2934,positional,no,1,1.0,1.0,1.0,1.0,1.0,1.0,0.8,0.6,1.0,1.0,0.875,1.0,0.875,0.8
2935,positional,no,1,0.7272727272727273,0.5636363636363636,0.6363636363636364,0.4909090909090909,1.0,1.0,0.2,0.6,0.5454545454545454,0.675,0.475,0.6,0.4666666666666667,0.4666666666666667
2937,counting,no,1,1.0,1.0,0.8181818181818182,0.6727272727272727,1.0,1.0,0.0,1.0,0.8268398268398268,1.0,0.5416666666666666,0.7666666666666667,0.475,0.4444444444444444
2939,attribute,no,1,0.8181818181818182,0.6727272727272727,1.0,1.0,1.0,1.0,1.0,1.0,0.8268398268398268,0.7666666666666667,0.7666666666666667,1.0,1.0,1.0
2940,object,no,0,0.0,1.0,0.18181818181818182,0.6727272727272727,0.0,1.0,0.8,0.6,0.8268398268398268,1.0,0.6,0.7666666666666667,0.5,0.4666666666666667
2941,positional,no,0,1.0,1.0,0.0,1.0,0.4,0.4,0.2,0.6,0.47619047619047616,0.675,0.6,0.7666666666666667,0.875,0.5333333333333333
2942,object,no,0,0.0,1.0,1.0,1.0,0.4,0.4,0.4,0.4,0.47619047619047616,0.7666666666666667,0.7666666666666667,0.675,0.675,0.4666666666666667
2943,object,no,1,1.0,1.0,0.09090909090909091,0.8181818181818182,1.0,1.0,0.0,1.0,0.4805194805194805,1.0,0.5416666666666666,0.5,0.875,0.4444444444444444
2944,object,no,0,1.0,1.0,0.0,1.0,0.4,0.4,0.0,1.0,0.47619047619047616,0.675,0.5416666666666666,0.7666666666666667,1.0,0.6444444444444445
2945,attribute,no,0,0.18181818181818182,0.6727272727272727,0.0,1.0,0.0,1.0,0.6,0.4,0.8268398268398268,0.7666666666666667,0.5416666666666666,1.0,0.675,0.5333333333333333
2946,positional,no,1,1.0,1.0,1.0,1.0,1.0,1.0,0.4,0.4,1.0,1.0,0.675,1.0,0.675,0.5333333333333333
2947,attribute,no,0,1.0,1.0,0.45454545454545453,0.45454545454545453,0.4,0.4,1.0,1.0,0.5844155844155844,0.675,1.0,0.475,0.5,0.5333333333333333
2948,attribute,no,1,1.0,1.0,0.0,1.0,1.0,1.0,0.0,1.0,0.47619047619047616,1.0,0.5416666666666666,0.5416666666666666,1.0,0.4444444444444444
2949,attribute,no,0,0.0,1.0,0.7272727272727273,0.5636363636363636,0.0,1.0,1.0,1.0,0.5151515151515151,1.0,0.5416666666666666,0.4666666666666667,0.675,0.4444444444444444
2950,object,no,1,1.0,1.0,1.0,1.0,1.0,1.0,1.0,1.0,1.0,1.0,1.0,1.0,1.0,1.0
2951,object,no,0,1.0,1.0,0.18181818181818182,0.6727272727272727,1.0,1.0,0.6,0.4,0.4935064935064935,1.0,0.7666666666666667,0.475,0.5416666666666666,0.6444444444444445
2952,object,no,0,0.0,1.0,0.0,1.0,0.0,1.0,0.0,1.0,1.0,1.0,1.0,1.0,1.0,1.0
2954,attribute,no,0,0.0,1.0,0.6363636363636364,0.4909090909090909,0.0,1.0,1.0,1.0,0.5454545454545454,1.0,0.5416666666666666,0.475,0.6,0.4444444444444444
2956,positional,no,1,1.0,1.0,0.09090909090909091,0.8181818181818182,1.0,1.0,0.0,1.0,0.4805194805194805,1.0,0.5416666666666666,0.5,0.875,0.4444444444444444
2957,counting,no,0,0.6363636363636364,0.4909090909090909,0.0,1.0,0.4,0.4,0.2,0.6,0.5454545454545454,0.475,0.4666666666666667,0.7666666666666667,0.875,0.5333333333333333
2958,attribute,no,0,0.0,1.0,0.5454545454545454,0.45454545454545453,0.0,1.0,1.0,1.0,0.5844155844155844,1.0,0.5416666666666666,0.5,0.5416666666666666,0.4444444444444444
2959,attribute,no,1,1.0,1.0,1.0,1.0,1.0,1.0,1.0,1.0,1.0,1.0,1.0,1.0,1.0,1.0
2960,object,no,1,0.9090909090909091,0.8181818181818182,1.0,1.0,1.0,1.0,0.8,0.6,0.9090909090909091,0.875,0.7666666666666667,1.0,0.875,0.8
2961,counting,no,1,1.0,1.0,0.0,1.0,1.0,1.0,0.0,1.0,0.47619047619047616,1.0,0.5416666666666666,0.5416666666666666,1.0,0.4444444444444444
2962,object,no,0,1.0,1.0,0.0,1.0,0.8,0.6,0.2,0.6,0.47619047619047616,0.875,0.6,0.6,0.875,0.4444444444444444
2963,object,no,0,1.0,1.0,0.0,1.0,0.6,0.4,0.8,0.6,0.47619047619047616,0.7666666666666667,0.875,0.675,0.6,0.5333333333333333
2964,attribute,no,0,0.0,1.0,0.8181818181818182,0.6727272727272727,0.0,1.0,1.0,1.0,0.4935064935064935,1.0,0.5416666666666666,0.475,0.7666666666666667,0.4444444444444444
2965,attribute,no,1,1.0,1.0,1.0,1.0,1.0,1.0,1.0,1.0,1.0,1.0,1.0,1.0,1.0,1.0
2966,object,no,0,1.0,1.0,0.7272727272727273,0.5636363636363636,0.8,0.6,0.6,0.4,0.7532467532467533,0.875,0.7666666666666667,0.6,0.5416666666666666,0.5333333333333333
2967,sentiment,no,0,0.2727272727272727,0.5636363636363636,0.7272727272727273,0.5636363636363636,0.0,1.0,0.8,0.6,0.47619047619047616,0.675,0.475,0.4666666666666667,0.6,0.4666666666666667
2968,object,no,1,1.0,1.0,0.45454545454545453,0.45454545454545453,1.0,1.0,0.4,0.4,0.5844155844155844,1.0,0.675,0.5,0.475,0.5333333333333333
2969,counting,no,1,1.0,1.0,1.0,1.0,1.0,1.0,0.6,0.4,1.0,1.0,0.7666666666666667,1.0,0.7666666666666667,0.6444444444444445
2970,object,no,1,1.0,1.0,1.0,1.0,1.0,1.0,0.2,0.6,1.0,1.0,0.6,1.0,0.6,0.4666666666666667
2971,counting,no,1,1.0,1.0,0.7272727272727273,0.5636363636363636,1.0,1.0,0.4,0.4,0.7532467532467533,1.0,0.675,0.675,0.5,0.5333333333333333
2972,object,no,0,0.18181818181818182,0.6727272727272727,1.0,1.0,0.4,0.4,1.0,1.0,0.4935064935064935,0.6,0.475,0.675,1.0,0.5333333333333333
2973,sentiment,no,1,1.0,1.0,1.0,1.0,1.0,1.0,0.8,0.6,1.0,1.0,0.875,1.0,0.875,0.8
2974,attribute,no,0,0.6363636363636364,0.4909090909090909,0.0,1.0,0.0,1.0,0.2,0.6,0.5454545454545454,0.475,0.4666666666666667,1.0,0.875,0.8
2975,object,no,0,1.0,1.0,0.0,1.0,0.6,0.4,0.0,1.0,0.47619047619047616,0.7666666666666667,0.5416666666666666,0.675,1.0,0.5333333333333333
2976,attribute,no,0,0.0,1.0,1.0,1.0,0.0,1.0,1.0,1.0,0.47619047619047616,1.0,0.5416666666666666,0.5416666666666666,1.0,0.4444444444444444
2977,object,no,1,1.0,1.0,1.0,1.0,1.0,1.0,0.4,0.4,1.0,1.0,0.675,1.0,0.675,0.5333333333333333
2978,object,no,0,0.09090909090909091,0.8181818181818182,0.7272727272727273,0.5636363636363636,0.2,0.6,1.0,1.0,0.4935064935064935,0.7666666666666667,0.5,0.475,0.675,0.4666666666666667
2979,attribute,no,1,1.0,1.0,1.0,1.0,1.0,1.0,0.6,0.4,1.0,1.0,0.7666666666666667,1.0,0.7666666666666667,0.6444444444444445
2980,attribute,no,0,0.0,1.0,1.0,1.0,0.0,1.0,1.0,1.0,0.47619047619047616,1.0,0.5416666666666666,0.5416666666666666,1.0,0.4444444444444444
2981,attribute,no,1,1.0,1.0,0.0,1.0,1.0,1.0,0.0,1.0,0.47619047619047616,1.0,0.5416666666666666,0.5416666666666666,1.0,0.4444444444444444
2982,object,no,0,1.0,1.0,0.0,1.0,0.6,0.4,0.0,1.0,0.47619047619047616,0.7666666666666667,0.5416666666666666,0.675,1.0,0.5333333333333333
2983,counting,no,1,1.0,1.0,0.9090909090909091,0.8181818181818182,1.0,1.0,0.0,1.0,0.9090909090909091,1.0,0.5416666666666666,0.875,0.5,0.4444444444444444
2984,attribute,no,0,0.09090909090909091,0.8181818181818182,0.9090909090909091,0.8181818181818182,0.0,1.0,1.0,1.0,0.47619047619047616,0.875,0.5,0.5,0.875,0.4444444444444444
2985,sentiment,no,0,0.0,1.0,0.6363636363636364,0.4909090909090909,0.0,1.0,1.0,1.0,0.5454545454545454,1.0,0.5416666666666666,0.475,0.6,0.4444444444444444
2986,counting,no,1,1.0,1.0,1.0,1.0,1.0,1.0,0.4,0.4,1.0,1.0,0.675,1.0,0.675,0.5333333333333333
2987,attribute,no,0,0.09090909090909091,0.8181818181818182,0.9090909090909091,0.8181818181818182,0.0,1.0,1.0,1.0,0.47619047619047616,0.875,0.5,0.5,0.875,0.4444444444444444
2988,attribute,no,1,1.0,1.0,1.0,1.0,1.0,1.0,0.2,0.6,1.0,1.0,0.6,1.0,0.6,0.4666666666666667
2989,object,no,0,0.0,1.0,0.0,1.0,0.0,1.0,0.0,1.0,1.0,1.0,1.0,1.0,1.0,1.0
2990,object,no,1,1.0,1.0,0.0,1.0,0.4,0.4,0.8,0.6,0.47619047619047616,0.675,0.875,0.7666666666666667,0.6,0.4666666666666667
2991,object,no,0,1.0,1.0,0.09090909090909091,0.8181818181818182,0.6,0.4,0.6,0.4,0.4805194805194805,0.7666666666666667,0.7666666666666667,0.6,0.6,0.4666666666666667
2994,object,no,0,1.0,1.0,0.45454545454545453,0.45454545454545453,0.6,0.4,1.0,1.0,0.5844155844155844,0.7666666666666667,1.0,0.4666666666666667,0.5,0.6444444444444445
2995,attribute,no,0,1.0,1.0,0.0,1.0,0.6,0.4,0.6,0.4,0.47619047619047616,0.7666666666666667,0.7666666666666667,0.675,0.675,0.4666666666666667
2997,counting,no,1,1.0,1.0,1.0,1.0,1.0,1.0,0.8,0.6,1.0,1.0,0.875,1.0,0.875,0.8
2998,positional,no,1,0.0,1.0,1.0,1.0,0.2,0.6,1.0,1.0,0.47619047619047616,0.875,0.5416666666666666,0.6,1.0,0.4666666666666667
3000,counting,no,1,0.9090909090909091,0.8181818181818182,0.09090909090909091,0.8181818181818182,1.0,1.0,0.2,0.6,0.47619047619047616,0.875,0.5416666666666666,0.5,0.7666666666666667,0.4666666666666667
