id,type,truth,hal_label,QA_ITA,PA_ITA,QA_ITC,PA_ITC,QA_FSA,PA_FSA,QA_FSC,PA_FSC,PA_ITA_ITC,PA_ITA_FSA,PA_ITA_FSC,PA_ITC_FSA,PA_ITC_FSC,PA_FSA_FSC
1,attribute,yes,1,0.8181818181818182,0.6727272727272727,0.18181818181818182,0.6727272727272727,1.0,1.0,0.4,0.4,0.47619047619047616,0.7666666666666667,0.5416666666666666,0.475,0.6,0.5333333333333333
2,object,yes,0,1.0,1.0,1.0,1.0,1.0,1.0,1.0,1.0,1.0,1.0,1.0,1.0,1.0,1.0
3,object,yes,0,1.0,1.0,1.0,1.0,1.0,1.0,0.8,0.6,1.0,1.0,0.875,1.0,0.875,0.8
4,counting,yes,0,0.9090909090909091,0.8181818181818182,0.9090909090909091,0.8181818181818182,1.0,1.0,0.8,0.6,0.8268398268398268,0.875,0.7666666666666667,0.875,0.7666666666666667,0.8
5,positional,yes,0,1.0,1.0,1.0,1.0,1.0,1.0,0.8,0.6,1.0,1.0,0.875,1.0,0.875,0.8
6,attribute,yes,0,0.45454545454545453,0.45454545454545453,0.36363636363636365,0.4909090909090909,0.8,0.6,0.8,0.6,0.4935064935064935,0.475,0.475,0.4666666666666667,0.4666666666666667,0.6444444444444445
7,counting,yes,1,0.09090909090909091,0.8181818181818182,0.0,1.0,0.0,1.0,0.0,1.0,0.9090909090909091,0.875,0.875,1.0,1.0,1.0
8,sentiment,yes,1,0.6363636363636364,0.4909090909090909,0.36363636363636365,0.4909090909090909,0.2,0.6,0.8,0.6,0.47619047619047616,0.4666666666666667,0.5416666666666666,0.5416666666666666,0.4666666666666667,0.4444444444444444
9,attribute,yes,0,0.9090909090909091,0.8181818181818182,1.0,1.0,1.0,1.0,0.8,0.6,0.9090909090909091,0.875,0.7666666666666667,1.0,0.875,0.8
10,attribute,yes,1,0.36363636363636365,0.4909090909090909,0.18181818181818182,0.6727272727272727,0.0,1.0,0.2,0.6,0.5844155844155844,0.6,0.5416666666666666,0.7666666666666667,0.675,0.8
11,attribute,yes,0,0.6363636363636364,0.4909090909090909,0.9090909090909091,0.8181818181818182,1.0,1.0,1.0,1.0,0.6320346320346321,0.6,0.6,0.875,0.875,1.0
12,attribute,yes,0,1.0,1.0,1.0,1.0,1.0,1.0,1.0,1.0,1.0,1.0,1.0,1.0,1.0,1.0
13,object,yes,0,0.9090909090909091,0.8181818181818182,1.0,1.0,0.8,0.6,0.8,0.6,0.9090909090909091,0.7666666666666667,0.7666666666666667,0.875,0.875,0.6444444444444445
14,attribute,yes,0,0.6363636363636364,0.4909090909090909,0.9090909090909091,0.8181818181818182,1.0,1.0,0.8,0.6,0.6320346320346321,0.6,0.5416666666666666,0.875,0.7666666666666667,0.8
15,attribute,yes,1,0.9090909090909091,0.8181818181818182,0.9090909090909091,0.8181818181818182,1.0,1.0,1.0,1.0,0.8268398268398268,0.875,0.875,0.875,0.875,1.0
16,object,yes,0,1.0,1.0,1.0,1.0,1.0,1.0,1.0,1.0,1.0,1.0,1.0,1.0,1.0,1.0
17,attribute,yes,0,0.5454545454545454,0.45454545454545453,0.7272727272727273,0.5636363636363636,0.2,0.6,0.6,0.4,0.5151515151515151,0.475,0.475,0.475,0.5416666666666666,0.4666666666666667
18,positional,yes,0,0.9090909090909091,0.8181818181818182,1.0,1.0,1.0,1.0,1.0,1.0,0.9090909090909091,0.875,0.875,1.0,1.0,1.0
19,counting,yes,1,0.5454545454545454,0.45454545454545453,0.09090909090909091,0.8181818181818182,1.0,1.0,0.6,0.4,0.5454545454545454,0.5416666666666666,0.475,0.5,0.6,0.6444444444444445
20,counting,yes,0,0.09090909090909091,0.8181818181818182,0.45454545454545453,0.45454545454545453,0.2,0.6,0.6,0.4,0.5844155844155844,0.7666666666666667,0.6,0.5,0.4666666666666667,0.4666666666666667
21,counting,yes,0,0.09090909090909091,0.8181818181818182,0.18181818181818182,0.6727272727272727,0.0,1.0,0.8,0.6,0.7532467532467533,0.875,0.5416666666666666,0.7666666666666667,0.5,0.4666666666666667
22,positional,yes,0,1.0,1.0,1.0,1.0,1.0,1.0,1.0,1.0,1.0,1.0,1.0,1.0,1.0,1.0
23,attribute,yes,0,0.5454545454545454,0.45454545454545453,0.8181818181818182,0.6727272727272727,1.0,1.0,0.8,0.6,0.5454545454545454,0.5416666666666666,0.5,0.7666666666666667,0.675,0.8
24,sentiment,yes,0,1.0,1.0,1.0,1.0,1.0,1.0,1.0,1.0,1.0,1.0,1.0,1.0,1.0,1.0
25,positional,yes,1,1.0,1.0,1.0,1.0,1.0,1.0,0.8,0.6,1.0,1.0,0.875,1.0,0.875,0.8
26,attribute,yes,0,0.7272727272727273,0.5636363636363636,0.7272727272727273,0.5636363636363636,1.0,1.0,1.0,1.0,0.5844155844155844,0.675,0.675,0.675,0.675,1.0
27,positional,yes,0,1.0,1.0,1.0,1.0,0.8,0.6,0.8,0.6,1.0,0.875,0.875,0.875,0.875,0.6444444444444445
28,object,yes,0,1.0,1.0,1.0,1.0,1.0,1.0,1.0,1.0,1.0,1.0,1.0,1.0,1.0,1.0
30,attribute,yes,1,0.9090909090909091,0.8181818181818182,0.7272727272727273,0.5636363636363636,1.0,1.0,0.0,1.0,0.6883116883116883,0.875,0.5,0.675,0.4666666666666667,0.4444444444444444
31,object,yes,0,1.0,1.0,1.0,1.0,1.0,1.0,0.8,0.6,1.0,1.0,0.875,1.0,0.875,0.8
32,sentiment,yes,0,1.0,1.0,1.0,1.0,1.0,1.0,1.0,1.0,1.0,1.0,1.0,1.0,1.0,1.0
33,counting,yes,0,1.0,1.0,0.9090909090909091,0.8181818181818182,1.0,1.0,0.8,0.6,0.9090909090909091,1.0,0.875,0.875,0.7666666666666667,0.8
34,object,yes,0,1.0,1.0,1.0,1.0,1.0,1.0,1.0,1.0,1.0,1.0,1.0,1.0,1.0,1.0
35,counting,yes,1,0.18181818181818182,0.6727272727272727,0.09090909090909091,0.8181818181818182,0.0,1.0,0.4,0.4,0.7532467532467533,0.7666666666666667,0.6,0.875,0.675,0.6444444444444445
36,object,yes,0,1.0,1.0,1.0,1.0,0.8,0.6,1.0,1.0,1.0,0.875,1.0,0.875,1.0,0.8
37,attribute,yes,0,0.6363636363636364,0.4909090909090909,0.6363636363636364,0.4909090909090909,1.0,1.0,1.0,1.0,0.5151515151515151,0.6,0.6,0.6,0.6,1.0
38,positional,yes,0,0.6363636363636364,0.4909090909090909,1.0,1.0,1.0,1.0,0.8,0.6,0.6883116883116883,0.6,0.5416666666666666,1.0,0.875,0.8
39,counting,yes,1,1.0,1.0,0.9090909090909091,0.8181818181818182,0.4,0.4,0.6,0.4,0.9090909090909091,0.675,0.7666666666666667,0.6,0.675,0.4444444444444444
40,positional,yes,1,1.0,1.0,0.6363636363636364,0.4909090909090909,1.0,1.0,0.8,0.6,0.6883116883116883,1.0,0.875,0.6,0.5416666666666666,0.8
41,object,yes,0,1.0,1.0,1.0,1.0,1.0,1.0,0.8,0.6,1.0,1.0,0.875,1.0,0.875,0.8
42,sentiment,yes,0,1.0,1.0,1.0,1.0,1.0,1.0,1.0,1.0,1.0,1.0,1.0,1.0,1.0,1.0
43,object,yes,0,1.0,1.0,1.0,1.0,1.0,1.0,0.8,0.6,1.0,1.0,0.875,1.0,0.875,0.8
45,sentiment,yes,0,1.0,1.0,1.0,1.0,1.0,1.0,1.0,1.0,1.0,1.0,1.0,1.0,1.0,1.0
46,object,yes,0,1.0,1.0,1.0,1.0,1.0,1.0,0.8,0.6,1.0,1.0,0.875,1.0,0.875,0.8
47,attribute,yes,0,1.0,1.0,1.0,1.0,1.0,1.0,1.0,1.0,1.0,1.0,1.0,1.0,1.0,1.0
48,object,yes,0,1.0,1.0,1.0,1.0,1.0,1.0,1.0,1.0,1.0,1.0,1.0,1.0,1.0,1.0
49,object,yes,0,1.0,1.0,1.0,1.0,1.0,1.0,1.0,1.0,1.0,1.0,1.0,1.0,1.0,1.0
50,object,yes,0,1.0,1.0,1.0,1.0,1.0,1.0,1.0,1.0,1.0,1.0,1.0,1.0,1.0,1.0
51,counting,yes,1,1.0,1.0,1.0,1.0,1.0,1.0,0.6,0.4,1.0,1.0,0.7666666666666667,1.0,0.7666666666666667,0.6444444444444445
52,object,yes,0,0.9090909090909091,0.8181818181818182,0.9090909090909091,0.8181818181818182,1.0,1.0,0.8,0.6,0.8268398268398268,0.875,0.7666666666666667,0.875,0.7666666666666667,0.8
55,attribute,yes,0,0.9090909090909091,0.8181818181818182,0.8181818181818182,0.6727272727272727,1.0,1.0,0.8,0.6,0.7532467532467533,0.875,0.7666666666666667,0.7666666666666667,0.675,0.8
56,attribute,yes,1,1.0,1.0,0.9090909090909091,0.8181818181818182,1.0,1.0,1.0,1.0,0.9090909090909091,1.0,1.0,0.875,0.875,1.0
57,sentiment,yes,0,1.0,1.0,1.0,1.0,1.0,1.0,1.0,1.0,1.0,1.0,1.0,1.0,1.0,1.0
58,counting,yes,1,1.0,1.0,0.0,1.0,0.8,0.6,0.0,1.0,0.47619047619047616,0.875,0.5416666666666666,0.6,1.0,0.4666666666666667
59,object,yes,0,0.9090909090909091,0.8181818181818182,1.0,1.0,1.0,1.0,1.0,1.0,0.9090909090909091,0.875,0.875,1.0,1.0,1.0
60,attribute,yes,0,0.6363636363636364,0.4909090909090909,0.0,1.0,1.0,1.0,0.2,0.6,0.5454545454545454,0.6,0.4666666666666667,0.5416666666666666,0.875,0.4666666666666667
61,object,yes,0,1.0,1.0,1.0,1.0,1.0,1.0,0.8,0.6,1.0,1.0,0.875,1.0,0.875,0.8
62,attribute,yes,1,0.9090909090909091,0.8181818181818182,0.9090909090909091,0.8181818181818182,0.4,0.4,1.0,1.0,0.8268398268398268,0.6,0.875,0.6,0.875,0.5333333333333333
63,object,yes,0,1.0,1.0,1.0,1.0,1.0,1.0,1.0,1.0,1.0,1.0,1.0,1.0,1.0,1.0
65,counting,yes,1,1.0,1.0,0.7272727272727273,0.5636363636363636,0.6,0.4,0.8,0.6,0.7532467532467533,0.7666666666666667,0.875,0.5416666666666666,0.6,0.5333333333333333
66,object,yes,0,1.0,1.0,1.0,1.0,1.0,1.0,0.8,0.6,1.0,1.0,0.875,1.0,0.875,0.8
67,object,yes,0,1.0,1.0,1.0,1.0,1.0,1.0,1.0,1.0,1.0,1.0,1.0,1.0,1.0,1.0
68,attribute,yes,0,0.9090909090909091,0.8181818181818182,1.0,1.0,1.0,1.0,1.0,1.0,0.9090909090909091,0.875,0.875,1.0,1.0,1.0
69,sentiment,yes,0,0.9090909090909091,0.8181818181818182,1.0,1.0,1.0,1.0,1.0,1.0,0.9090909090909091,0.875,0.875,1.0,1.0,1.0
70,attribute,yes,0,0.6363636363636364,0.4909090909090909,0.6363636363636364,0.4909090909090909,1.0,1.0,1.0,1.0,0.5151515151515151,0.6,0.6,0.6,0.6,1.0
71,attribute,yes,0,0.8181818181818182,0.6727272727272727,0.8181818181818182,0.6727272727272727,1.0,1.0,1.0,1.0,0.6883116883116883,0.7666666666666667,0.7666666666666667,0.7666666666666667,0.7666666666666667,1.0
72,counting,yes,0,1.0,1.0,1.0,1.0,1.0,1.0,1.0,1.0,1.0,1.0,1.0,1.0,1.0,1.0
74,object,yes,0,0.9090909090909091,0.8181818181818182,1.0,1.0,1.0,1.0,1.0,1.0,0.9090909090909091,0.875,0.875,1.0,1.0,1.0
75,object,yes,0,0.9090909090909091,0.8181818181818182,0.9090909090909091,0.8181818181818182,1.0,1.0,0.8,0.6,0.8268398268398268,0.875,0.7666666666666667,0.875,0.7666666666666667,0.8
77,object,yes,0,0.8181818181818182,0.6727272727272727,0.9090909090909091,0.8181818181818182,1.0,1.0,1.0,1.0,0.7532467532467533,0.7666666666666667,0.7666666666666667,0.875,0.875,1.0
79,sentiment,yes,0,1.0,1.0,1.0,1.0,1.0,1.0,1.0,1.0,1.0,1.0,1.0,1.0,1.0,1.0
81,attribute,yes,0,0.36363636363636365,0.4909090909090909,0.7272727272727273,0.5636363636363636,0.8,0.6,0.8,0.6,0.4805194805194805,0.4666666666666667,0.4666666666666667,0.6,0.6,0.6444444444444445
82,object,yes,0,1.0,1.0,1.0,1.0,1.0,1.0,1.0,1.0,1.0,1.0,1.0,1.0,1.0,1.0
83,object,yes,0,0.5454545454545454,0.45454545454545453,0.8181818181818182,0.6727272727272727,1.0,1.0,1.0,1.0,0.5454545454545454,0.5416666666666666,0.5416666666666666,0.7666666666666667,0.7666666666666667,1.0
84,sentiment,yes,0,0.9090909090909091,0.8181818181818182,0.9090909090909091,0.8181818181818182,1.0,1.0,1.0,1.0,0.8268398268398268,0.875,0.875,0.875,0.875,1.0
86,counting,yes,0,0.5454545454545454,0.45454545454545453,0.6363636363636364,0.4909090909090909,1.0,1.0,0.8,0.6,0.4935064935064935,0.5416666666666666,0.5,0.6,0.5416666666666666,0.8
87,object,yes,0,1.0,1.0,1.0,1.0,1.0,1.0,1.0,1.0,1.0,1.0,1.0,1.0,1.0,1.0
88,positional,yes,0,0.2727272727272727,0.5636363636363636,0.09090909090909091,0.8181818181818182,0.0,1.0,0.0,1.0,0.6883116883116883,0.675,0.675,0.875,0.875,1.0
89,object,yes,1,1.0,1.0,0.09090909090909091,0.8181818181818182,1.0,1.0,0.4,0.4,0.4805194805194805,1.0,0.675,0.5,0.675,0.5333333333333333
91,sentiment,yes,0,1.0,1.0,1.0,1.0,1.0,1.0,1.0,1.0,1.0,1.0,1.0,1.0,1.0,1.0
92,positional,yes,0,1.0,1.0,1.0,1.0,1.0,1.0,1.0,1.0,1.0,1.0,1.0,1.0,1.0,1.0
93,object,yes,0,1.0,1.0,1.0,1.0,1.0,1.0,1.0,1.0,1.0,1.0,1.0,1.0,1.0,1.0
94,sentiment,yes,0,0.9090909090909091,0.8181818181818182,1.0,1.0,1.0,1.0,1.0,1.0,0.9090909090909091,0.875,0.875,1.0,1.0,1.0
95,object,yes,0,1.0,1.0,1.0,1.0,1.0,1.0,0.8,0.6,1.0,1.0,0.875,1.0,0.875,0.8
96,attribute,yes,1,1.0,1.0,1.0,1.0,0.8,0.6,0.8,0.6,1.0,0.875,0.875,0.875,0.875,0.6444444444444445
97,object,yes,0,0.6363636363636364,0.4909090909090909,0.6363636363636364,0.4909090909090909,1.0,1.0,1.0,1.0,0.5151515151515151,0.6,0.6,0.6,0.6,1.0
98,attribute,yes,1,1.0,1.0,0.8181818181818182,0.6727272727272727,1.0,1.0,1.0,1.0,0.8268398268398268,1.0,1.0,0.7666666666666667,0.7666666666666667,1.0
99,attribute,yes,0,0.6363636363636364,0.4909090909090909,0.9090909090909091,0.8181818181818182,0.8,0.6,0.6,0.4,0.6320346320346321,0.5416666666666666,0.5,0.7666666666666667,0.675,0.5333333333333333
100,attribute,yes,1,1.0,1.0,1.0,1.0,1.0,1.0,1.0,1.0,1.0,1.0,1.0,1.0,1.0,1.0
101,object,yes,0,0.7272727272727273,0.5636363636363636,0.7272727272727273,0.5636363636363636,1.0,1.0,0.8,0.6,0.5844155844155844,0.675,0.6,0.675,0.6,0.8
102,counting,yes,0,0.9090909090909091,0.8181818181818182,0.9090909090909091,0.8181818181818182,1.0,1.0,0.6,0.4,0.8268398268398268,0.875,0.675,0.875,0.675,0.6444444444444445
104,object,yes,0,1.0,1.0,1.0,1.0,1.0,1.0,1.0,1.0,1.0,1.0,1.0,1.0,1.0,1.0
105,sentiment,yes,0,1.0,1.0,0.9090909090909091,0.8181818181818182,1.0,1.0,1.0,1.0,0.9090909090909091,1.0,1.0,0.875,0.875,1.0
106,counting,yes,1,1.0,1.0,1.0,1.0,1.0,1.0,0.8,0.6,1.0,1.0,0.875,1.0,0.875,0.8
107,positional,yes,0,1.0,1.0,0.8181818181818182,0.6727272727272727,0.8,0.6,0.6,0.4,0.8268398268398268,0.875,0.7666666666666667,0.675,0.6,0.5333333333333333
108,positional,yes,0,0.7272727272727273,0.5636363636363636,1.0,1.0,1.0,1.0,0.8,0.6,0.7532467532467533,0.675,0.6,1.0,0.875,0.8
109,object,yes,0,1.0,1.0,1.0,1.0,1.0,1.0,1.0,1.0,1.0,1.0,1.0,1.0,1.0,1.0
110,sentiment,yes,0,1.0,1.0,0.5454545454545454,0.45454545454545453,1.0,1.0,0.8,0.6,0.6320346320346321,1.0,0.875,0.5416666666666666,0.5,0.8
112,attribute,yes,0,1.0,1.0,1.0,1.0,1.0,1.0,1.0,1.0,1.0,1.0,1.0,1.0,1.0,1.0
113,positional,yes,0,0.8181818181818182,0.6727272727272727,0.9090909090909091,0.8181818181818182,0.8,0.6,1.0,1.0,0.7532467532467533,0.675,0.7666666666666667,0.7666666666666667,0.875,0.8
114,attribute,yes,0,1.0,1.0,1.0,1.0,1.0,1.0,1.0,1.0,1.0,1.0,1.0,1.0,1.0,1.0
115,counting,yes,1,0.45454545454545453,0.45454545454545453,0.0,1.0,1.0,1.0,0.0,1.0,0.6320346320346321,0.5,0.5416666666666666,0.5416666666666666,1.0,0.4444444444444444
116,object,yes,0,0.9090909090909091,0.8181818181818182,0.9090909090909091,0.8181818181818182,1.0,1.0,1.0,1.0,0.8268398268398268,0.875,0.875,0.875,0.875,1.0
117,counting,yes,0,0.8181818181818182,0.6727272727272727,1.0,1.0,1.0,1.0,1.0,1.0,0.8268398268398268,0.7666666666666667,0.7666666666666667,1.0,1.0,1.0
118,positional,yes,0,1.0,1.0,0.9090909090909091,0.8181818181818182,0.8,0.6,0.8,0.6,0.9090909090909091,0.875,0.875,0.7666666666666667,0.7666666666666667,0.6444444444444445
119,positional,yes,0,0.0,1.0,1.0,1.0,0.0,1.0,0.8,0.6,0.47619047619047616,1.0,0.6,0.5416666666666666,0.875,0.4666666666666667
120,counting,yes,1,0.2727272727272727,0.5636363636363636,0.0,1.0,1.0,1.0,0.0,1.0,0.7532467532467533,0.4666666666666667,0.675,0.5416666666666666,1.0,0.4444444444444444
121,sentiment,yes,0,1.0,1.0,0.6363636363636364,0.4909090909090909,1.0,1.0,0.4,0.4,0.6883116883116883,1.0,0.675,0.6,0.475,0.5333333333333333
122,object,yes,0,1.0,1.0,1.0,1.0,1.0,1.0,1.0,1.0,1.0,1.0,1.0,1.0,1.0,1.0
123,attribute,yes,0,1.0,1.0,1.0,1.0,1.0,1.0,1.0,1.0,1.0,1.0,1.0,1.0,1.0,1.0
124,attribute,yes,0,1.0,1.0,0.9090909090909091,0.8181818181818182,0.8,0.6,0.6,0.4,0.9090909090909091,0.875,0.7666666666666667,0.7666666666666667,0.675,0.5333333333333333
125,sentiment,yes,1,1.0,1.0,1.0,1.0,1.0,1.0,1.0,1.0,1.0,1.0,1.0,1.0,1.0,1.0
126,counting,yes,0,0.7272727272727273,0.5636363636363636,1.0,1.0,1.0,1.0,1.0,1.0,0.7532467532467533,0.675,0.675,1.0,1.0,1.0
127,object,yes,0,1.0,1.0,1.0,1.0,1.0,1.0,1.0,1.0,1.0,1.0,1.0,1.0,1.0,1.0
128,sentiment,yes,0,0.8181818181818182,0.6727272727272727,0.0,1.0,1.0,1.0,0.0,1.0,0.4935064935064935,0.7666666666666667,0.475,0.5416666666666666,1.0,0.4444444444444444
129,attribute,yes,0,0.36363636363636365,0.4909090909090909,0.7272727272727273,0.5636363636363636,0.6,0.4,0.6,0.4,0.4805194805194805,0.475,0.475,0.5416666666666666,0.5416666666666666,0.4666666666666667
130,object,yes,0,1.0,1.0,1.0,1.0,1.0,1.0,1.0,1.0,1.0,1.0,1.0,1.0,1.0,1.0
131,object,yes,0,1.0,1.0,1.0,1.0,1.0,1.0,0.8,0.6,1.0,1.0,0.875,1.0,0.875,0.8
132,object,yes,0,1.0,1.0,1.0,1.0,1.0,1.0,1.0,1.0,1.0,1.0,1.0,1.0,1.0,1.0
133,object,yes,0,1.0,1.0,1.0,1.0,1.0,1.0,1.0,1.0,1.0,1.0,1.0,1.0,1.0,1.0
134,positional,yes,0,0.7272727272727273,0.5636363636363636,0.7272727272727273,0.5636363636363636,1.0,1.0,1.0,1.0,0.5844155844155844,0.675,0.675,0.675,0.675,1.0
135,positional,yes,0,1.0,1.0,0.0,1.0,1.0,1.0,0.4,0.4,0.47619047619047616,1.0,0.675,0.5416666666666666,0.7666666666666667,0.5333333333333333
137,object,yes,0,1.0,1.0,1.0,1.0,1.0,1.0,1.0,1.0,1.0,1.0,1.0,1.0,1.0,1.0
138,object,yes,0,0.45454545454545453,0.45454545454545453,1.0,1.0,0.4,0.4,0.6,0.4,0.5844155844155844,0.475,0.4666666666666667,0.675,0.7666666666666667,0.4444444444444444
140,attribute,yes,0,0.9090909090909091,0.8181818181818182,1.0,1.0,1.0,1.0,0.8,0.6,0.9090909090909091,0.875,0.7666666666666667,1.0,0.875,0.8
141,object,yes,0,1.0,1.0,1.0,1.0,1.0,1.0,1.0,1.0,1.0,1.0,1.0,1.0,1.0,1.0
142,positional,yes,1,0.2727272727272727,0.5636363636363636,0.09090909090909091,0.8181818181818182,0.4,0.4,0.2,0.6,0.6883116883116883,0.5416666666666666,0.6,0.675,0.7666666666666667,0.5333333333333333
143,object,yes,0,1.0,1.0,1.0,1.0,1.0,1.0,1.0,1.0,1.0,1.0,1.0,1.0,1.0,1.0
144,object,yes,0,1.0,1.0,1.0,1.0,0.8,0.6,0.8,0.6,1.0,0.875,0.875,0.875,0.875,0.6444444444444445
145,object,yes,0,1.0,1.0,1.0,1.0,1.0,1.0,1.0,1.0,1.0,1.0,1.0,1.0,1.0,1.0
146,object,yes,0,0.6363636363636364,0.4909090909090909,0.7272727272727273,0.5636363636363636,1.0,1.0,1.0,1.0,0.5454545454545454,0.6,0.6,0.675,0.675,1.0
147,sentiment,yes,0,1.0,1.0,0.0,1.0,0.8,0.6,0.4,0.4,0.47619047619047616,0.875,0.675,0.6,0.7666666666666667,0.4666666666666667
148,positional,yes,0,0.9090909090909091,0.8181818181818182,0.9090909090909091,0.8181818181818182,0.8,0.6,0.4,0.4,0.8268398268398268,0.7666666666666667,0.6,0.7666666666666667,0.6,0.4666666666666667
149,positional,yes,0,1.0,1.0,1.0,1.0,0.6,0.4,0.8,0.6,1.0,0.7666666666666667,0.875,0.7666666666666667,0.875,0.5333333333333333
151,positional,yes,0,1.0,1.0,1.0,1.0,0.6,0.4,0.6,0.4,1.0,0.7666666666666667,0.7666666666666667,0.7666666666666667,0.7666666666666667,0.4666666666666667
152,attribute,yes,0,1.0,1.0,1.0,1.0,1.0,1.0,0.8,0.6,1.0,1.0,0.875,1.0,0.875,0.8
153,counting,yes,0,1.0,1.0,1.0,1.0,1.0,1.0,1.0,1.0,1.0,1.0,1.0,1.0,1.0,1.0
154,positional,yes,0,1.0,1.0,0.0,1.0,1.0,1.0,0.8,0.6,0.47619047619047616,1.0,0.875,0.5416666666666666,0.6,0.8
156,object,yes,0,1.0,1.0,1.0,1.0,1.0,1.0,0.8,0.6,1.0,1.0,0.875,1.0,0.875,0.8
157,positional,yes,0,1.0,1.0,1.0,1.0,1.0,1.0,0.6,0.4,1.0,1.0,0.7666666666666667,1.0,0.7666666666666667,0.6444444444444445
158,object,yes,0,0.9090909090909091,0.8181818181818182,1.0,1.0,0.8,0.6,1.0,1.0,0.9090909090909091,0.7666666666666667,0.875,0.875,1.0,0.8
159,object,yes,0,1.0,1.0,1.0,1.0,1.0,1.0,0.8,0.6,1.0,1.0,0.875,1.0,0.875,0.8
160,sentiment,yes,0,1.0,1.0,1.0,1.0,1.0,1.0,1.0,1.0,1.0,1.0,1.0,1.0,1.0,1.0
161,counting,yes,0,1.0,1.0,1.0,1.0,1.0,1.0,1.0,1.0,1.0,1.0,1.0,1.0,1.0,1.0
162,object,yes,0,1.0,1.0,1.0,1.0,1.0,1.0,1.0,1.0,1.0,1.0,1.0,1.0,1.0,1.0
163,counting,yes,0,1.0,1.0,1.0,1.0,1.0,1.0,1.0,1.0,1.0,1.0,1.0,1.0,1.0,1.0
164,positional,yes,1,0.9090909090909091,0.8181818181818182,0.6363636363636364,0.4909090909090909,1.0,1.0,0.6,0.4,0.6320346320346321,0.875,0.675,0.6,0.5,0.6444444444444445
165,object,yes,0,1.0,1.0,1.0,1.0,1.0,1.0,0.8,0.6,1.0,1.0,0.875,1.0,0.875,0.8
166,attribute,yes,0,1.0,1.0,1.0,1.0,1.0,1.0,1.0,1.0,1.0,1.0,1.0,1.0,1.0,1.0
167,object,yes,0,1.0,1.0,1.0,1.0,1.0,1.0,1.0,1.0,1.0,1.0,1.0,1.0,1.0,1.0
168,attribute,yes,0,0.6363636363636364,0.4909090909090909,0.7272727272727273,0.5636363636363636,1.0,1.0,0.4,0.4,0.5454545454545454,0.6,0.475,0.675,0.5,0.5333333333333333
169,counting,yes,0,1.0,1.0,1.0,1.0,1.0,1.0,0.4,0.4,1.0,1.0,0.675,1.0,0.675,0.5333333333333333
170,object,yes,0,1.0,1.0,1.0,1.0,1.0,1.0,1.0,1.0,1.0,1.0,1.0,1.0,1.0,1.0
172,attribute,yes,0,1.0,1.0,1.0,1.0,1.0,1.0,0.4,0.4,1.0,1.0,0.675,1.0,0.675,0.5333333333333333
173,attribute,yes,0,0.5454545454545454,0.45454545454545453,0.6363636363636364,0.4909090909090909,0.8,0.6,0.2,0.6,0.4935064935064935,0.5,0.475,0.5416666666666666,0.4666666666666667,0.4444444444444444
174,object,yes,0,1.0,1.0,1.0,1.0,1.0,1.0,1.0,1.0,1.0,1.0,1.0,1.0,1.0,1.0
175,positional,yes,1,0.9090909090909091,0.8181818181818182,0.0,1.0,0.4,0.4,0.2,0.6,0.4805194805194805,0.6,0.5416666666666666,0.7666666666666667,0.875,0.5333333333333333
176,object,yes,0,1.0,1.0,0.9090909090909091,0.8181818181818182,1.0,1.0,1.0,1.0,0.9090909090909091,1.0,1.0,0.875,0.875,1.0
177,object,yes,0,1.0,1.0,1.0,1.0,1.0,1.0,1.0,1.0,1.0,1.0,1.0,1.0,1.0,1.0
178,attribute,yes,0,1.0,1.0,1.0,1.0,1.0,1.0,1.0,1.0,1.0,1.0,1.0,1.0,1.0,1.0
179,sentiment,yes,1,1.0,1.0,1.0,1.0,1.0,1.0,1.0,1.0,1.0,1.0,1.0,1.0,1.0,1.0
180,sentiment,yes,0,0.9090909090909091,0.8181818181818182,1.0,1.0,0.8,0.6,0.8,0.6,0.9090909090909091,0.7666666666666667,0.7666666666666667,0.875,0.875,0.6444444444444445
182,object,yes,0,1.0,1.0,1.0,1.0,0.8,0.6,0.6,0.4,1.0,0.875,0.7666666666666667,0.875,0.7666666666666667,0.5333333333333333
183,positional,yes,1,1.0,1.0,0.0,1.0,1.0,1.0,0.4,0.4,0.47619047619047616,1.0,0.675,0.5416666666666666,0.7666666666666667,0.5333333333333333
184,counting,yes,0,0.9090909090909091,0.8181818181818182,1.0,1.0,1.0,1.0,1.0,1.0,0.9090909090909091,0.875,0.875,1.0,1.0,1.0
185,positional,yes,0,1.0,1.0,1.0,1.0,1.0,1.0,1.0,1.0,1.0,1.0,1.0,1.0,1.0,1.0
186,object,yes,0,0.9090909090909091,0.8181818181818182,0.9090909090909091,0.8181818181818182,1.0,1.0,1.0,1.0,0.8268398268398268,0.875,0.875,0.875,0.875,1.0
187,attribute,yes,0,1.0,1.0,0.8181818181818182,0.6727272727272727,0.8,0.6,0.8,0.6,0.8268398268398268,0.875,0.875,0.675,0.675,0.6444444444444445
189,object,yes,0,1.0,1.0,0.9090909090909091,0.8181818181818182,1.0,1.0,1.0,1.0,0.9090909090909091,1.0,1.0,0.875,0.875,1.0
190,positional,yes,0,0.9090909090909091,0.8181818181818182,1.0,1.0,1.0,1.0,0.8,0.6,0.9090909090909091,0.875,0.7666666666666667,1.0,0.875,0.8
191,attribute,yes,0,0.8181818181818182,0.6727272727272727,0.8181818181818182,0.6727272727272727,0.6,0.4,0.8,0.6,0.6883116883116883,0.6,0.675,0.6,0.675,0.5333333333333333
193,object,yes,0,0.9090909090909091,0.8181818181818182,1.0,1.0,0.8,0.6,1.0,1.0,0.9090909090909091,0.7666666666666667,0.875,0.875,1.0,0.8
195,object,yes,0,1.0,1.0,1.0,1.0,1.0,1.0,0.8,0.6,1.0,1.0,0.875,1.0,0.875,0.8
196,counting,yes,1,0.18181818181818182,0.6727272727272727,0.5454545454545454,0.45454545454545453,0.0,1.0,0.8,0.6,0.5151515151515151,0.7666666666666667,0.5,0.5,0.5,0.4666666666666667
197,object,yes,0,1.0,1.0,1.0,1.0,1.0,1.0,0.8,0.6,1.0,1.0,0.875,1.0,0.875,0.8
199,positional,yes,0,0.6363636363636364,0.4909090909090909,0.0,1.0,0.6,0.4,0.0,1.0,0.5454545454545454,0.5,0.475,0.675,1.0,0.5333333333333333
200,positional,yes,0,1.0,1.0,1.0,1.0,1.0,1.0,1.0,1.0,1.0,1.0,1.0,1.0,1.0,1.0
201,object,yes,0,1.0,1.0,1.0,1.0,1.0,1.0,1.0,1.0,1.0,1.0,1.0,1.0,1.0,1.0
202,object,yes,0,0.7272727272727273,0.5636363636363636,0.8181818181818182,0.6727272727272727,1.0,1.0,1.0,1.0,0.6320346320346321,0.675,0.675,0.7666666666666667,0.7666666666666667,1.0
204,object,yes,0,1.0,1.0,1.0,1.0,1.0,1.0,1.0,1.0,1.0,1.0,1.0,1.0,1.0,1.0
205,counting,yes,1,0.8181818181818182,0.6727272727272727,0.0,1.0,1.0,1.0,0.0,1.0,0.4935064935064935,0.7666666666666667,0.475,0.5416666666666666,1.0,0.4444444444444444
206,positional,yes,0,1.0,1.0,1.0,1.0,1.0,1.0,0.8,0.6,1.0,1.0,0.875,1.0,0.875,0.8
207,object,yes,0,0.9090909090909091,0.8181818181818182,0.9090909090909091,0.8181818181818182,1.0,1.0,1.0,1.0,0.8268398268398268,0.875,0.875,0.875,0.875,1.0
209,positional,yes,0,0.2727272727272727,0.5636363636363636,0.0,1.0,0.0,1.0,0.4,0.4,0.7532467532467533,0.675,0.5416666666666666,1.0,0.7666666666666667,0.6444444444444445
210,object,yes,0,1.0,1.0,1.0,1.0,1.0,1.0,1.0,1.0,1.0,1.0,1.0,1.0,1.0,1.0
211,positional,yes,0,0.36363636363636365,0.4909090909090909,0.5454545454545454,0.45454545454545453,0.8,0.6,0.6,0.4,0.4805194805194805,0.4666666666666667,0.475,0.5,0.475,0.5333333333333333
212,object,yes,0,1.0,1.0,1.0,1.0,1.0,1.0,1.0,1.0,1.0,1.0,1.0,1.0,1.0,1.0
213,attribute,yes,0,0.8181818181818182,0.6727272727272727,0.2727272727272727,0.5636363636363636,0.0,1.0,0.0,1.0,0.4805194805194805,0.475,0.475,0.675,0.675,1.0
215,positional,yes,0,0.9090909090909091,0.8181818181818182,0.0,1.0,1.0,1.0,0.2,0.6,0.4805194805194805,0.875,0.5416666666666666,0.5416666666666666,0.875,0.4666666666666667
216,sentiment,yes,0,0.8181818181818182,0.6727272727272727,0.8181818181818182,0.6727272727272727,1.0,1.0,1.0,1.0,0.6883116883116883,0.7666666666666667,0.7666666666666667,0.7666666666666667,0.7666666666666667,1.0
217,object,yes,0,1.0,1.0,1.0,1.0,1.0,1.0,1.0,1.0,1.0,1.0,1.0,1.0,1.0,1.0
218,object,yes,0,1.0,1.0,1.0,1.0,1.0,1.0,1.0,1.0,1.0,1.0,1.0,1.0,1.0,1.0
219,attribute,yes,0,0.7272727272727273,0.5636363636363636,0.7272727272727273,0.5636363636363636,1.0,1.0,1.0,1.0,0.5844155844155844,0.675,0.675,0.675,0.675,1.0
220,attribute,yes,0,1.0,1.0,1.0,1.0,0.8,0.6,1.0,1.0,1.0,0.875,1.0,0.875,1.0,0.8
221,sentiment,yes,1,0.9090909090909091,0.8181818181818182,0.18181818181818182,0.6727272727272727,1.0,1.0,0.4,0.4,0.4805194805194805,0.875,0.6,0.475,0.6,0.5333333333333333
222,positional,yes,0,1.0,1.0,0.5454545454545454,0.45454545454545453,0.6,0.4,0.4,0.4,0.6320346320346321,0.7666666666666667,0.675,0.475,0.4666666666666667,0.4444444444444444
223,attribute,yes,0,1.0,1.0,1.0,1.0,1.0,1.0,1.0,1.0,1.0,1.0,1.0,1.0,1.0,1.0
224,sentiment,yes,0,1.0,1.0,1.0,1.0,1.0,1.0,1.0,1.0,1.0,1.0,1.0,1.0,1.0,1.0
226,object,yes,0,0.8181818181818182,0.6727272727272727,0.8181818181818182,0.6727272727272727,1.0,1.0,0.8,0.6,0.6883116883116883,0.7666666666666667,0.675,0.7666666666666667,0.675,0.8
227,counting,yes,0,1.0,1.0,1.0,1.0,1.0,1.0,1.0,1.0,1.0,1.0,1.0,1.0,1.0,1.0
228,counting,yes,0,1.0,1.0,1.0,1.0,0.6,0.4,0.8,0.6,1.0,0.7666666666666667,0.875,0.7666666666666667,0.875,0.5333333333333333
229,positional,yes,0,0.6363636363636364,0.4909090909090909,0.0,1.0,1.0,1.0,0.0,1.0,0.5454545454545454,0.6,0.475,0.5416666666666666,1.0,0.4444444444444444
230,object,yes,0,1.0,1.0,1.0,1.0,1.0,1.0,1.0,1.0,1.0,1.0,1.0,1.0,1.0,1.0
231,object,yes,0,1.0,1.0,1.0,1.0,1.0,1.0,1.0,1.0,1.0,1.0,1.0,1.0,1.0,1.0
232,positional,yes,0,0.8181818181818182,0.6727272727272727,0.9090909090909091,0.8181818181818182,0.2,0.6,0.4,0.4,0.7532467532467533,0.5,0.5416666666666666,0.5416666666666666,0.6,0.5333333333333333
233,sentiment,yes,0,1.0,1.0,1.0,1.0,1.0,1.0,0.6,0.4,1.0,1.0,0.7666666666666667,1.0,0.7666666666666667,0.6444444444444445
234,attribute,yes,0,0.7272727272727273,0.5636363636363636,0.7272727272727273,0.5636363636363636,1.0,1.0,0.8,0.6,0.5844155844155844,0.675,0.6,0.675,0.6,0.8
235,positional,yes,0,1.0,1.0,1.0,1.0,0.8,0.6,0.8,0.6,1.0,0.875,0.875,0.875,0.875,0.6444444444444445
236,positional,yes,0,1.0,1.0,1.0,1.0,0.8,0.6,0.4,0.4,1.0,0.875,0.675,0.875,0.675,0.4666666666666667
237,positional,yes,0,1.0,1.0,1.0,1.0,0.4,0.4,0.6,0.4,1.0,0.675,0.7666666666666667,0.675,0.7666666666666667,0.4444444444444444
238,object,yes,0,1.0,1.0,1.0,1.0,1.0,1.0,0.8,0.6,1.0,1.0,0.875,1.0,0.875,0.8
240,object,yes,0,1.0,1.0,1.0,1.0,1.0,1.0,1.0,1.0,1.0,1.0,1.0,1.0,1.0,1.0
241,positional,yes,1,0.18181818181818182,0.6727272727272727,0.0,1.0,0.8,0.6,0.2,0.6,0.8268398268398268,0.5,0.675,0.6,0.875,0.4444444444444444
243,counting,yes,0,1.0,1.0,1.0,1.0,1.0,1.0,1.0,1.0,1.0,1.0,1.0,1.0,1.0,1.0
244,attribute,yes,1,1.0,1.0,1.0,1.0,0.8,0.6,1.0,1.0,1.0,0.875,1.0,0.875,1.0,0.8
245,attribute,yes,0,0.0,1.0,1.0,1.0,0.0,1.0,0.8,0.6,0.47619047619047616,1.0,0.6,0.5416666666666666,0.875,0.4666666666666667
246,positional,yes,0,1.0,1.0,0.0,1.0,1.0,1.0,0.0,1.0,0.47619047619047616,1.0,0.5416666666666666,0.5416666666666666,1.0,0.4444444444444444
247,counting,yes,0,0.7272727272727273,0.5636363636363636,0.6363636363636364,0.4909090909090909,1.0,1.0,0.2,0.6,0.5454545454545454,0.675,0.475,0.6,0.4666666666666667,0.4666666666666667
248,counting,yes,0,1.0,1.0,1.0,1.0,1.0,1.0,1.0,1.0,1.0,1.0,1.0,1.0,1.0,1.0
249,object,yes,0,1.0,1.0,1.0,1.0,1.0,1.0,1.0,1.0,1.0,1.0,1.0,1.0,1.0,1.0
251,attribute,yes,0,1.0,1.0,1.0,1.0,1.0,1.0,1.0,1.0,1.0,1.0,1.0,1.0,1.0,1.0
252,counting,yes,1,0.36363636363636365,0.4909090909090909,0.09090909090909091,0.8181818181818182,0.2,0.6,0.2,0.6,0.6320346320346321,0.5416666666666666,0.5416666666666666,0.7666666666666667,0.7666666666666667,0.6444444444444445
253,sentiment,yes,0,1.0,1.0,1.0,1.0,1.0,1.0,1.0,1.0,1.0,1.0,1.0,1.0,1.0,1.0
256,attribute,yes,0,0.9090909090909091,0.8181818181818182,1.0,1.0,1.0,1.0,1.0,1.0,0.9090909090909091,0.875,0.875,1.0,1.0,1.0
258,object,yes,0,1.0,1.0,1.0,1.0,1.0,1.0,1.0,1.0,1.0,1.0,1.0,1.0,1.0,1.0
259,counting,yes,0,1.0,1.0,1.0,1.0,1.0,1.0,1.0,1.0,1.0,1.0,1.0,1.0,1.0,1.0
260,attribute,yes,0,0.6363636363636364,0.4909090909090909,0.8181818181818182,0.6727272727272727,0.6,0.4,0.0,1.0,0.5844155844155844,0.5,0.475,0.6,0.475,0.5333333333333333
262,attribute,yes,0,1.0,1.0,1.0,1.0,1.0,1.0,1.0,1.0,1.0,1.0,1.0,1.0,1.0,1.0
263,attribute,yes,0,0.7272727272727273,0.5636363636363636,0.8181818181818182,0.6727272727272727,1.0,1.0,1.0,1.0,0.6320346320346321,0.675,0.675,0.7666666666666667,0.7666666666666667,1.0
264,attribute,yes,0,1.0,1.0,1.0,1.0,1.0,1.0,1.0,1.0,1.0,1.0,1.0,1.0,1.0,1.0
265,attribute,yes,0,1.0,1.0,1.0,1.0,1.0,1.0,1.0,1.0,1.0,1.0,1.0,1.0,1.0,1.0
266,positional,yes,0,0.2727272727272727,0.5636363636363636,0.7272727272727273,0.5636363636363636,0.2,0.6,0.8,0.6,0.47619047619047616,0.6,0.475,0.475,0.6,0.4444444444444444
269,attribute,yes,0,0.8181818181818182,0.6727272727272727,0.8181818181818182,0.6727272727272727,0.8,0.6,0.6,0.4,0.6883116883116883,0.675,0.6,0.675,0.6,0.5333333333333333
270,object,yes,1,0.9090909090909091,0.8181818181818182,0.0,1.0,1.0,1.0,0.4,0.4,0.4805194805194805,0.875,0.6,0.5416666666666666,0.7666666666666667,0.5333333333333333
271,counting,yes,1,1.0,1.0,0.0,1.0,0.8,0.6,0.0,1.0,0.47619047619047616,0.875,0.5416666666666666,0.6,1.0,0.4666666666666667
272,object,yes,0,1.0,1.0,1.0,1.0,1.0,1.0,0.8,0.6,1.0,1.0,0.875,1.0,0.875,0.8
273,sentiment,yes,0,1.0,1.0,1.0,1.0,1.0,1.0,1.0,1.0,1.0,1.0,1.0,1.0,1.0,1.0
274,object,yes,1,1.0,1.0,1.0,1.0,1.0,1.0,1.0,1.0,1.0,1.0,1.0,1.0,1.0,1.0
275,object,yes,0,1.0,1.0,1.0,1.0,1.0,1.0,1.0,1.0,1.0,1.0,1.0,1.0,1.0,1.0
276,counting,yes,0,0.9090909090909091,0.8181818181818182,0.0,1.0,1.0,1.0,0.2,0.6,0.4805194805194805,0.875,0.5416666666666666,0.5416666666666666,0.875,0.4666666666666667
277,object,yes,0,1.0,1.0,1.0,1.0,1.0,1.0,1.0,1.0,1.0,1.0,1.0,1.0,1.0,1.0
278,positional,yes,1,0.9090909090909091,0.8181818181818182,0.0,1.0,0.6,0.4,0.2,0.6,0.4805194805194805,0.675,0.5416666666666666,0.675,0.875,0.4666666666666667
279,positional,yes,0,1.0,1.0,1.0,1.0,1.0,1.0,0.8,0.6,1.0,1.0,0.875,1.0,0.875,0.8
280,sentiment,yes,1,0.45454545454545453,0.45454545454545453,0.5454545454545454,0.45454545454545453,1.0,1.0,1.0,1.0,0.47619047619047616,0.5,0.5,0.5416666666666666,0.5416666666666666,1.0
281,object,yes,0,1.0,1.0,1.0,1.0,1.0,1.0,1.0,1.0,1.0,1.0,1.0,1.0,1.0,1.0
282,object,yes,0,1.0,1.0,1.0,1.0,1.0,1.0,1.0,1.0,1.0,1.0,1.0,1.0,1.0,1.0
283,positional,yes,0,0.8181818181818182,0.6727272727272727,0.8181818181818182,0.6727272727272727,0.6,0.4,0.4,0.4,0.6883116883116883,0.6,0.5416666666666666,0.6,0.5416666666666666,0.4444444444444444
284,object,yes,0,1.0,1.0,1.0,1.0,1.0,1.0,1.0,1.0,1.0,1.0,1.0,1.0,1.0,1.0
285,attribute,yes,1,1.0,1.0,1.0,1.0,1.0,1.0,0.8,0.6,1.0,1.0,0.875,1.0,0.875,0.8
288,sentiment,yes,0,0.18181818181818182,0.6727272727272727,0.18181818181818182,0.6727272727272727,0.0,1.0,0.0,1.0,0.6883116883116883,0.7666666666666667,0.7666666666666667,0.7666666666666667,0.7666666666666667,1.0
289,counting,yes,0,1.0,1.0,1.0,1.0,1.0,1.0,1.0,1.0,1.0,1.0,1.0,1.0,1.0,1.0
290,sentiment,yes,0,0.2727272727272727,0.5636363636363636,0.0,1.0,0.0,1.0,0.0,1.0,0.7532467532467533,0.675,0.675,1.0,1.0,1.0
291,object,yes,0,1.0,1.0,1.0,1.0,1.0,1.0,0.8,0.6,1.0,1.0,0.875,1.0,0.875,0.8
292,attribute,yes,0,0.7272727272727273,0.5636363636363636,0.8181818181818182,0.6727272727272727,1.0,1.0,1.0,1.0,0.6320346320346321,0.675,0.675,0.7666666666666667,0.7666666666666667,1.0
293,attribute,yes,0,1.0,1.0,1.0,1.0,1.0,1.0,1.0,1.0,1.0,1.0,1.0,1.0,1.0,1.0
294,attribute,yes,0,0.6363636363636364,0.4909090909090909,0.7272727272727273,0.5636363636363636,0.8,0.6,0.6,0.4,0.5454545454545454,0.5416666666666666,0.5,0.6,0.5416666666666666,0.5333333333333333
295,object,yes,0,0.9090909090909091,0.8181818181818182,0.9090909090909091,0.8181818181818182,1.0,1.0,0.8,0.6,0.8268398268398268,0.875,0.7666666666666667,0.875,0.7666666666666667,0.8
296,object,yes,0,0.8181818181818182,0.6727272727272727,0.8181818181818182,0.6727272727272727,0.8,0.6,0.8,0.6,0.6883116883116883,0.675,0.675,0.675,0.675,0.6444444444444445
297,counting,yes,0,0.9090909090909091,0.8181818181818182,0.8181818181818182,0.6727272727272727,1.0,1.0,0.4,0.4,0.7532467532467533,0.875,0.6,0.7666666666666667,0.5416666666666666,0.5333333333333333
298,attribute,yes,0,1.0,1.0,1.0,1.0,1.0,1.0,1.0,1.0,1.0,1.0,1.0,1.0,1.0,1.0
300,object,yes,0,1.0,1.0,1.0,1.0,1.0,1.0,1.0,1.0,1.0,1.0,1.0,1.0,1.0,1.0
301,object,yes,0,1.0,1.0,1.0,1.0,1.0,1.0,1.0,1.0,1.0,1.0,1.0,1.0,1.0,1.0
302,sentiment,yes,1,0.9090909090909091,0.8181818181818182,1.0,1.0,1.0,1.0,1.0,1.0,0.9090909090909091,0.875,0.875,1.0,1.0,1.0
304,counting,yes,1,1.0,1.0,0.0,1.0,1.0,1.0,0.2,0.6,0.47619047619047616,1.0,0.6,0.5416666666666666,0.875,0.4666666666666667
305,sentiment,yes,1,1.0,1.0,1.0,1.0,1.0,1.0,0.8,0.6,1.0,1.0,0.875,1.0,0.875,0.8
306,object,yes,0,0.7272727272727273,0.5636363636363636,0.7272727272727273,0.5636363636363636,1.0,1.0,1.0,1.0,0.5844155844155844,0.675,0.675,0.675,0.675,1.0
308,attribute,yes,0,0.9090909090909091,0.8181818181818182,1.0,1.0,0.8,0.6,0.8,0.6,0.9090909090909091,0.7666666666666667,0.7666666666666667,0.875,0.875,0.6444444444444445
310,sentiment,yes,0,1.0,1.0,1.0,1.0,1.0,1.0,1.0,1.0,1.0,1.0,1.0,1.0,1.0,1.0
311,object,yes,0,1.0,1.0,1.0,1.0,1.0,1.0,1.0,1.0,1.0,1.0,1.0,1.0,1.0,1.0
312,attribute,yes,0,0.7272727272727273,0.5636363636363636,0.9090909090909091,0.8181818181818182,1.0,1.0,1.0,1.0,0.6883116883116883,0.675,0.675,0.875,0.875,1.0
313,attribute,yes,0,0.9090909090909091,0.8181818181818182,0.9090909090909091,0.8181818181818182,1.0,1.0,0.8,0.6,0.8268398268398268,0.875,0.7666666666666667,0.875,0.7666666666666667,0.8
314,positional,yes,0,1.0,1.0,1.0,1.0,0.8,0.6,1.0,1.0,1.0,0.875,1.0,0.875,1.0,0.8
315,positional,yes,0,1.0,1.0,0.9090909090909091,0.8181818181818182,1.0,1.0,0.8,0.6,0.9090909090909091,1.0,0.875,0.875,0.7666666666666667,0.8
316,object,yes,0,0.9090909090909091,0.8181818181818182,0.9090909090909091,0.8181818181818182,1.0,1.0,1.0,1.0,0.8268398268398268,0.875,0.875,0.875,0.875,1.0
317,sentiment,yes,0,1.0,1.0,1.0,1.0,1.0,1.0,1.0,1.0,1.0,1.0,1.0,1.0,1.0,1.0
318,counting,yes,1,0.09090909090909091,0.8181818181818182,1.0,1.0,0.0,1.0,0.8,0.6,0.4805194805194805,0.875,0.5416666666666666,0.5416666666666666,0.875,0.4666666666666667
321,object,yes,0,0.18181818181818182,0.6727272727272727,0.5454545454545454,0.45454545454545453,0.6,0.4,0.6,0.4,0.5151515151515151,0.5416666666666666,0.5416666666666666,0.475,0.475,0.4666666666666667
322,object,yes,0,1.0,1.0,1.0,1.0,1.0,1.0,1.0,1.0,1.0,1.0,1.0,1.0,1.0,1.0
323,positional,yes,0,1.0,1.0,0.9090909090909091,0.8181818181818182,1.0,1.0,0.8,0.6,0.9090909090909091,1.0,0.875,0.875,0.7666666666666667,0.8
324,positional,yes,0,1.0,1.0,1.0,1.0,0.8,0.6,1.0,1.0,1.0,0.875,1.0,0.875,1.0,0.8
325,sentiment,yes,0,1.0,1.0,1.0,1.0,1.0,1.0,1.0,1.0,1.0,1.0,1.0,1.0,1.0,1.0
326,counting,yes,1,1.0,1.0,0.0,1.0,0.2,0.6,0.4,0.4,0.47619047619047616,0.6,0.675,0.875,0.7666666666666667,0.5333333333333333
327,counting,yes,1,0.18181818181818182,0.6727272727272727,0.0,1.0,0.0,1.0,0.6,0.4,0.8268398268398268,0.7666666666666667,0.5416666666666666,1.0,0.675,0.5333333333333333
328,attribute,yes,0,0.7272727272727273,0.5636363636363636,0.7272727272727273,0.5636363636363636,0.8,0.6,0.4,0.4,0.5844155844155844,0.6,0.5,0.6,0.5,0.4666666666666667
330,object,yes,0,1.0,1.0,1.0,1.0,1.0,1.0,0.8,0.6,1.0,1.0,0.875,1.0,0.875,0.8
331,attribute,yes,0,1.0,1.0,1.0,1.0,1.0,1.0,1.0,1.0,1.0,1.0,1.0,1.0,1.0,1.0
332,positional,yes,0,1.0,1.0,1.0,1.0,0.8,0.6,1.0,1.0,1.0,0.875,1.0,0.875,1.0,0.8
333,attribute,yes,0,0.7272727272727273,0.5636363636363636,0.7272727272727273,0.5636363636363636,1.0,1.0,1.0,1.0,0.5844155844155844,0.675,0.675,0.675,0.675,1.0
334,positional,yes,0,0.36363636363636365,0.4909090909090909,0.0,1.0,0.2,0.6,0.0,1.0,0.6883116883116883,0.5416666666666666,0.6,0.875,1.0,0.8
335,object,yes,0,1.0,1.0,1.0,1.0,1.0,1.0,1.0,1.0,1.0,1.0,1.0,1.0,1.0,1.0
336,positional,yes,0,1.0,1.0,0.0,1.0,1.0,1.0,0.0,1.0,0.47619047619047616,1.0,0.5416666666666666,0.5416666666666666,1.0,0.4444444444444444
337,positional,yes,0,0.9090909090909091,0.8181818181818182,0.9090909090909091,0.8181818181818182,1.0,1.0,0.8,0.6,0.8268398268398268,0.875,0.7666666666666667,0.875,0.7666666666666667,0.8
338,object,yes,0,1.0,1.0,1.0,1.0,0.8,0.6,0.8,0.6,1.0,0.875,0.875,0.875,0.875,0.6444444444444445
339,attribute,yes,0,1.0,1.0,1.0,1.0,1.0,1.0,1.0,1.0,1.0,1.0,1.0,1.0,1.0,1.0
340,attribute,yes,0,1.0,1.0,1.0,1.0,1.0,1.0,0.8,0.6,1.0,1.0,0.875,1.0,0.875,0.8
341,object,yes,0,0.18181818181818182,0.6727272727272727,0.6363636363636364,0.4909090909090909,0.2,0.6,1.0,1.0,0.4935064935064935,0.675,0.475,0.4666666666666667,0.6,0.4666666666666667
342,object,yes,0,0.7272727272727273,0.5636363636363636,0.9090909090909091,0.8181818181818182,1.0,1.0,1.0,1.0,0.6883116883116883,0.675,0.675,0.875,0.875,1.0
343,object,yes,0,1.0,1.0,1.0,1.0,1.0,1.0,1.0,1.0,1.0,1.0,1.0,1.0,1.0,1.0
344,attribute,yes,0,0.7272727272727273,0.5636363636363636,0.7272727272727273,0.5636363636363636,0.8,0.6,0.8,0.6,0.5844155844155844,0.6,0.6,0.6,0.6,0.6444444444444445
345,object,yes,0,0.9090909090909091,0.8181818181818182,0.9090909090909091,0.8181818181818182,1.0,1.0,1.0,1.0,0.8268398268398268,0.875,0.875,0.875,0.875,1.0
346,sentiment,yes,0,1.0,1.0,1.0,1.0,1.0,1.0,1.0,1.0,1.0,1.0,1.0,1.0,1.0,1.0
347,positional,yes,0,0.45454545454545453,0.45454545454545453,0.0,1.0,0.4,0.4,0.2,0.6,0.6320346320346321,0.475,0.5,0.7666666666666667,0.875,0.5333333333333333
348,attribute,yes,0,0.7272727272727273,0.5636363636363636,0.7272727272727273,0.5636363636363636,1.0,1.0,1.0,1.0,0.5844155844155844,0.675,0.675,0.675,0.675,1.0
349,sentiment,yes,0,0.9090909090909091,0.8181818181818182,1.0,1.0,1.0,1.0,1.0,1.0,0.9090909090909091,0.875,0.875,1.0,1.0,1.0
350,object,yes,0,0.9090909090909091,0.8181818181818182,1.0,1.0,1.0,1.0,1.0,1.0,0.9090909090909091,0.875,0.875,1.0,1.0,1.0
351,positional,yes,0,1.0,1.0,1.0,1.0,1.0,1.0,1.0,1.0,1.0,1.0,1.0,1.0,1.0,1.0
352,attribute,yes,0,0.9090909090909091,0.8181818181818182,1.0,1.0,0.8,0.6,0.6,0.4,0.9090909090909091,0.7666666666666667,0.675,0.875,0.7666666666666667,0.5333333333333333
353,positional,yes,1,1.0,1.0,0.45454545454545453,0.45454545454545453,0.8,0.6,0.0,1.0,0.5844155844155844,0.875,0.5416666666666666,0.475,0.5416666666666666,0.4666666666666667
354,object,yes,0,0.7272727272727273,0.5636363636363636,1.0,1.0,0.6,0.4,1.0,1.0,0.7532467532467533,0.5416666666666666,0.675,0.7666666666666667,1.0,0.6444444444444445
355,positional,yes,0,0.9090909090909091,0.8181818181818182,0.0,1.0,1.0,1.0,0.0,1.0,0.4805194805194805,0.875,0.5,0.5416666666666666,1.0,0.4444444444444444
356,attribute,yes,0,0.7272727272727273,0.5636363636363636,0.7272727272727273,0.5636363636363636,0.6,0.4,1.0,1.0,0.5844155844155844,0.5416666666666666,0.675,0.5416666666666666,0.675,0.6444444444444445
357,attribute,yes,0,0.8181818181818182,0.6727272727272727,1.0,1.0,1.0,1.0,0.4,0.4,0.8268398268398268,0.7666666666666667,0.5416666666666666,1.0,0.675,0.5333333333333333
359,attribute,yes,0,1.0,1.0,1.0,1.0,1.0,1.0,1.0,1.0,1.0,1.0,1.0,1.0,1.0,1.0
360,object,yes,0,1.0,1.0,1.0,1.0,1.0,1.0,1.0,1.0,1.0,1.0,1.0,1.0,1.0,1.0
361,object,yes,0,1.0,1.0,1.0,1.0,1.0,1.0,1.0,1.0,1.0,1.0,1.0,1.0,1.0,1.0
362,object,yes,1,0.9090909090909091,0.8181818181818182,1.0,1.0,0.8,0.6,0.8,0.6,0.9090909090909091,0.7666666666666667,0.7666666666666667,0.875,0.875,0.6444444444444445
363,sentiment,yes,0,0.6363636363636364,0.4909090909090909,0.0,1.0,1.0,1.0,0.8,0.6,0.5454545454545454,0.6,0.5416666666666666,0.5416666666666666,0.6,0.8
365,counting,yes,0,1.0,1.0,1.0,1.0,1.0,1.0,0.4,0.4,1.0,1.0,0.675,1.0,0.675,0.5333333333333333
366,object,yes,0,1.0,1.0,1.0,1.0,1.0,1.0,1.0,1.0,1.0,1.0,1.0,1.0,1.0,1.0
367,attribute,yes,0,0.2727272727272727,0.5636363636363636,1.0,1.0,0.6,0.4,1.0,1.0,0.5151515151515151,0.5,0.4666666666666667,0.7666666666666667,1.0,0.6444444444444445
368,attribute,yes,1,1.0,1.0,0.9090909090909091,0.8181818181818182,0.8,0.6,1.0,1.0,0.9090909090909091,0.875,1.0,0.7666666666666667,0.875,0.8
369,object,yes,0,1.0,1.0,1.0,1.0,1.0,1.0,1.0,1.0,1.0,1.0,1.0,1.0,1.0,1.0
370,positional,yes,0,1.0,1.0,1.0,1.0,0.8,0.6,1.0,1.0,1.0,0.875,1.0,0.875,1.0,0.8
371,positional,yes,0,1.0,1.0,0.9090909090909091,0.8181818181818182,1.0,1.0,0.8,0.6,0.9090909090909091,1.0,0.875,0.875,0.7666666666666667,0.8
372,attribute,yes,0,1.0,1.0,1.0,1.0,1.0,1.0,0.8,0.6,1.0,1.0,0.875,1.0,0.875,0.8
373,positional,yes,0,0.0,1.0,1.0,1.0,0.0,1.0,1.0,1.0,0.47619047619047616,1.0,0.5416666666666666,0.5416666666666666,1.0,0.4444444444444444
374,object,yes,0,1.0,1.0,1.0,1.0,1.0,1.0,0.8,0.6,1.0,1.0,0.875,1.0,0.875,0.8
375,counting,yes,0,1.0,1.0,0.18181818181818182,0.6727272727272727,1.0,1.0,0.4,0.4,0.4935064935064935,1.0,0.675,0.475,0.6,0.5333333333333333
376,positional,yes,0,0.9090909090909091,0.8181818181818182,0.9090909090909091,0.8181818181818182,0.6,0.4,0.6,0.4,0.8268398268398268,0.675,0.675,0.675,0.675,0.4666666666666667
378,object,yes,0,0.5454545454545454,0.45454545454545453,0.7272727272727273,0.5636363636363636,0.8,0.6,1.0,1.0,0.5151515151515151,0.5,0.5416666666666666,0.6,0.675,0.8
379,object,yes,0,1.0,1.0,1.0,1.0,1.0,1.0,1.0,1.0,1.0,1.0,1.0,1.0,1.0,1.0
380,attribute,yes,0,0.7272727272727273,0.5636363636363636,0.7272727272727273,0.5636363636363636,1.0,1.0,1.0,1.0,0.5844155844155844,0.675,0.675,0.675,0.675,1.0
381,counting,yes,0,0.9090909090909091,0.8181818181818182,1.0,1.0,1.0,1.0,0.6,0.4,0.9090909090909091,0.875,0.675,1.0,0.7666666666666667,0.6444444444444445
382,attribute,yes,1,0.8181818181818182,0.6727272727272727,0.2727272727272727,0.5636363636363636,0.2,0.6,0.6,0.4,0.4805194805194805,0.5,0.6,0.6,0.5,0.4666666666666667
383,object,yes,0,1.0,1.0,1.0,1.0,1.0,1.0,1.0,1.0,1.0,1.0,1.0,1.0,1.0,1.0
384,attribute,yes,0,0.0,1.0,1.0,1.0,0.2,0.6,1.0,1.0,0.47619047619047616,0.875,0.5416666666666666,0.6,1.0,0.4666666666666667
385,sentiment,yes,1,1.0,1.0,1.0,1.0,1.0,1.0,1.0,1.0,1.0,1.0,1.0,1.0,1.0,1.0
386,attribute,yes,1,0.36363636363636365,0.4909090909090909,0.0,1.0,0.6,0.4,0.4,0.4,0.6883116883116883,0.475,0.5,0.675,0.7666666666666667,0.4444444444444444
387,sentiment,yes,0,0.8181818181818182,0.6727272727272727,0.6363636363636364,0.4909090909090909,1.0,1.0,0.4,0.4,0.5844155844155844,0.7666666666666667,0.5416666666666666,0.6,0.475,0.5333333333333333
388,attribute,yes,0,0.45454545454545453,0.45454545454545453,0.2727272727272727,0.5636363636363636,0.8,0.6,0.2,0.6,0.5151515151515151,0.475,0.5,0.475,0.6,0.4444444444444444
389,positional,yes,0,1.0,1.0,1.0,1.0,0.8,0.6,1.0,1.0,1.0,0.875,1.0,0.875,1.0,0.8
390,positional,yes,1,0.7272727272727273,0.5636363636363636,0.0,1.0,0.0,1.0,0.0,1.0,0.5151515151515151,0.4666666666666667,0.4666666666666667,1.0,1.0,1.0
391,counting,yes,1,1.0,1.0,0.9090909090909091,0.8181818181818182,1.0,1.0,0.4,0.4,0.9090909090909091,1.0,0.675,0.875,0.6,0.5333333333333333
392,object,yes,0,0.09090909090909091,0.8181818181818182,0.7272727272727273,0.5636363636363636,0.0,1.0,0.2,0.6,0.4935064935064935,0.875,0.7666666666666667,0.4666666666666667,0.475,0.8
393,attribute,yes,0,1.0,1.0,1.0,1.0,0.8,0.6,0.4,0.4,1.0,0.875,0.675,0.875,0.675,0.4666666666666667
394,positional,yes,0,0.9090909090909091,0.8181818181818182,0.6363636363636364,0.4909090909090909,0.8,0.6,0.6,0.4,0.6320346320346321,0.7666666666666667,0.675,0.5416666666666666,0.5,0.5333333333333333
395,attribute,yes,0,0.8181818181818182,0.6727272727272727,0.8181818181818182,0.6727272727272727,1.0,1.0,0.8,0.6,0.6883116883116883,0.7666666666666667,0.675,0.7666666666666667,0.675,0.8
396,object,yes,0,1.0,1.0,1.0,1.0,1.0,1.0,1.0,1.0,1.0,1.0,1.0,1.0,1.0,1.0
397,sentiment,yes,0,0.36363636363636365,0.4909090909090909,0.18181818181818182,0.6727272727272727,1.0,1.0,0.6,0.4,0.5844155844155844,0.475,0.475,0.475,0.5416666666666666,0.6444444444444445
398,object,yes,0,1.0,1.0,1.0,1.0,1.0,1.0,0.8,0.6,1.0,1.0,0.875,1.0,0.875,0.8
399,object,yes,0,1.0,1.0,1.0,1.0,1.0,1.0,1.0,1.0,1.0,1.0,1.0,1.0,1.0,1.0
400,object,yes,0,1.0,1.0,1.0,1.0,1.0,1.0,1.0,1.0,1.0,1.0,1.0,1.0,1.0,1.0
401,attribute,yes,1,0.6363636363636364,0.4909090909090909,0.36363636363636365,0.4909090909090909,0.6,0.4,1.0,1.0,0.47619047619047616,0.5,0.6,0.475,0.475,0.6444444444444445
402,positional,yes,1,0.9090909090909091,0.8181818181818182,0.8181818181818182,0.6727272727272727,0.8,0.6,0.4,0.4,0.7532467532467533,0.7666666666666667,0.6,0.675,0.5416666666666666,0.4666666666666667
403,object,yes,0,1.0,1.0,1.0,1.0,1.0,1.0,1.0,1.0,1.0,1.0,1.0,1.0,1.0,1.0
405,attribute,yes,1,0.9090909090909091,0.8181818181818182,0.8181818181818182,0.6727272727272727,0.8,0.6,0.8,0.6,0.7532467532467533,0.7666666666666667,0.7666666666666667,0.675,0.675,0.6444444444444445
406,attribute,yes,0,0.2727272727272727,0.5636363636363636,1.0,1.0,0.0,1.0,0.8,0.6,0.5151515151515151,0.675,0.475,0.5416666666666666,0.875,0.4666666666666667
407,positional,yes,0,1.0,1.0,1.0,1.0,0.8,0.6,0.8,0.6,1.0,0.875,0.875,0.875,0.875,0.6444444444444445
408,positional,yes,0,1.0,1.0,1.0,1.0,0.8,0.6,0.8,0.6,1.0,0.875,0.875,0.875,0.875,0.6444444444444445
409,sentiment,yes,0,0.9090909090909091,0.8181818181818182,0.0,1.0,1.0,1.0,0.0,1.0,0.4805194805194805,0.875,0.5,0.5416666666666666,1.0,0.4444444444444444
410,counting,yes,1,1.0,1.0,0.0,1.0,1.0,1.0,0.0,1.0,0.47619047619047616,1.0,0.5416666666666666,0.5416666666666666,1.0,0.4444444444444444
411,counting,yes,0,0.9090909090909091,0.8181818181818182,1.0,1.0,1.0,1.0,1.0,1.0,0.9090909090909091,0.875,0.875,1.0,1.0,1.0
412,attribute,yes,0,0.2727272727272727,0.5636363636363636,0.45454545454545453,0.45454545454545453,0.4,0.4,1.0,1.0,0.5151515151515151,0.5416666666666666,0.4666666666666667,0.475,0.5,0.5333333333333333
413,object,yes,0,0.7272727272727273,0.5636363636363636,1.0,1.0,1.0,1.0,1.0,1.0,0.7532467532467533,0.675,0.675,1.0,1.0,1.0
414,counting,yes,1,0.45454545454545453,0.45454545454545453,0.0,1.0,0.4,0.4,0.0,1.0,0.6320346320346321,0.475,0.5416666666666666,0.7666666666666667,1.0,0.6444444444444445
415,object,yes,0,1.0,1.0,1.0,1.0,1.0,1.0,1.0,1.0,1.0,1.0,1.0,1.0,1.0,1.0
416,object,yes,0,1.0,1.0,1.0,1.0,1.0,1.0,1.0,1.0,1.0,1.0,1.0,1.0,1.0,1.0
417,sentiment,yes,0,0.9090909090909091,0.8181818181818182,0.9090909090909091,0.8181818181818182,1.0,1.0,0.6,0.4,0.8268398268398268,0.875,0.675,0.875,0.675,0.6444444444444445
418,object,yes,0,1.0,1.0,1.0,1.0,1.0,1.0,1.0,1.0,1.0,1.0,1.0,1.0,1.0,1.0
419,attribute,yes,0,1.0,1.0,1.0,1.0,1.0,1.0,0.8,0.6,1.0,1.0,0.875,1.0,0.875,0.8
420,sentiment,yes,0,1.0,1.0,1.0,1.0,1.0,1.0,1.0,1.0,1.0,1.0,1.0,1.0,1.0,1.0
421,object,yes,0,1.0,1.0,1.0,1.0,1.0,1.0,0.8,0.6,1.0,1.0,0.875,1.0,0.875,0.8
422,counting,yes,0,1.0,1.0,1.0,1.0,1.0,1.0,1.0,1.0,1.0,1.0,1.0,1.0,1.0,1.0
423,positional,yes,0,0.7272727272727273,0.5636363636363636,0.7272727272727273,0.5636363636363636,0.8,0.6,0.6,0.4,0.5844155844155844,0.6,0.5416666666666666,0.6,0.5416666666666666,0.5333333333333333
425,attribute,yes,0,0.7272727272727273,0.5636363636363636,0.7272727272727273,0.5636363636363636,1.0,1.0,1.0,1.0,0.5844155844155844,0.675,0.675,0.675,0.675,1.0
426,object,yes,0,1.0,1.0,1.0,1.0,1.0,1.0,0.8,0.6,1.0,1.0,0.875,1.0,0.875,0.8
428,attribute,yes,0,0.9090909090909091,0.8181818181818182,1.0,1.0,1.0,1.0,0.8,0.6,0.9090909090909091,0.875,0.7666666666666667,1.0,0.875,0.8
429,object,yes,0,1.0,1.0,1.0,1.0,1.0,1.0,1.0,1.0,1.0,1.0,1.0,1.0,1.0,1.0
431,positional,yes,0,0.9090909090909091,0.8181818181818182,0.0,1.0,0.6,0.4,0.4,0.4,0.4805194805194805,0.675,0.6,0.675,0.7666666666666667,0.4444444444444444
433,counting,yes,0,1.0,1.0,0.5454545454545454,0.45454545454545453,1.0,1.0,0.2,0.6,0.6320346320346321,1.0,0.6,0.5416666666666666,0.475,0.4666666666666667
434,counting,yes,1,0.6363636363636364,0.4909090909090909,0.0,1.0,0.2,0.6,0.0,1.0,0.5454545454545454,0.4666666666666667,0.475,0.875,1.0,0.8
435,sentiment,yes,0,0.9090909090909091,0.8181818181818182,0.0,1.0,1.0,1.0,0.0,1.0,0.4805194805194805,0.875,0.5,0.5416666666666666,1.0,0.4444444444444444
436,object,yes,0,1.0,1.0,1.0,1.0,1.0,1.0,1.0,1.0,1.0,1.0,1.0,1.0,1.0,1.0
437,counting,yes,1,1.0,1.0,0.0,1.0,1.0,1.0,0.0,1.0,0.47619047619047616,1.0,0.5416666666666666,0.5416666666666666,1.0,0.4444444444444444
438,attribute,yes,0,0.9090909090909091,0.8181818181818182,0.9090909090909091,0.8181818181818182,1.0,1.0,1.0,1.0,0.8268398268398268,0.875,0.875,0.875,0.875,1.0
439,positional,yes,0,1.0,1.0,0.8181818181818182,0.6727272727272727,1.0,1.0,0.8,0.6,0.8268398268398268,1.0,0.875,0.7666666666666667,0.675,0.8
440,object,yes,0,1.0,1.0,1.0,1.0,1.0,1.0,1.0,1.0,1.0,1.0,1.0,1.0,1.0,1.0
441,counting,yes,0,0.8181818181818182,0.6727272727272727,0.8181818181818182,0.6727272727272727,1.0,1.0,0.2,0.6,0.6883116883116883,0.7666666666666667,0.5,0.7666666666666667,0.5,0.4666666666666667
442,object,yes,0,1.0,1.0,0.9090909090909091,0.8181818181818182,1.0,1.0,1.0,1.0,0.9090909090909091,1.0,1.0,0.875,0.875,1.0
443,object,yes,0,1.0,1.0,1.0,1.0,1.0,1.0,0.8,0.6,1.0,1.0,0.875,1.0,0.875,0.8
444,object,yes,0,0.7272727272727273,0.5636363636363636,0.7272727272727273,0.5636363636363636,1.0,1.0,1.0,1.0,0.5844155844155844,0.675,0.675,0.675,0.675,1.0
445,sentiment,yes,1,1.0,1.0,1.0,1.0,1.0,1.0,1.0,1.0,1.0,1.0,1.0,1.0,1.0,1.0
446,counting,yes,1,0.45454545454545453,0.45454545454545453,0.0,1.0,0.0,1.0,0.8,0.6,0.6320346320346321,0.5416666666666666,0.475,1.0,0.6,0.4666666666666667
447,counting,yes,1,1.0,1.0,0.8181818181818182,0.6727272727272727,0.4,0.4,0.8,0.6,0.8268398268398268,0.675,0.875,0.5416666666666666,0.675,0.4666666666666667
448,positional,yes,0,1.0,1.0,1.0,1.0,1.0,1.0,0.8,0.6,1.0,1.0,0.875,1.0,0.875,0.8
449,counting,yes,1,0.2727272727272727,0.5636363636363636,1.0,1.0,0.8,0.6,0.8,0.6,0.5151515151515151,0.475,0.475,0.875,0.875,0.6444444444444445
451,positional,yes,1,0.9090909090909091,0.8181818181818182,0.9090909090909091,0.8181818181818182,1.0,1.0,0.8,0.6,0.8268398268398268,0.875,0.7666666666666667,0.875,0.7666666666666667,0.8
452,attribute,yes,1,1.0,1.0,0.7272727272727273,0.5636363636363636,1.0,1.0,0.8,0.6,0.7532467532467533,1.0,0.875,0.675,0.6,0.8
455,object,yes,0,1.0,1.0,1.0,1.0,1.0,1.0,1.0,1.0,1.0,1.0,1.0,1.0,1.0,1.0
457,counting,yes,0,0.8181818181818182,0.6727272727272727,1.0,1.0,0.8,0.6,0.4,0.4,0.8268398268398268,0.675,0.5416666666666666,0.875,0.675,0.4666666666666667
458,counting,yes,0,0.8181818181818182,0.6727272727272727,0.8181818181818182,0.6727272727272727,1.0,1.0,1.0,1.0,0.6883116883116883,0.7666666666666667,0.7666666666666667,0.7666666666666667,0.7666666666666667,1.0
459,object,yes,0,0.8181818181818182,0.6727272727272727,0.8181818181818182,0.6727272727272727,1.0,1.0,1.0,1.0,0.6883116883116883,0.7666666666666667,0.7666666666666667,0.7666666666666667,0.7666666666666667,1.0
460,attribute,yes,0,0.9090909090909091,0.8181818181818182,1.0,1.0,0.4,0.4,0.4,0.4,0.9090909090909091,0.6,0.6,0.675,0.675,0.4666666666666667
461,object,yes,0,1.0,1.0,1.0,1.0,1.0,1.0,1.0,1.0,1.0,1.0,1.0,1.0,1.0,1.0
462,object,yes,0,0.9090909090909091,0.8181818181818182,0.9090909090909091,0.8181818181818182,1.0,1.0,0.8,0.6,0.8268398268398268,0.875,0.7666666666666667,0.875,0.7666666666666667,0.8
463,counting,yes,0,1.0,1.0,1.0,1.0,1.0,1.0,1.0,1.0,1.0,1.0,1.0,1.0,1.0,1.0
464,counting,yes,1,0.0,1.0,0.09090909090909091,0.8181818181818182,0.0,1.0,0.8,0.6,0.9090909090909091,1.0,0.6,0.875,0.5416666666666666,0.4666666666666667
465,positional,yes,0,0.7272727272727273,0.5636363636363636,0.7272727272727273,0.5636363636363636,1.0,1.0,0.8,0.6,0.5844155844155844,0.675,0.6,0.675,0.6,0.8
466,counting,yes,1,0.2727272727272727,0.5636363636363636,0.0,1.0,0.0,1.0,0.4,0.4,0.7532467532467533,0.675,0.5416666666666666,1.0,0.7666666666666667,0.6444444444444445
467,object,yes,0,1.0,1.0,1.0,1.0,1.0,1.0,1.0,1.0,1.0,1.0,1.0,1.0,1.0,1.0
469,object,yes,0,1.0,1.0,1.0,1.0,1.0,1.0,0.8,0.6,1.0,1.0,0.875,1.0,0.875,0.8
470,object,yes,0,0.9090909090909091,0.8181818181818182,1.0,1.0,1.0,1.0,1.0,1.0,0.9090909090909091,0.875,0.875,1.0,1.0,1.0
471,object,yes,0,1.0,1.0,1.0,1.0,1.0,1.0,0.8,0.6,1.0,1.0,0.875,1.0,0.875,0.8
472,positional,yes,0,1.0,1.0,1.0,1.0,0.8,0.6,0.8,0.6,1.0,0.875,0.875,0.875,0.875,0.6444444444444445
473,sentiment,yes,1,1.0,1.0,1.0,1.0,1.0,1.0,1.0,1.0,1.0,1.0,1.0,1.0,1.0,1.0
474,object,yes,0,1.0,1.0,1.0,1.0,1.0,1.0,0.8,0.6,1.0,1.0,0.875,1.0,0.875,0.8
475,object,yes,0,0.45454545454545453,0.45454545454545453,0.45454545454545453,0.45454545454545453,0.8,0.6,0.8,0.6,0.4805194805194805,0.475,0.475,0.475,0.475,0.6444444444444445
477,positional,yes,0,0.8181818181818182,0.6727272727272727,0.6363636363636364,0.4909090909090909,1.0,1.0,0.8,0.6,0.5844155844155844,0.7666666666666667,0.675,0.6,0.5416666666666666,0.8
478,attribute,yes,1,1.0,1.0,1.0,1.0,1.0,1.0,1.0,1.0,1.0,1.0,1.0,1.0,1.0,1.0
479,sentiment,yes,0,1.0,1.0,1.0,1.0,1.0,1.0,1.0,1.0,1.0,1.0,1.0,1.0,1.0,1.0
480,attribute,yes,0,0.5454545454545454,0.45454545454545453,0.6363636363636364,0.4909090909090909,0.4,0.4,0.2,0.6,0.4935064935064935,0.4666666666666667,0.475,0.475,0.4666666666666667,0.5333333333333333
482,object,yes,0,1.0,1.0,1.0,1.0,1.0,1.0,0.8,0.6,1.0,1.0,0.875,1.0,0.875,0.8
483,sentiment,yes,0,1.0,1.0,1.0,1.0,1.0,1.0,0.8,0.6,1.0,1.0,0.875,1.0,0.875,0.8
484,attribute,yes,0,0.5454545454545454,0.45454545454545453,0.8181818181818182,0.6727272727272727,0.6,0.4,0.6,0.4,0.5454545454545454,0.475,0.475,0.6,0.6,0.4666666666666667
485,positional,yes,0,1.0,1.0,1.0,1.0,1.0,1.0,0.8,0.6,1.0,1.0,0.875,1.0,0.875,0.8
486,object,yes,0,0.9090909090909091,0.8181818181818182,1.0,1.0,0.8,0.6,1.0,1.0,0.9090909090909091,0.7666666666666667,0.875,0.875,1.0,0.8
487,object,yes,0,1.0,1.0,1.0,1.0,1.0,1.0,0.8,0.6,1.0,1.0,0.875,1.0,0.875,0.8
488,object,yes,0,0.9090909090909091,0.8181818181818182,0.9090909090909091,0.8181818181818182,1.0,1.0,1.0,1.0,0.8268398268398268,0.875,0.875,0.875,0.875,1.0
490,object,yes,0,1.0,1.0,1.0,1.0,0.8,0.6,1.0,1.0,1.0,0.875,1.0,0.875,1.0,0.8
491,object,yes,1,0.7272727272727273,0.5636363636363636,0.6363636363636364,0.4909090909090909,1.0,1.0,0.8,0.6,0.5454545454545454,0.675,0.6,0.6,0.5416666666666666,0.8
492,object,yes,0,0.9090909090909091,0.8181818181818182,1.0,1.0,1.0,1.0,1.0,1.0,0.9090909090909091,0.875,0.875,1.0,1.0,1.0
493,object,yes,0,1.0,1.0,1.0,1.0,1.0,1.0,1.0,1.0,1.0,1.0,1.0,1.0,1.0,1.0
494,positional,yes,1,1.0,1.0,1.0,1.0,1.0,1.0,0.8,0.6,1.0,1.0,0.875,1.0,0.875,0.8
496,attribute,yes,0,0.7272727272727273,0.5636363636363636,1.0,1.0,1.0,1.0,1.0,1.0,0.7532467532467533,0.675,0.675,1.0,1.0,1.0
497,object,yes,1,0.18181818181818182,0.6727272727272727,0.09090909090909091,0.8181818181818182,0.8,0.6,0.0,1.0,0.7532467532467533,0.5,0.7666666666666667,0.5416666666666666,0.875,0.4666666666666667
498,counting,yes,0,1.0,1.0,1.0,1.0,0.2,0.6,1.0,1.0,1.0,0.6,1.0,0.6,1.0,0.4666666666666667
499,counting,yes,0,0.9090909090909091,0.8181818181818182,0.8181818181818182,0.6727272727272727,1.0,1.0,0.8,0.6,0.7532467532467533,0.875,0.7666666666666667,0.7666666666666667,0.675,0.8
500,object,yes,0,1.0,1.0,1.0,1.0,1.0,1.0,1.0,1.0,1.0,1.0,1.0,1.0,1.0,1.0
502,sentiment,yes,1,0.45454545454545453,0.45454545454545453,0.8181818181818182,0.6727272727272727,0.8,0.6,1.0,1.0,0.5151515151515151,0.475,0.5,0.675,0.7666666666666667,0.8
503,attribute,yes,0,0.9090909090909091,0.8181818181818182,0.9090909090909091,0.8181818181818182,1.0,1.0,1.0,1.0,0.8268398268398268,0.875,0.875,0.875,0.875,1.0
504,positional,yes,0,0.0,1.0,1.0,1.0,0.0,1.0,0.6,0.4,0.47619047619047616,1.0,0.675,0.5416666666666666,0.7666666666666667,0.5333333333333333
506,object,yes,0,0.45454545454545453,0.45454545454545453,1.0,1.0,0.8,0.6,1.0,1.0,0.5844155844155844,0.475,0.5,0.875,1.0,0.8
508,sentiment,yes,1,1.0,1.0,0.6363636363636364,0.4909090909090909,0.8,0.6,0.2,0.6,0.6883116883116883,0.875,0.6,0.5416666666666666,0.4666666666666667,0.4444444444444444
509,counting,yes,1,1.0,1.0,0.0,1.0,1.0,1.0,0.0,1.0,0.47619047619047616,1.0,0.5416666666666666,0.5416666666666666,1.0,0.4444444444444444
510,attribute,yes,0,1.0,1.0,1.0,1.0,1.0,1.0,1.0,1.0,1.0,1.0,1.0,1.0,1.0,1.0
512,counting,yes,1,0.7272727272727273,0.5636363636363636,0.0,1.0,0.4,0.4,0.2,0.6,0.5151515151515151,0.5,0.475,0.7666666666666667,0.875,0.5333333333333333
516,attribute,yes,0,1.0,1.0,1.0,1.0,0.8,0.6,0.8,0.6,1.0,0.875,0.875,0.875,0.875,0.6444444444444445
517,counting,yes,1,1.0,1.0,1.0,1.0,1.0,1.0,0.4,0.4,1.0,1.0,0.675,1.0,0.675,0.5333333333333333
518,object,yes,0,0.9090909090909091,0.8181818181818182,1.0,1.0,1.0,1.0,0.8,0.6,0.9090909090909091,0.875,0.7666666666666667,1.0,0.875,0.8
519,counting,yes,1,1.0,1.0,0.45454545454545453,0.45454545454545453,0.8,0.6,0.8,0.6,0.5844155844155844,0.875,0.875,0.475,0.475,0.6444444444444445
521,object,yes,0,0.7272727272727273,0.5636363636363636,0.7272727272727273,0.5636363636363636,1.0,1.0,1.0,1.0,0.5844155844155844,0.675,0.675,0.675,0.675,1.0
522,counting,yes,0,0.18181818181818182,0.6727272727272727,0.09090909090909091,0.8181818181818182,1.0,1.0,0.4,0.4,0.7532467532467533,0.475,0.6,0.5,0.675,0.5333333333333333
523,sentiment,yes,1,0.18181818181818182,0.6727272727272727,0.8181818181818182,0.6727272727272727,0.0,1.0,1.0,1.0,0.47619047619047616,0.7666666666666667,0.475,0.475,0.7666666666666667,0.4444444444444444
525,sentiment,yes,1,0.5454545454545454,0.45454545454545453,0.6363636363636364,0.4909090909090909,0.8,0.6,0.8,0.6,0.4935064935064935,0.5,0.5,0.5416666666666666,0.5416666666666666,0.6444444444444445
526,sentiment,yes,0,1.0,1.0,1.0,1.0,1.0,1.0,1.0,1.0,1.0,1.0,1.0,1.0,1.0,1.0
527,sentiment,yes,0,0.7272727272727273,0.5636363636363636,0.7272727272727273,0.5636363636363636,1.0,1.0,0.8,0.6,0.5844155844155844,0.675,0.6,0.675,0.6,0.8
528,positional,yes,0,0.6363636363636364,0.4909090909090909,1.0,1.0,0.8,0.6,1.0,1.0,0.6883116883116883,0.5416666666666666,0.6,0.875,1.0,0.8
529,counting,yes,0,1.0,1.0,1.0,1.0,1.0,1.0,1.0,1.0,1.0,1.0,1.0,1.0,1.0,1.0
530,attribute,yes,0,1.0,1.0,1.0,1.0,0.6,0.4,1.0,1.0,1.0,0.7666666666666667,1.0,0.7666666666666667,1.0,0.6444444444444445
531,object,yes,0,1.0,1.0,1.0,1.0,1.0,1.0,1.0,1.0,1.0,1.0,1.0,1.0,1.0,1.0
532,positional,yes,1,0.09090909090909091,0.8181818181818182,0.0,1.0,0.0,1.0,0.0,1.0,0.9090909090909091,0.875,0.875,1.0,1.0,1.0
533,counting,yes,0,1.0,1.0,1.0,1.0,1.0,1.0,1.0,1.0,1.0,1.0,1.0,1.0,1.0,1.0
534,attribute,yes,0,0.7272727272727273,0.5636363636363636,0.7272727272727273,0.5636363636363636,0.8,0.6,0.8,0.6,0.5844155844155844,0.6,0.6,0.6,0.6,0.6444444444444445
535,object,yes,0,1.0,1.0,1.0,1.0,1.0,1.0,1.0,1.0,1.0,1.0,1.0,1.0,1.0,1.0
536,positional,yes,0,1.0,1.0,0.09090909090909091,0.8181818181818182,0.8,0.6,0.6,0.4,0.4805194805194805,0.875,0.7666666666666667,0.5416666666666666,0.6,0.5333333333333333
537,positional,yes,0,0.8181818181818182,0.6727272727272727,1.0,1.0,0.6,0.4,0.4,0.4,0.8268398268398268,0.6,0.5416666666666666,0.7666666666666667,0.675,0.4444444444444444
538,attribute,yes,0,1.0,1.0,1.0,1.0,1.0,1.0,1.0,1.0,1.0,1.0,1.0,1.0,1.0,1.0
539,positional,yes,0,1.0,1.0,1.0,1.0,1.0,1.0,1.0,1.0,1.0,1.0,1.0,1.0,1.0,1.0
540,sentiment,yes,1,1.0,1.0,1.0,1.0,1.0,1.0,1.0,1.0,1.0,1.0,1.0,1.0,1.0,1.0
541,sentiment,yes,1,0.9090909090909091,0.8181818181818182,0.0,1.0,1.0,1.0,0.8,0.6,0.4805194805194805,0.875,0.7666666666666667,0.5416666666666666,0.6,0.8
542,positional,yes,0,0.8181818181818182,0.6727272727272727,0.5454545454545454,0.45454545454545453,0.6,0.4,1.0,1.0,0.5454545454545454,0.6,0.7666666666666667,0.475,0.5416666666666666,0.6444444444444445
545,object,yes,0,1.0,1.0,1.0,1.0,1.0,1.0,1.0,1.0,1.0,1.0,1.0,1.0,1.0,1.0
546,positional,yes,0,0.7272727272727273,0.5636363636363636,1.0,1.0,0.8,0.6,0.6,0.4,0.7532467532467533,0.6,0.5416666666666666,0.875,0.7666666666666667,0.5333333333333333
547,positional,yes,0,1.0,1.0,1.0,1.0,0.8,0.6,0.8,0.6,1.0,0.875,0.875,0.875,0.875,0.6444444444444445
548,attribute,yes,0,0.7272727272727273,0.5636363636363636,0.7272727272727273,0.5636363636363636,1.0,1.0,1.0,1.0,0.5844155844155844,0.675,0.675,0.675,0.675,1.0
549,positional,yes,0,1.0,1.0,1.0,1.0,1.0,1.0,0.8,0.6,1.0,1.0,0.875,1.0,0.875,0.8
550,object,yes,0,1.0,1.0,1.0,1.0,1.0,1.0,0.8,0.6,1.0,1.0,0.875,1.0,0.875,0.8
552,attribute,yes,0,0.9090909090909091,0.8181818181818182,0.6363636363636364,0.4909090909090909,0.8,0.6,0.0,1.0,0.6320346320346321,0.7666666666666667,0.5,0.5416666666666666,0.475,0.4666666666666667
553,object,yes,0,0.9090909090909091,0.8181818181818182,0.9090909090909091,0.8181818181818182,1.0,1.0,1.0,1.0,0.8268398268398268,0.875,0.875,0.875,0.875,1.0
554,positional,yes,0,1.0,1.0,1.0,1.0,1.0,1.0,0.8,0.6,1.0,1.0,0.875,1.0,0.875,0.8
555,sentiment,yes,0,1.0,1.0,1.0,1.0,1.0,1.0,1.0,1.0,1.0,1.0,1.0,1.0,1.0,1.0
556,object,yes,0,0.8181818181818182,0.6727272727272727,0.7272727272727273,0.5636363636363636,1.0,1.0,0.6,0.4,0.6320346320346321,0.7666666666666667,0.6,0.675,0.5416666666666666,0.6444444444444445
557,attribute,yes,0,0.7272727272727273,0.5636363636363636,0.7272727272727273,0.5636363636363636,1.0,1.0,1.0,1.0,0.5844155844155844,0.675,0.675,0.675,0.675,1.0
558,attribute,yes,0,0.9090909090909091,0.8181818181818182,0.9090909090909091,0.8181818181818182,0.8,0.6,0.8,0.6,0.8268398268398268,0.7666666666666667,0.7666666666666667,0.7666666666666667,0.7666666666666667,0.6444444444444445
559,attribute,yes,0,1.0,1.0,1.0,1.0,1.0,1.0,1.0,1.0,1.0,1.0,1.0,1.0,1.0,1.0
560,object,yes,0,1.0,1.0,1.0,1.0,1.0,1.0,1.0,1.0,1.0,1.0,1.0,1.0,1.0,1.0
561,object,yes,0,1.0,1.0,1.0,1.0,1.0,1.0,1.0,1.0,1.0,1.0,1.0,1.0,1.0,1.0
562,counting,yes,0,0.8181818181818182,0.6727272727272727,0.8181818181818182,0.6727272727272727,1.0,1.0,1.0,1.0,0.6883116883116883,0.7666666666666667,0.7666666666666667,0.7666666666666667,0.7666666666666667,1.0
563,attribute,yes,0,0.9090909090909091,0.8181818181818182,0.9090909090909091,0.8181818181818182,1.0,1.0,0.8,0.6,0.8268398268398268,0.875,0.7666666666666667,0.875,0.7666666666666667,0.8
564,attribute,yes,0,0.9090909090909091,0.8181818181818182,0.9090909090909091,0.8181818181818182,1.0,1.0,1.0,1.0,0.8268398268398268,0.875,0.875,0.875,0.875,1.0
565,object,yes,0,1.0,1.0,1.0,1.0,1.0,1.0,1.0,1.0,1.0,1.0,1.0,1.0,1.0,1.0
566,positional,yes,0,0.7272727272727273,0.5636363636363636,0.7272727272727273,0.5636363636363636,1.0,1.0,1.0,1.0,0.5844155844155844,0.675,0.675,0.675,0.675,1.0
567,object,yes,0,1.0,1.0,1.0,1.0,1.0,1.0,1.0,1.0,1.0,1.0,1.0,1.0,1.0,1.0
568,object,yes,0,1.0,1.0,1.0,1.0,1.0,1.0,1.0,1.0,1.0,1.0,1.0,1.0,1.0,1.0
569,attribute,yes,0,1.0,1.0,0.9090909090909091,0.8181818181818182,1.0,1.0,1.0,1.0,0.9090909090909091,1.0,1.0,0.875,0.875,1.0
570,attribute,yes,0,1.0,1.0,1.0,1.0,1.0,1.0,0.8,0.6,1.0,1.0,0.875,1.0,0.875,0.8
571,attribute,yes,0,1.0,1.0,1.0,1.0,1.0,1.0,1.0,1.0,1.0,1.0,1.0,1.0,1.0,1.0
573,counting,yes,0,1.0,1.0,1.0,1.0,1.0,1.0,1.0,1.0,1.0,1.0,1.0,1.0,1.0,1.0
574,attribute,yes,0,0.2727272727272727,0.5636363636363636,0.8181818181818182,0.6727272727272727,0.8,0.6,0.6,0.4,0.4805194805194805,0.475,0.5,0.675,0.6,0.5333333333333333
575,attribute,yes,0,0.9090909090909091,0.8181818181818182,1.0,1.0,0.8,0.6,1.0,1.0,0.9090909090909091,0.7666666666666667,0.875,0.875,1.0,0.8
578,sentiment,yes,0,0.0,1.0,0.9090909090909091,0.8181818181818182,0.6,0.4,0.6,0.4,0.4805194805194805,0.675,0.675,0.675,0.675,0.4666666666666667
579,sentiment,yes,0,1.0,1.0,1.0,1.0,1.0,1.0,1.0,1.0,1.0,1.0,1.0,1.0,1.0,1.0
580,positional,yes,0,0.18181818181818182,0.6727272727272727,0.0,1.0,1.0,1.0,0.2,0.6,0.8268398268398268,0.475,0.675,0.5416666666666666,0.875,0.4666666666666667
581,sentiment,yes,0,0.8181818181818182,0.6727272727272727,0.5454545454545454,0.45454545454545453,0.4,0.4,0.0,1.0,0.5454545454545454,0.5416666666666666,0.475,0.4666666666666667,0.5,0.6444444444444445
582,positional,yes,1,1.0,1.0,0.2727272727272727,0.5636363636363636,1.0,1.0,0.4,0.4,0.5151515151515151,1.0,0.675,0.4666666666666667,0.5416666666666666,0.5333333333333333
583,positional,yes,0,0.8181818181818182,0.6727272727272727,1.0,1.0,0.6,0.4,0.8,0.6,0.8268398268398268,0.6,0.675,0.7666666666666667,0.875,0.5333333333333333
584,attribute,yes,0,0.9090909090909091,0.8181818181818182,0.9090909090909091,0.8181818181818182,1.0,1.0,1.0,1.0,0.8268398268398268,0.875,0.875,0.875,0.875,1.0
585,object,yes,0,1.0,1.0,1.0,1.0,1.0,1.0,1.0,1.0,1.0,1.0,1.0,1.0,1.0,1.0
586,positional,yes,0,0.7272727272727273,0.5636363636363636,0.7272727272727273,0.5636363636363636,0.8,0.6,0.6,0.4,0.5844155844155844,0.6,0.5416666666666666,0.6,0.5416666666666666,0.5333333333333333
588,positional,yes,0,0.9090909090909091,0.8181818181818182,1.0,1.0,1.0,1.0,0.6,0.4,0.9090909090909091,0.875,0.675,1.0,0.7666666666666667,0.6444444444444445
589,counting,yes,1,1.0,1.0,1.0,1.0,0.4,0.4,1.0,1.0,1.0,0.675,1.0,0.675,1.0,0.5333333333333333
590,object,yes,0,0.7272727272727273,0.5636363636363636,0.7272727272727273,0.5636363636363636,1.0,1.0,1.0,1.0,0.5844155844155844,0.675,0.675,0.675,0.675,1.0
591,object,yes,0,0.9090909090909091,0.8181818181818182,0.8181818181818182,0.6727272727272727,0.8,0.6,1.0,1.0,0.7532467532467533,0.7666666666666667,0.875,0.675,0.7666666666666667,0.8
592,attribute,yes,0,0.7272727272727273,0.5636363636363636,0.7272727272727273,0.5636363636363636,1.0,1.0,1.0,1.0,0.5844155844155844,0.675,0.675,0.675,0.675,1.0
593,positional,yes,1,0.7272727272727273,0.5636363636363636,0.45454545454545453,0.45454545454545453,1.0,1.0,0.0,1.0,0.4935064935064935,0.675,0.4666666666666667,0.5,0.5416666666666666,0.4444444444444444
594,attribute,yes,0,0.7272727272727273,0.5636363636363636,0.7272727272727273,0.5636363636363636,1.0,1.0,0.8,0.6,0.5844155844155844,0.675,0.6,0.675,0.6,0.8
595,attribute,yes,0,1.0,1.0,1.0,1.0,1.0,1.0,1.0,1.0,1.0,1.0,1.0,1.0,1.0,1.0
597,positional,yes,0,0.9090909090909091,0.8181818181818182,0.2727272727272727,0.5636363636363636,0.6,0.4,0.6,0.4,0.4935064935064935,0.675,0.675,0.5,0.5,0.4666666666666667
598,counting,yes,0,1.0,1.0,1.0,1.0,0.8,0.6,0.8,0.6,1.0,0.875,0.875,0.875,0.875,0.6444444444444445
599,counting,yes,1,0.9090909090909091,0.8181818181818182,0.45454545454545453,0.45454545454545453,0.6,0.4,0.8,0.6,0.5454545454545454,0.675,0.7666666666666667,0.4666666666666667,0.475,0.5333333333333333
600,sentiment,yes,0,1.0,1.0,1.0,1.0,1.0,1.0,1.0,1.0,1.0,1.0,1.0,1.0,1.0,1.0
601,counting,yes,1,1.0,1.0,0.9090909090909091,0.8181818181818182,1.0,1.0,0.6,0.4,0.9090909090909091,1.0,0.7666666666666667,0.875,0.675,0.6444444444444445
602,sentiment,yes,0,0.18181818181818182,0.6727272727272727,0.09090909090909091,0.8181818181818182,0.4,0.4,0.2,0.6,0.7532467532467533,0.6,0.675,0.675,0.7666666666666667,0.5333333333333333
603,sentiment,yes,0,1.0,1.0,1.0,1.0,1.0,1.0,1.0,1.0,1.0,1.0,1.0,1.0,1.0,1.0
604,counting,yes,0,1.0,1.0,1.0,1.0,0.8,0.6,0.8,0.6,1.0,0.875,0.875,0.875,0.875,0.6444444444444445
605,attribute,yes,0,1.0,1.0,0.6363636363636364,0.4909090909090909,0.8,0.6,0.8,0.6,0.6883116883116883,0.875,0.875,0.5416666666666666,0.5416666666666666,0.6444444444444445
606,object,yes,0,0.5454545454545454,0.45454545454545453,0.6363636363636364,0.4909090909090909,1.0,1.0,1.0,1.0,0.4935064935064935,0.5416666666666666,0.5416666666666666,0.6,0.6,1.0
607,attribute,yes,0,0.45454545454545453,0.45454545454545453,0.18181818181818182,0.6727272727272727,1.0,1.0,0.6,0.4,0.5454545454545454,0.5,0.4666666666666667,0.475,0.5416666666666666,0.6444444444444445
608,object,yes,0,1.0,1.0,1.0,1.0,1.0,1.0,1.0,1.0,1.0,1.0,1.0,1.0,1.0,1.0
611,counting,yes,0,0.5454545454545454,0.45454545454545453,1.0,1.0,1.0,1.0,1.0,1.0,0.6320346320346321,0.5416666666666666,0.5416666666666666,1.0,1.0,1.0
612,object,yes,0,0.9090909090909091,0.8181818181818182,1.0,1.0,1.0,1.0,1.0,1.0,0.9090909090909091,0.875,0.875,1.0,1.0,1.0
613,object,yes,0,1.0,1.0,1.0,1.0,1.0,1.0,1.0,1.0,1.0,1.0,1.0,1.0,1.0,1.0
614,sentiment,yes,0,1.0,1.0,1.0,1.0,1.0,1.0,1.0,1.0,1.0,1.0,1.0,1.0,1.0,1.0
616,sentiment,yes,0,0.09090909090909091,0.8181818181818182,0.0,1.0,0.2,0.6,0.2,0.6,0.9090909090909091,0.7666666666666667,0.7666666666666667,0.875,0.875,0.6444444444444445
617,positional,yes,0,1.0,1.0,1.0,1.0,1.0,1.0,1.0,1.0,1.0,1.0,1.0,1.0,1.0,1.0
618,sentiment,yes,0,1.0,1.0,1.0,1.0,1.0,1.0,1.0,1.0,1.0,1.0,1.0,1.0,1.0,1.0
619,counting,yes,1,0.09090909090909091,0.8181818181818182,0.0,1.0,0.0,1.0,0.0,1.0,0.9090909090909091,0.875,0.875,1.0,1.0,1.0
620,attribute,yes,0,0.5454545454545454,0.45454545454545453,0.7272727272727273,0.5636363636363636,1.0,1.0,1.0,1.0,0.5151515151515151,0.5416666666666666,0.5416666666666666,0.675,0.675,1.0
621,object,yes,0,0.9090909090909091,0.8181818181818182,1.0,1.0,1.0,1.0,1.0,1.0,0.9090909090909091,0.875,0.875,1.0,1.0,1.0
622,sentiment,yes,1,1.0,1.0,0.5454545454545454,0.45454545454545453,1.0,1.0,0.4,0.4,0.6320346320346321,1.0,0.675,0.5416666666666666,0.4666666666666667,0.5333333333333333
623,sentiment,yes,0,1.0,1.0,1.0,1.0,1.0,1.0,1.0,1.0,1.0,1.0,1.0,1.0,1.0,1.0
624,object,yes,0,1.0,1.0,1.0,1.0,1.0,1.0,1.0,1.0,1.0,1.0,1.0,1.0,1.0,1.0
625,positional,yes,0,1.0,1.0,0.9090909090909091,0.8181818181818182,1.0,1.0,0.8,0.6,0.9090909090909091,1.0,0.875,0.875,0.7666666666666667,0.8
626,attribute,yes,1,0.9090909090909091,0.8181818181818182,0.2727272727272727,0.5636363636363636,0.6,0.4,0.0,1.0,0.4935064935064935,0.675,0.5,0.5,0.675,0.5333333333333333
627,attribute,yes,0,0.7272727272727273,0.5636363636363636,1.0,1.0,0.8,0.6,0.2,0.6,0.7532467532467533,0.6,0.475,0.875,0.6,0.4444444444444444
628,object,yes,0,1.0,1.0,1.0,1.0,1.0,1.0,1.0,1.0,1.0,1.0,1.0,1.0,1.0,1.0
629,attribute,yes,1,1.0,1.0,0.45454545454545453,0.45454545454545453,0.6,0.4,0.2,0.6,0.5844155844155844,0.7666666666666667,0.6,0.4666666666666667,0.5,0.4666666666666667
631,counting,yes,1,1.0,1.0,1.0,1.0,1.0,1.0,0.8,0.6,1.0,1.0,0.875,1.0,0.875,0.8
632,object,yes,0,1.0,1.0,1.0,1.0,1.0,1.0,0.8,0.6,1.0,1.0,0.875,1.0,0.875,0.8
633,positional,yes,0,0.45454545454545453,0.45454545454545453,0.6363636363636364,0.4909090909090909,0.8,0.6,1.0,1.0,0.4805194805194805,0.475,0.5,0.5416666666666666,0.6,0.8
634,attribute,yes,0,0.7272727272727273,0.5636363636363636,0.9090909090909091,0.8181818181818182,1.0,1.0,0.8,0.6,0.6883116883116883,0.675,0.6,0.875,0.7666666666666667,0.8
635,sentiment,yes,0,1.0,1.0,1.0,1.0,1.0,1.0,1.0,1.0,1.0,1.0,1.0,1.0,1.0,1.0
636,object,yes,0,0.8181818181818182,0.6727272727272727,1.0,1.0,1.0,1.0,1.0,1.0,0.8268398268398268,0.7666666666666667,0.7666666666666667,1.0,1.0,1.0
637,sentiment,yes,0,1.0,1.0,0.0,1.0,0.4,0.4,0.0,1.0,0.47619047619047616,0.675,0.5416666666666666,0.7666666666666667,1.0,0.6444444444444445
639,sentiment,yes,0,0.9090909090909091,0.8181818181818182,1.0,1.0,1.0,1.0,1.0,1.0,0.9090909090909091,0.875,0.875,1.0,1.0,1.0
640,counting,yes,0,1.0,1.0,1.0,1.0,1.0,1.0,0.8,0.6,1.0,1.0,0.875,1.0,0.875,0.8
641,object,yes,0,1.0,1.0,1.0,1.0,0.8,0.6,1.0,1.0,1.0,0.875,1.0,0.875,1.0,0.8
643,attribute,yes,0,0.7272727272727273,0.5636363636363636,0.6363636363636364,0.4909090909090909,1.0,1.0,0.8,0.6,0.5454545454545454,0.675,0.6,0.6,0.5416666666666666,0.8
644,object,yes,0,1.0,1.0,1.0,1.0,1.0,1.0,0.8,0.6,1.0,1.0,0.875,1.0,0.875,0.8
645,positional,yes,0,0.8181818181818182,0.6727272727272727,0.18181818181818182,0.6727272727272727,0.8,0.6,0.4,0.4,0.47619047619047616,0.675,0.5416666666666666,0.5,0.6,0.4666666666666667
647,object,yes,0,0.9090909090909091,0.8181818181818182,1.0,1.0,1.0,1.0,1.0,1.0,0.9090909090909091,0.875,0.875,1.0,1.0,1.0
648,attribute,yes,0,1.0,1.0,0.9090909090909091,0.8181818181818182,1.0,1.0,1.0,1.0,0.9090909090909091,1.0,1.0,0.875,0.875,1.0
649,attribute,yes,0,0.9090909090909091,0.8181818181818182,1.0,1.0,1.0,1.0,0.6,0.4,0.9090909090909091,0.875,0.675,1.0,0.7666666666666667,0.6444444444444445
650,positional,yes,0,1.0,1.0,0.9090909090909091,0.8181818181818182,1.0,1.0,1.0,1.0,0.9090909090909091,1.0,1.0,0.875,0.875,1.0
651,attribute,yes,0,0.18181818181818182,0.6727272727272727,0.5454545454545454,0.45454545454545453,0.6,0.4,0.2,0.6,0.5151515151515151,0.5416666666666666,0.675,0.475,0.475,0.4666666666666667
652,positional,yes,0,0.6363636363636364,0.4909090909090909,0.5454545454545454,0.45454545454545453,0.4,0.4,0.6,0.4,0.4935064935064935,0.475,0.5,0.4666666666666667,0.475,0.4444444444444444
654,object,yes,0,0.6363636363636364,0.4909090909090909,0.7272727272727273,0.5636363636363636,0.6,0.4,0.6,0.4,0.5454545454545454,0.5,0.5,0.5416666666666666,0.5416666666666666,0.4666666666666667
655,positional,yes,0,0.8181818181818182,0.6727272727272727,0.09090909090909091,0.8181818181818182,0.8,0.6,0.2,0.6,0.4805194805194805,0.675,0.5,0.5416666666666666,0.7666666666666667,0.4444444444444444
656,object,yes,0,1.0,1.0,1.0,1.0,1.0,1.0,1.0,1.0,1.0,1.0,1.0,1.0,1.0,1.0
657,attribute,yes,0,1.0,1.0,1.0,1.0,1.0,1.0,0.8,0.6,1.0,1.0,0.875,1.0,0.875,0.8
658,object,yes,0,0.9090909090909091,0.8181818181818182,0.9090909090909091,0.8181818181818182,1.0,1.0,1.0,1.0,0.8268398268398268,0.875,0.875,0.875,0.875,1.0
660,counting,yes,0,1.0,1.0,1.0,1.0,1.0,1.0,0.8,0.6,1.0,1.0,0.875,1.0,0.875,0.8
661,object,yes,0,1.0,1.0,1.0,1.0,1.0,1.0,1.0,1.0,1.0,1.0,1.0,1.0,1.0,1.0
662,positional,yes,0,1.0,1.0,0.0,1.0,0.8,0.6,0.2,0.6,0.47619047619047616,0.875,0.6,0.6,0.875,0.4444444444444444
663,sentiment,yes,0,1.0,1.0,1.0,1.0,1.0,1.0,1.0,1.0,1.0,1.0,1.0,1.0,1.0,1.0
665,attribute,yes,0,0.7272727272727273,0.5636363636363636,0.7272727272727273,0.5636363636363636,1.0,1.0,1.0,1.0,0.5844155844155844,0.675,0.675,0.675,0.675,1.0
667,object,yes,0,1.0,1.0,1.0,1.0,1.0,1.0,1.0,1.0,1.0,1.0,1.0,1.0,1.0,1.0
668,counting,yes,1,1.0,1.0,0.18181818181818182,0.6727272727272727,0.8,0.6,0.0,1.0,0.4935064935064935,0.875,0.5416666666666666,0.5,0.7666666666666667,0.4666666666666667
669,sentiment,yes,0,0.9090909090909091,0.8181818181818182,0.8181818181818182,0.6727272727272727,1.0,1.0,0.4,0.4,0.7532467532467533,0.875,0.6,0.7666666666666667,0.5416666666666666,0.5333333333333333
670,positional,yes,0,1.0,1.0,1.0,1.0,0.8,0.6,0.8,0.6,1.0,0.875,0.875,0.875,0.875,0.6444444444444445
671,positional,yes,0,0.6363636363636364,0.4909090909090909,0.36363636363636365,0.4909090909090909,0.4,0.4,0.2,0.6,0.47619047619047616,0.475,0.4666666666666667,0.5,0.5416666666666666,0.5333333333333333
672,attribute,yes,0,1.0,1.0,0.8181818181818182,0.6727272727272727,0.8,0.6,0.8,0.6,0.8268398268398268,0.875,0.875,0.675,0.675,0.6444444444444445
673,counting,yes,0,1.0,1.0,1.0,1.0,1.0,1.0,1.0,1.0,1.0,1.0,1.0,1.0,1.0,1.0
674,positional,yes,0,0.7272727272727273,0.5636363636363636,0.9090909090909091,0.8181818181818182,0.8,0.6,0.2,0.6,0.6883116883116883,0.6,0.475,0.7666666666666667,0.5416666666666666,0.4444444444444444
675,object,yes,0,0.6363636363636364,0.4909090909090909,0.6363636363636364,0.4909090909090909,1.0,1.0,1.0,1.0,0.5151515151515151,0.6,0.6,0.6,0.6,1.0
676,counting,yes,0,0.09090909090909091,0.8181818181818182,0.9090909090909091,0.8181818181818182,0.8,0.6,0.6,0.4,0.47619047619047616,0.5416666666666666,0.6,0.7666666666666667,0.675,0.5333333333333333
677,positional,yes,0,1.0,1.0,1.0,1.0,1.0,1.0,1.0,1.0,1.0,1.0,1.0,1.0,1.0,1.0
678,object,yes,0,1.0,1.0,1.0,1.0,1.0,1.0,0.8,0.6,1.0,1.0,0.875,1.0,0.875,0.8
679,object,yes,0,1.0,1.0,1.0,1.0,1.0,1.0,1.0,1.0,1.0,1.0,1.0,1.0,1.0,1.0
680,object,yes,0,1.0,1.0,1.0,1.0,1.0,1.0,1.0,1.0,1.0,1.0,1.0,1.0,1.0,1.0
681,attribute,yes,0,0.6363636363636364,0.4909090909090909,0.7272727272727273,0.5636363636363636,1.0,1.0,0.8,0.6,0.5454545454545454,0.6,0.5416666666666666,0.675,0.6,0.8
682,attribute,yes,0,1.0,1.0,1.0,1.0,1.0,1.0,0.8,0.6,1.0,1.0,0.875,1.0,0.875,0.8
683,positional,yes,0,1.0,1.0,1.0,1.0,1.0,1.0,1.0,1.0,1.0,1.0,1.0,1.0,1.0,1.0
684,positional,yes,0,1.0,1.0,1.0,1.0,0.8,0.6,0.8,0.6,1.0,0.875,0.875,0.875,0.875,0.6444444444444445
685,sentiment,yes,0,1.0,1.0,1.0,1.0,1.0,1.0,1.0,1.0,1.0,1.0,1.0,1.0,1.0,1.0
686,positional,yes,0,1.0,1.0,0.0,1.0,0.8,0.6,0.0,1.0,0.47619047619047616,0.875,0.5416666666666666,0.6,1.0,0.4666666666666667
687,attribute,yes,0,1.0,1.0,1.0,1.0,1.0,1.0,0.8,0.6,1.0,1.0,0.875,1.0,0.875,0.8
688,counting,yes,1,0.45454545454545453,0.45454545454545453,0.0,1.0,0.4,0.4,0.0,1.0,0.6320346320346321,0.475,0.5416666666666666,0.7666666666666667,1.0,0.6444444444444445
689,object,yes,0,0.9090909090909091,0.8181818181818182,1.0,1.0,1.0,1.0,0.8,0.6,0.9090909090909091,0.875,0.7666666666666667,1.0,0.875,0.8
690,positional,yes,0,1.0,1.0,1.0,1.0,1.0,1.0,1.0,1.0,1.0,1.0,1.0,1.0,1.0,1.0
691,sentiment,yes,0,1.0,1.0,1.0,1.0,1.0,1.0,1.0,1.0,1.0,1.0,1.0,1.0,1.0,1.0
692,object,yes,0,1.0,1.0,1.0,1.0,1.0,1.0,0.8,0.6,1.0,1.0,0.875,1.0,0.875,0.8
693,counting,yes,1,0.45454545454545453,0.45454545454545453,0.0,1.0,0.4,0.4,0.4,0.4,0.6320346320346321,0.475,0.475,0.7666666666666667,0.7666666666666667,0.4666666666666667
694,counting,yes,0,0.6363636363636364,0.4909090909090909,0.9090909090909091,0.8181818181818182,0.4,0.4,1.0,1.0,0.6320346320346321,0.475,0.6,0.6,0.875,0.5333333333333333
695,sentiment,yes,0,0.5454545454545454,0.45454545454545453,1.0,1.0,0.8,0.6,1.0,1.0,0.6320346320346321,0.5,0.5416666666666666,0.875,1.0,0.8
697,object,yes,0,1.0,1.0,1.0,1.0,1.0,1.0,1.0,1.0,1.0,1.0,1.0,1.0,1.0,1.0
698,attribute,yes,0,0.8181818181818182,0.6727272727272727,1.0,1.0,1.0,1.0,1.0,1.0,0.8268398268398268,0.7666666666666667,0.7666666666666667,1.0,1.0,1.0
699,attribute,yes,0,1.0,1.0,1.0,1.0,1.0,1.0,1.0,1.0,1.0,1.0,1.0,1.0,1.0,1.0
700,attribute,yes,1,1.0,1.0,0.18181818181818182,0.6727272727272727,1.0,1.0,0.0,1.0,0.4935064935064935,1.0,0.5416666666666666,0.475,0.7666666666666667,0.4444444444444444
701,positional,yes,0,1.0,1.0,0.9090909090909091,0.8181818181818182,1.0,1.0,0.6,0.4,0.9090909090909091,1.0,0.7666666666666667,0.875,0.675,0.6444444444444445
702,sentiment,yes,1,1.0,1.0,1.0,1.0,0.8,0.6,0.8,0.6,1.0,0.875,0.875,0.875,0.875,0.6444444444444445
703,positional,yes,0,0.8181818181818182,0.6727272727272727,0.18181818181818182,0.6727272727272727,0.6,0.4,0.2,0.6,0.47619047619047616,0.6,0.5,0.5416666666666666,0.675,0.4666666666666667
704,object,yes,0,1.0,1.0,1.0,1.0,1.0,1.0,1.0,1.0,1.0,1.0,1.0,1.0,1.0,1.0
705,object,yes,0,0.9090909090909091,0.8181818181818182,0.9090909090909091,0.8181818181818182,1.0,1.0,0.8,0.6,0.8268398268398268,0.875,0.7666666666666667,0.875,0.7666666666666667,0.8
706,attribute,yes,0,0.7272727272727273,0.5636363636363636,0.7272727272727273,0.5636363636363636,1.0,1.0,1.0,1.0,0.5844155844155844,0.675,0.675,0.675,0.675,1.0
707,attribute,yes,1,1.0,1.0,0.09090909090909091,0.8181818181818182,1.0,1.0,0.4,0.4,0.4805194805194805,1.0,0.675,0.5,0.675,0.5333333333333333
708,object,yes,0,1.0,1.0,1.0,1.0,1.0,1.0,1.0,1.0,1.0,1.0,1.0,1.0,1.0,1.0
709,attribute,yes,0,1.0,1.0,1.0,1.0,1.0,1.0,0.8,0.6,1.0,1.0,0.875,1.0,0.875,0.8
710,positional,yes,0,1.0,1.0,0.7272727272727273,0.5636363636363636,0.8,0.6,0.6,0.4,0.7532467532467533,0.875,0.7666666666666667,0.6,0.5416666666666666,0.5333333333333333
711,sentiment,yes,0,1.0,1.0,0.0,1.0,1.0,1.0,0.0,1.0,0.47619047619047616,1.0,0.5416666666666666,0.5416666666666666,1.0,0.4444444444444444
712,attribute,yes,0,0.6363636363636364,0.4909090909090909,0.7272727272727273,0.5636363636363636,1.0,1.0,1.0,1.0,0.5454545454545454,0.6,0.6,0.675,0.675,1.0
713,attribute,yes,1,0.9090909090909091,0.8181818181818182,0.9090909090909091,0.8181818181818182,1.0,1.0,0.8,0.6,0.8268398268398268,0.875,0.7666666666666667,0.875,0.7666666666666667,0.8
714,positional,yes,1,1.0,1.0,0.5454545454545454,0.45454545454545453,0.8,0.6,0.6,0.4,0.6320346320346321,0.875,0.7666666666666667,0.5,0.475,0.5333333333333333
715,attribute,yes,0,0.9090909090909091,0.8181818181818182,0.2727272727272727,0.5636363636363636,1.0,1.0,0.0,1.0,0.4935064935064935,0.875,0.5,0.4666666666666667,0.675,0.4444444444444444
716,object,yes,0,1.0,1.0,1.0,1.0,1.0,1.0,1.0,1.0,1.0,1.0,1.0,1.0,1.0,1.0
717,object,yes,0,1.0,1.0,1.0,1.0,1.0,1.0,0.8,0.6,1.0,1.0,0.875,1.0,0.875,0.8
718,counting,yes,1,0.2727272727272727,0.5636363636363636,0.0,1.0,0.4,0.4,0.6,0.4,0.7532467532467533,0.5416666666666666,0.5,0.7666666666666667,0.675,0.4444444444444444
719,attribute,yes,0,0.9090909090909091,0.8181818181818182,1.0,1.0,1.0,1.0,1.0,1.0,0.9090909090909091,0.875,0.875,1.0,1.0,1.0
720,positional,yes,0,1.0,1.0,1.0,1.0,0.8,0.6,0.8,0.6,1.0,0.875,0.875,0.875,0.875,0.6444444444444445
721,attribute,yes,0,0.9090909090909091,0.8181818181818182,1.0,1.0,1.0,1.0,0.8,0.6,0.9090909090909091,0.875,0.7666666666666667,1.0,0.875,0.8
722,object,yes,0,1.0,1.0,1.0,1.0,1.0,1.0,1.0,1.0,1.0,1.0,1.0,1.0,1.0,1.0
723,object,yes,1,0.0,1.0,0.0,1.0,0.4,0.4,0.0,1.0,1.0,0.7666666666666667,1.0,0.7666666666666667,1.0,0.6444444444444445
724,attribute,yes,0,1.0,1.0,1.0,1.0,1.0,1.0,1.0,1.0,1.0,1.0,1.0,1.0,1.0,1.0
725,attribute,yes,0,0.8181818181818182,0.6727272727272727,1.0,1.0,0.8,0.6,0.4,0.4,0.8268398268398268,0.675,0.5416666666666666,0.875,0.675,0.4666666666666667
726,object,yes,0,1.0,1.0,1.0,1.0,1.0,1.0,0.8,0.6,1.0,1.0,0.875,1.0,0.875,0.8
727,object,yes,1,0.9090909090909091,0.8181818181818182,0.18181818181818182,0.6727272727272727,0.8,0.6,0.0,1.0,0.4805194805194805,0.7666666666666667,0.5,0.5,0.7666666666666667,0.4666666666666667
728,sentiment,yes,1,0.9090909090909091,0.8181818181818182,0.7272727272727273,0.5636363636363636,1.0,1.0,0.4,0.4,0.6883116883116883,0.875,0.6,0.675,0.5,0.5333333333333333
729,counting,yes,1,1.0,1.0,0.9090909090909091,0.8181818181818182,1.0,1.0,0.8,0.6,0.9090909090909091,1.0,0.875,0.875,0.7666666666666667,0.8
730,counting,yes,1,1.0,1.0,1.0,1.0,0.6,0.4,0.8,0.6,1.0,0.7666666666666667,0.875,0.7666666666666667,0.875,0.5333333333333333
731,counting,yes,1,0.09090909090909091,0.8181818181818182,0.9090909090909091,0.8181818181818182,0.0,1.0,0.4,0.4,0.47619047619047616,0.875,0.675,0.5,0.6,0.6444444444444445
732,counting,yes,0,1.0,1.0,0.7272727272727273,0.5636363636363636,1.0,1.0,0.6,0.4,0.7532467532467533,1.0,0.7666666666666667,0.675,0.5416666666666666,0.6444444444444445
733,attribute,yes,0,0.6363636363636364,0.4909090909090909,1.0,1.0,0.8,0.6,0.8,0.6,0.6883116883116883,0.5416666666666666,0.5416666666666666,0.875,0.875,0.6444444444444445
734,object,yes,0,1.0,1.0,1.0,1.0,0.8,0.6,1.0,1.0,1.0,0.875,1.0,0.875,1.0,0.8
735,object,yes,0,1.0,1.0,1.0,1.0,1.0,1.0,1.0,1.0,1.0,1.0,1.0,1.0,1.0,1.0
736,sentiment,yes,1,0.0,1.0,1.0,1.0,0.6,0.4,0.8,0.6,0.47619047619047616,0.675,0.6,0.7666666666666667,0.875,0.5333333333333333
737,object,yes,0,1.0,1.0,1.0,1.0,1.0,1.0,0.8,0.6,1.0,1.0,0.875,1.0,0.875,0.8
738,counting,yes,1,1.0,1.0,1.0,1.0,0.2,0.6,1.0,1.0,1.0,0.6,1.0,0.6,1.0,0.4666666666666667
741,attribute,yes,0,0.2727272727272727,0.5636363636363636,0.0,1.0,0.4,0.4,0.0,1.0,0.7532467532467533,0.5416666666666666,0.675,0.7666666666666667,1.0,0.6444444444444445
742,sentiment,yes,0,1.0,1.0,1.0,1.0,1.0,1.0,1.0,1.0,1.0,1.0,1.0,1.0,1.0,1.0
743,counting,yes,0,1.0,1.0,1.0,1.0,1.0,1.0,1.0,1.0,1.0,1.0,1.0,1.0,1.0,1.0
744,object,yes,0,1.0,1.0,1.0,1.0,1.0,1.0,1.0,1.0,1.0,1.0,1.0,1.0,1.0,1.0
745,counting,yes,0,0.9090909090909091,0.8181818181818182,1.0,1.0,1.0,1.0,1.0,1.0,0.9090909090909091,0.875,0.875,1.0,1.0,1.0
746,object,yes,0,1.0,1.0,1.0,1.0,1.0,1.0,1.0,1.0,1.0,1.0,1.0,1.0,1.0,1.0
747,object,yes,0,1.0,1.0,1.0,1.0,1.0,1.0,1.0,1.0,1.0,1.0,1.0,1.0,1.0,1.0
748,object,yes,0,1.0,1.0,1.0,1.0,1.0,1.0,1.0,1.0,1.0,1.0,1.0,1.0,1.0,1.0
749,positional,yes,1,1.0,1.0,0.6363636363636364,0.4909090909090909,0.6,0.4,0.4,0.4,0.6883116883116883,0.7666666666666667,0.675,0.5,0.475,0.4444444444444444
750,sentiment,yes,0,1.0,1.0,1.0,1.0,1.0,1.0,1.0,1.0,1.0,1.0,1.0,1.0,1.0,1.0
751,sentiment,yes,1,0.45454545454545453,0.45454545454545453,0.6363636363636364,0.4909090909090909,1.0,1.0,0.8,0.6,0.4805194805194805,0.5,0.475,0.6,0.5416666666666666,0.8
752,attribute,yes,0,1.0,1.0,1.0,1.0,1.0,1.0,1.0,1.0,1.0,1.0,1.0,1.0,1.0,1.0
753,sentiment,yes,1,1.0,1.0,1.0,1.0,1.0,1.0,1.0,1.0,1.0,1.0,1.0,1.0,1.0,1.0
754,attribute,yes,0,0.7272727272727273,0.5636363636363636,0.7272727272727273,0.5636363636363636,0.4,0.4,0.8,0.6,0.5844155844155844,0.5,0.6,0.5,0.6,0.4666666666666667
756,object,yes,1,0.9090909090909091,0.8181818181818182,0.6363636363636364,0.4909090909090909,1.0,1.0,0.4,0.4,0.6320346320346321,0.875,0.6,0.6,0.475,0.5333333333333333
757,sentiment,yes,0,1.0,1.0,1.0,1.0,1.0,1.0,1.0,1.0,1.0,1.0,1.0,1.0,1.0,1.0
758,attribute,yes,0,0.0,1.0,0.6363636363636364,0.4909090909090909,0.0,1.0,0.2,0.6,0.5454545454545454,1.0,0.875,0.475,0.4666666666666667,0.8
759,positional,yes,0,0.2727272727272727,0.5636363636363636,0.36363636363636365,0.4909090909090909,0.4,0.4,0.6,0.4,0.5454545454545454,0.5416666666666666,0.5,0.5,0.475,0.4444444444444444
760,counting,yes,1,1.0,1.0,0.09090909090909091,0.8181818181818182,1.0,1.0,0.0,1.0,0.4805194805194805,1.0,0.5416666666666666,0.5,0.875,0.4444444444444444
762,object,yes,0,1.0,1.0,1.0,1.0,1.0,1.0,1.0,1.0,1.0,1.0,1.0,1.0,1.0,1.0
763,attribute,yes,1,0.0,1.0,0.2727272727272727,0.5636363636363636,0.0,1.0,0.8,0.6,0.7532467532467533,1.0,0.6,0.675,0.475,0.4666666666666667
765,object,yes,0,1.0,1.0,1.0,1.0,1.0,1.0,1.0,1.0,1.0,1.0,1.0,1.0,1.0,1.0
766,positional,yes,0,0.9090909090909091,0.8181818181818182,1.0,1.0,1.0,1.0,1.0,1.0,0.9090909090909091,0.875,0.875,1.0,1.0,1.0
767,positional,yes,0,1.0,1.0,1.0,1.0,1.0,1.0,1.0,1.0,1.0,1.0,1.0,1.0,1.0,1.0
768,attribute,yes,0,0.0,1.0,1.0,1.0,0.0,1.0,1.0,1.0,0.47619047619047616,1.0,0.5416666666666666,0.5416666666666666,1.0,0.4444444444444444
769,positional,yes,0,1.0,1.0,1.0,1.0,0.8,0.6,1.0,1.0,1.0,0.875,1.0,0.875,1.0,0.8
770,counting,yes,1,0.8181818181818182,0.6727272727272727,0.8181818181818182,0.6727272727272727,1.0,1.0,0.4,0.4,0.6883116883116883,0.7666666666666667,0.5416666666666666,0.7666666666666667,0.5416666666666666,0.5333333333333333
771,attribute,yes,0,0.5454545454545454,0.45454545454545453,0.9090909090909091,0.8181818181818182,1.0,1.0,0.4,0.4,0.5844155844155844,0.5416666666666666,0.4666666666666667,0.875,0.6,0.5333333333333333
772,attribute,yes,0,0.7272727272727273,0.5636363636363636,0.7272727272727273,0.5636363636363636,1.0,1.0,0.8,0.6,0.5844155844155844,0.675,0.6,0.675,0.6,0.8
773,attribute,yes,0,0.7272727272727273,0.5636363636363636,0.7272727272727273,0.5636363636363636,1.0,1.0,0.8,0.6,0.5844155844155844,0.675,0.6,0.675,0.6,0.8
774,counting,yes,1,0.18181818181818182,0.6727272727272727,0.09090909090909091,0.8181818181818182,0.2,0.6,0.4,0.4,0.7532467532467533,0.675,0.6,0.7666666666666667,0.675,0.5333333333333333
775,object,yes,0,1.0,1.0,1.0,1.0,1.0,1.0,1.0,1.0,1.0,1.0,1.0,1.0,1.0,1.0
776,attribute,yes,0,0.9090909090909091,0.8181818181818182,1.0,1.0,0.4,0.4,0.4,0.4,0.9090909090909091,0.6,0.6,0.675,0.675,0.4666666666666667
777,positional,yes,0,1.0,1.0,1.0,1.0,1.0,1.0,1.0,1.0,1.0,1.0,1.0,1.0,1.0,1.0
778,object,yes,0,1.0,1.0,1.0,1.0,1.0,1.0,1.0,1.0,1.0,1.0,1.0,1.0,1.0,1.0
779,positional,yes,0,1.0,1.0,1.0,1.0,0.8,0.6,1.0,1.0,1.0,0.875,1.0,0.875,1.0,0.8
780,positional,yes,1,1.0,1.0,0.7272727272727273,0.5636363636363636,0.8,0.6,0.6,0.4,0.7532467532467533,0.875,0.7666666666666667,0.6,0.5416666666666666,0.5333333333333333
782,object,yes,0,1.0,1.0,1.0,1.0,1.0,1.0,1.0,1.0,1.0,1.0,1.0,1.0,1.0,1.0
784,object,yes,0,1.0,1.0,1.0,1.0,1.0,1.0,1.0,1.0,1.0,1.0,1.0,1.0,1.0,1.0
787,positional,yes,0,1.0,1.0,1.0,1.0,1.0,1.0,1.0,1.0,1.0,1.0,1.0,1.0,1.0,1.0
789,object,yes,0,1.0,1.0,1.0,1.0,1.0,1.0,1.0,1.0,1.0,1.0,1.0,1.0,1.0,1.0
790,attribute,yes,0,0.7272727272727273,0.5636363636363636,0.9090909090909091,0.8181818181818182,1.0,1.0,0.8,0.6,0.6883116883116883,0.675,0.6,0.875,0.7666666666666667,0.8
792,positional,yes,0,0.36363636363636365,0.4909090909090909,0.09090909090909091,0.8181818181818182,0.6,0.4,0.8,0.6,0.6320346320346321,0.475,0.4666666666666667,0.6,0.5416666666666666,0.5333333333333333
793,positional,yes,0,0.09090909090909091,0.8181818181818182,0.6363636363636364,0.4909090909090909,0.2,0.6,0.8,0.6,0.5151515151515151,0.7666666666666667,0.5416666666666666,0.4666666666666667,0.5416666666666666,0.4444444444444444
794,attribute,yes,1,1.0,1.0,0.8181818181818182,0.6727272727272727,0.4,0.4,1.0,1.0,0.8268398268398268,0.675,1.0,0.5416666666666666,0.7666666666666667,0.5333333333333333
795,object,yes,0,1.0,1.0,1.0,1.0,1.0,1.0,0.8,0.6,1.0,1.0,0.875,1.0,0.875,0.8
797,object,yes,0,1.0,1.0,1.0,1.0,1.0,1.0,1.0,1.0,1.0,1.0,1.0,1.0,1.0,1.0
798,counting,yes,0,0.9090909090909091,0.8181818181818182,0.9090909090909091,0.8181818181818182,1.0,1.0,1.0,1.0,0.8268398268398268,0.875,0.875,0.875,0.875,1.0
799,counting,yes,1,0.0,1.0,0.0,1.0,0.0,1.0,0.2,0.6,1.0,1.0,0.875,1.0,0.875,0.8
800,sentiment,yes,1,1.0,1.0,1.0,1.0,1.0,1.0,1.0,1.0,1.0,1.0,1.0,1.0,1.0,1.0
801,object,yes,0,0.5454545454545454,0.45454545454545453,0.09090909090909091,0.8181818181818182,0.0,1.0,0.0,1.0,0.5454545454545454,0.5,0.5,0.875,0.875,1.0
802,object,yes,0,1.0,1.0,1.0,1.0,1.0,1.0,1.0,1.0,1.0,1.0,1.0,1.0,1.0,1.0
803,attribute,yes,0,1.0,1.0,1.0,1.0,1.0,1.0,1.0,1.0,1.0,1.0,1.0,1.0,1.0,1.0
804,sentiment,yes,0,0.9090909090909091,0.8181818181818182,1.0,1.0,1.0,1.0,1.0,1.0,0.9090909090909091,0.875,0.875,1.0,1.0,1.0
805,positional,yes,0,1.0,1.0,0.0,1.0,1.0,1.0,0.0,1.0,0.47619047619047616,1.0,0.5416666666666666,0.5416666666666666,1.0,0.4444444444444444
806,counting,yes,0,0.8181818181818182,0.6727272727272727,0.0,1.0,1.0,1.0,0.0,1.0,0.4935064935064935,0.7666666666666667,0.475,0.5416666666666666,1.0,0.4444444444444444
807,attribute,yes,0,0.8181818181818182,0.6727272727272727,1.0,1.0,1.0,1.0,0.8,0.6,0.8268398268398268,0.7666666666666667,0.675,1.0,0.875,0.8
808,object,yes,0,1.0,1.0,1.0,1.0,1.0,1.0,1.0,1.0,1.0,1.0,1.0,1.0,1.0,1.0
809,object,yes,0,0.36363636363636365,0.4909090909090909,1.0,1.0,0.4,0.4,0.6,0.4,0.5454545454545454,0.5,0.475,0.675,0.7666666666666667,0.4444444444444444
810,counting,yes,1,1.0,1.0,1.0,1.0,0.2,0.6,0.8,0.6,1.0,0.6,0.875,0.6,0.875,0.4444444444444444
811,object,yes,0,1.0,1.0,1.0,1.0,1.0,1.0,0.8,0.6,1.0,1.0,0.875,1.0,0.875,0.8
812,object,yes,1,0.18181818181818182,0.6727272727272727,0.0,1.0,0.8,0.6,0.0,1.0,0.8268398268398268,0.5,0.7666666666666667,0.6,1.0,0.4666666666666667
813,attribute,yes,0,1.0,1.0,1.0,1.0,1.0,1.0,1.0,1.0,1.0,1.0,1.0,1.0,1.0,1.0
814,counting,yes,0,0.7272727272727273,0.5636363636363636,0.0,1.0,1.0,1.0,0.0,1.0,0.5151515151515151,0.675,0.4666666666666667,0.5416666666666666,1.0,0.4444444444444444
815,object,yes,0,0.9090909090909091,0.8181818181818182,0.9090909090909091,0.8181818181818182,1.0,1.0,0.8,0.6,0.8268398268398268,0.875,0.7666666666666667,0.875,0.7666666666666667,0.8
816,positional,yes,0,1.0,1.0,1.0,1.0,1.0,1.0,1.0,1.0,1.0,1.0,1.0,1.0,1.0,1.0
817,object,yes,0,0.7272727272727273,0.5636363636363636,0.7272727272727273,0.5636363636363636,1.0,1.0,0.8,0.6,0.5844155844155844,0.675,0.6,0.675,0.6,0.8
819,object,yes,1,1.0,1.0,0.5454545454545454,0.45454545454545453,0.8,0.6,0.8,0.6,0.6320346320346321,0.875,0.875,0.5,0.5,0.6444444444444445
820,sentiment,yes,0,0.8181818181818182,0.6727272727272727,0.9090909090909091,0.8181818181818182,1.0,1.0,1.0,1.0,0.7532467532467533,0.7666666666666667,0.7666666666666667,0.875,0.875,1.0
822,object,yes,0,0.8181818181818182,0.6727272727272727,0.9090909090909091,0.8181818181818182,0.6,0.4,1.0,1.0,0.7532467532467533,0.6,0.7666666666666667,0.675,0.875,0.6444444444444445
823,positional,yes,0,1.0,1.0,1.0,1.0,1.0,1.0,1.0,1.0,1.0,1.0,1.0,1.0,1.0,1.0
824,object,yes,0,1.0,1.0,1.0,1.0,1.0,1.0,1.0,1.0,1.0,1.0,1.0,1.0,1.0,1.0
825,attribute,yes,0,0.7272727272727273,0.5636363636363636,0.7272727272727273,0.5636363636363636,1.0,1.0,1.0,1.0,0.5844155844155844,0.675,0.675,0.675,0.675,1.0
826,object,yes,0,0.8181818181818182,0.6727272727272727,0.8181818181818182,0.6727272727272727,1.0,1.0,1.0,1.0,0.6883116883116883,0.7666666666666667,0.7666666666666667,0.7666666666666667,0.7666666666666667,1.0
827,attribute,yes,0,0.9090909090909091,0.8181818181818182,1.0,1.0,0.6,0.4,0.6,0.4,0.9090909090909091,0.675,0.675,0.7666666666666667,0.7666666666666667,0.4666666666666667
828,positional,yes,0,1.0,1.0,1.0,1.0,1.0,1.0,1.0,1.0,1.0,1.0,1.0,1.0,1.0,1.0
829,object,yes,0,1.0,1.0,1.0,1.0,1.0,1.0,1.0,1.0,1.0,1.0,1.0,1.0,1.0,1.0
831,counting,yes,1,0.9090909090909091,0.8181818181818182,0.0,1.0,0.4,0.4,0.4,0.4,0.4805194805194805,0.6,0.6,0.7666666666666667,0.7666666666666667,0.4666666666666667
832,attribute,yes,1,0.7272727272727273,0.5636363636363636,0.45454545454545453,0.45454545454545453,0.6,0.4,0.2,0.6,0.4935064935064935,0.5416666666666666,0.475,0.4666666666666667,0.5,0.4666666666666667
833,positional,yes,0,1.0,1.0,1.0,1.0,1.0,1.0,1.0,1.0,1.0,1.0,1.0,1.0,1.0,1.0
834,positional,yes,0,1.0,1.0,1.0,1.0,1.0,1.0,1.0,1.0,1.0,1.0,1.0,1.0,1.0,1.0
835,object,yes,0,0.8181818181818182,0.6727272727272727,0.6363636363636364,0.4909090909090909,0.6,0.4,0.8,0.6,0.5844155844155844,0.6,0.675,0.5,0.5416666666666666,0.5333333333333333
836,counting,yes,1,0.8181818181818182,0.6727272727272727,0.45454545454545453,0.45454545454545453,1.0,1.0,0.6,0.4,0.5151515151515151,0.7666666666666667,0.6,0.5,0.4666666666666667,0.6444444444444445
837,object,yes,0,0.8181818181818182,0.6727272727272727,1.0,1.0,1.0,1.0,1.0,1.0,0.8268398268398268,0.7666666666666667,0.7666666666666667,1.0,1.0,1.0
838,positional,yes,1,1.0,1.0,0.7272727272727273,0.5636363636363636,1.0,1.0,0.8,0.6,0.7532467532467533,1.0,0.875,0.675,0.6,0.8
839,attribute,yes,0,1.0,1.0,0.9090909090909091,0.8181818181818182,1.0,1.0,1.0,1.0,0.9090909090909091,1.0,1.0,0.875,0.875,1.0
840,attribute,yes,1,1.0,1.0,1.0,1.0,1.0,1.0,1.0,1.0,1.0,1.0,1.0,1.0,1.0,1.0
842,attribute,yes,0,0.8181818181818182,0.6727272727272727,0.9090909090909091,0.8181818181818182,1.0,1.0,1.0,1.0,0.7532467532467533,0.7666666666666667,0.7666666666666667,0.875,0.875,1.0
843,sentiment,yes,0,1.0,1.0,1.0,1.0,1.0,1.0,1.0,1.0,1.0,1.0,1.0,1.0,1.0,1.0
844,positional,yes,1,1.0,1.0,0.45454545454545453,0.45454545454545453,0.8,0.6,0.4,0.4,0.5844155844155844,0.875,0.675,0.475,0.475,0.4666666666666667
845,sentiment,yes,1,1.0,1.0,1.0,1.0,1.0,1.0,1.0,1.0,1.0,1.0,1.0,1.0,1.0,1.0
846,attribute,yes,0,0.7272727272727273,0.5636363636363636,0.6363636363636364,0.4909090909090909,1.0,1.0,1.0,1.0,0.5454545454545454,0.675,0.675,0.6,0.6,1.0
847,attribute,yes,1,0.9090909090909091,0.8181818181818182,0.6363636363636364,0.4909090909090909,0.6,0.4,0.8,0.6,0.6320346320346321,0.675,0.7666666666666667,0.5,0.5416666666666666,0.5333333333333333
848,object,yes,0,1.0,1.0,1.0,1.0,1.0,1.0,0.8,0.6,1.0,1.0,0.875,1.0,0.875,0.8
849,attribute,yes,0,1.0,1.0,1.0,1.0,1.0,1.0,1.0,1.0,1.0,1.0,1.0,1.0,1.0,1.0
850,attribute,yes,0,0.5454545454545454,0.45454545454545453,0.7272727272727273,0.5636363636363636,1.0,1.0,0.8,0.6,0.5151515151515151,0.5416666666666666,0.5,0.675,0.6,0.8
851,object,yes,0,1.0,1.0,1.0,1.0,1.0,1.0,1.0,1.0,1.0,1.0,1.0,1.0,1.0,1.0
852,counting,yes,1,1.0,1.0,0.45454545454545453,0.45454545454545453,0.4,0.4,0.8,0.6,0.5844155844155844,0.675,0.875,0.475,0.475,0.4666666666666667
853,object,yes,0,1.0,1.0,1.0,1.0,1.0,1.0,1.0,1.0,1.0,1.0,1.0,1.0,1.0,1.0
854,attribute,yes,0,1.0,1.0,0.9090909090909091,0.8181818181818182,1.0,1.0,0.8,0.6,0.9090909090909091,1.0,0.875,0.875,0.7666666666666667,0.8
855,attribute,yes,0,0.9090909090909091,0.8181818181818182,0.9090909090909091,0.8181818181818182,1.0,1.0,0.6,0.4,0.8268398268398268,0.875,0.675,0.875,0.675,0.6444444444444445
856,sentiment,yes,0,0.9090909090909091,0.8181818181818182,1.0,1.0,1.0,1.0,1.0,1.0,0.9090909090909091,0.875,0.875,1.0,1.0,1.0
857,object,yes,0,0.8181818181818182,0.6727272727272727,0.8181818181818182,0.6727272727272727,1.0,1.0,1.0,1.0,0.6883116883116883,0.7666666666666667,0.7666666666666667,0.7666666666666667,0.7666666666666667,1.0
858,object,yes,0,1.0,1.0,1.0,1.0,1.0,1.0,0.8,0.6,1.0,1.0,0.875,1.0,0.875,0.8
859,object,yes,0,1.0,1.0,1.0,1.0,0.8,0.6,0.8,0.6,1.0,0.875,0.875,0.875,0.875,0.6444444444444445
860,object,yes,0,1.0,1.0,1.0,1.0,1.0,1.0,1.0,1.0,1.0,1.0,1.0,1.0,1.0,1.0
861,counting,yes,0,0.8181818181818182,0.6727272727272727,1.0,1.0,1.0,1.0,0.6,0.4,0.8268398268398268,0.7666666666666667,0.6,1.0,0.7666666666666667,0.6444444444444445
862,object,yes,1,1.0,1.0,0.6363636363636364,0.4909090909090909,1.0,1.0,1.0,1.0,0.6883116883116883,1.0,1.0,0.6,0.6,1.0
863,object,yes,0,0.7272727272727273,0.5636363636363636,0.7272727272727273,0.5636363636363636,1.0,1.0,1.0,1.0,0.5844155844155844,0.675,0.675,0.675,0.675,1.0
864,object,yes,0,0.7272727272727273,0.5636363636363636,0.7272727272727273,0.5636363636363636,1.0,1.0,1.0,1.0,0.5844155844155844,0.675,0.675,0.675,0.675,1.0
865,object,yes,0,0.7272727272727273,0.5636363636363636,0.7272727272727273,0.5636363636363636,1.0,1.0,0.8,0.6,0.5844155844155844,0.675,0.6,0.675,0.6,0.8
867,attribute,yes,1,0.36363636363636365,0.4909090909090909,0.09090909090909091,0.8181818181818182,0.4,0.4,0.2,0.6,0.6320346320346321,0.5,0.5416666666666666,0.675,0.7666666666666667,0.5333333333333333
868,sentiment,yes,0,1.0,1.0,1.0,1.0,1.0,1.0,1.0,1.0,1.0,1.0,1.0,1.0,1.0,1.0
869,attribute,yes,0,1.0,1.0,1.0,1.0,1.0,1.0,1.0,1.0,1.0,1.0,1.0,1.0,1.0,1.0
870,sentiment,yes,1,1.0,1.0,1.0,1.0,0.6,0.4,0.6,0.4,1.0,0.7666666666666667,0.7666666666666667,0.7666666666666667,0.7666666666666667,0.4666666666666667
871,object,yes,0,1.0,1.0,1.0,1.0,1.0,1.0,0.8,0.6,1.0,1.0,0.875,1.0,0.875,0.8
872,counting,yes,0,0.7272727272727273,0.5636363636363636,1.0,1.0,1.0,1.0,1.0,1.0,0.7532467532467533,0.675,0.675,1.0,1.0,1.0
873,object,yes,0,1.0,1.0,1.0,1.0,1.0,1.0,1.0,1.0,1.0,1.0,1.0,1.0,1.0,1.0
874,sentiment,yes,0,0.0,1.0,1.0,1.0,0.2,0.6,1.0,1.0,0.47619047619047616,0.875,0.5416666666666666,0.6,1.0,0.4666666666666667
875,attribute,yes,0,0.2727272727272727,0.5636363636363636,1.0,1.0,0.8,0.6,1.0,1.0,0.5151515151515151,0.475,0.4666666666666667,0.875,1.0,0.8
876,sentiment,yes,0,1.0,1.0,0.9090909090909091,0.8181818181818182,1.0,1.0,1.0,1.0,0.9090909090909091,1.0,1.0,0.875,0.875,1.0
877,object,yes,0,0.9090909090909091,0.8181818181818182,1.0,1.0,1.0,1.0,1.0,1.0,0.9090909090909091,0.875,0.875,1.0,1.0,1.0
878,sentiment,yes,0,1.0,1.0,0.6363636363636364,0.4909090909090909,1.0,1.0,1.0,1.0,0.6883116883116883,1.0,1.0,0.6,0.6,1.0
879,object,yes,0,1.0,1.0,1.0,1.0,1.0,1.0,0.8,0.6,1.0,1.0,0.875,1.0,0.875,0.8
880,counting,yes,0,0.5454545454545454,0.45454545454545453,0.5454545454545454,0.45454545454545453,0.4,0.4,0.6,0.4,0.4805194805194805,0.4666666666666667,0.475,0.4666666666666667,0.475,0.4444444444444444
881,sentiment,yes,0,1.0,1.0,1.0,1.0,1.0,1.0,1.0,1.0,1.0,1.0,1.0,1.0,1.0,1.0
882,positional,yes,1,0.18181818181818182,0.6727272727272727,0.0,1.0,0.2,0.6,0.0,1.0,0.8268398268398268,0.675,0.7666666666666667,0.875,1.0,0.8
883,positional,yes,0,1.0,1.0,1.0,1.0,0.8,0.6,1.0,1.0,1.0,0.875,1.0,0.875,1.0,0.8
884,positional,yes,0,0.8181818181818182,0.6727272727272727,0.6363636363636364,0.4909090909090909,0.4,0.4,0.6,0.4,0.5844155844155844,0.5416666666666666,0.6,0.475,0.5,0.4444444444444444
885,positional,yes,1,1.0,1.0,1.0,1.0,1.0,1.0,0.6,0.4,1.0,1.0,0.7666666666666667,1.0,0.7666666666666667,0.6444444444444445
886,attribute,yes,0,0.7272727272727273,0.5636363636363636,0.7272727272727273,0.5636363636363636,1.0,1.0,1.0,1.0,0.5844155844155844,0.675,0.675,0.675,0.675,1.0
887,positional,yes,0,1.0,1.0,0.0,1.0,0.6,0.4,0.4,0.4,0.47619047619047616,0.7666666666666667,0.675,0.675,0.7666666666666667,0.4444444444444444
888,attribute,yes,0,0.7272727272727273,0.5636363636363636,0.7272727272727273,0.5636363636363636,1.0,1.0,0.8,0.6,0.5844155844155844,0.675,0.6,0.675,0.6,0.8
889,attribute,yes,0,0.7272727272727273,0.5636363636363636,0.7272727272727273,0.5636363636363636,1.0,1.0,0.8,0.6,0.5844155844155844,0.675,0.6,0.675,0.6,0.8
890,attribute,yes,0,1.0,1.0,1.0,1.0,1.0,1.0,0.6,0.4,1.0,1.0,0.7666666666666667,1.0,0.7666666666666667,0.6444444444444445
891,attribute,yes,0,0.9090909090909091,0.8181818181818182,1.0,1.0,1.0,1.0,0.6,0.4,0.9090909090909091,0.875,0.675,1.0,0.7666666666666667,0.6444444444444445
893,attribute,yes,1,1.0,1.0,1.0,1.0,0.6,0.4,0.6,0.4,1.0,0.7666666666666667,0.7666666666666667,0.7666666666666667,0.7666666666666667,0.4666666666666667
894,positional,yes,0,1.0,1.0,1.0,1.0,0.8,0.6,0.8,0.6,1.0,0.875,0.875,0.875,0.875,0.6444444444444445
896,object,yes,0,1.0,1.0,1.0,1.0,1.0,1.0,0.8,0.6,1.0,1.0,0.875,1.0,0.875,0.8
897,attribute,yes,0,1.0,1.0,1.0,1.0,1.0,1.0,1.0,1.0,1.0,1.0,1.0,1.0,1.0,1.0
899,positional,yes,0,1.0,1.0,0.0,1.0,0.8,0.6,0.0,1.0,0.47619047619047616,0.875,0.5416666666666666,0.6,1.0,0.4666666666666667
900,sentiment,yes,0,0.9090909090909091,0.8181818181818182,1.0,1.0,1.0,1.0,1.0,1.0,0.9090909090909091,0.875,0.875,1.0,1.0,1.0
901,counting,yes,0,1.0,1.0,1.0,1.0,1.0,1.0,0.6,0.4,1.0,1.0,0.7666666666666667,1.0,0.7666666666666667,0.6444444444444445
902,object,yes,0,1.0,1.0,1.0,1.0,1.0,1.0,0.8,0.6,1.0,1.0,0.875,1.0,0.875,0.8
903,sentiment,yes,0,0.9090909090909091,0.8181818181818182,1.0,1.0,1.0,1.0,1.0,1.0,0.9090909090909091,0.875,0.875,1.0,1.0,1.0
904,attribute,yes,0,0.8181818181818182,0.6727272727272727,1.0,1.0,0.4,0.4,1.0,1.0,0.8268398268398268,0.5416666666666666,0.7666666666666667,0.675,1.0,0.5333333333333333
905,positional,yes,0,1.0,1.0,1.0,1.0,0.8,0.6,0.8,0.6,1.0,0.875,0.875,0.875,0.875,0.6444444444444445
906,positional,yes,1,1.0,1.0,0.09090909090909091,0.8181818181818182,1.0,1.0,0.0,1.0,0.4805194805194805,1.0,0.5416666666666666,0.5,0.875,0.4444444444444444
907,object,yes,0,0.9090909090909091,0.8181818181818182,0.9090909090909091,0.8181818181818182,1.0,1.0,1.0,1.0,0.8268398268398268,0.875,0.875,0.875,0.875,1.0
908,positional,yes,1,0.8181818181818182,0.6727272727272727,0.0,1.0,0.8,0.6,0.4,0.4,0.4935064935064935,0.675,0.5416666666666666,0.6,0.7666666666666667,0.4666666666666667
909,object,yes,0,1.0,1.0,1.0,1.0,1.0,1.0,1.0,1.0,1.0,1.0,1.0,1.0,1.0,1.0
910,counting,yes,0,0.09090909090909091,0.8181818181818182,0.8181818181818182,0.6727272727272727,0.6,0.4,0.6,0.4,0.4805194805194805,0.6,0.6,0.6,0.6,0.4666666666666667
911,positional,yes,0,1.0,1.0,1.0,1.0,1.0,1.0,1.0,1.0,1.0,1.0,1.0,1.0,1.0,1.0
912,attribute,yes,1,1.0,1.0,1.0,1.0,1.0,1.0,1.0,1.0,1.0,1.0,1.0,1.0,1.0,1.0
913,object,yes,1,1.0,1.0,1.0,1.0,1.0,1.0,1.0,1.0,1.0,1.0,1.0,1.0,1.0,1.0
914,counting,yes,1,1.0,1.0,0.0,1.0,1.0,1.0,0.0,1.0,0.47619047619047616,1.0,0.5416666666666666,0.5416666666666666,1.0,0.4444444444444444
915,object,yes,0,0.9090909090909091,0.8181818181818182,0.9090909090909091,0.8181818181818182,1.0,1.0,1.0,1.0,0.8268398268398268,0.875,0.875,0.875,0.875,1.0
916,attribute,yes,0,0.9090909090909091,0.8181818181818182,0.9090909090909091,0.8181818181818182,1.0,1.0,0.2,0.6,0.8268398268398268,0.875,0.5416666666666666,0.875,0.5416666666666666,0.4666666666666667
917,counting,yes,1,1.0,1.0,1.0,1.0,0.8,0.6,0.6,0.4,1.0,0.875,0.7666666666666667,0.875,0.7666666666666667,0.5333333333333333
918,counting,yes,0,1.0,1.0,1.0,1.0,1.0,1.0,0.8,0.6,1.0,1.0,0.875,1.0,0.875,0.8
919,attribute,yes,0,0.8181818181818182,0.6727272727272727,1.0,1.0,1.0,1.0,1.0,1.0,0.8268398268398268,0.7666666666666667,0.7666666666666667,1.0,1.0,1.0
920,positional,yes,0,0.8181818181818182,0.6727272727272727,1.0,1.0,1.0,1.0,1.0,1.0,0.8268398268398268,0.7666666666666667,0.7666666666666667,1.0,1.0,1.0
921,positional,yes,0,1.0,1.0,0.9090909090909091,0.8181818181818182,1.0,1.0,0.4,0.4,0.9090909090909091,1.0,0.675,0.875,0.6,0.5333333333333333
922,object,yes,0,1.0,1.0,1.0,1.0,1.0,1.0,0.8,0.6,1.0,1.0,0.875,1.0,0.875,0.8
923,object,yes,0,0.6363636363636364,0.4909090909090909,0.7272727272727273,0.5636363636363636,1.0,1.0,1.0,1.0,0.5454545454545454,0.6,0.6,0.675,0.675,1.0
924,object,yes,0,1.0,1.0,1.0,1.0,1.0,1.0,1.0,1.0,1.0,1.0,1.0,1.0,1.0,1.0
925,attribute,yes,0,0.5454545454545454,0.45454545454545453,0.9090909090909091,0.8181818181818182,0.8,0.6,0.8,0.6,0.5844155844155844,0.5,0.5,0.7666666666666667,0.7666666666666667,0.6444444444444445
926,attribute,yes,0,0.9090909090909091,0.8181818181818182,1.0,1.0,1.0,1.0,0.8,0.6,0.9090909090909091,0.875,0.7666666666666667,1.0,0.875,0.8
927,object,yes,0,1.0,1.0,1.0,1.0,1.0,1.0,1.0,1.0,1.0,1.0,1.0,1.0,1.0,1.0
928,attribute,yes,1,1.0,1.0,0.0,1.0,0.6,0.4,0.0,1.0,0.47619047619047616,0.7666666666666667,0.5416666666666666,0.675,1.0,0.5333333333333333
929,positional,yes,0,1.0,1.0,0.0,1.0,0.8,0.6,0.2,0.6,0.47619047619047616,0.875,0.6,0.6,0.875,0.4444444444444444
930,attribute,yes,0,0.8181818181818182,0.6727272727272727,0.9090909090909091,0.8181818181818182,1.0,1.0,1.0,1.0,0.7532467532467533,0.7666666666666667,0.7666666666666667,0.875,0.875,1.0
931,object,yes,0,1.0,1.0,1.0,1.0,1.0,1.0,0.8,0.6,1.0,1.0,0.875,1.0,0.875,0.8
932,positional,yes,0,0.9090909090909091,0.8181818181818182,0.9090909090909091,0.8181818181818182,1.0,1.0,1.0,1.0,0.8268398268398268,0.875,0.875,0.875,0.875,1.0
934,object,yes,0,1.0,1.0,1.0,1.0,1.0,1.0,1.0,1.0,1.0,1.0,1.0,1.0,1.0,1.0
935,counting,yes,0,1.0,1.0,1.0,1.0,1.0,1.0,1.0,1.0,1.0,1.0,1.0,1.0,1.0,1.0
936,counting,yes,0,1.0,1.0,1.0,1.0,1.0,1.0,0.8,0.6,1.0,1.0,0.875,1.0,0.875,0.8
937,attribute,yes,0,1.0,1.0,1.0,1.0,1.0,1.0,1.0,1.0,1.0,1.0,1.0,1.0,1.0,1.0
939,attribute,yes,0,0.9090909090909091,0.8181818181818182,0.9090909090909091,0.8181818181818182,0.6,0.4,0.4,0.4,0.8268398268398268,0.675,0.6,0.675,0.6,0.4444444444444444
940,object,yes,0,1.0,1.0,1.0,1.0,1.0,1.0,0.8,0.6,1.0,1.0,0.875,1.0,0.875,0.8
941,attribute,yes,0,1.0,1.0,1.0,1.0,1.0,1.0,0.6,0.4,1.0,1.0,0.7666666666666667,1.0,0.7666666666666667,0.6444444444444445
943,object,yes,0,0.9090909090909091,0.8181818181818182,0.9090909090909091,0.8181818181818182,0.8,0.6,0.8,0.6,0.8268398268398268,0.7666666666666667,0.7666666666666667,0.7666666666666667,0.7666666666666667,0.6444444444444445
944,counting,yes,0,0.9090909090909091,0.8181818181818182,1.0,1.0,1.0,1.0,0.6,0.4,0.9090909090909091,0.875,0.675,1.0,0.7666666666666667,0.6444444444444445
945,counting,yes,1,1.0,1.0,1.0,1.0,1.0,1.0,0.4,0.4,1.0,1.0,0.675,1.0,0.675,0.5333333333333333
946,object,yes,0,1.0,1.0,1.0,1.0,1.0,1.0,1.0,1.0,1.0,1.0,1.0,1.0,1.0,1.0
947,sentiment,yes,0,0.7272727272727273,0.5636363636363636,0.8181818181818182,0.6727272727272727,0.8,0.6,0.4,0.4,0.6320346320346321,0.6,0.5,0.675,0.5416666666666666,0.4666666666666667
948,positional,yes,0,0.7272727272727273,0.5636363636363636,0.8181818181818182,0.6727272727272727,1.0,1.0,0.8,0.6,0.6320346320346321,0.675,0.6,0.7666666666666667,0.675,0.8
949,counting,yes,0,1.0,1.0,0.6363636363636364,0.4909090909090909,1.0,1.0,0.4,0.4,0.6883116883116883,1.0,0.675,0.6,0.475,0.5333333333333333
951,counting,yes,0,1.0,1.0,0.9090909090909091,0.8181818181818182,0.8,0.6,0.2,0.6,0.9090909090909091,0.875,0.6,0.7666666666666667,0.5416666666666666,0.4444444444444444
952,attribute,yes,0,1.0,1.0,1.0,1.0,1.0,1.0,1.0,1.0,1.0,1.0,1.0,1.0,1.0,1.0
953,positional,yes,0,1.0,1.0,1.0,1.0,0.8,0.6,0.4,0.4,1.0,0.875,0.675,0.875,0.675,0.4666666666666667
954,object,yes,0,0.9090909090909091,0.8181818181818182,0.9090909090909091,0.8181818181818182,1.0,1.0,0.8,0.6,0.8268398268398268,0.875,0.7666666666666667,0.875,0.7666666666666667,0.8
955,object,yes,0,0.8181818181818182,0.6727272727272727,0.8181818181818182,0.6727272727272727,1.0,1.0,0.8,0.6,0.6883116883116883,0.7666666666666667,0.675,0.7666666666666667,0.675,0.8
956,attribute,yes,0,0.8181818181818182,0.6727272727272727,0.6363636363636364,0.4909090909090909,1.0,1.0,1.0,1.0,0.5844155844155844,0.7666666666666667,0.7666666666666667,0.6,0.6,1.0
957,positional,yes,0,1.0,1.0,0.0,1.0,0.6,0.4,0.4,0.4,0.47619047619047616,0.7666666666666667,0.675,0.675,0.7666666666666667,0.4444444444444444
958,object,yes,0,0.8181818181818182,0.6727272727272727,1.0,1.0,1.0,1.0,1.0,1.0,0.8268398268398268,0.7666666666666667,0.7666666666666667,1.0,1.0,1.0
959,attribute,yes,0,0.8181818181818182,0.6727272727272727,0.8181818181818182,0.6727272727272727,1.0,1.0,1.0,1.0,0.6883116883116883,0.7666666666666667,0.7666666666666667,0.7666666666666667,0.7666666666666667,1.0
961,attribute,yes,0,0.7272727272727273,0.5636363636363636,0.5454545454545454,0.45454545454545453,1.0,1.0,0.4,0.4,0.5151515151515151,0.675,0.5,0.5416666666666666,0.4666666666666667,0.5333333333333333
962,counting,yes,0,0.0,1.0,0.6363636363636364,0.4909090909090909,0.0,1.0,1.0,1.0,0.5454545454545454,1.0,0.5416666666666666,0.475,0.6,0.4444444444444444
963,positional,yes,0,1.0,1.0,0.9090909090909091,0.8181818181818182,1.0,1.0,0.4,0.4,0.9090909090909091,1.0,0.675,0.875,0.6,0.5333333333333333
964,attribute,yes,0,0.8181818181818182,0.6727272727272727,1.0,1.0,1.0,1.0,1.0,1.0,0.8268398268398268,0.7666666666666667,0.7666666666666667,1.0,1.0,1.0
965,counting,yes,0,1.0,1.0,1.0,1.0,0.8,0.6,0.8,0.6,1.0,0.875,0.875,0.875,0.875,0.6444444444444445
967,counting,yes,0,0.7272727272727273,0.5636363636363636,0.5454545454545454,0.45454545454545453,1.0,1.0,0.6,0.4,0.5151515151515151,0.675,0.5416666666666666,0.5416666666666666,0.475,0.6444444444444445
968,attribute,yes,0,0.45454545454545453,0.45454545454545453,0.7272727272727273,0.5636363636363636,1.0,1.0,1.0,1.0,0.4935064935064935,0.5,0.5,0.675,0.675,1.0
969,positional,yes,0,1.0,1.0,0.9090909090909091,0.8181818181818182,0.6,0.4,0.6,0.4,0.9090909090909091,0.7666666666666667,0.7666666666666667,0.675,0.675,0.4666666666666667
970,sentiment,yes,0,1.0,1.0,0.7272727272727273,0.5636363636363636,1.0,1.0,0.4,0.4,0.7532467532467533,1.0,0.675,0.675,0.5,0.5333333333333333
971,object,yes,0,1.0,1.0,1.0,1.0,1.0,1.0,1.0,1.0,1.0,1.0,1.0,1.0,1.0,1.0
972,attribute,yes,0,1.0,1.0,1.0,1.0,1.0,1.0,1.0,1.0,1.0,1.0,1.0,1.0,1.0,1.0
973,object,yes,0,1.0,1.0,1.0,1.0,1.0,1.0,0.8,0.6,1.0,1.0,0.875,1.0,0.875,0.8
974,attribute,yes,1,0.18181818181818182,0.6727272727272727,0.09090909090909091,0.8181818181818182,0.4,0.4,0.6,0.4,0.7532467532467533,0.6,0.5416666666666666,0.675,0.6,0.4444444444444444
975,attribute,yes,0,1.0,1.0,1.0,1.0,1.0,1.0,1.0,1.0,1.0,1.0,1.0,1.0,1.0,1.0
976,object,yes,0,1.0,1.0,1.0,1.0,0.8,0.6,1.0,1.0,1.0,0.875,1.0,0.875,1.0,0.8
977,attribute,yes,1,0.9090909090909091,0.8181818181818182,0.8181818181818182,0.6727272727272727,0.6,0.4,0.6,0.4,0.7532467532467533,0.675,0.675,0.6,0.6,0.4666666666666667
978,attribute,yes,0,1.0,1.0,1.0,1.0,1.0,1.0,1.0,1.0,1.0,1.0,1.0,1.0,1.0,1.0
979,attribute,yes,1,1.0,1.0,1.0,1.0,0.8,0.6,1.0,1.0,1.0,0.875,1.0,0.875,1.0,0.8
980,attribute,yes,0,0.6363636363636364,0.4909090909090909,0.7272727272727273,0.5636363636363636,1.0,1.0,1.0,1.0,0.5454545454545454,0.6,0.6,0.675,0.675,1.0
981,attribute,yes,0,1.0,1.0,0.8181818181818182,0.6727272727272727,1.0,1.0,0.8,0.6,0.8268398268398268,1.0,0.875,0.7666666666666667,0.675,0.8
982,attribute,yes,1,0.8181818181818182,0.6727272727272727,0.0,1.0,0.4,0.4,0.4,0.4,0.4935064935064935,0.5416666666666666,0.5416666666666666,0.7666666666666667,0.7666666666666667,0.4666666666666667
983,object,yes,0,1.0,1.0,1.0,1.0,1.0,1.0,1.0,1.0,1.0,1.0,1.0,1.0,1.0,1.0
984,object,yes,0,1.0,1.0,1.0,1.0,1.0,1.0,1.0,1.0,1.0,1.0,1.0,1.0,1.0,1.0
985,object,yes,0,1.0,1.0,1.0,1.0,1.0,1.0,0.8,0.6,1.0,1.0,0.875,1.0,0.875,0.8
986,object,yes,0,1.0,1.0,1.0,1.0,1.0,1.0,1.0,1.0,1.0,1.0,1.0,1.0,1.0,1.0
987,sentiment,yes,0,1.0,1.0,1.0,1.0,1.0,1.0,1.0,1.0,1.0,1.0,1.0,1.0,1.0,1.0
988,attribute,yes,1,1.0,1.0,0.2727272727272727,0.5636363636363636,1.0,1.0,0.0,1.0,0.5151515151515151,1.0,0.5416666666666666,0.4666666666666667,0.675,0.4444444444444444
989,object,yes,1,0.5454545454545454,0.45454545454545453,0.18181818181818182,0.6727272727272727,1.0,1.0,1.0,1.0,0.5151515151515151,0.5416666666666666,0.5416666666666666,0.475,0.475,1.0
990,attribute,yes,0,0.8181818181818182,0.6727272727272727,0.8181818181818182,0.6727272727272727,1.0,1.0,1.0,1.0,0.6883116883116883,0.7666666666666667,0.7666666666666667,0.7666666666666667,0.7666666666666667,1.0
991,positional,yes,0,0.8181818181818182,0.6727272727272727,1.0,1.0,0.8,0.6,1.0,1.0,0.8268398268398268,0.675,0.7666666666666667,0.875,1.0,0.8
992,attribute,yes,1,1.0,1.0,0.7272727272727273,0.5636363636363636,1.0,1.0,1.0,1.0,0.7532467532467533,1.0,1.0,0.675,0.675,1.0
993,object,yes,0,1.0,1.0,1.0,1.0,1.0,1.0,0.8,0.6,1.0,1.0,0.875,1.0,0.875,0.8
994,counting,yes,0,1.0,1.0,1.0,1.0,0.8,0.6,0.4,0.4,1.0,0.875,0.675,0.875,0.675,0.4666666666666667
995,attribute,yes,0,0.7272727272727273,0.5636363636363636,1.0,1.0,1.0,1.0,0.8,0.6,0.7532467532467533,0.675,0.6,1.0,0.875,0.8
996,attribute,yes,0,1.0,1.0,1.0,1.0,1.0,1.0,1.0,1.0,1.0,1.0,1.0,1.0,1.0,1.0
997,positional,yes,0,0.36363636363636365,0.4909090909090909,0.6363636363636364,0.4909090909090909,0.4,0.4,0.8,0.6,0.47619047619047616,0.5,0.4666666666666667,0.475,0.5416666666666666,0.4666666666666667
998,attribute,yes,0,0.7272727272727273,0.5636363636363636,0.7272727272727273,0.5636363636363636,1.0,1.0,1.0,1.0,0.5844155844155844,0.675,0.675,0.675,0.675,1.0
999,sentiment,yes,0,1.0,1.0,0.0,1.0,0.4,0.4,0.0,1.0,0.47619047619047616,0.675,0.5416666666666666,0.7666666666666667,1.0,0.6444444444444445
1000,attribute,yes,0,0.9090909090909091,0.8181818181818182,0.9090909090909091,0.8181818181818182,1.0,1.0,0.8,0.6,0.8268398268398268,0.875,0.7666666666666667,0.875,0.7666666666666667,0.8
1001,counting,yes,1,1.0,1.0,0.9090909090909091,0.8181818181818182,1.0,1.0,0.8,0.6,0.9090909090909091,1.0,0.875,0.875,0.7666666666666667,0.8
1002,object,yes,0,1.0,1.0,1.0,1.0,0.8,0.6,1.0,1.0,1.0,0.875,1.0,0.875,1.0,0.8
1003,positional,yes,0,1.0,1.0,1.0,1.0,0.8,0.6,0.8,0.6,1.0,0.875,0.875,0.875,0.875,0.6444444444444445
1004,attribute,yes,0,0.9090909090909091,0.8181818181818182,1.0,1.0,1.0,1.0,0.8,0.6,0.9090909090909091,0.875,0.7666666666666667,1.0,0.875,0.8
1005,counting,yes,0,0.9090909090909091,0.8181818181818182,0.8181818181818182,0.6727272727272727,1.0,1.0,0.2,0.6,0.7532467532467533,0.875,0.5416666666666666,0.7666666666666667,0.5,0.4666666666666667
1006,object,yes,0,0.8181818181818182,0.6727272727272727,0.8181818181818182,0.6727272727272727,1.0,1.0,1.0,1.0,0.6883116883116883,0.7666666666666667,0.7666666666666667,0.7666666666666667,0.7666666666666667,1.0
1007,object,yes,0,1.0,1.0,1.0,1.0,1.0,1.0,1.0,1.0,1.0,1.0,1.0,1.0,1.0,1.0
1008,counting,yes,1,1.0,1.0,0.09090909090909091,0.8181818181818182,0.2,0.6,0.4,0.4,0.4805194805194805,0.6,0.675,0.7666666666666667,0.675,0.5333333333333333
1009,object,yes,0,1.0,1.0,1.0,1.0,1.0,1.0,1.0,1.0,1.0,1.0,1.0,1.0,1.0,1.0
1010,object,yes,0,1.0,1.0,1.0,1.0,1.0,1.0,1.0,1.0,1.0,1.0,1.0,1.0,1.0,1.0
1012,attribute,yes,0,1.0,1.0,1.0,1.0,1.0,1.0,1.0,1.0,1.0,1.0,1.0,1.0,1.0,1.0
1013,attribute,yes,0,1.0,1.0,1.0,1.0,1.0,1.0,0.6,0.4,1.0,1.0,0.7666666666666667,1.0,0.7666666666666667,0.6444444444444445
1014,attribute,yes,0,0.7272727272727273,0.5636363636363636,0.7272727272727273,0.5636363636363636,0.6,0.4,1.0,1.0,0.5844155844155844,0.5416666666666666,0.675,0.5416666666666666,0.675,0.6444444444444445
1015,object,yes,0,0.6363636363636364,0.4909090909090909,0.6363636363636364,0.4909090909090909,1.0,1.0,1.0,1.0,0.5151515151515151,0.6,0.6,0.6,0.6,1.0
1016,attribute,yes,0,0.45454545454545453,0.45454545454545453,0.45454545454545453,0.45454545454545453,1.0,1.0,0.6,0.4,0.4805194805194805,0.5,0.4666666666666667,0.5,0.4666666666666667,0.6444444444444445
1017,positional,yes,0,0.2727272727272727,0.5636363636363636,0.09090909090909091,0.8181818181818182,0.4,0.4,0.6,0.4,0.6883116883116883,0.5416666666666666,0.5,0.675,0.6,0.4444444444444444
1018,object,yes,0,0.7272727272727273,0.5636363636363636,0.7272727272727273,0.5636363636363636,1.0,1.0,0.6,0.4,0.5844155844155844,0.675,0.5416666666666666,0.675,0.5416666666666666,0.6444444444444445
1019,attribute,yes,0,0.9090909090909091,0.8181818181818182,1.0,1.0,0.8,0.6,0.8,0.6,0.9090909090909091,0.7666666666666667,0.7666666666666667,0.875,0.875,0.6444444444444445
1020,attribute,yes,0,0.36363636363636365,0.4909090909090909,0.8181818181818182,0.6727272727272727,0.8,0.6,0.4,0.4,0.4935064935064935,0.4666666666666667,0.5,0.675,0.5416666666666666,0.4666666666666667
1021,object,yes,0,1.0,1.0,1.0,1.0,1.0,1.0,1.0,1.0,1.0,1.0,1.0,1.0,1.0,1.0
1022,attribute,yes,0,0.7272727272727273,0.5636363636363636,0.7272727272727273,0.5636363636363636,0.8,0.6,0.6,0.4,0.5844155844155844,0.6,0.5416666666666666,0.6,0.5416666666666666,0.5333333333333333
1023,object,yes,0,1.0,1.0,1.0,1.0,1.0,1.0,1.0,1.0,1.0,1.0,1.0,1.0,1.0,1.0
1024,object,yes,0,0.9090909090909091,0.8181818181818182,0.9090909090909091,0.8181818181818182,1.0,1.0,1.0,1.0,0.8268398268398268,0.875,0.875,0.875,0.875,1.0
1026,counting,yes,1,1.0,1.0,0.5454545454545454,0.45454545454545453,1.0,1.0,0.2,0.6,0.6320346320346321,1.0,0.6,0.5416666666666666,0.475,0.4666666666666667
1027,object,yes,0,1.0,1.0,1.0,1.0,1.0,1.0,1.0,1.0,1.0,1.0,1.0,1.0,1.0,1.0
1028,attribute,yes,0,1.0,1.0,0.8181818181818182,0.6727272727272727,1.0,1.0,0.6,0.4,0.8268398268398268,1.0,0.7666666666666667,0.7666666666666667,0.6,0.6444444444444445
1029,attribute,yes,1,0.7272727272727273,0.5636363636363636,0.2727272727272727,0.5636363636363636,1.0,1.0,1.0,1.0,0.47619047619047616,0.675,0.675,0.4666666666666667,0.4666666666666667,1.0
1030,positional,yes,0,1.0,1.0,1.0,1.0,0.6,0.4,1.0,1.0,1.0,0.7666666666666667,1.0,0.7666666666666667,1.0,0.6444444444444445
1031,object,yes,0,1.0,1.0,1.0,1.0,1.0,1.0,1.0,1.0,1.0,1.0,1.0,1.0,1.0,1.0
1032,positional,yes,1,0.6363636363636364,0.4909090909090909,0.09090909090909091,0.8181818181818182,0.6,0.4,0.0,1.0,0.5151515151515151,0.5,0.475,0.6,0.875,0.5333333333333333
1033,sentiment,yes,1,0.6363636363636364,0.4909090909090909,0.0,1.0,1.0,1.0,0.0,1.0,0.5454545454545454,0.6,0.475,0.5416666666666666,1.0,0.4444444444444444
1034,attribute,yes,0,0.45454545454545453,0.45454545454545453,0.5454545454545454,0.45454545454545453,1.0,1.0,0.8,0.6,0.47619047619047616,0.5,0.475,0.5416666666666666,0.5,0.8
1035,object,yes,0,1.0,1.0,1.0,1.0,1.0,1.0,1.0,1.0,1.0,1.0,1.0,1.0,1.0,1.0
1036,object,yes,0,0.9090909090909091,0.8181818181818182,0.9090909090909091,0.8181818181818182,1.0,1.0,0.8,0.6,0.8268398268398268,0.875,0.7666666666666667,0.875,0.7666666666666667,0.8
1038,attribute,yes,1,0.7272727272727273,0.5636363636363636,0.6363636363636364,0.4909090909090909,0.2,0.6,0.2,0.6,0.5454545454545454,0.475,0.475,0.4666666666666667,0.4666666666666667,0.6444444444444445
1039,object,yes,0,1.0,1.0,1.0,1.0,1.0,1.0,0.8,0.6,1.0,1.0,0.875,1.0,0.875,0.8
1040,attribute,yes,1,0.8181818181818182,0.6727272727272727,0.45454545454545453,0.45454545454545453,1.0,1.0,1.0,1.0,0.5151515151515151,0.7666666666666667,0.7666666666666667,0.5,0.5,1.0
1041,object,yes,0,0.7272727272727273,0.5636363636363636,0.6363636363636364,0.4909090909090909,0.6,0.4,0.6,0.4,0.5454545454545454,0.5416666666666666,0.5416666666666666,0.5,0.5,0.4666666666666667
1042,positional,yes,0,1.0,1.0,1.0,1.0,1.0,1.0,0.8,0.6,1.0,1.0,0.875,1.0,0.875,0.8
1043,positional,yes,0,1.0,1.0,1.0,1.0,1.0,1.0,0.8,0.6,1.0,1.0,0.875,1.0,0.875,0.8
1044,object,yes,0,0.8181818181818182,0.6727272727272727,0.8181818181818182,0.6727272727272727,0.8,0.6,1.0,1.0,0.6883116883116883,0.675,0.7666666666666667,0.675,0.7666666666666667,0.8
1045,attribute,yes,0,1.0,1.0,1.0,1.0,1.0,1.0,1.0,1.0,1.0,1.0,1.0,1.0,1.0,1.0
1047,counting,yes,0,0.7272727272727273,0.5636363636363636,0.7272727272727273,0.5636363636363636,0.8,0.6,0.6,0.4,0.5844155844155844,0.6,0.5416666666666666,0.6,0.5416666666666666,0.5333333333333333
1048,positional,yes,1,0.5454545454545454,0.45454545454545453,0.36363636363636365,0.4909090909090909,1.0,1.0,0.4,0.4,0.4805194805194805,0.5416666666666666,0.4666666666666667,0.475,0.5,0.5333333333333333
1049,attribute,yes,1,1.0,1.0,1.0,1.0,0.6,0.4,1.0,1.0,1.0,0.7666666666666667,1.0,0.7666666666666667,1.0,0.6444444444444445
1050,object,yes,0,0.7272727272727273,0.5636363636363636,0.9090909090909091,0.8181818181818182,1.0,1.0,1.0,1.0,0.6883116883116883,0.675,0.675,0.875,0.875,1.0
1052,sentiment,yes,1,1.0,1.0,0.9090909090909091,0.8181818181818182,1.0,1.0,0.8,0.6,0.9090909090909091,1.0,0.875,0.875,0.7666666666666667,0.8
1053,object,yes,0,0.6363636363636364,0.4909090909090909,0.9090909090909091,0.8181818181818182,0.8,0.6,1.0,1.0,0.6320346320346321,0.5416666666666666,0.6,0.7666666666666667,0.875,0.8
1054,attribute,yes,1,1.0,1.0,1.0,1.0,1.0,1.0,1.0,1.0,1.0,1.0,1.0,1.0,1.0,1.0
1055,sentiment,yes,0,0.9090909090909091,0.8181818181818182,1.0,1.0,1.0,1.0,1.0,1.0,0.9090909090909091,0.875,0.875,1.0,1.0,1.0
1056,counting,yes,1,1.0,1.0,0.0,1.0,0.6,0.4,0.2,0.6,0.47619047619047616,0.7666666666666667,0.6,0.675,0.875,0.4666666666666667
1057,attribute,yes,0,0.45454545454545453,0.45454545454545453,0.7272727272727273,0.5636363636363636,1.0,1.0,0.8,0.6,0.4935064935064935,0.5,0.475,0.675,0.6,0.8
1059,positional,yes,0,1.0,1.0,0.5454545454545454,0.45454545454545453,0.8,0.6,0.8,0.6,0.6320346320346321,0.875,0.875,0.5,0.5,0.6444444444444445
1060,object,yes,0,0.6363636363636364,0.4909090909090909,0.7272727272727273,0.5636363636363636,1.0,1.0,1.0,1.0,0.5454545454545454,0.6,0.6,0.675,0.675,1.0
1061,counting,yes,0,0.7272727272727273,0.5636363636363636,1.0,1.0,1.0,1.0,1.0,1.0,0.7532467532467533,0.675,0.675,1.0,1.0,1.0
1063,positional,yes,0,1.0,1.0,1.0,1.0,1.0,1.0,1.0,1.0,1.0,1.0,1.0,1.0,1.0,1.0
1064,sentiment,yes,1,1.0,1.0,1.0,1.0,0.8,0.6,1.0,1.0,1.0,0.875,1.0,0.875,1.0,0.8
1065,counting,yes,0,0.5454545454545454,0.45454545454545453,0.7272727272727273,0.5636363636363636,0.8,0.6,0.6,0.4,0.5151515151515151,0.5,0.475,0.6,0.5416666666666666,0.5333333333333333
1066,sentiment,yes,0,1.0,1.0,1.0,1.0,1.0,1.0,0.2,0.6,1.0,1.0,0.6,1.0,0.6,0.4666666666666667
1067,attribute,yes,0,1.0,1.0,0.9090909090909091,0.8181818181818182,1.0,1.0,1.0,1.0,0.9090909090909091,1.0,1.0,0.875,0.875,1.0
1068,counting,yes,0,0.9090909090909091,0.8181818181818182,0.9090909090909091,0.8181818181818182,1.0,1.0,0.4,0.4,0.8268398268398268,0.875,0.6,0.875,0.6,0.5333333333333333
1069,positional,yes,1,0.7272727272727273,0.5636363636363636,0.5454545454545454,0.45454545454545453,1.0,1.0,0.4,0.4,0.5151515151515151,0.675,0.5,0.5416666666666666,0.4666666666666667,0.5333333333333333
1070,object,yes,0,1.0,1.0,1.0,1.0,1.0,1.0,1.0,1.0,1.0,1.0,1.0,1.0,1.0,1.0
1071,counting,yes,1,1.0,1.0,1.0,1.0,0.6,0.4,0.8,0.6,1.0,0.7666666666666667,0.875,0.7666666666666667,0.875,0.5333333333333333
1072,attribute,yes,0,0.7272727272727273,0.5636363636363636,1.0,1.0,1.0,1.0,1.0,1.0,0.7532467532467533,0.675,0.675,1.0,1.0,1.0
1073,object,yes,0,1.0,1.0,1.0,1.0,1.0,1.0,1.0,1.0,1.0,1.0,1.0,1.0,1.0,1.0
1074,object,yes,0,1.0,1.0,1.0,1.0,1.0,1.0,0.8,0.6,1.0,1.0,0.875,1.0,0.875,0.8
1076,object,yes,0,0.8181818181818182,0.6727272727272727,0.9090909090909091,0.8181818181818182,1.0,1.0,1.0,1.0,0.7532467532467533,0.7666666666666667,0.7666666666666667,0.875,0.875,1.0
1077,object,yes,0,1.0,1.0,1.0,1.0,1.0,1.0,1.0,1.0,1.0,1.0,1.0,1.0,1.0,1.0
1078,positional,yes,0,1.0,1.0,1.0,1.0,0.6,0.4,1.0,1.0,1.0,0.7666666666666667,1.0,0.7666666666666667,1.0,0.6444444444444445
1079,attribute,yes,0,1.0,1.0,1.0,1.0,1.0,1.0,1.0,1.0,1.0,1.0,1.0,1.0,1.0,1.0
1080,attribute,yes,0,0.9090909090909091,0.8181818181818182,0.9090909090909091,0.8181818181818182,1.0,1.0,1.0,1.0,0.8268398268398268,0.875,0.875,0.875,0.875,1.0
1081,sentiment,yes,0,1.0,1.0,1.0,1.0,1.0,1.0,1.0,1.0,1.0,1.0,1.0,1.0,1.0,1.0
1082,sentiment,yes,0,0.7272727272727273,0.5636363636363636,1.0,1.0,0.6,0.4,0.4,0.4,0.7532467532467533,0.5416666666666666,0.5,0.7666666666666667,0.675,0.4444444444444444
1085,counting,yes,1,0.2727272727272727,0.5636363636363636,1.0,1.0,0.2,0.6,1.0,1.0,0.5151515151515151,0.6,0.4666666666666667,0.6,1.0,0.4666666666666667
1086,attribute,yes,0,1.0,1.0,1.0,1.0,1.0,1.0,1.0,1.0,1.0,1.0,1.0,1.0,1.0,1.0
1087,attribute,yes,0,0.6363636363636364,0.4909090909090909,0.36363636363636365,0.4909090909090909,1.0,1.0,0.4,0.4,0.47619047619047616,0.6,0.475,0.475,0.5,0.5333333333333333
1088,object,yes,0,0.9090909090909091,0.8181818181818182,1.0,1.0,1.0,1.0,1.0,1.0,0.9090909090909091,0.875,0.875,1.0,1.0,1.0
1089,object,yes,0,1.0,1.0,1.0,1.0,1.0,1.0,1.0,1.0,1.0,1.0,1.0,1.0,1.0,1.0
1091,sentiment,yes,0,0.18181818181818182,0.6727272727272727,1.0,1.0,0.8,0.6,0.8,0.6,0.4935064935064935,0.5,0.5,0.875,0.875,0.6444444444444445
1092,attribute,yes,0,1.0,1.0,1.0,1.0,1.0,1.0,1.0,1.0,1.0,1.0,1.0,1.0,1.0,1.0
1093,object,yes,0,1.0,1.0,1.0,1.0,1.0,1.0,1.0,1.0,1.0,1.0,1.0,1.0,1.0,1.0
1094,sentiment,yes,0,0.0,1.0,0.36363636363636365,0.4909090909090909,0.2,0.6,0.2,0.6,0.6883116883116883,0.875,0.875,0.5416666666666666,0.5416666666666666,0.6444444444444445
1095,sentiment,yes,0,1.0,1.0,1.0,1.0,1.0,1.0,1.0,1.0,1.0,1.0,1.0,1.0,1.0,1.0
1096,attribute,yes,0,1.0,1.0,0.9090909090909091,0.8181818181818182,1.0,1.0,0.4,0.4,0.9090909090909091,1.0,0.675,0.875,0.6,0.5333333333333333
1098,sentiment,yes,0,1.0,1.0,1.0,1.0,1.0,1.0,1.0,1.0,1.0,1.0,1.0,1.0,1.0,1.0
1099,object,yes,0,0.6363636363636364,0.4909090909090909,0.7272727272727273,0.5636363636363636,0.8,0.6,1.0,1.0,0.5454545454545454,0.5416666666666666,0.6,0.6,0.675,0.8
1100,positional,yes,0,1.0,1.0,1.0,1.0,0.4,0.4,0.4,0.4,1.0,0.675,0.675,0.675,0.675,0.4666666666666667
