id,type,truth,hal_label,QA_ITA,PA_ITA,QA_ITC,PA_ITC,QA_FSA,PA_FSA,QA_FSC,PA_FSC,PA_ITA_ITC,PA_ITA_FSA,PA_ITA_FSC,PA_ITC_FSA,PA_ITC_FSC,PA_FSA_FSC
1006,discriminative-attribute-state,no,0,1.0,1.0,1.0,1.0,1.0,1.0,1.0,1.0,1.0,1.0,1.0,1.0,1.0,1.0
1008,discriminative-attribute-state,no,0,1.0,1.0,0.7272727272727273,0.5636363636363636,1.0,1.0,0.8,0.6,0.7532467532467533,1.0,0.875,0.675,0.6,0.8
1010,discriminative-attribute-state,no,0,1.0,1.0,1.0,1.0,1.0,1.0,1.0,1.0,1.0,1.0,1.0,1.0,1.0,1.0
1012,discriminative-attribute-state,no,0,1.0,1.0,0.7272727272727273,0.5636363636363636,1.0,1.0,0.8,0.6,0.7532467532467533,1.0,0.875,0.675,0.6,0.8
1014,discriminative-attribute-number,no,0,0.6363636363636364,0.4909090909090909,0.2727272727272727,0.5636363636363636,0.6,0.4,0.0,1.0,0.4805194805194805,0.5,0.475,0.5,0.675,0.5333333333333333
1016,discriminative-attribute-state,no,0,0.9090909090909091,0.8181818181818182,0.7272727272727273,0.5636363636363636,1.0,1.0,1.0,1.0,0.6883116883116883,0.875,0.875,0.675,0.675,1.0
1018,discriminative-attribute-action,no,0,1.0,1.0,1.0,1.0,0.4,0.4,0.4,0.4,1.0,0.675,0.675,0.675,0.675,0.4666666666666667
1020,discriminative-attribute-number,no,0,0.09090909090909091,0.8181818181818182,0.9090909090909091,0.8181818181818182,0.4,0.4,0.6,0.4,0.47619047619047616,0.675,0.6,0.6,0.675,0.4444444444444444
1022,discriminative-attribute-state,no,0,1.0,1.0,1.0,1.0,1.0,1.0,1.0,1.0,1.0,1.0,1.0,1.0,1.0,1.0
1024,discriminative-attribute-state,no,0,1.0,1.0,0.9090909090909091,0.8181818181818182,1.0,1.0,1.0,1.0,0.9090909090909091,1.0,1.0,0.875,0.875,1.0
1026,discriminative-attribute-state,no,0,1.0,1.0,0.9090909090909091,0.8181818181818182,1.0,1.0,0.6,0.4,0.9090909090909091,1.0,0.7666666666666667,0.875,0.675,0.6444444444444445
1028,discriminative-attribute-state,no,0,1.0,1.0,1.0,1.0,0.6,0.4,0.8,0.6,1.0,0.7666666666666667,0.875,0.7666666666666667,0.875,0.5333333333333333
1030,discriminative-attribute-state,no,0,1.0,1.0,1.0,1.0,1.0,1.0,1.0,1.0,1.0,1.0,1.0,1.0,1.0,1.0
1032,discriminative-attribute-action,no,0,1.0,1.0,1.0,1.0,0.6,0.4,0.4,0.4,1.0,0.7666666666666667,0.675,0.7666666666666667,0.675,0.4444444444444444
1034,discriminative-attribute-state,no,0,1.0,1.0,1.0,1.0,1.0,1.0,1.0,1.0,1.0,1.0,1.0,1.0,1.0,1.0
1036,discriminative-attribute-state,no,0,1.0,1.0,0.36363636363636365,0.4909090909090909,1.0,1.0,1.0,1.0,0.5454545454545454,1.0,1.0,0.475,0.475,1.0
1038,discriminative-attribute-state,no,0,1.0,1.0,0.6363636363636364,0.4909090909090909,1.0,1.0,1.0,1.0,0.6883116883116883,1.0,1.0,0.6,0.6,1.0
1040,discriminative-attribute-state,no,0,1.0,1.0,1.0,1.0,0.8,0.6,0.6,0.4,1.0,0.875,0.7666666666666667,0.875,0.7666666666666667,0.5333333333333333
1042,discriminative-attribute-state,no,0,1.0,1.0,1.0,1.0,1.0,1.0,1.0,1.0,1.0,1.0,1.0,1.0,1.0,1.0
1044,discriminative-attribute-state,no,0,1.0,1.0,0.8181818181818182,0.6727272727272727,1.0,1.0,1.0,1.0,0.8268398268398268,1.0,1.0,0.7666666666666667,0.7666666666666667,1.0
1046,discriminative-attribute-number,no,0,1.0,1.0,1.0,1.0,1.0,1.0,0.6,0.4,1.0,1.0,0.7666666666666667,1.0,0.7666666666666667,0.6444444444444445
1048,discriminative-attribute-number,no,0,1.0,1.0,0.5454545454545454,0.45454545454545453,1.0,1.0,1.0,1.0,0.6320346320346321,1.0,1.0,0.5416666666666666,0.5416666666666666,1.0
1050,discriminative-attribute-state,no,0,1.0,1.0,0.45454545454545453,0.45454545454545453,1.0,1.0,0.8,0.6,0.5844155844155844,1.0,0.875,0.5,0.475,0.8
1052,discriminative-attribute-action,no,0,0.8181818181818182,0.6727272727272727,0.8181818181818182,0.6727272727272727,1.0,1.0,1.0,1.0,0.6883116883116883,0.7666666666666667,0.7666666666666667,0.7666666666666667,0.7666666666666667,1.0
1054,discriminative-attribute-state,no,0,1.0,1.0,1.0,1.0,0.8,0.6,0.6,0.4,1.0,0.875,0.7666666666666667,0.875,0.7666666666666667,0.5333333333333333
1056,discriminative-attribute-state,no,0,1.0,1.0,1.0,1.0,1.0,1.0,1.0,1.0,1.0,1.0,1.0,1.0,1.0,1.0
1058,discriminative-attribute-state,no,0,1.0,1.0,0.9090909090909091,0.8181818181818182,1.0,1.0,1.0,1.0,0.9090909090909091,1.0,1.0,0.875,0.875,1.0
1060,discriminative-attribute-state,no,0,1.0,1.0,1.0,1.0,1.0,1.0,0.8,0.6,1.0,1.0,0.875,1.0,0.875,0.8
1062,discriminative-attribute-number,no,0,1.0,1.0,1.0,1.0,1.0,1.0,0.6,0.4,1.0,1.0,0.7666666666666667,1.0,0.7666666666666667,0.6444444444444445
1064,discriminative-attribute-action,no,0,1.0,1.0,1.0,1.0,1.0,1.0,1.0,1.0,1.0,1.0,1.0,1.0,1.0,1.0
1066,discriminative-attribute-state,no,0,1.0,1.0,0.5454545454545454,0.45454545454545453,1.0,1.0,0.8,0.6,0.6320346320346321,1.0,0.875,0.5416666666666666,0.5,0.8
1068,discriminative-attribute-state,no,0,1.0,1.0,1.0,1.0,1.0,1.0,0.8,0.6,1.0,1.0,0.875,1.0,0.875,0.8
1070,discriminative-attribute-state,no,0,1.0,1.0,1.0,1.0,1.0,1.0,1.0,1.0,1.0,1.0,1.0,1.0,1.0,1.0
1072,discriminative-attribute-state,no,0,1.0,1.0,0.6363636363636364,0.4909090909090909,0.8,0.6,1.0,1.0,0.6883116883116883,0.875,1.0,0.5416666666666666,0.6,0.8
1074,discriminative-attribute-state,no,0,0.9090909090909091,0.8181818181818182,0.9090909090909091,0.8181818181818182,1.0,1.0,1.0,1.0,0.8268398268398268,0.875,0.875,0.875,0.875,1.0
1076,discriminative-attribute-action,no,0,1.0,1.0,1.0,1.0,0.6,0.4,0.4,0.4,1.0,0.7666666666666667,0.675,0.7666666666666667,0.675,0.4444444444444444
1078,discriminative-attribute-number,no,0,1.0,1.0,0.9090909090909091,0.8181818181818182,0.6,0.4,0.2,0.6,0.9090909090909091,0.7666666666666667,0.6,0.675,0.5416666666666666,0.4666666666666667
1080,discriminative-attribute-number,no,0,1.0,1.0,0.45454545454545453,0.45454545454545453,1.0,1.0,0.8,0.6,0.5844155844155844,1.0,0.875,0.5,0.475,0.8
1082,discriminative-attribute-state,no,0,0.36363636363636365,0.4909090909090909,0.36363636363636365,0.4909090909090909,0.6,0.4,0.4,0.4,0.5151515151515151,0.475,0.5,0.475,0.5,0.4444444444444444
1084,discriminative-attribute-state,no,0,1.0,1.0,1.0,1.0,1.0,1.0,1.0,1.0,1.0,1.0,1.0,1.0,1.0,1.0
1086,discriminative-attribute-state,no,0,1.0,1.0,0.9090909090909091,0.8181818181818182,1.0,1.0,1.0,1.0,0.9090909090909091,1.0,1.0,0.875,0.875,1.0
1088,discriminative-attribute-state,no,0,1.0,1.0,1.0,1.0,1.0,1.0,0.8,0.6,1.0,1.0,0.875,1.0,0.875,0.8
1090,discriminative-attribute-number,no,0,1.0,1.0,0.0,1.0,1.0,1.0,0.2,0.6,0.47619047619047616,1.0,0.6,0.5416666666666666,0.875,0.4666666666666667
1092,discriminative-attribute-action,no,0,1.0,1.0,1.0,1.0,0.6,0.4,0.4,0.4,1.0,0.7666666666666667,0.675,0.7666666666666667,0.675,0.4444444444444444
1094,discriminative-attribute-state,no,0,1.0,1.0,1.0,1.0,1.0,1.0,0.8,0.6,1.0,1.0,0.875,1.0,0.875,0.8
1096,discriminative-attribute-number,no,0,1.0,1.0,1.0,1.0,1.0,1.0,0.8,0.6,1.0,1.0,0.875,1.0,0.875,0.8
1098,discriminative-attribute-number,no,0,1.0,1.0,1.0,1.0,1.0,1.0,0.8,0.6,1.0,1.0,0.875,1.0,0.875,0.8
1100,discriminative-attribute-state,no,0,1.0,1.0,1.0,1.0,1.0,1.0,0.8,0.6,1.0,1.0,0.875,1.0,0.875,0.8
1102,discriminative-attribute-number,no,0,1.0,1.0,1.0,1.0,1.0,1.0,0.6,0.4,1.0,1.0,0.7666666666666667,1.0,0.7666666666666667,0.6444444444444445
1104,discriminative-attribute-action,no,0,1.0,1.0,1.0,1.0,0.6,0.4,0.6,0.4,1.0,0.7666666666666667,0.7666666666666667,0.7666666666666667,0.7666666666666667,0.4666666666666667
1106,discriminative-attribute-number,no,0,1.0,1.0,0.9090909090909091,0.8181818181818182,1.0,1.0,0.6,0.4,0.9090909090909091,1.0,0.7666666666666667,0.875,0.675,0.6444444444444445
1108,discriminative-attribute-state,no,0,1.0,1.0,1.0,1.0,0.8,0.6,0.8,0.6,1.0,0.875,0.875,0.875,0.875,0.6444444444444445
1110,discriminative-attribute-number,no,0,1.0,1.0,0.9090909090909091,0.8181818181818182,1.0,1.0,0.8,0.6,0.9090909090909091,1.0,0.875,0.875,0.7666666666666667,0.8
1112,discriminative-attribute-number,no,0,1.0,1.0,1.0,1.0,1.0,1.0,0.8,0.6,1.0,1.0,0.875,1.0,0.875,0.8
1114,discriminative-attribute-state,no,0,1.0,1.0,0.7272727272727273,0.5636363636363636,1.0,1.0,0.8,0.6,0.7532467532467533,1.0,0.875,0.675,0.6,0.8
1116,discriminative-attribute-action,no,0,1.0,1.0,1.0,1.0,0.4,0.4,0.4,0.4,1.0,0.675,0.675,0.675,0.675,0.4666666666666667
1118,discriminative-attribute-state,no,0,1.0,1.0,1.0,1.0,1.0,1.0,0.6,0.4,1.0,1.0,0.7666666666666667,1.0,0.7666666666666667,0.6444444444444445
1120,discriminative-attribute-number,no,0,1.0,1.0,0.8181818181818182,0.6727272727272727,1.0,1.0,0.6,0.4,0.8268398268398268,1.0,0.7666666666666667,0.7666666666666667,0.6,0.6444444444444445
1122,discriminative-attribute-state,no,0,1.0,1.0,1.0,1.0,1.0,1.0,0.8,0.6,1.0,1.0,0.875,1.0,0.875,0.8
1124,discriminative-attribute-number,no,0,1.0,1.0,0.9090909090909091,0.8181818181818182,1.0,1.0,0.8,0.6,0.9090909090909091,1.0,0.875,0.875,0.7666666666666667,0.8
1126,discriminative-attribute-action,no,0,0.9090909090909091,0.8181818181818182,0.7272727272727273,0.5636363636363636,1.0,1.0,1.0,1.0,0.6883116883116883,0.875,0.875,0.675,0.675,1.0
1128,discriminative-attribute-state,no,0,1.0,1.0,0.45454545454545453,0.45454545454545453,1.0,1.0,1.0,1.0,0.5844155844155844,1.0,1.0,0.5,0.5,1.0
1130,discriminative-attribute-state,no,0,1.0,1.0,0.8181818181818182,0.6727272727272727,1.0,1.0,1.0,1.0,0.8268398268398268,1.0,1.0,0.7666666666666667,0.7666666666666667,1.0
1132,discriminative-attribute-state,no,0,1.0,1.0,0.9090909090909091,0.8181818181818182,1.0,1.0,1.0,1.0,0.9090909090909091,1.0,1.0,0.875,0.875,1.0
1134,discriminative-attribute-state,no,0,1.0,1.0,1.0,1.0,1.0,1.0,0.8,0.6,1.0,1.0,0.875,1.0,0.875,0.8
1136,discriminative-attribute-state,no,1,1.0,1.0,1.0,1.0,1.0,1.0,1.0,1.0,1.0,1.0,1.0,1.0,1.0,1.0
1138,discriminative-attribute-state,no,0,1.0,1.0,1.0,1.0,1.0,1.0,0.8,0.6,1.0,1.0,0.875,1.0,0.875,0.8
1140,discriminative-attribute-state,no,0,1.0,1.0,0.7272727272727273,0.5636363636363636,1.0,1.0,1.0,1.0,0.7532467532467533,1.0,1.0,0.675,0.675,1.0
1142,discriminative-attribute-state,no,0,1.0,1.0,1.0,1.0,0.8,0.6,1.0,1.0,1.0,0.875,1.0,0.875,1.0,0.8
1144,discriminative-attribute-number,no,0,1.0,1.0,1.0,1.0,1.0,1.0,1.0,1.0,1.0,1.0,1.0,1.0,1.0,1.0
1146,discriminative-attribute-state,no,0,0.8181818181818182,0.6727272727272727,0.8181818181818182,0.6727272727272727,1.0,1.0,0.8,0.6,0.6883116883116883,0.7666666666666667,0.675,0.7666666666666667,0.675,0.8
1148,discriminative-attribute-number,no,0,0.9090909090909091,0.8181818181818182,0.9090909090909091,0.8181818181818182,1.0,1.0,0.8,0.6,0.8268398268398268,0.875,0.7666666666666667,0.875,0.7666666666666667,0.8
1150,discriminative-attribute-state,no,0,1.0,1.0,1.0,1.0,1.0,1.0,1.0,1.0,1.0,1.0,1.0,1.0,1.0,1.0
1152,discriminative-attribute-state,no,0,1.0,1.0,1.0,1.0,0.8,0.6,1.0,1.0,1.0,0.875,1.0,0.875,1.0,0.8
1154,discriminative-attribute-state,no,1,1.0,1.0,0.9090909090909091,0.8181818181818182,1.0,1.0,1.0,1.0,0.9090909090909091,1.0,1.0,0.875,0.875,1.0
1156,discriminative-attribute-state,no,1,1.0,1.0,1.0,1.0,1.0,1.0,1.0,1.0,1.0,1.0,1.0,1.0,1.0,1.0
1158,discriminative-attribute-action,no,0,1.0,1.0,1.0,1.0,0.6,0.4,0.6,0.4,1.0,0.7666666666666667,0.7666666666666667,0.7666666666666667,0.7666666666666667,0.4666666666666667
1160,discriminative-attribute-state,no,0,1.0,1.0,0.36363636363636365,0.4909090909090909,1.0,1.0,0.8,0.6,0.5454545454545454,1.0,0.875,0.475,0.4666666666666667,0.8
1162,discriminative-attribute-state,no,0,1.0,1.0,0.45454545454545453,0.45454545454545453,1.0,1.0,0.6,0.4,0.5844155844155844,1.0,0.7666666666666667,0.5,0.4666666666666667,0.6444444444444445
1164,discriminative-attribute-number,no,0,1.0,1.0,1.0,1.0,1.0,1.0,0.8,0.6,1.0,1.0,0.875,1.0,0.875,0.8
1166,discriminative-attribute-state,no,0,1.0,1.0,1.0,1.0,1.0,1.0,1.0,1.0,1.0,1.0,1.0,1.0,1.0,1.0
1168,discriminative-attribute-state,no,0,1.0,1.0,0.8181818181818182,0.6727272727272727,0.8,0.6,1.0,1.0,0.8268398268398268,0.875,1.0,0.675,0.7666666666666667,0.8
1170,discriminative-attribute-state,no,0,1.0,1.0,1.0,1.0,0.8,0.6,0.8,0.6,1.0,0.875,0.875,0.875,0.875,0.6444444444444445
1172,discriminative-attribute-number,no,0,0.9090909090909091,0.8181818181818182,0.6363636363636364,0.4909090909090909,1.0,1.0,0.4,0.4,0.6320346320346321,0.875,0.6,0.6,0.475,0.5333333333333333
1174,discriminative-attribute-state,no,0,1.0,1.0,1.0,1.0,1.0,1.0,0.8,0.6,1.0,1.0,0.875,1.0,0.875,0.8
1176,discriminative-attribute-state,no,0,1.0,1.0,1.0,1.0,1.0,1.0,1.0,1.0,1.0,1.0,1.0,1.0,1.0,1.0
1178,discriminative-attribute-number,no,0,1.0,1.0,1.0,1.0,1.0,1.0,0.6,0.4,1.0,1.0,0.7666666666666667,1.0,0.7666666666666667,0.6444444444444445
1180,discriminative-attribute-state,no,1,0.6363636363636364,0.4909090909090909,1.0,1.0,0.6,0.4,1.0,1.0,0.6883116883116883,0.5,0.6,0.7666666666666667,1.0,0.6444444444444445
1182,discriminative-attribute-state,no,0,1.0,1.0,1.0,1.0,1.0,1.0,1.0,1.0,1.0,1.0,1.0,1.0,1.0,1.0
1184,discriminative-attribute-state,no,0,0.36363636363636365,0.4909090909090909,0.45454545454545453,0.45454545454545453,0.4,0.4,0.6,0.4,0.4935064935064935,0.5,0.475,0.475,0.4666666666666667,0.4444444444444444
1186,discriminative-attribute-number,no,0,1.0,1.0,1.0,1.0,1.0,1.0,0.8,0.6,1.0,1.0,0.875,1.0,0.875,0.8
1188,discriminative-attribute-state,no,0,0.0,1.0,0.0,1.0,0.2,0.6,0.0,1.0,1.0,0.875,1.0,0.875,1.0,0.8
1190,discriminative-attribute-number,no,0,0.09090909090909091,0.8181818181818182,0.5454545454545454,0.45454545454545453,0.0,1.0,0.6,0.4,0.5454545454545454,0.875,0.6,0.5,0.475,0.5333333333333333
1192,discriminative-attribute-state,no,0,0.0,1.0,0.0,1.0,0.4,0.4,0.0,1.0,1.0,0.7666666666666667,1.0,0.7666666666666667,1.0,0.6444444444444445
1194,discriminative-attribute-state,no,0,0.6363636363636364,0.4909090909090909,0.0,1.0,1.0,1.0,0.0,1.0,0.5454545454545454,0.6,0.475,0.5416666666666666,1.0,0.4444444444444444
1196,discriminative-attribute-state,no,0,1.0,1.0,0.9090909090909091,0.8181818181818182,1.0,1.0,0.8,0.6,0.9090909090909091,1.0,0.875,0.875,0.7666666666666667,0.8
1198,discriminative-attribute-state,no,1,0.9090909090909091,0.8181818181818182,1.0,1.0,1.0,1.0,1.0,1.0,0.9090909090909091,0.875,0.875,1.0,1.0,1.0
1200,discriminative-attribute-action,no,0,1.0,1.0,0.36363636363636365,0.4909090909090909,0.6,0.4,0.6,0.4,0.5454545454545454,0.7666666666666667,0.7666666666666667,0.475,0.475,0.4666666666666667
1202,discriminative-attribute-state,no,0,0.7272727272727273,0.5636363636363636,0.0,1.0,0.4,0.4,0.0,1.0,0.5151515151515151,0.5,0.4666666666666667,0.7666666666666667,1.0,0.6444444444444445
1204,discriminative-attribute-state,no,0,1.0,1.0,0.0,1.0,1.0,1.0,0.2,0.6,0.47619047619047616,1.0,0.6,0.5416666666666666,0.875,0.4666666666666667
1206,discriminative-attribute-number,no,0,1.0,1.0,1.0,1.0,1.0,1.0,0.6,0.4,1.0,1.0,0.7666666666666667,1.0,0.7666666666666667,0.6444444444444445
1208,discriminative-attribute-state,no,0,1.0,1.0,1.0,1.0,1.0,1.0,1.0,1.0,1.0,1.0,1.0,1.0,1.0,1.0
1210,discriminative-attribute-state,no,0,1.0,1.0,0.8181818181818182,0.6727272727272727,1.0,1.0,0.6,0.4,0.8268398268398268,1.0,0.7666666666666667,0.7666666666666667,0.6,0.6444444444444445
1212,discriminative-attribute-state,no,0,1.0,1.0,0.8181818181818182,0.6727272727272727,1.0,1.0,0.8,0.6,0.8268398268398268,1.0,0.875,0.7666666666666667,0.675,0.8
1214,discriminative-attribute-action,no,0,1.0,1.0,1.0,1.0,1.0,1.0,1.0,1.0,1.0,1.0,1.0,1.0,1.0,1.0
1216,discriminative-attribute-state,no,0,1.0,1.0,1.0,1.0,1.0,1.0,0.6,0.4,1.0,1.0,0.7666666666666667,1.0,0.7666666666666667,0.6444444444444445
1218,discriminative-attribute-state,no,0,0.7272727272727273,0.5636363636363636,0.7272727272727273,0.5636363636363636,0.2,0.6,0.4,0.4,0.5844155844155844,0.475,0.5,0.475,0.5,0.5333333333333333
1220,discriminative-attribute-state,no,0,0.9090909090909091,0.8181818181818182,0.8181818181818182,0.6727272727272727,1.0,1.0,1.0,1.0,0.7532467532467533,0.875,0.875,0.7666666666666667,0.7666666666666667,1.0
1222,discriminative-attribute-state,no,0,0.36363636363636365,0.4909090909090909,0.2727272727272727,0.5636363636363636,0.6,0.4,0.0,1.0,0.5454545454545454,0.475,0.6,0.5,0.675,0.5333333333333333
1224,discriminative-attribute-state,no,0,1.0,1.0,0.7272727272727273,0.5636363636363636,1.0,1.0,1.0,1.0,0.7532467532467533,1.0,1.0,0.675,0.675,1.0
1226,discriminative-attribute-state,no,0,1.0,1.0,1.0,1.0,1.0,1.0,1.0,1.0,1.0,1.0,1.0,1.0,1.0,1.0
1228,discriminative-attribute-state,no,0,1.0,1.0,1.0,1.0,1.0,1.0,1.0,1.0,1.0,1.0,1.0,1.0,1.0,1.0
1230,discriminative-attribute-action,no,0,1.0,1.0,1.0,1.0,1.0,1.0,1.0,1.0,1.0,1.0,1.0,1.0,1.0,1.0
1232,discriminative-attribute-state,no,0,1.0,1.0,1.0,1.0,1.0,1.0,1.0,1.0,1.0,1.0,1.0,1.0,1.0,1.0
1234,discriminative-attribute-number,no,0,1.0,1.0,1.0,1.0,1.0,1.0,0.8,0.6,1.0,1.0,0.875,1.0,0.875,0.8
1236,discriminative-attribute-state,no,0,0.9090909090909091,0.8181818181818182,0.09090909090909091,0.8181818181818182,0.6,0.4,0.0,1.0,0.47619047619047616,0.675,0.5,0.6,0.875,0.5333333333333333
1238,discriminative-attribute-state,no,0,0.0,1.0,1.0,1.0,0.4,0.4,0.8,0.6,0.47619047619047616,0.7666666666666667,0.6,0.675,0.875,0.4666666666666667
1240,discriminative-attribute-action,no,0,1.0,1.0,1.0,1.0,0.4,0.4,0.4,0.4,1.0,0.675,0.675,0.675,0.675,0.4666666666666667
1242,discriminative-attribute-state,no,0,1.0,1.0,1.0,1.0,1.0,1.0,0.8,0.6,1.0,1.0,0.875,1.0,0.875,0.8
1244,discriminative-attribute-state,no,0,0.6363636363636364,0.4909090909090909,0.09090909090909091,0.8181818181818182,1.0,1.0,0.0,1.0,0.5151515151515151,0.6,0.475,0.5,0.875,0.4444444444444444
1246,discriminative-attribute-state,no,1,0.36363636363636365,0.4909090909090909,1.0,1.0,0.2,0.6,0.8,0.6,0.5454545454545454,0.5416666666666666,0.4666666666666667,0.6,0.875,0.4444444444444444
1248,discriminative-attribute-number,no,0,1.0,1.0,1.0,1.0,1.0,1.0,0.6,0.4,1.0,1.0,0.7666666666666667,1.0,0.7666666666666667,0.6444444444444445
1250,discriminative-attribute-state,no,0,0.8181818181818182,0.6727272727272727,0.18181818181818182,0.6727272727272727,1.0,1.0,0.2,0.6,0.47619047619047616,0.7666666666666667,0.5,0.475,0.675,0.4666666666666667
1252,discriminative-attribute-state,no,0,1.0,1.0,0.7272727272727273,0.5636363636363636,1.0,1.0,1.0,1.0,0.7532467532467533,1.0,1.0,0.675,0.675,1.0
1254,discriminative-attribute-state,no,0,1.0,1.0,0.45454545454545453,0.45454545454545453,1.0,1.0,0.6,0.4,0.5844155844155844,1.0,0.7666666666666667,0.5,0.4666666666666667,0.6444444444444445
1256,discriminative-attribute-state,no,0,0.09090909090909091,0.8181818181818182,1.0,1.0,0.4,0.4,0.6,0.4,0.4805194805194805,0.675,0.6,0.675,0.7666666666666667,0.4444444444444444
1258,discriminative-attribute-action,no,0,1.0,1.0,1.0,1.0,0.4,0.4,0.4,0.4,1.0,0.675,0.675,0.675,0.675,0.4666666666666667
1260,discriminative-attribute-state,no,0,1.0,1.0,0.36363636363636365,0.4909090909090909,1.0,1.0,1.0,1.0,0.5454545454545454,1.0,1.0,0.475,0.475,1.0
1262,discriminative-attribute-state,no,0,1.0,1.0,1.0,1.0,1.0,1.0,0.8,0.6,1.0,1.0,0.875,1.0,0.875,0.8
1264,discriminative-attribute-state,no,0,1.0,1.0,0.8181818181818182,0.6727272727272727,1.0,1.0,0.8,0.6,0.8268398268398268,1.0,0.875,0.7666666666666667,0.675,0.8
1266,discriminative-attribute-action,no,0,1.0,1.0,1.0,1.0,0.8,0.6,0.8,0.6,1.0,0.875,0.875,0.875,0.875,0.6444444444444445
1268,discriminative-attribute-state,no,0,1.0,1.0,0.2727272727272727,0.5636363636363636,1.0,1.0,0.4,0.4,0.5151515151515151,1.0,0.675,0.4666666666666667,0.5416666666666666,0.5333333333333333
1270,discriminative-attribute-state,no,0,0.0,1.0,0.18181818181818182,0.6727272727272727,0.6,0.4,0.4,0.4,0.8268398268398268,0.675,0.7666666666666667,0.5416666666666666,0.6,0.4444444444444444
1272,discriminative-attribute-state,no,0,1.0,1.0,1.0,1.0,0.8,0.6,0.4,0.4,1.0,0.875,0.675,0.875,0.675,0.4666666666666667
1274,discriminative-attribute-number,no,0,0.18181818181818182,0.6727272727272727,0.36363636363636365,0.4909090909090909,0.2,0.6,0.2,0.6,0.5844155844155844,0.675,0.675,0.5416666666666666,0.5416666666666666,0.6444444444444445
1276,discriminative-attribute-state,no,0,0.45454545454545453,0.45454545454545453,0.18181818181818182,0.6727272727272727,0.4,0.4,0.0,1.0,0.5454545454545454,0.475,0.5416666666666666,0.6,0.7666666666666667,0.6444444444444445
1278,discriminative-attribute-state,no,0,1.0,1.0,0.8181818181818182,0.6727272727272727,1.0,1.0,1.0,1.0,0.8268398268398268,1.0,1.0,0.7666666666666667,0.7666666666666667,1.0
1280,discriminative-attribute-state,no,1,0.8181818181818182,0.6727272727272727,1.0,1.0,0.6,0.4,1.0,1.0,0.8268398268398268,0.6,0.7666666666666667,0.7666666666666667,1.0,0.6444444444444445
1282,discriminative-attribute-state,no,0,1.0,1.0,1.0,1.0,1.0,1.0,1.0,1.0,1.0,1.0,1.0,1.0,1.0,1.0
1284,discriminative-attribute-state,no,0,1.0,1.0,1.0,1.0,1.0,1.0,1.0,1.0,1.0,1.0,1.0,1.0,1.0,1.0
1286,discriminative-attribute-number,no,0,1.0,1.0,1.0,1.0,1.0,1.0,0.8,0.6,1.0,1.0,0.875,1.0,0.875,0.8
1288,discriminative-attribute-number,no,0,1.0,1.0,0.9090909090909091,0.8181818181818182,1.0,1.0,0.8,0.6,0.9090909090909091,1.0,0.875,0.875,0.7666666666666667,0.8
1290,discriminative-attribute-action,no,0,1.0,1.0,1.0,1.0,1.0,1.0,1.0,1.0,1.0,1.0,1.0,1.0,1.0,1.0
1292,discriminative-attribute-number,no,0,1.0,1.0,0.18181818181818182,0.6727272727272727,1.0,1.0,0.2,0.6,0.4935064935064935,1.0,0.6,0.475,0.675,0.4666666666666667
1294,discriminative-attribute-state,no,0,0.7272727272727273,0.5636363636363636,0.2727272727272727,0.5636363636363636,1.0,1.0,1.0,1.0,0.47619047619047616,0.675,0.675,0.4666666666666667,0.4666666666666667,1.0
1296,discriminative-attribute-number,no,0,1.0,1.0,1.0,1.0,1.0,1.0,0.8,0.6,1.0,1.0,0.875,1.0,0.875,0.8
1298,discriminative-attribute-action,no,0,1.0,1.0,0.0,1.0,0.2,0.6,0.0,1.0,0.47619047619047616,0.6,0.5416666666666666,0.875,1.0,0.8
1300,discriminative-attribute-number,no,0,1.0,1.0,1.0,1.0,1.0,1.0,0.8,0.6,1.0,1.0,0.875,1.0,0.875,0.8
1302,discriminative-attribute-state,no,0,0.2727272727272727,0.5636363636363636,0.0,1.0,0.2,0.6,0.6,0.4,0.7532467532467533,0.6,0.5,0.875,0.675,0.4666666666666667
1304,discriminative-attribute-state,no,0,1.0,1.0,1.0,1.0,1.0,1.0,1.0,1.0,1.0,1.0,1.0,1.0,1.0,1.0
1306,discriminative-attribute-state,no,0,0.6363636363636364,0.4909090909090909,0.0,1.0,0.4,0.4,0.4,0.4,0.5454545454545454,0.475,0.475,0.7666666666666667,0.7666666666666667,0.4666666666666667
1308,discriminative-attribute-number,no,0,1.0,1.0,1.0,1.0,1.0,1.0,0.6,0.4,1.0,1.0,0.7666666666666667,1.0,0.7666666666666667,0.6444444444444445
1310,discriminative-attribute-state,no,0,0.36363636363636365,0.4909090909090909,0.2727272727272727,0.5636363636363636,0.2,0.6,0.0,1.0,0.5454545454545454,0.5416666666666666,0.6,0.6,0.675,0.8
1312,discriminative-attribute-action,no,0,1.0,1.0,1.0,1.0,1.0,1.0,1.0,1.0,1.0,1.0,1.0,1.0,1.0,1.0
1314,discriminative-attribute-state,no,0,1.0,1.0,1.0,1.0,1.0,1.0,0.8,0.6,1.0,1.0,0.875,1.0,0.875,0.8
1316,discriminative-attribute-action,no,0,1.0,1.0,1.0,1.0,0.8,0.6,0.4,0.4,1.0,0.875,0.675,0.875,0.675,0.4666666666666667
1318,discriminative-attribute-state,no,0,0.9090909090909091,0.8181818181818182,0.7272727272727273,0.5636363636363636,1.0,1.0,0.8,0.6,0.6883116883116883,0.875,0.7666666666666667,0.675,0.6,0.8
1320,discriminative-attribute-state,no,0,1.0,1.0,1.0,1.0,1.0,1.0,0.8,0.6,1.0,1.0,0.875,1.0,0.875,0.8
1322,discriminative-attribute-state,no,0,0.8181818181818182,0.6727272727272727,0.8181818181818182,0.6727272727272727,1.0,1.0,1.0,1.0,0.6883116883116883,0.7666666666666667,0.7666666666666667,0.7666666666666667,0.7666666666666667,1.0
1324,discriminative-attribute-state,no,0,1.0,1.0,1.0,1.0,0.6,0.4,0.6,0.4,1.0,0.7666666666666667,0.7666666666666667,0.7666666666666667,0.7666666666666667,0.4666666666666667
1326,discriminative-attribute-number,no,0,0.0,1.0,1.0,1.0,0.4,0.4,0.6,0.4,0.47619047619047616,0.7666666666666667,0.675,0.675,0.7666666666666667,0.4444444444444444
1328,discriminative-attribute-number,no,0,1.0,1.0,0.8181818181818182,0.6727272727272727,1.0,1.0,0.8,0.6,0.8268398268398268,1.0,0.875,0.7666666666666667,0.675,0.8
1330,discriminative-attribute-state,no,0,1.0,1.0,0.45454545454545453,0.45454545454545453,1.0,1.0,1.0,1.0,0.5844155844155844,1.0,1.0,0.5,0.5,1.0
1332,discriminative-attribute-state,no,0,1.0,1.0,1.0,1.0,0.8,0.6,1.0,1.0,1.0,0.875,1.0,0.875,1.0,0.8
1334,discriminative-attribute-action,no,0,1.0,1.0,1.0,1.0,0.8,0.6,1.0,1.0,1.0,0.875,1.0,0.875,1.0,0.8
1336,discriminative-attribute-number,no,0,1.0,1.0,1.0,1.0,1.0,1.0,0.6,0.4,1.0,1.0,0.7666666666666667,1.0,0.7666666666666667,0.6444444444444445
1338,discriminative-attribute-state,no,0,0.09090909090909091,0.8181818181818182,0.09090909090909091,0.8181818181818182,0.2,0.6,0.0,1.0,0.8268398268398268,0.7666666666666667,0.875,0.7666666666666667,0.875,0.8
1340,discriminative-attribute-state,no,0,1.0,1.0,0.8181818181818182,0.6727272727272727,1.0,1.0,1.0,1.0,0.8268398268398268,1.0,1.0,0.7666666666666667,0.7666666666666667,1.0
1342,discriminative-attribute-number,no,0,1.0,1.0,1.0,1.0,1.0,1.0,0.6,0.4,1.0,1.0,0.7666666666666667,1.0,0.7666666666666667,0.6444444444444445
1344,discriminative-attribute-state,no,0,1.0,1.0,1.0,1.0,1.0,1.0,1.0,1.0,1.0,1.0,1.0,1.0,1.0,1.0
1346,discriminative-attribute-state,no,0,1.0,1.0,0.2727272727272727,0.5636363636363636,1.0,1.0,0.8,0.6,0.5151515151515151,1.0,0.875,0.4666666666666667,0.475,0.8
1348,discriminative-attribute-action,no,0,1.0,1.0,1.0,1.0,1.0,1.0,0.6,0.4,1.0,1.0,0.7666666666666667,1.0,0.7666666666666667,0.6444444444444445
1350,discriminative-attribute-action,no,0,1.0,1.0,1.0,1.0,0.4,0.4,0.4,0.4,1.0,0.675,0.675,0.675,0.675,0.4666666666666667
1352,discriminative-attribute-state,no,0,0.6363636363636364,0.4909090909090909,0.7272727272727273,0.5636363636363636,0.8,0.6,1.0,1.0,0.5454545454545454,0.5416666666666666,0.6,0.6,0.675,0.8
1354,discriminative-attribute-state,no,0,1.0,1.0,1.0,1.0,1.0,1.0,1.0,1.0,1.0,1.0,1.0,1.0,1.0,1.0
1356,discriminative-attribute-state,no,0,0.2727272727272727,0.5636363636363636,0.0,1.0,0.6,0.4,0.2,0.6,0.7532467532467533,0.5,0.6,0.675,0.875,0.4666666666666667
1358,discriminative-attribute-state,no,0,1.0,1.0,1.0,1.0,1.0,1.0,1.0,1.0,1.0,1.0,1.0,1.0,1.0,1.0
1360,discriminative-attribute-state,no,0,1.0,1.0,0.8181818181818182,0.6727272727272727,1.0,1.0,1.0,1.0,0.8268398268398268,1.0,1.0,0.7666666666666667,0.7666666666666667,1.0
1362,discriminative-attribute-action,no,0,1.0,1.0,1.0,1.0,0.6,0.4,0.6,0.4,1.0,0.7666666666666667,0.7666666666666667,0.7666666666666667,0.7666666666666667,0.4666666666666667
1364,discriminative-attribute-number,no,0,1.0,1.0,0.9090909090909091,0.8181818181818182,1.0,1.0,0.8,0.6,0.9090909090909091,1.0,0.875,0.875,0.7666666666666667,0.8
1366,discriminative-attribute-state,no,0,0.9090909090909091,0.8181818181818182,0.18181818181818182,0.6727272727272727,0.4,0.4,0.2,0.6,0.4805194805194805,0.6,0.5416666666666666,0.6,0.675,0.5333333333333333
1368,discriminative-attribute-state,no,0,1.0,1.0,1.0,1.0,0.8,0.6,0.4,0.4,1.0,0.875,0.675,0.875,0.675,0.4666666666666667
1370,discriminative-attribute-number,no,0,0.6363636363636364,0.4909090909090909,0.8181818181818182,0.6727272727272727,0.4,0.4,0.8,0.6,0.5844155844155844,0.475,0.5416666666666666,0.5416666666666666,0.675,0.4666666666666667
1372,discriminative-attribute-state,no,0,1.0,1.0,1.0,1.0,1.0,1.0,0.8,0.6,1.0,1.0,0.875,1.0,0.875,0.8
1374,discriminative-attribute-state,no,0,1.0,1.0,1.0,1.0,1.0,1.0,1.0,1.0,1.0,1.0,1.0,1.0,1.0,1.0
1376,discriminative-attribute-state,no,0,1.0,1.0,0.8181818181818182,0.6727272727272727,1.0,1.0,1.0,1.0,0.8268398268398268,1.0,1.0,0.7666666666666667,0.7666666666666667,1.0
1378,discriminative-attribute-action,no,0,1.0,1.0,1.0,1.0,0.6,0.4,0.6,0.4,1.0,0.7666666666666667,0.7666666666666667,0.7666666666666667,0.7666666666666667,0.4666666666666667
1380,discriminative-attribute-state,no,0,1.0,1.0,0.2727272727272727,0.5636363636363636,0.6,0.4,0.4,0.4,0.5151515151515151,0.7666666666666667,0.675,0.5,0.5416666666666666,0.4444444444444444
1382,discriminative-attribute-state,no,0,0.9090909090909091,0.8181818181818182,0.7272727272727273,0.5636363636363636,1.0,1.0,1.0,1.0,0.6883116883116883,0.875,0.875,0.675,0.675,1.0
1384,discriminative-attribute-state,no,0,1.0,1.0,1.0,1.0,1.0,1.0,1.0,1.0,1.0,1.0,1.0,1.0,1.0,1.0
1386,discriminative-attribute-state,no,0,1.0,1.0,0.9090909090909091,0.8181818181818182,1.0,1.0,1.0,1.0,0.9090909090909091,1.0,1.0,0.875,0.875,1.0
1388,discriminative-attribute-state,no,0,1.0,1.0,0.6363636363636364,0.4909090909090909,1.0,1.0,1.0,1.0,0.6883116883116883,1.0,1.0,0.6,0.6,1.0
1390,discriminative-attribute-state,no,0,1.0,1.0,1.0,1.0,1.0,1.0,0.6,0.4,1.0,1.0,0.7666666666666667,1.0,0.7666666666666667,0.6444444444444445
1394,discriminative-attribute-state,no,0,1.0,1.0,1.0,1.0,0.8,0.6,1.0,1.0,1.0,0.875,1.0,0.875,1.0,0.8
1396,discriminative-attribute-state,no,0,0.45454545454545453,0.45454545454545453,0.45454545454545453,0.45454545454545453,1.0,1.0,1.0,1.0,0.4805194805194805,0.5,0.5,0.5,0.5,1.0
1398,discriminative-attribute-action,no,0,0.8181818181818182,0.6727272727272727,0.18181818181818182,0.6727272727272727,0.8,0.6,0.2,0.6,0.47619047619047616,0.675,0.5,0.5,0.675,0.4444444444444444
1400,discriminative-attribute-number,no,0,1.0,1.0,1.0,1.0,1.0,1.0,0.8,0.6,1.0,1.0,0.875,1.0,0.875,0.8
1402,discriminative-attribute-state,no,0,1.0,1.0,0.5454545454545454,0.45454545454545453,1.0,1.0,0.4,0.4,0.6320346320346321,1.0,0.675,0.5416666666666666,0.4666666666666667,0.5333333333333333
1404,discriminative-attribute-state,no,0,1.0,1.0,1.0,1.0,1.0,1.0,1.0,1.0,1.0,1.0,1.0,1.0,1.0,1.0
1406,discriminative-attribute-number,no,0,1.0,1.0,1.0,1.0,1.0,1.0,0.6,0.4,1.0,1.0,0.7666666666666667,1.0,0.7666666666666667,0.6444444444444445
1408,discriminative-attribute-state,no,0,1.0,1.0,0.09090909090909091,0.8181818181818182,1.0,1.0,0.6,0.4,0.4805194805194805,1.0,0.7666666666666667,0.5,0.6,0.6444444444444445
1410,discriminative-attribute-state,no,0,1.0,1.0,1.0,1.0,1.0,1.0,1.0,1.0,1.0,1.0,1.0,1.0,1.0,1.0
1412,discriminative-attribute-state,no,0,0.9090909090909091,0.8181818181818182,1.0,1.0,1.0,1.0,1.0,1.0,0.9090909090909091,0.875,0.875,1.0,1.0,1.0
1414,discriminative-attribute-action,no,0,1.0,1.0,1.0,1.0,0.4,0.4,0.4,0.4,1.0,0.675,0.675,0.675,0.675,0.4666666666666667
1416,discriminative-attribute-state,no,0,1.0,1.0,1.0,1.0,1.0,1.0,1.0,1.0,1.0,1.0,1.0,1.0,1.0,1.0
1418,discriminative-attribute-state,no,0,1.0,1.0,0.09090909090909091,0.8181818181818182,1.0,1.0,0.8,0.6,0.4805194805194805,1.0,0.875,0.5,0.5416666666666666,0.8
1420,discriminative-attribute-state,no,0,1.0,1.0,1.0,1.0,1.0,1.0,1.0,1.0,1.0,1.0,1.0,1.0,1.0,1.0
1422,discriminative-attribute-state,no,0,1.0,1.0,1.0,1.0,1.0,1.0,0.6,0.4,1.0,1.0,0.7666666666666667,1.0,0.7666666666666667,0.6444444444444445
1424,discriminative-attribute-number,no,0,1.0,1.0,1.0,1.0,1.0,1.0,0.6,0.4,1.0,1.0,0.7666666666666667,1.0,0.7666666666666667,0.6444444444444445
1426,discriminative-attribute-state,no,0,1.0,1.0,0.9090909090909091,0.8181818181818182,1.0,1.0,0.8,0.6,0.9090909090909091,1.0,0.875,0.875,0.7666666666666667,0.8
1428,discriminative-attribute-number,no,0,1.0,1.0,0.9090909090909091,0.8181818181818182,1.0,1.0,0.4,0.4,0.9090909090909091,1.0,0.675,0.875,0.6,0.5333333333333333
1430,discriminative-attribute-state,no,0,1.0,1.0,0.8181818181818182,0.6727272727272727,1.0,1.0,1.0,1.0,0.8268398268398268,1.0,1.0,0.7666666666666667,0.7666666666666667,1.0
1432,discriminative-attribute-state,no,0,1.0,1.0,1.0,1.0,0.8,0.6,1.0,1.0,1.0,0.875,1.0,0.875,1.0,0.8
1434,discriminative-attribute-state,no,0,0.7272727272727273,0.5636363636363636,0.7272727272727273,0.5636363636363636,0.6,0.4,0.6,0.4,0.5844155844155844,0.5416666666666666,0.5416666666666666,0.5416666666666666,0.5416666666666666,0.4666666666666667
1436,discriminative-attribute-state,no,0,1.0,1.0,1.0,1.0,1.0,1.0,0.8,0.6,1.0,1.0,0.875,1.0,0.875,0.8
1438,discriminative-attribute-state,no,0,1.0,1.0,1.0,1.0,1.0,1.0,1.0,1.0,1.0,1.0,1.0,1.0,1.0,1.0
1440,discriminative-attribute-number,no,0,1.0,1.0,0.2727272727272727,0.5636363636363636,1.0,1.0,0.6,0.4,0.5151515151515151,1.0,0.7666666666666667,0.4666666666666667,0.5,0.6444444444444445
1442,discriminative-attribute-number,no,0,0.8181818181818182,0.6727272727272727,0.8181818181818182,0.6727272727272727,1.0,1.0,0.8,0.6,0.6883116883116883,0.7666666666666667,0.675,0.7666666666666667,0.675,0.8
1444,discriminative-attribute-state,no,0,1.0,1.0,1.0,1.0,1.0,1.0,1.0,1.0,1.0,1.0,1.0,1.0,1.0,1.0
1446,discriminative-attribute-action,no,0,0.0,1.0,0.5454545454545454,0.45454545454545453,0.2,0.6,0.4,0.4,0.5844155844155844,0.875,0.7666666666666667,0.475,0.4666666666666667,0.5333333333333333
1448,discriminative-attribute-number,no,0,1.0,1.0,1.0,1.0,1.0,1.0,0.8,0.6,1.0,1.0,0.875,1.0,0.875,0.8
1450,discriminative-attribute-state,no,0,1.0,1.0,1.0,1.0,1.0,1.0,1.0,1.0,1.0,1.0,1.0,1.0,1.0,1.0
1452,discriminative-attribute-action,no,1,0.7272727272727273,0.5636363636363636,0.8181818181818182,0.6727272727272727,1.0,1.0,1.0,1.0,0.6320346320346321,0.675,0.675,0.7666666666666667,0.7666666666666667,1.0
1454,discriminative-attribute-state,no,0,0.9090909090909091,0.8181818181818182,0.36363636363636365,0.4909090909090909,0.0,1.0,0.0,1.0,0.5151515151515151,0.5,0.5,0.6,0.6,1.0
1456,discriminative-attribute-state,no,0,1.0,1.0,1.0,1.0,0.8,0.6,0.8,0.6,1.0,0.875,0.875,0.875,0.875,0.6444444444444445
1458,discriminative-attribute-state,no,0,0.18181818181818182,0.6727272727272727,0.0,1.0,0.8,0.6,0.0,1.0,0.8268398268398268,0.5,0.7666666666666667,0.6,1.0,0.4666666666666667
1460,discriminative-attribute-action,no,0,1.0,1.0,1.0,1.0,1.0,1.0,1.0,1.0,1.0,1.0,1.0,1.0,1.0,1.0
1462,discriminative-attribute-number,no,0,1.0,1.0,1.0,1.0,1.0,1.0,0.6,0.4,1.0,1.0,0.7666666666666667,1.0,0.7666666666666667,0.6444444444444445
1464,discriminative-attribute-state,no,0,1.0,1.0,0.9090909090909091,0.8181818181818182,1.0,1.0,0.8,0.6,0.9090909090909091,1.0,0.875,0.875,0.7666666666666667,0.8
1466,discriminative-attribute-state,no,0,1.0,1.0,1.0,1.0,1.0,1.0,1.0,1.0,1.0,1.0,1.0,1.0,1.0,1.0
1468,discriminative-attribute-state,no,0,1.0,1.0,0.9090909090909091,0.8181818181818182,1.0,1.0,0.8,0.6,0.9090909090909091,1.0,0.875,0.875,0.7666666666666667,0.8
1470,discriminative-attribute-state,no,0,0.2727272727272727,0.5636363636363636,0.0,1.0,0.2,0.6,0.4,0.4,0.7532467532467533,0.6,0.5416666666666666,0.875,0.7666666666666667,0.5333333333333333
1472,discriminative-attribute-action,no,0,1.0,1.0,1.0,1.0,0.6,0.4,0.4,0.4,1.0,0.7666666666666667,0.675,0.7666666666666667,0.675,0.4444444444444444
1476,discriminative-attribute-state,no,0,1.0,1.0,0.9090909090909091,0.8181818181818182,0.8,0.6,0.6,0.4,0.9090909090909091,0.875,0.7666666666666667,0.7666666666666667,0.675,0.5333333333333333
1478,discriminative-attribute-state,no,1,1.0,1.0,1.0,1.0,1.0,1.0,1.0,1.0,1.0,1.0,1.0,1.0,1.0,1.0
1480,discriminative-attribute-number,no,0,1.0,1.0,0.9090909090909091,0.8181818181818182,1.0,1.0,0.6,0.4,0.9090909090909091,1.0,0.7666666666666667,0.875,0.675,0.6444444444444445
1482,discriminative-attribute-state,no,0,1.0,1.0,1.0,1.0,1.0,1.0,1.0,1.0,1.0,1.0,1.0,1.0,1.0,1.0
1484,discriminative-attribute-number,no,0,1.0,1.0,1.0,1.0,1.0,1.0,0.8,0.6,1.0,1.0,0.875,1.0,0.875,0.8
1486,discriminative-attribute-state,no,0,0.9090909090909091,0.8181818181818182,0.0,1.0,1.0,1.0,0.4,0.4,0.4805194805194805,0.875,0.6,0.5416666666666666,0.7666666666666667,0.5333333333333333
1488,discriminative-attribute-state,no,0,1.0,1.0,1.0,1.0,1.0,1.0,1.0,1.0,1.0,1.0,1.0,1.0,1.0,1.0
1490,discriminative-attribute-state,no,0,1.0,1.0,0.9090909090909091,0.8181818181818182,1.0,1.0,0.8,0.6,0.9090909090909091,1.0,0.875,0.875,0.7666666666666667,0.8
1492,discriminative-attribute-state,no,0,0.8181818181818182,0.6727272727272727,0.7272727272727273,0.5636363636363636,1.0,1.0,0.8,0.6,0.6320346320346321,0.7666666666666667,0.675,0.675,0.6,0.8
1494,discriminative-attribute-action,no,0,1.0,1.0,1.0,1.0,1.0,1.0,0.6,0.4,1.0,1.0,0.7666666666666667,1.0,0.7666666666666667,0.6444444444444445
1496,discriminative-attribute-number,no,0,1.0,1.0,1.0,1.0,1.0,1.0,0.8,0.6,1.0,1.0,0.875,1.0,0.875,0.8
1498,discriminative-attribute-action,no,0,1.0,1.0,1.0,1.0,0.4,0.4,0.4,0.4,1.0,0.675,0.675,0.675,0.675,0.4666666666666667
1500,discriminative-attribute-state,no,0,1.0,1.0,1.0,1.0,0.8,0.6,0.8,0.6,1.0,0.875,0.875,0.875,0.875,0.6444444444444445
1502,discriminative-attribute-number,no,0,0.2727272727272727,0.5636363636363636,0.7272727272727273,0.5636363636363636,0.6,0.4,0.0,1.0,0.47619047619047616,0.5,0.675,0.5416666666666666,0.4666666666666667,0.5333333333333333
1504,discriminative-attribute-number,no,0,1.0,1.0,0.9090909090909091,0.8181818181818182,1.0,1.0,0.8,0.6,0.9090909090909091,1.0,0.875,0.875,0.7666666666666667,0.8
1506,discriminative-attribute-number,no,0,1.0,1.0,1.0,1.0,1.0,1.0,0.8,0.6,1.0,1.0,0.875,1.0,0.875,0.8
1508,discriminative-attribute-state,no,0,1.0,1.0,1.0,1.0,1.0,1.0,1.0,1.0,1.0,1.0,1.0,1.0,1.0,1.0
1510,discriminative-attribute-state,no,0,0.18181818181818182,0.6727272727272727,0.18181818181818182,0.6727272727272727,0.6,0.4,0.6,0.4,0.6883116883116883,0.5416666666666666,0.5416666666666666,0.5416666666666666,0.5416666666666666,0.4666666666666667
1512,discriminative-attribute-state,no,0,1.0,1.0,0.7272727272727273,0.5636363636363636,1.0,1.0,1.0,1.0,0.7532467532467533,1.0,1.0,0.675,0.675,1.0
1514,discriminative-attribute-state,no,0,1.0,1.0,0.36363636363636365,0.4909090909090909,1.0,1.0,0.8,0.6,0.5454545454545454,1.0,0.875,0.475,0.4666666666666667,0.8
1516,discriminative-attribute-number,no,0,1.0,1.0,1.0,1.0,1.0,1.0,1.0,1.0,1.0,1.0,1.0,1.0,1.0,1.0
1518,discriminative-attribute-state,no,1,0.9090909090909091,0.8181818181818182,1.0,1.0,1.0,1.0,1.0,1.0,0.9090909090909091,0.875,0.875,1.0,1.0,1.0
1520,discriminative-attribute-state,no,1,0.7272727272727273,0.5636363636363636,0.7272727272727273,0.5636363636363636,1.0,1.0,0.8,0.6,0.5844155844155844,0.675,0.6,0.675,0.6,0.8
1522,discriminative-attribute-state,no,0,1.0,1.0,1.0,1.0,1.0,1.0,0.8,0.6,1.0,1.0,0.875,1.0,0.875,0.8
1524,discriminative-attribute-number,no,0,1.0,1.0,1.0,1.0,1.0,1.0,0.8,0.6,1.0,1.0,0.875,1.0,0.875,0.8
1526,discriminative-attribute-state,no,0,1.0,1.0,0.7272727272727273,0.5636363636363636,0.8,0.6,1.0,1.0,0.7532467532467533,0.875,1.0,0.6,0.675,0.8
1528,discriminative-attribute-state,no,0,1.0,1.0,1.0,1.0,0.8,0.6,1.0,1.0,1.0,0.875,1.0,0.875,1.0,0.8
1532,discriminative-attribute-number,no,0,1.0,1.0,1.0,1.0,1.0,1.0,0.8,0.6,1.0,1.0,0.875,1.0,0.875,0.8
1534,discriminative-attribute-state,no,0,1.0,1.0,1.0,1.0,1.0,1.0,1.0,1.0,1.0,1.0,1.0,1.0,1.0,1.0
1536,discriminative-attribute-state,no,0,1.0,1.0,0.6363636363636364,0.4909090909090909,1.0,1.0,1.0,1.0,0.6883116883116883,1.0,1.0,0.6,0.6,1.0
1538,discriminative-attribute-number,no,0,1.0,1.0,0.9090909090909091,0.8181818181818182,1.0,1.0,0.6,0.4,0.9090909090909091,1.0,0.7666666666666667,0.875,0.675,0.6444444444444445
1540,discriminative-attribute-number,no,0,1.0,1.0,0.9090909090909091,0.8181818181818182,1.0,1.0,0.8,0.6,0.9090909090909091,1.0,0.875,0.875,0.7666666666666667,0.8
1542,discriminative-attribute-action,no,0,1.0,1.0,1.0,1.0,0.4,0.4,0.4,0.4,1.0,0.675,0.675,0.675,0.675,0.4666666666666667
1544,discriminative-attribute-state,no,0,0.7272727272727273,0.5636363636363636,0.0,1.0,0.8,0.6,0.0,1.0,0.5151515151515151,0.6,0.4666666666666667,0.6,1.0,0.4666666666666667
1546,discriminative-attribute-number,no,0,1.0,1.0,0.9090909090909091,0.8181818181818182,1.0,1.0,0.6,0.4,0.9090909090909091,1.0,0.7666666666666667,0.875,0.675,0.6444444444444445
1548,discriminative-attribute-state,no,0,1.0,1.0,0.7272727272727273,0.5636363636363636,1.0,1.0,0.8,0.6,0.7532467532467533,1.0,0.875,0.675,0.6,0.8
1550,discriminative-attribute-state,no,0,1.0,1.0,0.7272727272727273,0.5636363636363636,1.0,1.0,1.0,1.0,0.7532467532467533,1.0,1.0,0.675,0.675,1.0
1552,discriminative-attribute-state,no,0,1.0,1.0,1.0,1.0,1.0,1.0,0.8,0.6,1.0,1.0,0.875,1.0,0.875,0.8
1554,discriminative-attribute-action,no,0,0.2727272727272727,0.5636363636363636,0.18181818181818182,0.6727272727272727,0.2,0.6,0.0,1.0,0.6320346320346321,0.6,0.675,0.675,0.7666666666666667,0.8
1556,discriminative-attribute-number,no,0,1.0,1.0,1.0,1.0,1.0,1.0,0.8,0.6,1.0,1.0,0.875,1.0,0.875,0.8
1558,discriminative-attribute-state,no,0,1.0,1.0,1.0,1.0,1.0,1.0,1.0,1.0,1.0,1.0,1.0,1.0,1.0,1.0
1560,discriminative-attribute-state,no,0,1.0,1.0,0.9090909090909091,0.8181818181818182,1.0,1.0,1.0,1.0,0.9090909090909091,1.0,1.0,0.875,0.875,1.0
1562,discriminative-attribute-number,no,0,1.0,1.0,1.0,1.0,1.0,1.0,0.6,0.4,1.0,1.0,0.7666666666666667,1.0,0.7666666666666667,0.6444444444444445
1564,discriminative-attribute-state,no,0,1.0,1.0,1.0,1.0,1.0,1.0,0.8,0.6,1.0,1.0,0.875,1.0,0.875,0.8
1566,discriminative-attribute-state,no,0,1.0,1.0,0.7272727272727273,0.5636363636363636,1.0,1.0,1.0,1.0,0.7532467532467533,1.0,1.0,0.675,0.675,1.0
1568,discriminative-attribute-state,no,0,1.0,1.0,1.0,1.0,0.8,0.6,1.0,1.0,1.0,0.875,1.0,0.875,1.0,0.8
1570,discriminative-attribute-state,no,0,1.0,1.0,0.0,1.0,1.0,1.0,0.2,0.6,0.47619047619047616,1.0,0.6,0.5416666666666666,0.875,0.4666666666666667
1572,discriminative-attribute-number,no,0,1.0,1.0,1.0,1.0,1.0,1.0,0.4,0.4,1.0,1.0,0.675,1.0,0.675,0.5333333333333333
1574,discriminative-attribute-number,no,0,1.0,1.0,1.0,1.0,1.0,1.0,0.6,0.4,1.0,1.0,0.7666666666666667,1.0,0.7666666666666667,0.6444444444444445
1576,discriminative-attribute-action,no,0,1.0,1.0,1.0,1.0,1.0,1.0,1.0,1.0,1.0,1.0,1.0,1.0,1.0,1.0
1578,discriminative-attribute-state,no,0,1.0,1.0,1.0,1.0,1.0,1.0,1.0,1.0,1.0,1.0,1.0,1.0,1.0,1.0
1580,discriminative-attribute-state,no,0,1.0,1.0,1.0,1.0,1.0,1.0,0.8,0.6,1.0,1.0,0.875,1.0,0.875,0.8
1582,discriminative-attribute-state,no,0,1.0,1.0,0.7272727272727273,0.5636363636363636,1.0,1.0,0.8,0.6,0.7532467532467533,1.0,0.875,0.675,0.6,0.8
1584,discriminative-attribute-state,no,0,1.0,1.0,0.9090909090909091,0.8181818181818182,1.0,1.0,1.0,1.0,0.9090909090909091,1.0,1.0,0.875,0.875,1.0
1586,discriminative-attribute-action,no,0,1.0,1.0,1.0,1.0,1.0,1.0,1.0,1.0,1.0,1.0,1.0,1.0,1.0,1.0
1588,discriminative-attribute-number,no,0,1.0,1.0,1.0,1.0,1.0,1.0,0.8,0.6,1.0,1.0,0.875,1.0,0.875,0.8
1590,discriminative-attribute-state,no,0,1.0,1.0,0.9090909090909091,0.8181818181818182,1.0,1.0,1.0,1.0,0.9090909090909091,1.0,1.0,0.875,0.875,1.0
1592,discriminative-attribute-state,no,0,1.0,1.0,1.0,1.0,1.0,1.0,0.8,0.6,1.0,1.0,0.875,1.0,0.875,0.8
1594,discriminative-attribute-state,no,0,0.8181818181818182,0.6727272727272727,0.0,1.0,1.0,1.0,0.0,1.0,0.4935064935064935,0.7666666666666667,0.475,0.5416666666666666,1.0,0.4444444444444444
1596,discriminative-attribute-state,no,0,1.0,1.0,1.0,1.0,0.8,0.6,1.0,1.0,1.0,0.875,1.0,0.875,1.0,0.8
1598,discriminative-attribute-number,no,0,1.0,1.0,1.0,1.0,1.0,1.0,1.0,1.0,1.0,1.0,1.0,1.0,1.0,1.0
1600,discriminative-attribute-state,no,0,0.8181818181818182,0.6727272727272727,0.2727272727272727,0.5636363636363636,0.4,0.4,0.0,1.0,0.4805194805194805,0.5416666666666666,0.475,0.5416666666666666,0.675,0.6444444444444445
1602,discriminative-attribute-state,no,0,1.0,1.0,0.8181818181818182,0.6727272727272727,0.8,0.6,0.4,0.4,0.8268398268398268,0.875,0.675,0.675,0.5416666666666666,0.4666666666666667
1604,discriminative-attribute-state,no,0,1.0,1.0,1.0,1.0,1.0,1.0,0.8,0.6,1.0,1.0,0.875,1.0,0.875,0.8
1606,discriminative-attribute-action,no,0,1.0,1.0,1.0,1.0,1.0,1.0,1.0,1.0,1.0,1.0,1.0,1.0,1.0,1.0
1608,discriminative-attribute-number,no,0,1.0,1.0,1.0,1.0,1.0,1.0,1.0,1.0,1.0,1.0,1.0,1.0,1.0,1.0
1610,discriminative-attribute-number,no,0,1.0,1.0,1.0,1.0,1.0,1.0,0.8,0.6,1.0,1.0,0.875,1.0,0.875,0.8
1612,discriminative-attribute-state,no,1,1.0,1.0,1.0,1.0,0.8,0.6,1.0,1.0,1.0,0.875,1.0,0.875,1.0,0.8
1614,discriminative-attribute-state,no,0,1.0,1.0,1.0,1.0,1.0,1.0,1.0,1.0,1.0,1.0,1.0,1.0,1.0,1.0
1616,discriminative-attribute-number,no,0,0.0,1.0,0.18181818181818182,0.6727272727272727,0.0,1.0,0.2,0.6,0.8268398268398268,1.0,0.875,0.7666666666666667,0.675,0.8
1618,discriminative-attribute-state,no,0,0.36363636363636365,0.4909090909090909,0.09090909090909091,0.8181818181818182,0.4,0.4,0.2,0.6,0.6320346320346321,0.5,0.5416666666666666,0.675,0.7666666666666667,0.5333333333333333
1620,discriminative-attribute-state,no,0,1.0,1.0,1.0,1.0,0.8,0.6,0.6,0.4,1.0,0.875,0.7666666666666667,0.875,0.7666666666666667,0.5333333333333333
1622,discriminative-attribute-state,no,0,0.0,1.0,0.0,1.0,0.2,0.6,0.0,1.0,1.0,0.875,1.0,0.875,1.0,0.8
1624,discriminative-attribute-state,no,0,1.0,1.0,1.0,1.0,1.0,1.0,1.0,1.0,1.0,1.0,1.0,1.0,1.0,1.0
1626,discriminative-attribute-action,no,0,1.0,1.0,1.0,1.0,1.0,1.0,1.0,1.0,1.0,1.0,1.0,1.0,1.0,1.0
1628,discriminative-attribute-number,no,0,1.0,1.0,1.0,1.0,1.0,1.0,1.0,1.0,1.0,1.0,1.0,1.0,1.0,1.0
1630,discriminative-attribute-state,no,0,1.0,1.0,1.0,1.0,1.0,1.0,1.0,1.0,1.0,1.0,1.0,1.0,1.0,1.0
1632,discriminative-attribute-number,no,0,1.0,1.0,1.0,1.0,1.0,1.0,0.8,0.6,1.0,1.0,0.875,1.0,0.875,0.8
1634,discriminative-attribute-state,no,0,1.0,1.0,1.0,1.0,1.0,1.0,1.0,1.0,1.0,1.0,1.0,1.0,1.0,1.0
1636,discriminative-attribute-action,no,0,1.0,1.0,1.0,1.0,0.4,0.4,0.4,0.4,1.0,0.675,0.675,0.675,0.675,0.4666666666666667
1638,discriminative-attribute-number,no,0,1.0,1.0,0.7272727272727273,0.5636363636363636,1.0,1.0,0.2,0.6,0.7532467532467533,1.0,0.6,0.675,0.475,0.4666666666666667
1640,discriminative-attribute-state,no,0,1.0,1.0,0.8181818181818182,0.6727272727272727,1.0,1.0,1.0,1.0,0.8268398268398268,1.0,1.0,0.7666666666666667,0.7666666666666667,1.0
1642,discriminative-attribute-number,no,0,1.0,1.0,0.9090909090909091,0.8181818181818182,1.0,1.0,1.0,1.0,0.9090909090909091,1.0,1.0,0.875,0.875,1.0
1644,discriminative-attribute-number,no,0,0.8181818181818182,0.6727272727272727,1.0,1.0,1.0,1.0,0.6,0.4,0.8268398268398268,0.7666666666666667,0.6,1.0,0.7666666666666667,0.6444444444444445
1646,discriminative-attribute-state,no,0,0.9090909090909091,0.8181818181818182,0.45454545454545453,0.45454545454545453,1.0,1.0,1.0,1.0,0.5454545454545454,0.875,0.875,0.5,0.5,1.0
1648,discriminative-attribute-number,no,0,1.0,1.0,1.0,1.0,0.8,0.6,0.8,0.6,1.0,0.875,0.875,0.875,0.875,0.6444444444444445
1650,discriminative-attribute-state,no,0,1.0,1.0,0.5454545454545454,0.45454545454545453,1.0,1.0,0.8,0.6,0.6320346320346321,1.0,0.875,0.5416666666666666,0.5,0.8
1652,discriminative-attribute-number,no,0,0.2727272727272727,0.5636363636363636,0.6363636363636364,0.4909090909090909,0.0,1.0,0.4,0.4,0.4805194805194805,0.675,0.5416666666666666,0.475,0.475,0.6444444444444445
1654,discriminative-attribute-number,no,0,1.0,1.0,0.9090909090909091,0.8181818181818182,1.0,1.0,0.8,0.6,0.9090909090909091,1.0,0.875,0.875,0.7666666666666667,0.8
1658,discriminative-attribute-state,no,0,1.0,1.0,0.36363636363636365,0.4909090909090909,1.0,1.0,0.4,0.4,0.5454545454545454,1.0,0.675,0.475,0.5,0.5333333333333333
1660,discriminative-attribute-state,no,0,1.0,1.0,0.7272727272727273,0.5636363636363636,1.0,1.0,0.8,0.6,0.7532467532467533,1.0,0.875,0.675,0.6,0.8
1662,discriminative-attribute-number,no,0,0.9090909090909091,0.8181818181818182,0.9090909090909091,0.8181818181818182,1.0,1.0,0.8,0.6,0.8268398268398268,0.875,0.7666666666666667,0.875,0.7666666666666667,0.8
1664,discriminative-attribute-state,no,0,1.0,1.0,1.0,1.0,1.0,1.0,1.0,1.0,1.0,1.0,1.0,1.0,1.0,1.0
1666,discriminative-attribute-state,no,0,1.0,1.0,0.9090909090909091,0.8181818181818182,1.0,1.0,1.0,1.0,0.9090909090909091,1.0,1.0,0.875,0.875,1.0
1668,discriminative-attribute-state,no,0,1.0,1.0,0.9090909090909091,0.8181818181818182,0.8,0.6,0.8,0.6,0.9090909090909091,0.875,0.875,0.7666666666666667,0.7666666666666667,0.6444444444444445
1670,discriminative-attribute-number,no,0,1.0,1.0,1.0,1.0,1.0,1.0,0.8,0.6,1.0,1.0,0.875,1.0,0.875,0.8
1672,discriminative-attribute-action,no,0,1.0,1.0,1.0,1.0,1.0,1.0,1.0,1.0,1.0,1.0,1.0,1.0,1.0,1.0
1674,discriminative-attribute-state,no,0,1.0,1.0,1.0,1.0,1.0,1.0,1.0,1.0,1.0,1.0,1.0,1.0,1.0,1.0
1676,discriminative-attribute-number,no,0,1.0,1.0,1.0,1.0,1.0,1.0,0.8,0.6,1.0,1.0,0.875,1.0,0.875,0.8
1678,discriminative-attribute-action,no,0,1.0,1.0,1.0,1.0,0.8,0.6,0.8,0.6,1.0,0.875,0.875,0.875,0.875,0.6444444444444445
1680,discriminative-attribute-state,no,0,1.0,1.0,0.9090909090909091,0.8181818181818182,1.0,1.0,1.0,1.0,0.9090909090909091,1.0,1.0,0.875,0.875,1.0
1682,discriminative-attribute-state,no,0,0.9090909090909091,0.8181818181818182,0.9090909090909091,0.8181818181818182,1.0,1.0,0.8,0.6,0.8268398268398268,0.875,0.7666666666666667,0.875,0.7666666666666667,0.8
1684,discriminative-attribute-state,no,0,1.0,1.0,1.0,1.0,1.0,1.0,0.8,0.6,1.0,1.0,0.875,1.0,0.875,0.8
1686,discriminative-attribute-number,no,0,0.18181818181818182,0.6727272727272727,1.0,1.0,0.4,0.4,0.6,0.4,0.4935064935064935,0.6,0.5416666666666666,0.675,0.7666666666666667,0.4444444444444444
1688,discriminative-attribute-state,no,0,1.0,1.0,0.7272727272727273,0.5636363636363636,1.0,1.0,0.8,0.6,0.7532467532467533,1.0,0.875,0.675,0.6,0.8
1690,discriminative-attribute-number,no,0,1.0,1.0,0.2727272727272727,0.5636363636363636,1.0,1.0,0.4,0.4,0.5151515151515151,1.0,0.675,0.4666666666666667,0.5416666666666666,0.5333333333333333
1692,discriminative-attribute-number,no,0,1.0,1.0,1.0,1.0,1.0,1.0,0.6,0.4,1.0,1.0,0.7666666666666667,1.0,0.7666666666666667,0.6444444444444445
1694,discriminative-attribute-state,no,0,1.0,1.0,1.0,1.0,1.0,1.0,1.0,1.0,1.0,1.0,1.0,1.0,1.0,1.0
1696,discriminative-attribute-number,no,0,1.0,1.0,0.8181818181818182,0.6727272727272727,1.0,1.0,0.8,0.6,0.8268398268398268,1.0,0.875,0.7666666666666667,0.675,0.8
1698,discriminative-attribute-state,no,0,0.9090909090909091,0.8181818181818182,0.9090909090909091,0.8181818181818182,1.0,1.0,0.6,0.4,0.8268398268398268,0.875,0.675,0.875,0.675,0.6444444444444445
1700,discriminative-attribute-state,no,0,1.0,1.0,1.0,1.0,1.0,1.0,1.0,1.0,1.0,1.0,1.0,1.0,1.0,1.0
1702,discriminative-attribute-action,no,0,1.0,1.0,0.9090909090909091,0.8181818181818182,0.4,0.4,0.4,0.4,0.9090909090909091,0.675,0.675,0.6,0.6,0.4666666666666667
1704,discriminative-attribute-state,no,0,1.0,1.0,1.0,1.0,1.0,1.0,1.0,1.0,1.0,1.0,1.0,1.0,1.0,1.0
1706,discriminative-attribute-action,no,0,1.0,1.0,1.0,1.0,1.0,1.0,0.6,0.4,1.0,1.0,0.7666666666666667,1.0,0.7666666666666667,0.6444444444444445
1708,discriminative-attribute-number,no,0,1.0,1.0,0.8181818181818182,0.6727272727272727,1.0,1.0,0.8,0.6,0.8268398268398268,1.0,0.875,0.7666666666666667,0.675,0.8
1712,discriminative-attribute-state,no,0,0.36363636363636365,0.4909090909090909,0.0,1.0,0.0,1.0,0.2,0.6,0.6883116883116883,0.6,0.5416666666666666,1.0,0.875,0.8
1714,discriminative-attribute-state,no,0,1.0,1.0,0.8181818181818182,0.6727272727272727,1.0,1.0,1.0,1.0,0.8268398268398268,1.0,1.0,0.7666666666666667,0.7666666666666667,1.0
1716,discriminative-attribute-action,no,0,1.0,1.0,1.0,1.0,1.0,1.0,1.0,1.0,1.0,1.0,1.0,1.0,1.0,1.0
1718,discriminative-attribute-number,no,0,1.0,1.0,1.0,1.0,1.0,1.0,0.8,0.6,1.0,1.0,0.875,1.0,0.875,0.8
1720,discriminative-attribute-action,no,0,1.0,1.0,1.0,1.0,0.6,0.4,0.4,0.4,1.0,0.7666666666666667,0.675,0.7666666666666667,0.675,0.4444444444444444
1722,discriminative-attribute-number,no,0,0.9090909090909091,0.8181818181818182,0.09090909090909091,0.8181818181818182,0.6,0.4,0.2,0.6,0.47619047619047616,0.675,0.5416666666666666,0.6,0.7666666666666667,0.4666666666666667
1724,discriminative-attribute-state,no,0,0.7272727272727273,0.5636363636363636,0.7272727272727273,0.5636363636363636,1.0,1.0,1.0,1.0,0.5844155844155844,0.675,0.675,0.675,0.675,1.0
1726,discriminative-attribute-state,no,0,1.0,1.0,0.9090909090909091,0.8181818181818182,1.0,1.0,1.0,1.0,0.9090909090909091,1.0,1.0,0.875,0.875,1.0
1728,discriminative-attribute-state,no,0,1.0,1.0,0.8181818181818182,0.6727272727272727,1.0,1.0,1.0,1.0,0.8268398268398268,1.0,1.0,0.7666666666666667,0.7666666666666667,1.0
1730,discriminative-attribute-state,no,0,1.0,1.0,0.9090909090909091,0.8181818181818182,1.0,1.0,1.0,1.0,0.9090909090909091,1.0,1.0,0.875,0.875,1.0
1732,discriminative-attribute-state,no,0,1.0,1.0,1.0,1.0,0.8,0.6,1.0,1.0,1.0,0.875,1.0,0.875,1.0,0.8
1734,discriminative-attribute-state,no,1,0.9090909090909091,0.8181818181818182,0.9090909090909091,0.8181818181818182,1.0,1.0,1.0,1.0,0.8268398268398268,0.875,0.875,0.875,0.875,1.0
1736,discriminative-attribute-number,no,0,1.0,1.0,1.0,1.0,0.6,0.4,0.8,0.6,1.0,0.7666666666666667,0.875,0.7666666666666667,0.875,0.5333333333333333
1738,discriminative-attribute-state,no,0,1.0,1.0,0.0,1.0,1.0,1.0,0.2,0.6,0.47619047619047616,1.0,0.6,0.5416666666666666,0.875,0.4666666666666667
1740,discriminative-attribute-state,no,0,1.0,1.0,0.18181818181818182,0.6727272727272727,1.0,1.0,1.0,1.0,0.4935064935064935,1.0,1.0,0.475,0.475,1.0
1742,discriminative-attribute-number,no,0,1.0,1.0,1.0,1.0,1.0,1.0,1.0,1.0,1.0,1.0,1.0,1.0,1.0,1.0
1744,discriminative-attribute-action,no,0,1.0,1.0,1.0,1.0,1.0,1.0,0.6,0.4,1.0,1.0,0.7666666666666667,1.0,0.7666666666666667,0.6444444444444445
1746,discriminative-attribute-number,no,0,1.0,1.0,0.2727272727272727,0.5636363636363636,1.0,1.0,0.6,0.4,0.5151515151515151,1.0,0.7666666666666667,0.4666666666666667,0.5,0.6444444444444445
1748,discriminative-attribute-action,no,0,1.0,1.0,0.9090909090909091,0.8181818181818182,1.0,1.0,1.0,1.0,0.9090909090909091,1.0,1.0,0.875,0.875,1.0
1750,discriminative-attribute-number,no,0,1.0,1.0,0.09090909090909091,0.8181818181818182,1.0,1.0,0.6,0.4,0.4805194805194805,1.0,0.7666666666666667,0.5,0.6,0.6444444444444445
1752,discriminative-attribute-state,no,0,1.0,1.0,0.7272727272727273,0.5636363636363636,1.0,1.0,0.8,0.6,0.7532467532467533,1.0,0.875,0.675,0.6,0.8
1754,discriminative-attribute-action,no,0,1.0,1.0,1.0,1.0,1.0,1.0,1.0,1.0,1.0,1.0,1.0,1.0,1.0,1.0
1756,discriminative-attribute-number,no,0,1.0,1.0,1.0,1.0,1.0,1.0,0.8,0.6,1.0,1.0,0.875,1.0,0.875,0.8
1758,discriminative-attribute-number,no,0,0.45454545454545453,0.45454545454545453,0.5454545454545454,0.45454545454545453,0.0,1.0,0.2,0.6,0.47619047619047616,0.5416666666666666,0.5,0.5,0.475,0.8
1760,discriminative-attribute-number,no,0,1.0,1.0,0.9090909090909091,0.8181818181818182,1.0,1.0,0.6,0.4,0.9090909090909091,1.0,0.7666666666666667,0.875,0.675,0.6444444444444445
1762,discriminative-attribute-state,no,0,1.0,1.0,1.0,1.0,1.0,1.0,0.8,0.6,1.0,1.0,0.875,1.0,0.875,0.8
1764,discriminative-attribute-state,no,0,0.9090909090909091,0.8181818181818182,0.8181818181818182,0.6727272727272727,1.0,1.0,0.6,0.4,0.7532467532467533,0.875,0.675,0.7666666666666667,0.6,0.6444444444444445
1766,discriminative-attribute-action,no,0,1.0,1.0,1.0,1.0,0.8,0.6,0.6,0.4,1.0,0.875,0.7666666666666667,0.875,0.7666666666666667,0.5333333333333333
1768,discriminative-attribute-number,no,0,1.0,1.0,1.0,1.0,1.0,1.0,0.8,0.6,1.0,1.0,0.875,1.0,0.875,0.8
1770,discriminative-attribute-state,no,0,1.0,1.0,0.7272727272727273,0.5636363636363636,1.0,1.0,1.0,1.0,0.7532467532467533,1.0,1.0,0.675,0.675,1.0
1772,discriminative-attribute-state,no,0,1.0,1.0,1.0,1.0,0.8,0.6,1.0,1.0,1.0,0.875,1.0,0.875,1.0,0.8
1774,discriminative-attribute-state,no,0,1.0,1.0,0.36363636363636365,0.4909090909090909,1.0,1.0,0.8,0.6,0.5454545454545454,1.0,0.875,0.475,0.4666666666666667,0.8
1776,discriminative-attribute-state,no,0,1.0,1.0,1.0,1.0,1.0,1.0,0.6,0.4,1.0,1.0,0.7666666666666667,1.0,0.7666666666666667,0.6444444444444445
1778,discriminative-attribute-number,no,0,1.0,1.0,1.0,1.0,1.0,1.0,0.8,0.6,1.0,1.0,0.875,1.0,0.875,0.8
1780,discriminative-attribute-state,no,0,1.0,1.0,1.0,1.0,1.0,1.0,1.0,1.0,1.0,1.0,1.0,1.0,1.0,1.0
1782,discriminative-attribute-state,no,0,1.0,1.0,0.9090909090909091,0.8181818181818182,0.8,0.6,1.0,1.0,0.9090909090909091,0.875,1.0,0.7666666666666667,0.875,0.8
1784,discriminative-attribute-state,no,0,1.0,1.0,1.0,1.0,1.0,1.0,1.0,1.0,1.0,1.0,1.0,1.0,1.0,1.0
1786,discriminative-attribute-state,no,0,1.0,1.0,0.8181818181818182,0.6727272727272727,1.0,1.0,1.0,1.0,0.8268398268398268,1.0,1.0,0.7666666666666667,0.7666666666666667,1.0
1788,discriminative-attribute-number,no,0,1.0,1.0,0.9090909090909091,0.8181818181818182,1.0,1.0,0.8,0.6,0.9090909090909091,1.0,0.875,0.875,0.7666666666666667,0.8
1792,discriminative-attribute-state,no,0,1.0,1.0,1.0,1.0,1.0,1.0,0.8,0.6,1.0,1.0,0.875,1.0,0.875,0.8
1794,discriminative-attribute-state,no,0,1.0,1.0,0.9090909090909091,0.8181818181818182,1.0,1.0,1.0,1.0,0.9090909090909091,1.0,1.0,0.875,0.875,1.0
1796,discriminative-attribute-state,no,0,1.0,1.0,1.0,1.0,0.8,0.6,1.0,1.0,1.0,0.875,1.0,0.875,1.0,0.8
1798,discriminative-attribute-state,no,0,0.7272727272727273,0.5636363636363636,0.2727272727272727,0.5636363636363636,0.8,0.6,0.6,0.4,0.47619047619047616,0.6,0.5416666666666666,0.475,0.5,0.5333333333333333
1800,discriminative-attribute-state,no,0,1.0,1.0,1.0,1.0,1.0,1.0,1.0,1.0,1.0,1.0,1.0,1.0,1.0,1.0
1802,discriminative-attribute-state,no,0,1.0,1.0,0.7272727272727273,0.5636363636363636,1.0,1.0,0.8,0.6,0.7532467532467533,1.0,0.875,0.675,0.6,0.8
1804,discriminative-attribute-number,no,0,1.0,1.0,1.0,1.0,1.0,1.0,0.6,0.4,1.0,1.0,0.7666666666666667,1.0,0.7666666666666667,0.6444444444444445
1806,discriminative-attribute-action,no,0,1.0,1.0,1.0,1.0,1.0,1.0,1.0,1.0,1.0,1.0,1.0,1.0,1.0,1.0
1808,discriminative-attribute-state,no,0,1.0,1.0,1.0,1.0,1.0,1.0,0.8,0.6,1.0,1.0,0.875,1.0,0.875,0.8
1810,discriminative-attribute-state,no,0,1.0,1.0,1.0,1.0,1.0,1.0,1.0,1.0,1.0,1.0,1.0,1.0,1.0,1.0
1812,discriminative-attribute-action,no,0,1.0,1.0,1.0,1.0,0.4,0.4,0.4,0.4,1.0,0.675,0.675,0.675,0.675,0.4666666666666667
1814,discriminative-attribute-state,no,0,0.6363636363636364,0.4909090909090909,0.0,1.0,0.6,0.4,0.2,0.6,0.5454545454545454,0.5,0.4666666666666667,0.675,0.875,0.4666666666666667
1816,discriminative-attribute-number,no,0,1.0,1.0,0.0,1.0,1.0,1.0,0.2,0.6,0.47619047619047616,1.0,0.6,0.5416666666666666,0.875,0.4666666666666667
1818,discriminative-attribute-action,no,0,0.2727272727272727,0.5636363636363636,0.18181818181818182,0.6727272727272727,0.0,1.0,0.0,1.0,0.6320346320346321,0.675,0.675,0.7666666666666667,0.7666666666666667,1.0
1820,discriminative-attribute-action,no,0,1.0,1.0,1.0,1.0,0.8,0.6,1.0,1.0,1.0,0.875,1.0,0.875,1.0,0.8
1822,discriminative-attribute-number,no,0,1.0,1.0,1.0,1.0,1.0,1.0,0.8,0.6,1.0,1.0,0.875,1.0,0.875,0.8
1824,discriminative-attribute-state,no,0,1.0,1.0,1.0,1.0,0.8,0.6,1.0,1.0,1.0,0.875,1.0,0.875,1.0,0.8
1826,discriminative-attribute-state,no,0,1.0,1.0,1.0,1.0,0.8,0.6,0.8,0.6,1.0,0.875,0.875,0.875,0.875,0.6444444444444445
1828,discriminative-attribute-state,no,0,1.0,1.0,1.0,1.0,1.0,1.0,1.0,1.0,1.0,1.0,1.0,1.0,1.0,1.0
1830,discriminative-attribute-state,no,0,0.45454545454545453,0.45454545454545453,0.09090909090909091,0.8181818181818182,0.2,0.6,0.2,0.6,0.5844155844155844,0.5,0.5,0.7666666666666667,0.7666666666666667,0.6444444444444445
1832,discriminative-attribute-number,no,0,1.0,1.0,1.0,1.0,1.0,1.0,0.6,0.4,1.0,1.0,0.7666666666666667,1.0,0.7666666666666667,0.6444444444444445
1834,discriminative-attribute-action,no,0,1.0,1.0,1.0,1.0,0.8,0.6,1.0,1.0,1.0,0.875,1.0,0.875,1.0,0.8
1836,discriminative-attribute-state,no,0,0.5454545454545454,0.45454545454545453,0.0,1.0,0.4,0.4,0.0,1.0,0.5844155844155844,0.4666666666666667,0.5,0.7666666666666667,1.0,0.6444444444444445
1838,discriminative-attribute-state,no,0,1.0,1.0,0.9090909090909091,0.8181818181818182,0.4,0.4,0.4,0.4,0.9090909090909091,0.675,0.675,0.6,0.6,0.4666666666666667
1840,discriminative-attribute-number,no,0,0.18181818181818182,0.6727272727272727,1.0,1.0,0.4,0.4,0.6,0.4,0.4935064935064935,0.6,0.5416666666666666,0.675,0.7666666666666667,0.4444444444444444
1842,discriminative-attribute-state,no,0,1.0,1.0,1.0,1.0,1.0,1.0,0.8,0.6,1.0,1.0,0.875,1.0,0.875,0.8
1844,discriminative-attribute-state,no,0,0.6363636363636364,0.4909090909090909,0.6363636363636364,0.4909090909090909,1.0,1.0,1.0,1.0,0.5151515151515151,0.6,0.6,0.6,0.6,1.0
1846,discriminative-attribute-action,no,0,1.0,1.0,1.0,1.0,1.0,1.0,1.0,1.0,1.0,1.0,1.0,1.0,1.0,1.0
1848,discriminative-attribute-state,no,0,1.0,1.0,1.0,1.0,1.0,1.0,1.0,1.0,1.0,1.0,1.0,1.0,1.0,1.0
1850,discriminative-attribute-state,no,0,1.0,1.0,1.0,1.0,1.0,1.0,1.0,1.0,1.0,1.0,1.0,1.0,1.0,1.0
1852,discriminative-attribute-state,no,0,1.0,1.0,0.7272727272727273,0.5636363636363636,1.0,1.0,0.2,0.6,0.7532467532467533,1.0,0.6,0.675,0.475,0.4666666666666667
1854,discriminative-attribute-state,no,0,0.8181818181818182,0.6727272727272727,0.7272727272727273,0.5636363636363636,1.0,1.0,1.0,1.0,0.6320346320346321,0.7666666666666667,0.7666666666666667,0.675,0.675,1.0
1856,discriminative-attribute-state,no,0,1.0,1.0,1.0,1.0,0.8,0.6,1.0,1.0,1.0,0.875,1.0,0.875,1.0,0.8
1858,discriminative-attribute-state,no,0,0.5454545454545454,0.45454545454545453,0.6363636363636364,0.4909090909090909,1.0,1.0,1.0,1.0,0.4935064935064935,0.5416666666666666,0.5416666666666666,0.6,0.6,1.0
1860,discriminative-attribute-state,no,0,0.09090909090909091,0.8181818181818182,0.18181818181818182,0.6727272727272727,0.6,0.4,0.4,0.4,0.7532467532467533,0.6,0.675,0.5416666666666666,0.6,0.4444444444444444
1862,discriminative-attribute-state,no,0,0.18181818181818182,0.6727272727272727,0.09090909090909091,0.8181818181818182,0.4,0.4,0.2,0.6,0.7532467532467533,0.6,0.675,0.675,0.7666666666666667,0.5333333333333333
1864,discriminative-attribute-state,no,0,1.0,1.0,0.45454545454545453,0.45454545454545453,1.0,1.0,1.0,1.0,0.5844155844155844,1.0,1.0,0.5,0.5,1.0
1866,discriminative-attribute-state,no,1,1.0,1.0,1.0,1.0,1.0,1.0,1.0,1.0,1.0,1.0,1.0,1.0,1.0,1.0
1868,discriminative-attribute-state,no,0,0.45454545454545453,0.45454545454545453,0.0,1.0,0.2,0.6,0.0,1.0,0.6320346320346321,0.5,0.5416666666666666,0.875,1.0,0.8
1870,discriminative-attribute-number,no,0,1.0,1.0,1.0,1.0,1.0,1.0,0.8,0.6,1.0,1.0,0.875,1.0,0.875,0.8
1872,discriminative-attribute-state,no,0,1.0,1.0,1.0,1.0,1.0,1.0,1.0,1.0,1.0,1.0,1.0,1.0,1.0,1.0
1874,discriminative-attribute-number,no,0,0.2727272727272727,0.5636363636363636,0.9090909090909091,0.8181818181818182,0.4,0.4,0.8,0.6,0.4935064935064935,0.5416666666666666,0.475,0.6,0.7666666666666667,0.4666666666666667
1876,discriminative-attribute-state,no,0,0.7272727272727273,0.5636363636363636,0.6363636363636364,0.4909090909090909,1.0,1.0,0.8,0.6,0.5454545454545454,0.675,0.6,0.6,0.5416666666666666,0.8
1878,discriminative-attribute-state,no,0,0.9090909090909091,0.8181818181818182,0.6363636363636364,0.4909090909090909,1.0,1.0,0.8,0.6,0.6320346320346321,0.875,0.7666666666666667,0.6,0.5416666666666666,0.8
1880,discriminative-attribute-number,no,0,1.0,1.0,1.0,1.0,1.0,1.0,0.8,0.6,1.0,1.0,0.875,1.0,0.875,0.8
1882,discriminative-attribute-number,no,0,1.0,1.0,1.0,1.0,0.8,0.6,0.2,0.6,1.0,0.875,0.6,0.875,0.6,0.4444444444444444
1884,discriminative-attribute-state,no,0,1.0,1.0,0.7272727272727273,0.5636363636363636,1.0,1.0,0.2,0.6,0.7532467532467533,1.0,0.6,0.675,0.475,0.4666666666666667
1886,discriminative-attribute-number,no,0,1.0,1.0,1.0,1.0,1.0,1.0,0.4,0.4,1.0,1.0,0.675,1.0,0.675,0.5333333333333333
1888,discriminative-attribute-state,no,0,1.0,1.0,1.0,1.0,1.0,1.0,1.0,1.0,1.0,1.0,1.0,1.0,1.0,1.0
1890,discriminative-attribute-action,no,0,1.0,1.0,0.7272727272727273,0.5636363636363636,0.6,0.4,0.4,0.4,0.7532467532467533,0.7666666666666667,0.675,0.5416666666666666,0.5,0.4444444444444444
1892,discriminative-attribute-number,no,0,1.0,1.0,1.0,1.0,1.0,1.0,0.8,0.6,1.0,1.0,0.875,1.0,0.875,0.8
1894,discriminative-attribute-number,no,0,1.0,1.0,0.6363636363636364,0.4909090909090909,1.0,1.0,0.6,0.4,0.6883116883116883,1.0,0.7666666666666667,0.6,0.5,0.6444444444444445
1896,discriminative-attribute-state,no,0,1.0,1.0,0.7272727272727273,0.5636363636363636,1.0,1.0,1.0,1.0,0.7532467532467533,1.0,1.0,0.675,0.675,1.0
1898,discriminative-attribute-state,no,0,1.0,1.0,1.0,1.0,1.0,1.0,1.0,1.0,1.0,1.0,1.0,1.0,1.0,1.0
1900,discriminative-attribute-state,no,0,0.2727272727272727,0.5636363636363636,0.0,1.0,0.8,0.6,0.0,1.0,0.7532467532467533,0.475,0.675,0.6,1.0,0.4666666666666667
1902,discriminative-attribute-action,no,0,1.0,1.0,1.0,1.0,0.8,0.6,0.8,0.6,1.0,0.875,0.875,0.875,0.875,0.6444444444444445
1904,discriminative-attribute-state,no,0,1.0,1.0,1.0,1.0,1.0,1.0,0.8,0.6,1.0,1.0,0.875,1.0,0.875,0.8
1906,discriminative-attribute-state,no,0,0.7272727272727273,0.5636363636363636,0.7272727272727273,0.5636363636363636,0.6,0.4,0.4,0.4,0.5844155844155844,0.5416666666666666,0.5,0.5416666666666666,0.5,0.4444444444444444
1908,discriminative-attribute-action,no,0,1.0,1.0,1.0,1.0,0.8,0.6,0.8,0.6,1.0,0.875,0.875,0.875,0.875,0.6444444444444445
1910,discriminative-attribute-number,no,0,1.0,1.0,0.0,1.0,1.0,1.0,0.2,0.6,0.47619047619047616,1.0,0.6,0.5416666666666666,0.875,0.4666666666666667
1912,discriminative-attribute-number,no,0,1.0,1.0,1.0,1.0,1.0,1.0,0.8,0.6,1.0,1.0,0.875,1.0,0.875,0.8
1914,discriminative-attribute-state,no,0,1.0,1.0,0.9090909090909091,0.8181818181818182,1.0,1.0,1.0,1.0,0.9090909090909091,1.0,1.0,0.875,0.875,1.0
1916,discriminative-attribute-state,no,0,1.0,1.0,1.0,1.0,1.0,1.0,1.0,1.0,1.0,1.0,1.0,1.0,1.0,1.0
1918,discriminative-attribute-state,no,0,1.0,1.0,0.7272727272727273,0.5636363636363636,1.0,1.0,0.8,0.6,0.7532467532467533,1.0,0.875,0.675,0.6,0.8
1920,discriminative-attribute-state,no,0,1.0,1.0,0.9090909090909091,0.8181818181818182,1.0,1.0,1.0,1.0,0.9090909090909091,1.0,1.0,0.875,0.875,1.0
1922,discriminative-attribute-state,no,0,1.0,1.0,0.7272727272727273,0.5636363636363636,0.8,0.6,1.0,1.0,0.7532467532467533,0.875,1.0,0.6,0.675,0.8
1924,discriminative-attribute-state,no,0,1.0,1.0,1.0,1.0,0.8,0.6,0.6,0.4,1.0,0.875,0.7666666666666667,0.875,0.7666666666666667,0.5333333333333333
1926,discriminative-attribute-state,no,0,1.0,1.0,0.0,1.0,1.0,1.0,0.0,1.0,0.47619047619047616,1.0,0.5416666666666666,0.5416666666666666,1.0,0.4444444444444444
1928,discriminative-attribute-state,no,0,1.0,1.0,1.0,1.0,1.0,1.0,0.4,0.4,1.0,1.0,0.675,1.0,0.675,0.5333333333333333
1930,discriminative-attribute-number,no,0,1.0,1.0,1.0,1.0,1.0,1.0,0.8,0.6,1.0,1.0,0.875,1.0,0.875,0.8
1932,discriminative-attribute-state,no,0,1.0,1.0,1.0,1.0,1.0,1.0,1.0,1.0,1.0,1.0,1.0,1.0,1.0,1.0
1934,discriminative-attribute-action,no,0,1.0,1.0,1.0,1.0,0.4,0.4,0.4,0.4,1.0,0.675,0.675,0.675,0.675,0.4666666666666667
1936,discriminative-attribute-state,no,0,0.5454545454545454,0.45454545454545453,0.09090909090909091,0.8181818181818182,0.8,0.6,0.2,0.6,0.5454545454545454,0.5,0.475,0.5416666666666666,0.7666666666666667,0.4444444444444444
1938,discriminative-attribute-action,no,0,1.0,1.0,1.0,1.0,0.4,0.4,0.4,0.4,1.0,0.675,0.675,0.675,0.675,0.4666666666666667
1940,discriminative-attribute-number,no,0,1.0,1.0,1.0,1.0,1.0,1.0,0.8,0.6,1.0,1.0,0.875,1.0,0.875,0.8
1942,discriminative-attribute-state,no,0,1.0,1.0,1.0,1.0,1.0,1.0,1.0,1.0,1.0,1.0,1.0,1.0,1.0,1.0
1944,discriminative-attribute-state,no,0,1.0,1.0,1.0,1.0,1.0,1.0,0.8,0.6,1.0,1.0,0.875,1.0,0.875,0.8
1946,discriminative-attribute-action,no,0,1.0,1.0,1.0,1.0,0.6,0.4,0.6,0.4,1.0,0.7666666666666667,0.7666666666666667,0.7666666666666667,0.7666666666666667,0.4666666666666667
1948,discriminative-attribute-state,no,0,0.18181818181818182,0.6727272727272727,0.0,1.0,0.6,0.4,0.2,0.6,0.8268398268398268,0.5416666666666666,0.675,0.675,0.875,0.4666666666666667
1950,discriminative-attribute-state,no,0,0.0,1.0,0.0,1.0,0.4,0.4,0.0,1.0,1.0,0.7666666666666667,1.0,0.7666666666666667,1.0,0.6444444444444445
1952,discriminative-attribute-state,no,0,1.0,1.0,1.0,1.0,1.0,1.0,1.0,1.0,1.0,1.0,1.0,1.0,1.0,1.0
1954,discriminative-attribute-action,no,0,1.0,1.0,1.0,1.0,0.6,0.4,0.6,0.4,1.0,0.7666666666666667,0.7666666666666667,0.7666666666666667,0.7666666666666667,0.4666666666666667
1956,discriminative-attribute-number,no,0,1.0,1.0,1.0,1.0,1.0,1.0,0.8,0.6,1.0,1.0,0.875,1.0,0.875,0.8
1958,discriminative-attribute-number,no,0,1.0,1.0,0.9090909090909091,0.8181818181818182,1.0,1.0,0.4,0.4,0.9090909090909091,1.0,0.675,0.875,0.6,0.5333333333333333
1960,discriminative-attribute-state,no,0,1.0,1.0,1.0,1.0,1.0,1.0,1.0,1.0,1.0,1.0,1.0,1.0,1.0,1.0
1962,discriminative-attribute-number,no,0,1.0,1.0,0.0,1.0,1.0,1.0,0.2,0.6,0.47619047619047616,1.0,0.6,0.5416666666666666,0.875,0.4666666666666667
1964,discriminative-attribute-state,no,0,1.0,1.0,1.0,1.0,1.0,1.0,1.0,1.0,1.0,1.0,1.0,1.0,1.0,1.0
1966,discriminative-attribute-state,no,0,1.0,1.0,1.0,1.0,0.8,0.6,1.0,1.0,1.0,0.875,1.0,0.875,1.0,0.8
1968,discriminative-attribute-state,no,0,1.0,1.0,1.0,1.0,1.0,1.0,1.0,1.0,1.0,1.0,1.0,1.0,1.0,1.0
1970,discriminative-attribute-action,no,0,1.0,1.0,0.8181818181818182,0.6727272727272727,0.4,0.4,0.2,0.6,0.8268398268398268,0.675,0.6,0.5416666666666666,0.5,0.5333333333333333
1972,discriminative-attribute-state,no,0,0.6363636363636364,0.4909090909090909,0.9090909090909091,0.8181818181818182,0.8,0.6,0.8,0.6,0.6320346320346321,0.5416666666666666,0.5416666666666666,0.7666666666666667,0.7666666666666667,0.6444444444444445
1974,discriminative-attribute-number,no,0,0.9090909090909091,0.8181818181818182,0.9090909090909091,0.8181818181818182,1.0,1.0,0.8,0.6,0.8268398268398268,0.875,0.7666666666666667,0.875,0.7666666666666667,0.8
1976,discriminative-attribute-state,no,0,1.0,1.0,1.0,1.0,1.0,1.0,1.0,1.0,1.0,1.0,1.0,1.0,1.0,1.0
1978,discriminative-attribute-state,no,0,1.0,1.0,1.0,1.0,0.8,0.6,1.0,1.0,1.0,0.875,1.0,0.875,1.0,0.8
1980,discriminative-attribute-state,no,0,1.0,1.0,1.0,1.0,0.8,0.6,1.0,1.0,1.0,0.875,1.0,0.875,1.0,0.8
1982,discriminative-attribute-state,no,0,1.0,1.0,0.8181818181818182,0.6727272727272727,1.0,1.0,1.0,1.0,0.8268398268398268,1.0,1.0,0.7666666666666667,0.7666666666666667,1.0
1984,discriminative-attribute-state,no,0,1.0,1.0,0.0,1.0,0.4,0.4,0.4,0.4,0.47619047619047616,0.675,0.675,0.7666666666666667,0.7666666666666667,0.4666666666666667
1986,discriminative-attribute-state,no,0,1.0,1.0,1.0,1.0,1.0,1.0,0.8,0.6,1.0,1.0,0.875,1.0,0.875,0.8
1988,discriminative-attribute-action,no,0,1.0,1.0,1.0,1.0,1.0,1.0,1.0,1.0,1.0,1.0,1.0,1.0,1.0,1.0
1990,discriminative-attribute-number,no,0,1.0,1.0,1.0,1.0,1.0,1.0,0.8,0.6,1.0,1.0,0.875,1.0,0.875,0.8
1992,discriminative-attribute-number,no,0,1.0,1.0,1.0,1.0,1.0,1.0,0.8,0.6,1.0,1.0,0.875,1.0,0.875,0.8
1994,discriminative-attribute-number,no,0,1.0,1.0,1.0,1.0,0.6,0.4,0.8,0.6,1.0,0.7666666666666667,0.875,0.7666666666666667,0.875,0.5333333333333333
1996,discriminative-attribute-action,no,0,1.0,1.0,1.0,1.0,1.0,1.0,1.0,1.0,1.0,1.0,1.0,1.0,1.0,1.0
1998,discriminative-attribute-number,no,0,1.0,1.0,1.0,1.0,1.0,1.0,1.0,1.0,1.0,1.0,1.0,1.0,1.0,1.0
2000,discriminative-attribute-number,no,0,0.45454545454545453,0.45454545454545453,0.0,1.0,0.0,1.0,0.2,0.6,0.6320346320346321,0.5416666666666666,0.5,1.0,0.875,0.8
2002,discriminative-attribute-state,no,0,1.0,1.0,1.0,1.0,1.0,1.0,1.0,1.0,1.0,1.0,1.0,1.0,1.0,1.0
2004,discriminative-attribute-state,no,0,1.0,1.0,0.7272727272727273,0.5636363636363636,1.0,1.0,0.8,0.6,0.7532467532467533,1.0,0.875,0.675,0.6,0.8
2006,discriminative-attribute-action,no,0,0.8181818181818182,0.6727272727272727,0.8181818181818182,0.6727272727272727,1.0,1.0,0.8,0.6,0.6883116883116883,0.7666666666666667,0.675,0.7666666666666667,0.675,0.8
2008,discriminative-attribute-number,no,0,1.0,1.0,1.0,1.0,1.0,1.0,0.8,0.6,1.0,1.0,0.875,1.0,0.875,0.8
2010,discriminative-attribute-action,no,0,1.0,1.0,1.0,1.0,0.6,0.4,0.4,0.4,1.0,0.7666666666666667,0.675,0.7666666666666667,0.675,0.4444444444444444
2012,discriminative-attribute-number,no,0,1.0,1.0,0.9090909090909091,0.8181818181818182,1.0,1.0,0.8,0.6,0.9090909090909091,1.0,0.875,0.875,0.7666666666666667,0.8
2014,discriminative-attribute-number,no,0,1.0,1.0,0.09090909090909091,0.8181818181818182,1.0,1.0,0.6,0.4,0.4805194805194805,1.0,0.7666666666666667,0.5,0.6,0.6444444444444445
2016,discriminative-attribute-state,no,0,1.0,1.0,1.0,1.0,1.0,1.0,1.0,1.0,1.0,1.0,1.0,1.0,1.0,1.0
2018,discriminative-attribute-state,no,0,1.0,1.0,1.0,1.0,1.0,1.0,0.8,0.6,1.0,1.0,0.875,1.0,0.875,0.8
2020,discriminative-attribute-state,no,0,1.0,1.0,1.0,1.0,1.0,1.0,1.0,1.0,1.0,1.0,1.0,1.0,1.0,1.0
2022,discriminative-attribute-number,no,0,0.9090909090909091,0.8181818181818182,0.6363636363636364,0.4909090909090909,0.6,0.4,0.8,0.6,0.6320346320346321,0.675,0.7666666666666667,0.5,0.5416666666666666,0.5333333333333333
2024,discriminative-attribute-action,no,0,1.0,1.0,0.8181818181818182,0.6727272727272727,1.0,1.0,1.0,1.0,0.8268398268398268,1.0,1.0,0.7666666666666667,0.7666666666666667,1.0
2026,discriminative-attribute-number,no,0,1.0,1.0,1.0,1.0,1.0,1.0,0.4,0.4,1.0,1.0,0.675,1.0,0.675,0.5333333333333333
2028,discriminative-attribute-state,no,0,1.0,1.0,1.0,1.0,1.0,1.0,0.8,0.6,1.0,1.0,0.875,1.0,0.875,0.8
2030,discriminative-attribute-state,no,0,1.0,1.0,1.0,1.0,1.0,1.0,1.0,1.0,1.0,1.0,1.0,1.0,1.0,1.0
2032,discriminative-attribute-state,no,0,1.0,1.0,0.9090909090909091,0.8181818181818182,1.0,1.0,1.0,1.0,0.9090909090909091,1.0,1.0,0.875,0.875,1.0
2034,discriminative-attribute-state,no,0,1.0,1.0,1.0,1.0,1.0,1.0,0.8,0.6,1.0,1.0,0.875,1.0,0.875,0.8
2036,discriminative-attribute-state,no,0,1.0,1.0,0.9090909090909091,0.8181818181818182,1.0,1.0,1.0,1.0,0.9090909090909091,1.0,1.0,0.875,0.875,1.0
2038,discriminative-attribute-action,no,0,1.0,1.0,1.0,1.0,1.0,1.0,1.0,1.0,1.0,1.0,1.0,1.0,1.0,1.0
2040,discriminative-attribute-number,no,0,1.0,1.0,1.0,1.0,1.0,1.0,0.4,0.4,1.0,1.0,0.675,1.0,0.675,0.5333333333333333
2042,discriminative-attribute-state,no,0,0.09090909090909091,0.8181818181818182,0.0,1.0,0.4,0.4,0.0,1.0,0.9090909090909091,0.675,0.875,0.7666666666666667,1.0,0.6444444444444445
2044,discriminative-attribute-state,no,0,1.0,1.0,1.0,1.0,0.8,0.6,0.4,0.4,1.0,0.875,0.675,0.875,0.675,0.4666666666666667
2046,discriminative-attribute-state,no,0,1.0,1.0,0.36363636363636365,0.4909090909090909,1.0,1.0,0.4,0.4,0.5454545454545454,1.0,0.675,0.475,0.5,0.5333333333333333
2048,discriminative-attribute-action,no,0,1.0,1.0,1.0,1.0,0.8,0.6,0.6,0.4,1.0,0.875,0.7666666666666667,0.875,0.7666666666666667,0.5333333333333333
2050,discriminative-attribute-state,no,0,1.0,1.0,1.0,1.0,1.0,1.0,1.0,1.0,1.0,1.0,1.0,1.0,1.0,1.0
2052,discriminative-attribute-action,no,0,1.0,1.0,1.0,1.0,0.6,0.4,0.4,0.4,1.0,0.7666666666666667,0.675,0.7666666666666667,0.675,0.4444444444444444
2054,discriminative-attribute-state,no,0,1.0,1.0,1.0,1.0,1.0,1.0,1.0,1.0,1.0,1.0,1.0,1.0,1.0,1.0
2056,discriminative-attribute-state,no,0,1.0,1.0,0.8181818181818182,0.6727272727272727,1.0,1.0,1.0,1.0,0.8268398268398268,1.0,1.0,0.7666666666666667,0.7666666666666667,1.0
2058,discriminative-attribute-state,no,0,1.0,1.0,0.6363636363636364,0.4909090909090909,0.8,0.6,1.0,1.0,0.6883116883116883,0.875,1.0,0.5416666666666666,0.6,0.8
2060,discriminative-attribute-number,no,0,1.0,1.0,0.7272727272727273,0.5636363636363636,1.0,1.0,0.8,0.6,0.7532467532467533,1.0,0.875,0.675,0.6,0.8
2062,discriminative-attribute-action,no,0,1.0,1.0,0.45454545454545453,0.45454545454545453,0.6,0.4,0.0,1.0,0.5844155844155844,0.7666666666666667,0.5416666666666666,0.4666666666666667,0.5416666666666666,0.5333333333333333
2064,discriminative-attribute-state,no,0,0.0,1.0,0.0,1.0,0.0,1.0,0.0,1.0,1.0,1.0,1.0,1.0,1.0,1.0
2066,discriminative-attribute-state,no,0,0.7272727272727273,0.5636363636363636,0.7272727272727273,0.5636363636363636,1.0,1.0,0.8,0.6,0.5844155844155844,0.675,0.6,0.675,0.6,0.8
2068,discriminative-attribute-number,no,0,1.0,1.0,1.0,1.0,1.0,1.0,0.6,0.4,1.0,1.0,0.7666666666666667,1.0,0.7666666666666667,0.6444444444444445
2070,discriminative-attribute-state,no,0,0.09090909090909091,0.8181818181818182,0.09090909090909091,0.8181818181818182,0.0,1.0,0.4,0.4,0.8268398268398268,0.875,0.675,0.875,0.675,0.6444444444444445
2072,discriminative-attribute-state,no,0,1.0,1.0,1.0,1.0,1.0,1.0,0.8,0.6,1.0,1.0,0.875,1.0,0.875,0.8
2074,discriminative-attribute-number,no,0,1.0,1.0,0.9090909090909091,0.8181818181818182,1.0,1.0,0.6,0.4,0.9090909090909091,1.0,0.7666666666666667,0.875,0.675,0.6444444444444445
2076,discriminative-attribute-state,no,0,0.18181818181818182,0.6727272727272727,0.0,1.0,0.0,1.0,0.4,0.4,0.8268398268398268,0.7666666666666667,0.6,1.0,0.7666666666666667,0.6444444444444445
2078,discriminative-attribute-state,no,0,0.8181818181818182,0.6727272727272727,0.09090909090909091,0.8181818181818182,0.4,0.4,0.4,0.4,0.4805194805194805,0.5416666666666666,0.5416666666666666,0.675,0.675,0.4666666666666667
2080,discriminative-attribute-state,no,0,1.0,1.0,0.7272727272727273,0.5636363636363636,0.8,0.6,1.0,1.0,0.7532467532467533,0.875,1.0,0.6,0.675,0.8
2082,discriminative-attribute-state,no,0,1.0,1.0,1.0,1.0,0.8,0.6,1.0,1.0,1.0,0.875,1.0,0.875,1.0,0.8
2084,discriminative-attribute-number,no,0,1.0,1.0,1.0,1.0,1.0,1.0,0.6,0.4,1.0,1.0,0.7666666666666667,1.0,0.7666666666666667,0.6444444444444445
2086,discriminative-attribute-action,no,0,1.0,1.0,1.0,1.0,0.8,0.6,0.8,0.6,1.0,0.875,0.875,0.875,0.875,0.6444444444444445
2088,discriminative-attribute-action,no,0,1.0,1.0,1.0,1.0,1.0,1.0,0.8,0.6,1.0,1.0,0.875,1.0,0.875,0.8
2090,discriminative-attribute-state,no,0,0.9090909090909091,0.8181818181818182,0.6363636363636364,0.4909090909090909,1.0,1.0,0.8,0.6,0.6320346320346321,0.875,0.7666666666666667,0.6,0.5416666666666666,0.8
2092,discriminative-attribute-state,no,0,1.0,1.0,0.0,1.0,0.6,0.4,0.0,1.0,0.47619047619047616,0.7666666666666667,0.5416666666666666,0.675,1.0,0.5333333333333333
2094,discriminative-attribute-state,no,0,1.0,1.0,0.8181818181818182,0.6727272727272727,0.8,0.6,0.4,0.4,0.8268398268398268,0.875,0.675,0.675,0.5416666666666666,0.4666666666666667
2096,discriminative-attribute-state,no,0,1.0,1.0,0.6363636363636364,0.4909090909090909,1.0,1.0,0.8,0.6,0.6883116883116883,1.0,0.875,0.6,0.5416666666666666,0.8
2098,discriminative-attribute-state,no,0,1.0,1.0,1.0,1.0,1.0,1.0,0.8,0.6,1.0,1.0,0.875,1.0,0.875,0.8
2100,discriminative-attribute-action,no,0,1.0,1.0,1.0,1.0,0.6,0.4,0.6,0.4,1.0,0.7666666666666667,0.7666666666666667,0.7666666666666667,0.7666666666666667,0.4666666666666667
2102,discriminative-attribute-number,no,0,1.0,1.0,0.7272727272727273,0.5636363636363636,1.0,1.0,0.4,0.4,0.7532467532467533,1.0,0.675,0.675,0.5,0.5333333333333333
2104,discriminative-attribute-number,no,0,1.0,1.0,0.0,1.0,1.0,1.0,0.2,0.6,0.47619047619047616,1.0,0.6,0.5416666666666666,0.875,0.4666666666666667
2106,discriminative-attribute-number,no,0,1.0,1.0,1.0,1.0,1.0,1.0,0.8,0.6,1.0,1.0,0.875,1.0,0.875,0.8
2108,discriminative-attribute-number,no,0,0.9090909090909091,0.8181818181818182,0.9090909090909091,0.8181818181818182,1.0,1.0,0.8,0.6,0.8268398268398268,0.875,0.7666666666666667,0.875,0.7666666666666667,0.8
2110,discriminative-attribute-state,no,0,1.0,1.0,1.0,1.0,0.6,0.4,0.8,0.6,1.0,0.7666666666666667,0.875,0.7666666666666667,0.875,0.5333333333333333
2112,discriminative-attribute-state,no,0,1.0,1.0,1.0,1.0,1.0,1.0,1.0,1.0,1.0,1.0,1.0,1.0,1.0,1.0
2114,discriminative-attribute-number,no,0,1.0,1.0,0.0,1.0,0.8,0.6,0.2,0.6,0.47619047619047616,0.875,0.6,0.6,0.875,0.4444444444444444
2116,discriminative-attribute-state,no,0,1.0,1.0,1.0,1.0,1.0,1.0,0.8,0.6,1.0,1.0,0.875,1.0,0.875,0.8
2118,discriminative-attribute-state,no,0,1.0,1.0,1.0,1.0,1.0,1.0,1.0,1.0,1.0,1.0,1.0,1.0,1.0,1.0
2120,discriminative-attribute-number,no,0,0.9090909090909091,0.8181818181818182,1.0,1.0,1.0,1.0,0.8,0.6,0.9090909090909091,0.875,0.7666666666666667,1.0,0.875,0.8
2122,discriminative-attribute-state,no,0,0.0,1.0,0.18181818181818182,0.6727272727272727,0.0,1.0,0.0,1.0,0.8268398268398268,1.0,1.0,0.7666666666666667,0.7666666666666667,1.0
2124,discriminative-attribute-state,no,0,1.0,1.0,1.0,1.0,1.0,1.0,1.0,1.0,1.0,1.0,1.0,1.0,1.0,1.0
2126,discriminative-attribute-state,no,0,1.0,1.0,0.8181818181818182,0.6727272727272727,1.0,1.0,0.8,0.6,0.8268398268398268,1.0,0.875,0.7666666666666667,0.675,0.8
2128,discriminative-attribute-number,no,0,1.0,1.0,1.0,1.0,1.0,1.0,0.6,0.4,1.0,1.0,0.7666666666666667,1.0,0.7666666666666667,0.6444444444444445
2130,discriminative-attribute-action,no,0,1.0,1.0,1.0,1.0,0.6,0.4,0.4,0.4,1.0,0.7666666666666667,0.675,0.7666666666666667,0.675,0.4444444444444444
2132,discriminative-attribute-number,no,0,1.0,1.0,1.0,1.0,1.0,1.0,0.8,0.6,1.0,1.0,0.875,1.0,0.875,0.8
2134,discriminative-attribute-state,no,0,1.0,1.0,0.9090909090909091,0.8181818181818182,1.0,1.0,1.0,1.0,0.9090909090909091,1.0,1.0,0.875,0.875,1.0
2136,discriminative-attribute-state,no,0,1.0,1.0,1.0,1.0,1.0,1.0,0.8,0.6,1.0,1.0,0.875,1.0,0.875,0.8
2138,discriminative-attribute-action,no,0,1.0,1.0,1.0,1.0,0.8,0.6,0.4,0.4,1.0,0.875,0.675,0.875,0.675,0.4666666666666667
2140,discriminative-attribute-state,no,1,0.9090909090909091,0.8181818181818182,1.0,1.0,1.0,1.0,1.0,1.0,0.9090909090909091,0.875,0.875,1.0,1.0,1.0
2142,discriminative-attribute-number,no,0,1.0,1.0,0.9090909090909091,0.8181818181818182,1.0,1.0,0.6,0.4,0.9090909090909091,1.0,0.7666666666666667,0.875,0.675,0.6444444444444445
2144,discriminative-attribute-state,no,0,1.0,1.0,0.9090909090909091,0.8181818181818182,1.0,1.0,0.8,0.6,0.9090909090909091,1.0,0.875,0.875,0.7666666666666667,0.8
2146,discriminative-attribute-state,no,0,1.0,1.0,1.0,1.0,0.8,0.6,1.0,1.0,1.0,0.875,1.0,0.875,1.0,0.8
2148,discriminative-attribute-state,no,0,1.0,1.0,1.0,1.0,0.8,0.6,1.0,1.0,1.0,0.875,1.0,0.875,1.0,0.8
2150,discriminative-attribute-state,no,0,1.0,1.0,1.0,1.0,1.0,1.0,0.8,0.6,1.0,1.0,0.875,1.0,0.875,0.8
2152,discriminative-attribute-state,no,0,0.7272727272727273,0.5636363636363636,0.7272727272727273,0.5636363636363636,1.0,1.0,0.8,0.6,0.5844155844155844,0.675,0.6,0.675,0.6,0.8
2154,discriminative-attribute-state,no,0,1.0,1.0,1.0,1.0,1.0,1.0,0.8,0.6,1.0,1.0,0.875,1.0,0.875,0.8
2156,discriminative-attribute-number,no,0,0.2727272727272727,0.5636363636363636,1.0,1.0,0.0,1.0,1.0,1.0,0.5151515151515151,0.675,0.4666666666666667,0.5416666666666666,1.0,0.4444444444444444
2158,discriminative-attribute-number,no,0,0.2727272727272727,0.5636363636363636,0.9090909090909091,0.8181818181818182,0.0,1.0,1.0,1.0,0.4935064935064935,0.675,0.4666666666666667,0.5,0.875,0.4444444444444444
2160,discriminative-attribute-state,no,0,1.0,1.0,0.7272727272727273,0.5636363636363636,0.8,0.6,0.8,0.6,0.7532467532467533,0.875,0.875,0.6,0.6,0.6444444444444445
2162,discriminative-attribute-state,no,0,1.0,1.0,1.0,1.0,0.8,0.6,0.4,0.4,1.0,0.875,0.675,0.875,0.675,0.4666666666666667
2164,discriminative-attribute-state,no,0,1.0,1.0,0.0,1.0,1.0,1.0,0.0,1.0,0.47619047619047616,1.0,0.5416666666666666,0.5416666666666666,1.0,0.4444444444444444
2166,discriminative-attribute-action,no,0,1.0,1.0,1.0,1.0,0.6,0.4,0.6,0.4,1.0,0.7666666666666667,0.7666666666666667,0.7666666666666667,0.7666666666666667,0.4666666666666667
2168,discriminative-attribute-state,no,0,0.7272727272727273,0.5636363636363636,0.7272727272727273,0.5636363636363636,1.0,1.0,0.8,0.6,0.5844155844155844,0.675,0.6,0.675,0.6,0.8
2170,discriminative-attribute-action,no,0,1.0,1.0,1.0,1.0,1.0,1.0,0.6,0.4,1.0,1.0,0.7666666666666667,1.0,0.7666666666666667,0.6444444444444445
2172,discriminative-attribute-state,no,0,1.0,1.0,0.5454545454545454,0.45454545454545453,1.0,1.0,0.2,0.6,0.6320346320346321,1.0,0.6,0.5416666666666666,0.475,0.4666666666666667
2174,discriminative-attribute-state,no,0,0.2727272727272727,0.5636363636363636,0.0,1.0,0.0,1.0,0.2,0.6,0.7532467532467533,0.675,0.6,1.0,0.875,0.8
2176,discriminative-attribute-state,no,0,0.9090909090909091,0.8181818181818182,0.6363636363636364,0.4909090909090909,0.8,0.6,1.0,1.0,0.6320346320346321,0.7666666666666667,0.875,0.5416666666666666,0.6,0.8
2178,discriminative-attribute-state,no,0,1.0,1.0,1.0,1.0,0.8,0.6,1.0,1.0,1.0,0.875,1.0,0.875,1.0,0.8
2180,discriminative-attribute-state,no,0,0.36363636363636365,0.4909090909090909,0.0,1.0,0.2,0.6,0.0,1.0,0.6883116883116883,0.5416666666666666,0.6,0.875,1.0,0.8
2182,discriminative-attribute-number,no,0,1.0,1.0,1.0,1.0,1.0,1.0,0.8,0.6,1.0,1.0,0.875,1.0,0.875,0.8
2184,discriminative-attribute-state,no,1,0.9090909090909091,0.8181818181818182,0.9090909090909091,0.8181818181818182,1.0,1.0,1.0,1.0,0.8268398268398268,0.875,0.875,0.875,0.875,1.0
2186,discriminative-attribute-number,no,0,1.0,1.0,1.0,1.0,1.0,1.0,0.6,0.4,1.0,1.0,0.7666666666666667,1.0,0.7666666666666667,0.6444444444444445
2188,discriminative-attribute-number,no,0,1.0,1.0,0.7272727272727273,0.5636363636363636,1.0,1.0,0.8,0.6,0.7532467532467533,1.0,0.875,0.675,0.6,0.8
2190,discriminative-attribute-state,no,0,0.09090909090909091,0.8181818181818182,0.09090909090909091,0.8181818181818182,0.6,0.4,0.4,0.4,0.8268398268398268,0.6,0.675,0.6,0.675,0.4444444444444444
2192,discriminative-attribute-state,no,0,1.0,1.0,1.0,1.0,1.0,1.0,1.0,1.0,1.0,1.0,1.0,1.0,1.0,1.0
2194,discriminative-attribute-number,no,0,0.0,1.0,0.18181818181818182,0.6727272727272727,0.0,1.0,0.2,0.6,0.8268398268398268,1.0,0.875,0.7666666666666667,0.675,0.8
2196,discriminative-attribute-state,no,0,0.36363636363636365,0.4909090909090909,0.2727272727272727,0.5636363636363636,1.0,1.0,1.0,1.0,0.5454545454545454,0.475,0.475,0.4666666666666667,0.4666666666666667,1.0
2198,discriminative-attribute-number,no,0,1.0,1.0,1.0,1.0,1.0,1.0,0.8,0.6,1.0,1.0,0.875,1.0,0.875,0.8
2200,discriminative-attribute-state,no,0,1.0,1.0,0.09090909090909091,0.8181818181818182,1.0,1.0,0.0,1.0,0.4805194805194805,1.0,0.5416666666666666,0.5,0.875,0.4444444444444444
2202,discriminative-attribute-state,no,0,0.9090909090909091,0.8181818181818182,0.2727272727272727,0.5636363636363636,0.8,0.6,0.0,1.0,0.4935064935064935,0.7666666666666667,0.5,0.475,0.675,0.4666666666666667
2204,discriminative-attribute-state,no,0,0.36363636363636365,0.4909090909090909,0.0,1.0,0.2,0.6,0.0,1.0,0.6883116883116883,0.5416666666666666,0.6,0.875,1.0,0.8
2206,discriminative-attribute-state,no,0,1.0,1.0,1.0,1.0,1.0,1.0,0.8,0.6,1.0,1.0,0.875,1.0,0.875,0.8
2208,discriminative-attribute-number,no,0,1.0,1.0,1.0,1.0,1.0,1.0,0.8,0.6,1.0,1.0,0.875,1.0,0.875,0.8
2210,discriminative-attribute-action,no,0,1.0,1.0,1.0,1.0,0.6,0.4,0.2,0.6,1.0,0.7666666666666667,0.6,0.7666666666666667,0.6,0.4666666666666667
2212,discriminative-attribute-number,no,0,0.9090909090909091,0.8181818181818182,1.0,1.0,0.6,0.4,0.8,0.6,0.9090909090909091,0.675,0.7666666666666667,0.7666666666666667,0.875,0.5333333333333333
2214,discriminative-attribute-state,no,0,1.0,1.0,0.8181818181818182,0.6727272727272727,1.0,1.0,1.0,1.0,0.8268398268398268,1.0,1.0,0.7666666666666667,0.7666666666666667,1.0
2216,discriminative-attribute-state,no,0,1.0,1.0,0.9090909090909091,0.8181818181818182,1.0,1.0,0.8,0.6,0.9090909090909091,1.0,0.875,0.875,0.7666666666666667,0.8
2218,discriminative-attribute-state,no,0,1.0,1.0,0.9090909090909091,0.8181818181818182,1.0,1.0,1.0,1.0,0.9090909090909091,1.0,1.0,0.875,0.875,1.0
2220,discriminative-attribute-state,no,0,1.0,1.0,0.9090909090909091,0.8181818181818182,1.0,1.0,0.8,0.6,0.9090909090909091,1.0,0.875,0.875,0.7666666666666667,0.8
2222,discriminative-attribute-state,no,0,1.0,1.0,0.45454545454545453,0.45454545454545453,1.0,1.0,1.0,1.0,0.5844155844155844,1.0,1.0,0.5,0.5,1.0
2224,discriminative-attribute-number,no,0,0.5454545454545454,0.45454545454545453,0.0,1.0,0.4,0.4,0.0,1.0,0.5844155844155844,0.4666666666666667,0.5,0.7666666666666667,1.0,0.6444444444444445
2226,discriminative-attribute-state,no,0,0.8181818181818182,0.6727272727272727,0.2727272727272727,0.5636363636363636,1.0,1.0,1.0,1.0,0.4805194805194805,0.7666666666666667,0.7666666666666667,0.4666666666666667,0.4666666666666667,1.0
2228,discriminative-attribute-number,no,0,0.6363636363636364,0.4909090909090909,0.7272727272727273,0.5636363636363636,0.8,0.6,0.2,0.6,0.5454545454545454,0.5416666666666666,0.4666666666666667,0.6,0.475,0.4444444444444444
2230,discriminative-attribute-state,no,0,1.0,1.0,1.0,1.0,1.0,1.0,1.0,1.0,1.0,1.0,1.0,1.0,1.0,1.0
2232,discriminative-attribute-state,no,0,1.0,1.0,1.0,1.0,1.0,1.0,1.0,1.0,1.0,1.0,1.0,1.0,1.0,1.0
2234,discriminative-attribute-number,no,0,1.0,1.0,1.0,1.0,1.0,1.0,0.8,0.6,1.0,1.0,0.875,1.0,0.875,0.8
2236,discriminative-attribute-state,no,0,0.5454545454545454,0.45454545454545453,0.09090909090909091,0.8181818181818182,1.0,1.0,0.6,0.4,0.5454545454545454,0.5416666666666666,0.475,0.5,0.6,0.6444444444444445
2238,discriminative-attribute-state,no,0,1.0,1.0,1.0,1.0,0.8,0.6,0.8,0.6,1.0,0.875,0.875,0.875,0.875,0.6444444444444445
2240,discriminative-attribute-number,no,0,1.0,1.0,0.9090909090909091,0.8181818181818182,1.0,1.0,0.8,0.6,0.9090909090909091,1.0,0.875,0.875,0.7666666666666667,0.8
2242,discriminative-attribute-state,no,0,1.0,1.0,0.7272727272727273,0.5636363636363636,1.0,1.0,0.8,0.6,0.7532467532467533,1.0,0.875,0.675,0.6,0.8
2244,discriminative-attribute-state,no,0,1.0,1.0,1.0,1.0,1.0,1.0,1.0,1.0,1.0,1.0,1.0,1.0,1.0,1.0
2246,discriminative-attribute-number,no,0,1.0,1.0,0.0,1.0,1.0,1.0,0.4,0.4,0.47619047619047616,1.0,0.675,0.5416666666666666,0.7666666666666667,0.5333333333333333
2248,discriminative-attribute-number,no,0,1.0,1.0,0.6363636363636364,0.4909090909090909,1.0,1.0,0.8,0.6,0.6883116883116883,1.0,0.875,0.6,0.5416666666666666,0.8
2250,discriminative-attribute-number,no,0,0.9090909090909091,0.8181818181818182,0.9090909090909091,0.8181818181818182,1.0,1.0,0.8,0.6,0.8268398268398268,0.875,0.7666666666666667,0.875,0.7666666666666667,0.8
2252,discriminative-attribute-state,no,0,1.0,1.0,0.6363636363636364,0.4909090909090909,1.0,1.0,0.6,0.4,0.6883116883116883,1.0,0.7666666666666667,0.6,0.5,0.6444444444444445
2254,discriminative-attribute-number,no,0,1.0,1.0,1.0,1.0,1.0,1.0,0.8,0.6,1.0,1.0,0.875,1.0,0.875,0.8
2256,discriminative-attribute-action,no,0,1.0,1.0,1.0,1.0,0.6,0.4,0.4,0.4,1.0,0.7666666666666667,0.675,0.7666666666666667,0.675,0.4444444444444444
2258,discriminative-attribute-state,no,1,1.0,1.0,1.0,1.0,0.6,0.4,1.0,1.0,1.0,0.7666666666666667,1.0,0.7666666666666667,1.0,0.6444444444444445
2260,discriminative-attribute-state,no,0,1.0,1.0,1.0,1.0,1.0,1.0,1.0,1.0,1.0,1.0,1.0,1.0,1.0,1.0
2262,discriminative-attribute-action,no,0,1.0,1.0,1.0,1.0,0.8,0.6,0.4,0.4,1.0,0.875,0.675,0.875,0.675,0.4666666666666667
2264,discriminative-attribute-number,no,0,1.0,1.0,1.0,1.0,1.0,1.0,0.8,0.6,1.0,1.0,0.875,1.0,0.875,0.8
2266,discriminative-attribute-number,no,1,0.09090909090909091,0.8181818181818182,1.0,1.0,0.0,1.0,1.0,1.0,0.4805194805194805,0.875,0.5,0.5416666666666666,1.0,0.4444444444444444
2268,discriminative-attribute-number,no,0,1.0,1.0,1.0,1.0,1.0,1.0,0.6,0.4,1.0,1.0,0.7666666666666667,1.0,0.7666666666666667,0.6444444444444445
2270,discriminative-attribute-state,no,0,1.0,1.0,1.0,1.0,1.0,1.0,1.0,1.0,1.0,1.0,1.0,1.0,1.0,1.0
2272,discriminative-attribute-state,no,0,1.0,1.0,1.0,1.0,1.0,1.0,1.0,1.0,1.0,1.0,1.0,1.0,1.0,1.0
2274,discriminative-attribute-state,no,0,1.0,1.0,0.9090909090909091,0.8181818181818182,1.0,1.0,1.0,1.0,0.9090909090909091,1.0,1.0,0.875,0.875,1.0
2276,discriminative-attribute-number,no,0,1.0,1.0,0.6363636363636364,0.4909090909090909,1.0,1.0,0.6,0.4,0.6883116883116883,1.0,0.7666666666666667,0.6,0.5,0.6444444444444445
2278,discriminative-attribute-state,no,0,1.0,1.0,1.0,1.0,1.0,1.0,0.8,0.6,1.0,1.0,0.875,1.0,0.875,0.8
2280,discriminative-attribute-state,no,0,1.0,1.0,0.7272727272727273,0.5636363636363636,1.0,1.0,0.8,0.6,0.7532467532467533,1.0,0.875,0.675,0.6,0.8
2282,discriminative-attribute-number,no,0,1.0,1.0,0.9090909090909091,0.8181818181818182,0.8,0.6,0.6,0.4,0.9090909090909091,0.875,0.7666666666666667,0.7666666666666667,0.675,0.5333333333333333
2284,discriminative-attribute-state,no,0,0.5454545454545454,0.45454545454545453,0.5454545454545454,0.45454545454545453,0.6,0.4,1.0,1.0,0.4805194805194805,0.475,0.5416666666666666,0.475,0.5416666666666666,0.6444444444444445
2286,discriminative-attribute-number,no,0,1.0,1.0,1.0,1.0,1.0,1.0,1.0,1.0,1.0,1.0,1.0,1.0,1.0,1.0
2288,discriminative-attribute-number,no,0,1.0,1.0,1.0,1.0,1.0,1.0,1.0,1.0,1.0,1.0,1.0,1.0,1.0,1.0
2290,discriminative-attribute-state,no,0,0.09090909090909091,0.8181818181818182,0.0,1.0,0.0,1.0,0.0,1.0,0.9090909090909091,0.875,0.875,1.0,1.0,1.0
2292,discriminative-attribute-number,no,0,0.9090909090909091,0.8181818181818182,1.0,1.0,0.8,0.6,0.6,0.4,0.9090909090909091,0.7666666666666667,0.675,0.875,0.7666666666666667,0.5333333333333333
2294,discriminative-attribute-state,no,0,1.0,1.0,0.9090909090909091,0.8181818181818182,1.0,1.0,1.0,1.0,0.9090909090909091,1.0,1.0,0.875,0.875,1.0
2296,discriminative-attribute-state,no,0,1.0,1.0,0.7272727272727273,0.5636363636363636,1.0,1.0,1.0,1.0,0.7532467532467533,1.0,1.0,0.675,0.675,1.0
2298,discriminative-attribute-state,no,0,1.0,1.0,0.8181818181818182,0.6727272727272727,1.0,1.0,1.0,1.0,0.8268398268398268,1.0,1.0,0.7666666666666667,0.7666666666666667,1.0
2300,discriminative-attribute-state,no,0,1.0,1.0,1.0,1.0,0.8,0.6,0.8,0.6,1.0,0.875,0.875,0.875,0.875,0.6444444444444445
2302,discriminative-attribute-state,no,0,0.8181818181818182,0.6727272727272727,0.6363636363636364,0.4909090909090909,1.0,1.0,1.0,1.0,0.5844155844155844,0.7666666666666667,0.7666666666666667,0.6,0.6,1.0
2304,discriminative-attribute-state,no,0,1.0,1.0,1.0,1.0,1.0,1.0,0.8,0.6,1.0,1.0,0.875,1.0,0.875,0.8
2306,discriminative-attribute-state,no,0,1.0,1.0,1.0,1.0,1.0,1.0,1.0,1.0,1.0,1.0,1.0,1.0,1.0,1.0
2308,discriminative-attribute-state,no,0,1.0,1.0,0.45454545454545453,0.45454545454545453,1.0,1.0,0.8,0.6,0.5844155844155844,1.0,0.875,0.5,0.475,0.8
2310,discriminative-attribute-number,no,0,1.0,1.0,0.9090909090909091,0.8181818181818182,1.0,1.0,0.8,0.6,0.9090909090909091,1.0,0.875,0.875,0.7666666666666667,0.8
2312,discriminative-attribute-state,no,0,1.0,1.0,1.0,1.0,1.0,1.0,1.0,1.0,1.0,1.0,1.0,1.0,1.0,1.0
2314,discriminative-attribute-number,no,1,1.0,1.0,0.6363636363636364,0.4909090909090909,0.8,0.6,0.2,0.6,0.6883116883116883,0.875,0.6,0.5416666666666666,0.4666666666666667,0.4444444444444444
2316,discriminative-attribute-action,no,0,1.0,1.0,1.0,1.0,0.4,0.4,0.4,0.4,1.0,0.675,0.675,0.675,0.675,0.4666666666666667
2318,discriminative-attribute-number,no,0,1.0,1.0,1.0,1.0,1.0,1.0,0.6,0.4,1.0,1.0,0.7666666666666667,1.0,0.7666666666666667,0.6444444444444445
2320,discriminative-attribute-state,no,0,0.7272727272727273,0.5636363636363636,0.36363636363636365,0.4909090909090909,1.0,1.0,1.0,1.0,0.4805194805194805,0.675,0.675,0.475,0.475,1.0
2322,discriminative-attribute-number,no,0,1.0,1.0,1.0,1.0,1.0,1.0,0.8,0.6,1.0,1.0,0.875,1.0,0.875,0.8
2324,discriminative-attribute-state,no,0,1.0,1.0,0.5454545454545454,0.45454545454545453,1.0,1.0,1.0,1.0,0.6320346320346321,1.0,1.0,0.5416666666666666,0.5416666666666666,1.0
2326,discriminative-attribute-number,no,0,1.0,1.0,1.0,1.0,1.0,1.0,0.8,0.6,1.0,1.0,0.875,1.0,0.875,0.8
2328,discriminative-attribute-state,no,0,1.0,1.0,1.0,1.0,1.0,1.0,1.0,1.0,1.0,1.0,1.0,1.0,1.0,1.0
2330,discriminative-attribute-action,no,0,1.0,1.0,1.0,1.0,0.4,0.4,0.4,0.4,1.0,0.675,0.675,0.675,0.675,0.4666666666666667
2332,discriminative-attribute-state,no,1,0.8181818181818182,0.6727272727272727,0.36363636363636365,0.4909090909090909,0.6,0.4,0.6,0.4,0.4935064935064935,0.6,0.6,0.475,0.475,0.4666666666666667
2334,discriminative-attribute-number,no,0,0.9090909090909091,0.8181818181818182,1.0,1.0,1.0,1.0,0.6,0.4,0.9090909090909091,0.875,0.675,1.0,0.7666666666666667,0.6444444444444445
2336,discriminative-attribute-state,no,0,0.09090909090909091,0.8181818181818182,0.0,1.0,0.6,0.4,0.0,1.0,0.9090909090909091,0.6,0.875,0.675,1.0,0.5333333333333333
2338,discriminative-attribute-number,no,0,1.0,1.0,1.0,1.0,1.0,1.0,0.8,0.6,1.0,1.0,0.875,1.0,0.875,0.8
2340,discriminative-attribute-state,no,0,1.0,1.0,0.9090909090909091,0.8181818181818182,1.0,1.0,1.0,1.0,0.9090909090909091,1.0,1.0,0.875,0.875,1.0
2342,discriminative-attribute-state,no,0,1.0,1.0,1.0,1.0,1.0,1.0,1.0,1.0,1.0,1.0,1.0,1.0,1.0,1.0
2344,discriminative-attribute-number,no,0,0.9090909090909091,0.8181818181818182,0.9090909090909091,0.8181818181818182,1.0,1.0,0.4,0.4,0.8268398268398268,0.875,0.6,0.875,0.6,0.5333333333333333
2346,discriminative-attribute-state,no,0,1.0,1.0,0.45454545454545453,0.45454545454545453,1.0,1.0,0.4,0.4,0.5844155844155844,1.0,0.675,0.5,0.475,0.5333333333333333
2350,discriminative-attribute-state,no,0,1.0,1.0,1.0,1.0,1.0,1.0,1.0,1.0,1.0,1.0,1.0,1.0,1.0,1.0
2352,discriminative-attribute-state,no,0,1.0,1.0,1.0,1.0,1.0,1.0,1.0,1.0,1.0,1.0,1.0,1.0,1.0,1.0
2354,discriminative-attribute-action,no,0,1.0,1.0,1.0,1.0,0.8,0.6,0.8,0.6,1.0,0.875,0.875,0.875,0.875,0.6444444444444445
2356,discriminative-attribute-action,no,0,1.0,1.0,1.0,1.0,0.6,0.4,0.6,0.4,1.0,0.7666666666666667,0.7666666666666667,0.7666666666666667,0.7666666666666667,0.4666666666666667
2358,discriminative-attribute-state,no,0,1.0,1.0,1.0,1.0,1.0,1.0,1.0,1.0,1.0,1.0,1.0,1.0,1.0,1.0
2360,discriminative-attribute-state,no,0,1.0,1.0,1.0,1.0,1.0,1.0,1.0,1.0,1.0,1.0,1.0,1.0,1.0,1.0
2362,discriminative-attribute-state,no,0,1.0,1.0,0.2727272727272727,0.5636363636363636,1.0,1.0,0.4,0.4,0.5151515151515151,1.0,0.675,0.4666666666666667,0.5416666666666666,0.5333333333333333
2364,discriminative-attribute-state,no,0,1.0,1.0,0.7272727272727273,0.5636363636363636,1.0,1.0,1.0,1.0,0.7532467532467533,1.0,1.0,0.675,0.675,1.0
2368,discriminative-attribute-state,no,0,1.0,1.0,1.0,1.0,1.0,1.0,1.0,1.0,1.0,1.0,1.0,1.0,1.0,1.0
2370,discriminative-attribute-action,no,0,1.0,1.0,1.0,1.0,1.0,1.0,0.8,0.6,1.0,1.0,0.875,1.0,0.875,0.8
2372,discriminative-attribute-state,no,0,1.0,1.0,1.0,1.0,1.0,1.0,0.8,0.6,1.0,1.0,0.875,1.0,0.875,0.8
2374,discriminative-attribute-state,no,0,1.0,1.0,1.0,1.0,1.0,1.0,1.0,1.0,1.0,1.0,1.0,1.0,1.0,1.0
2376,discriminative-attribute-state,no,0,1.0,1.0,0.9090909090909091,0.8181818181818182,1.0,1.0,1.0,1.0,0.9090909090909091,1.0,1.0,0.875,0.875,1.0
2378,discriminative-attribute-state,no,0,1.0,1.0,0.7272727272727273,0.5636363636363636,1.0,1.0,1.0,1.0,0.7532467532467533,1.0,1.0,0.675,0.675,1.0
2380,discriminative-attribute-number,no,0,1.0,1.0,1.0,1.0,1.0,1.0,0.8,0.6,1.0,1.0,0.875,1.0,0.875,0.8
2382,discriminative-attribute-state,no,0,1.0,1.0,1.0,1.0,1.0,1.0,1.0,1.0,1.0,1.0,1.0,1.0,1.0,1.0
2384,discriminative-attribute-state,no,0,1.0,1.0,1.0,1.0,1.0,1.0,1.0,1.0,1.0,1.0,1.0,1.0,1.0,1.0
2386,discriminative-attribute-number,no,0,1.0,1.0,1.0,1.0,1.0,1.0,0.8,0.6,1.0,1.0,0.875,1.0,0.875,0.8
2388,discriminative-attribute-number,no,0,0.9090909090909091,0.8181818181818182,0.45454545454545453,0.45454545454545453,1.0,1.0,0.4,0.4,0.5454545454545454,0.875,0.6,0.5,0.475,0.5333333333333333
2390,discriminative-attribute-action,no,0,0.8181818181818182,0.6727272727272727,0.8181818181818182,0.6727272727272727,0.8,0.6,0.4,0.4,0.6883116883116883,0.675,0.5416666666666666,0.675,0.5416666666666666,0.4666666666666667
2392,discriminative-attribute-state,no,0,1.0,1.0,1.0,1.0,1.0,1.0,0.8,0.6,1.0,1.0,0.875,1.0,0.875,0.8
2394,discriminative-attribute-number,no,0,1.0,1.0,1.0,1.0,1.0,1.0,0.8,0.6,1.0,1.0,0.875,1.0,0.875,0.8
2396,discriminative-attribute-state,no,0,0.9090909090909091,0.8181818181818182,0.9090909090909091,0.8181818181818182,0.2,0.6,0.4,0.4,0.8268398268398268,0.5416666666666666,0.6,0.5416666666666666,0.6,0.5333333333333333
2398,discriminative-attribute-action,no,0,1.0,1.0,0.8181818181818182,0.6727272727272727,0.4,0.4,0.4,0.4,0.8268398268398268,0.675,0.675,0.5416666666666666,0.5416666666666666,0.4666666666666667
2400,discriminative-attribute-state,no,0,1.0,1.0,0.8181818181818182,0.6727272727272727,1.0,1.0,0.8,0.6,0.8268398268398268,1.0,0.875,0.7666666666666667,0.675,0.8
2402,discriminative-attribute-action,no,0,1.0,1.0,1.0,1.0,0.8,0.6,0.6,0.4,1.0,0.875,0.7666666666666667,0.875,0.7666666666666667,0.5333333333333333
2404,discriminative-attribute-state,no,0,1.0,1.0,1.0,1.0,1.0,1.0,0.6,0.4,1.0,1.0,0.7666666666666667,1.0,0.7666666666666667,0.6444444444444445
2406,discriminative-attribute-state,no,1,0.7272727272727273,0.5636363636363636,0.8181818181818182,0.6727272727272727,1.0,1.0,1.0,1.0,0.6320346320346321,0.675,0.675,0.7666666666666667,0.7666666666666667,1.0
2408,discriminative-attribute-state,no,0,1.0,1.0,0.8181818181818182,0.6727272727272727,1.0,1.0,0.4,0.4,0.8268398268398268,1.0,0.675,0.7666666666666667,0.5416666666666666,0.5333333333333333
2410,discriminative-attribute-number,no,0,0.5454545454545454,0.45454545454545453,0.9090909090909091,0.8181818181818182,0.6,0.4,0.8,0.6,0.5844155844155844,0.475,0.5,0.675,0.7666666666666667,0.5333333333333333
2412,discriminative-attribute-state,no,0,1.0,1.0,0.5454545454545454,0.45454545454545453,1.0,1.0,0.6,0.4,0.6320346320346321,1.0,0.7666666666666667,0.5416666666666666,0.475,0.6444444444444445
2416,discriminative-attribute-state,no,0,1.0,1.0,1.0,1.0,1.0,1.0,1.0,1.0,1.0,1.0,1.0,1.0,1.0,1.0
2418,discriminative-attribute-number,no,0,1.0,1.0,1.0,1.0,1.0,1.0,0.8,0.6,1.0,1.0,0.875,1.0,0.875,0.8
2420,discriminative-attribute-action,no,0,1.0,1.0,0.9090909090909091,0.8181818181818182,1.0,1.0,0.6,0.4,0.9090909090909091,1.0,0.7666666666666667,0.875,0.675,0.6444444444444445
2422,discriminative-attribute-number,no,0,1.0,1.0,0.8181818181818182,0.6727272727272727,1.0,1.0,0.6,0.4,0.8268398268398268,1.0,0.7666666666666667,0.7666666666666667,0.6,0.6444444444444445
2424,discriminative-attribute-state,no,0,1.0,1.0,1.0,1.0,1.0,1.0,1.0,1.0,1.0,1.0,1.0,1.0,1.0,1.0
2426,discriminative-attribute-number,no,0,1.0,1.0,0.9090909090909091,0.8181818181818182,1.0,1.0,0.8,0.6,0.9090909090909091,1.0,0.875,0.875,0.7666666666666667,0.8
2428,discriminative-attribute-number,no,0,1.0,1.0,0.6363636363636364,0.4909090909090909,1.0,1.0,0.8,0.6,0.6883116883116883,1.0,0.875,0.6,0.5416666666666666,0.8
2430,discriminative-attribute-number,no,0,1.0,1.0,0.45454545454545453,0.45454545454545453,1.0,1.0,0.2,0.6,0.5844155844155844,1.0,0.6,0.5,0.5,0.4666666666666667
2432,discriminative-attribute-action,no,0,1.0,1.0,1.0,1.0,1.0,1.0,1.0,1.0,1.0,1.0,1.0,1.0,1.0,1.0
2434,discriminative-attribute-state,no,0,1.0,1.0,1.0,1.0,1.0,1.0,0.8,0.6,1.0,1.0,0.875,1.0,0.875,0.8
2436,discriminative-attribute-action,no,0,1.0,1.0,1.0,1.0,1.0,1.0,1.0,1.0,1.0,1.0,1.0,1.0,1.0,1.0
2438,discriminative-attribute-state,no,0,1.0,1.0,1.0,1.0,1.0,1.0,1.0,1.0,1.0,1.0,1.0,1.0,1.0,1.0
2440,discriminative-attribute-state,no,0,1.0,1.0,1.0,1.0,1.0,1.0,0.8,0.6,1.0,1.0,0.875,1.0,0.875,0.8
2442,discriminative-attribute-action,no,0,1.0,1.0,1.0,1.0,1.0,1.0,0.6,0.4,1.0,1.0,0.7666666666666667,1.0,0.7666666666666667,0.6444444444444445
2444,discriminative-attribute-state,no,0,1.0,1.0,0.9090909090909091,0.8181818181818182,1.0,1.0,1.0,1.0,0.9090909090909091,1.0,1.0,0.875,0.875,1.0
2446,discriminative-attribute-action,no,0,1.0,1.0,0.5454545454545454,0.45454545454545453,1.0,1.0,0.0,1.0,0.6320346320346321,1.0,0.5416666666666666,0.5416666666666666,0.5,0.4444444444444444
2448,discriminative-attribute-state,no,0,1.0,1.0,0.8181818181818182,0.6727272727272727,0.4,0.4,0.8,0.6,0.8268398268398268,0.675,0.875,0.5416666666666666,0.675,0.4666666666666667
2450,discriminative-attribute-number,no,0,1.0,1.0,1.0,1.0,1.0,1.0,0.6,0.4,1.0,1.0,0.7666666666666667,1.0,0.7666666666666667,0.6444444444444445
2452,discriminative-attribute-state,no,0,0.9090909090909091,0.8181818181818182,0.7272727272727273,0.5636363636363636,1.0,1.0,0.8,0.6,0.6883116883116883,0.875,0.7666666666666667,0.675,0.6,0.8
2454,discriminative-attribute-state,no,0,1.0,1.0,0.5454545454545454,0.45454545454545453,1.0,1.0,0.4,0.4,0.6320346320346321,1.0,0.675,0.5416666666666666,0.4666666666666667,0.5333333333333333
2456,discriminative-attribute-action,no,0,1.0,1.0,1.0,1.0,0.4,0.4,1.0,1.0,1.0,0.675,1.0,0.675,1.0,0.5333333333333333
2458,discriminative-attribute-state,no,0,1.0,1.0,1.0,1.0,1.0,1.0,0.8,0.6,1.0,1.0,0.875,1.0,0.875,0.8
2460,discriminative-attribute-action,no,0,1.0,1.0,1.0,1.0,0.8,0.6,0.8,0.6,1.0,0.875,0.875,0.875,0.875,0.6444444444444445
2462,discriminative-attribute-state,no,0,1.0,1.0,1.0,1.0,1.0,1.0,0.8,0.6,1.0,1.0,0.875,1.0,0.875,0.8
2464,discriminative-attribute-state,no,0,1.0,1.0,1.0,1.0,1.0,1.0,0.8,0.6,1.0,1.0,0.875,1.0,0.875,0.8
2466,discriminative-attribute-state,no,0,1.0,1.0,1.0,1.0,1.0,1.0,1.0,1.0,1.0,1.0,1.0,1.0,1.0,1.0
2468,discriminative-attribute-number,no,0,1.0,1.0,1.0,1.0,1.0,1.0,0.8,0.6,1.0,1.0,0.875,1.0,0.875,0.8
2470,discriminative-attribute-state,no,0,0.9090909090909091,0.8181818181818182,0.9090909090909091,0.8181818181818182,1.0,1.0,0.8,0.6,0.8268398268398268,0.875,0.7666666666666667,0.875,0.7666666666666667,0.8
2472,discriminative-attribute-state,no,0,1.0,1.0,1.0,1.0,1.0,1.0,1.0,1.0,1.0,1.0,1.0,1.0,1.0,1.0
2474,discriminative-attribute-state,no,0,1.0,1.0,0.7272727272727273,0.5636363636363636,1.0,1.0,0.8,0.6,0.7532467532467533,1.0,0.875,0.675,0.6,0.8
2478,discriminative-attribute-action,no,0,0.0,1.0,0.0,1.0,0.0,1.0,0.0,1.0,1.0,1.0,1.0,1.0,1.0,1.0
2480,discriminative-attribute-state,no,0,1.0,1.0,1.0,1.0,1.0,1.0,0.8,0.6,1.0,1.0,0.875,1.0,0.875,0.8
2482,discriminative-attribute-action,no,0,1.0,1.0,0.7272727272727273,0.5636363636363636,0.4,0.4,0.4,0.4,0.7532467532467533,0.675,0.675,0.5,0.5,0.4666666666666667
2484,discriminative-attribute-state,no,0,1.0,1.0,1.0,1.0,1.0,1.0,1.0,1.0,1.0,1.0,1.0,1.0,1.0,1.0
2486,discriminative-attribute-number,no,0,1.0,1.0,0.7272727272727273,0.5636363636363636,1.0,1.0,0.8,0.6,0.7532467532467533,1.0,0.875,0.675,0.6,0.8
2488,discriminative-attribute-action,no,0,1.0,1.0,1.0,1.0,0.8,0.6,0.8,0.6,1.0,0.875,0.875,0.875,0.875,0.6444444444444445
2490,discriminative-attribute-state,no,0,1.0,1.0,1.0,1.0,1.0,1.0,1.0,1.0,1.0,1.0,1.0,1.0,1.0,1.0
2492,discriminative-attribute-state,no,0,1.0,1.0,0.9090909090909091,0.8181818181818182,1.0,1.0,1.0,1.0,0.9090909090909091,1.0,1.0,0.875,0.875,1.0
2494,discriminative-attribute-action,no,0,1.0,1.0,0.0,1.0,1.0,1.0,0.0,1.0,0.47619047619047616,1.0,0.5416666666666666,0.5416666666666666,1.0,0.4444444444444444
2496,discriminative-attribute-number,no,0,1.0,1.0,1.0,1.0,1.0,1.0,0.6,0.4,1.0,1.0,0.7666666666666667,1.0,0.7666666666666667,0.6444444444444445
2498,discriminative-attribute-state,no,0,1.0,1.0,1.0,1.0,1.0,1.0,1.0,1.0,1.0,1.0,1.0,1.0,1.0,1.0
2500,discriminative-attribute-action,no,0,1.0,1.0,1.0,1.0,0.6,0.4,0.6,0.4,1.0,0.7666666666666667,0.7666666666666667,0.7666666666666667,0.7666666666666667,0.4666666666666667
2502,discriminative-attribute-state,no,0,0.9090909090909091,0.8181818181818182,0.8181818181818182,0.6727272727272727,0.4,0.4,0.0,1.0,0.7532467532467533,0.6,0.5,0.5416666666666666,0.475,0.6444444444444445
2504,discriminative-attribute-state,no,0,1.0,1.0,0.6363636363636364,0.4909090909090909,1.0,1.0,0.8,0.6,0.6883116883116883,1.0,0.875,0.6,0.5416666666666666,0.8
2506,discriminative-attribute-number,no,0,1.0,1.0,1.0,1.0,1.0,1.0,0.8,0.6,1.0,1.0,0.875,1.0,0.875,0.8
2508,discriminative-attribute-state,no,0,1.0,1.0,0.9090909090909091,0.8181818181818182,0.6,0.4,0.2,0.6,0.9090909090909091,0.7666666666666667,0.6,0.675,0.5416666666666666,0.4666666666666667
2510,discriminative-attribute-number,no,0,1.0,1.0,1.0,1.0,0.8,0.6,0.8,0.6,1.0,0.875,0.875,0.875,0.875,0.6444444444444445
2512,discriminative-attribute-state,no,0,1.0,1.0,0.2727272727272727,0.5636363636363636,1.0,1.0,0.4,0.4,0.5151515151515151,1.0,0.675,0.4666666666666667,0.5416666666666666,0.5333333333333333
2514,discriminative-attribute-state,no,0,1.0,1.0,0.7272727272727273,0.5636363636363636,1.0,1.0,0.6,0.4,0.7532467532467533,1.0,0.7666666666666667,0.675,0.5416666666666666,0.6444444444444445
2516,discriminative-attribute-number,no,0,1.0,1.0,1.0,1.0,1.0,1.0,0.8,0.6,1.0,1.0,0.875,1.0,0.875,0.8
2518,discriminative-attribute-state,no,0,1.0,1.0,0.18181818181818182,0.6727272727272727,1.0,1.0,1.0,1.0,0.4935064935064935,1.0,1.0,0.475,0.475,1.0
2520,discriminative-attribute-action,no,0,1.0,1.0,1.0,1.0,1.0,1.0,1.0,1.0,1.0,1.0,1.0,1.0,1.0,1.0
2522,discriminative-attribute-state,no,0,1.0,1.0,0.9090909090909091,0.8181818181818182,1.0,1.0,1.0,1.0,0.9090909090909091,1.0,1.0,0.875,0.875,1.0
2524,discriminative-attribute-number,no,0,1.0,1.0,1.0,1.0,1.0,1.0,0.8,0.6,1.0,1.0,0.875,1.0,0.875,0.8
2526,discriminative-attribute-state,no,0,1.0,1.0,0.7272727272727273,0.5636363636363636,1.0,1.0,1.0,1.0,0.7532467532467533,1.0,1.0,0.675,0.675,1.0
2528,discriminative-attribute-state,no,0,1.0,1.0,1.0,1.0,0.8,0.6,1.0,1.0,1.0,0.875,1.0,0.875,1.0,0.8
2530,discriminative-attribute-number,no,0,1.0,1.0,1.0,1.0,1.0,1.0,0.8,0.6,1.0,1.0,0.875,1.0,0.875,0.8
2532,discriminative-attribute-state,no,0,1.0,1.0,1.0,1.0,1.0,1.0,1.0,1.0,1.0,1.0,1.0,1.0,1.0,1.0
2534,discriminative-attribute-number,no,0,1.0,1.0,1.0,1.0,1.0,1.0,0.8,0.6,1.0,1.0,0.875,1.0,0.875,0.8
2536,discriminative-attribute-number,no,0,1.0,1.0,1.0,1.0,1.0,1.0,1.0,1.0,1.0,1.0,1.0,1.0,1.0,1.0
2538,discriminative-attribute-state,no,0,1.0,1.0,1.0,1.0,1.0,1.0,1.0,1.0,1.0,1.0,1.0,1.0,1.0,1.0
2540,discriminative-attribute-number,no,0,1.0,1.0,1.0,1.0,1.0,1.0,0.8,0.6,1.0,1.0,0.875,1.0,0.875,0.8
2542,discriminative-attribute-number,no,0,1.0,1.0,1.0,1.0,1.0,1.0,0.6,0.4,1.0,1.0,0.7666666666666667,1.0,0.7666666666666667,0.6444444444444445
2544,discriminative-attribute-state,no,0,1.0,1.0,0.9090909090909091,0.8181818181818182,1.0,1.0,0.8,0.6,0.9090909090909091,1.0,0.875,0.875,0.7666666666666667,0.8
2546,discriminative-attribute-state,no,0,1.0,1.0,1.0,1.0,1.0,1.0,1.0,1.0,1.0,1.0,1.0,1.0,1.0,1.0
2548,discriminative-attribute-number,no,0,1.0,1.0,1.0,1.0,1.0,1.0,0.6,0.4,1.0,1.0,0.7666666666666667,1.0,0.7666666666666667,0.6444444444444445
2550,discriminative-attribute-state,no,0,1.0,1.0,1.0,1.0,1.0,1.0,1.0,1.0,1.0,1.0,1.0,1.0,1.0,1.0
2552,discriminative-attribute-state,no,0,1.0,1.0,0.09090909090909091,0.8181818181818182,1.0,1.0,0.2,0.6,0.4805194805194805,1.0,0.6,0.5,0.7666666666666667,0.4666666666666667
2554,discriminative-attribute-action,no,0,1.0,1.0,1.0,1.0,0.6,0.4,0.6,0.4,1.0,0.7666666666666667,0.7666666666666667,0.7666666666666667,0.7666666666666667,0.4666666666666667
2556,discriminative-attribute-number,no,0,1.0,1.0,1.0,1.0,1.0,1.0,0.8,0.6,1.0,1.0,0.875,1.0,0.875,0.8
2558,discriminative-attribute-state,no,0,1.0,1.0,1.0,1.0,1.0,1.0,0.8,0.6,1.0,1.0,0.875,1.0,0.875,0.8
2560,discriminative-attribute-action,no,0,0.18181818181818182,0.6727272727272727,0.9090909090909091,0.8181818181818182,0.4,0.4,1.0,1.0,0.4805194805194805,0.6,0.475,0.6,0.875,0.5333333333333333
2562,discriminative-attribute-state,no,0,0.9090909090909091,0.8181818181818182,0.6363636363636364,0.4909090909090909,0.8,0.6,0.6,0.4,0.6320346320346321,0.7666666666666667,0.675,0.5416666666666666,0.5,0.5333333333333333
2564,discriminative-attribute-state,no,0,1.0,1.0,0.8181818181818182,0.6727272727272727,1.0,1.0,0.8,0.6,0.8268398268398268,1.0,0.875,0.7666666666666667,0.675,0.8
2566,discriminative-attribute-action,no,0,1.0,1.0,1.0,1.0,0.6,0.4,0.6,0.4,1.0,0.7666666666666667,0.7666666666666667,0.7666666666666667,0.7666666666666667,0.4666666666666667
2568,discriminative-attribute-number,no,0,1.0,1.0,1.0,1.0,1.0,1.0,0.8,0.6,1.0,1.0,0.875,1.0,0.875,0.8
2570,discriminative-attribute-state,no,0,1.0,1.0,1.0,1.0,1.0,1.0,0.8,0.6,1.0,1.0,0.875,1.0,0.875,0.8
2572,discriminative-attribute-state,no,0,1.0,1.0,1.0,1.0,1.0,1.0,0.8,0.6,1.0,1.0,0.875,1.0,0.875,0.8
2574,discriminative-attribute-number,no,0,1.0,1.0,0.8181818181818182,0.6727272727272727,1.0,1.0,0.6,0.4,0.8268398268398268,1.0,0.7666666666666667,0.7666666666666667,0.6,0.6444444444444445
2576,discriminative-attribute-action,no,0,1.0,1.0,1.0,1.0,0.8,0.6,1.0,1.0,1.0,0.875,1.0,0.875,1.0,0.8
2578,discriminative-attribute-state,no,0,1.0,1.0,0.0,1.0,1.0,1.0,0.2,0.6,0.47619047619047616,1.0,0.6,0.5416666666666666,0.875,0.4666666666666667
2580,discriminative-attribute-state,no,0,1.0,1.0,0.0,1.0,1.0,1.0,0.0,1.0,0.47619047619047616,1.0,0.5416666666666666,0.5416666666666666,1.0,0.4444444444444444
2582,discriminative-attribute-state,no,0,1.0,1.0,1.0,1.0,1.0,1.0,1.0,1.0,1.0,1.0,1.0,1.0,1.0,1.0
2584,discriminative-attribute-number,no,0,1.0,1.0,1.0,1.0,1.0,1.0,0.8,0.6,1.0,1.0,0.875,1.0,0.875,0.8
2586,discriminative-attribute-state,no,0,1.0,1.0,1.0,1.0,1.0,1.0,0.8,0.6,1.0,1.0,0.875,1.0,0.875,0.8
2588,discriminative-attribute-action,no,0,1.0,1.0,1.0,1.0,0.4,0.4,0.4,0.4,1.0,0.675,0.675,0.675,0.675,0.4666666666666667
2590,discriminative-attribute-number,no,0,1.0,1.0,0.9090909090909091,0.8181818181818182,1.0,1.0,0.8,0.6,0.9090909090909091,1.0,0.875,0.875,0.7666666666666667,0.8
2592,discriminative-attribute-state,no,0,1.0,1.0,1.0,1.0,1.0,1.0,1.0,1.0,1.0,1.0,1.0,1.0,1.0,1.0
2594,discriminative-attribute-state,no,0,0.7272727272727273,0.5636363636363636,0.6363636363636364,0.4909090909090909,0.0,1.0,0.0,1.0,0.5454545454545454,0.4666666666666667,0.4666666666666667,0.475,0.475,1.0
2596,discriminative-attribute-action,no,0,1.0,1.0,1.0,1.0,0.6,0.4,0.6,0.4,1.0,0.7666666666666667,0.7666666666666667,0.7666666666666667,0.7666666666666667,0.4666666666666667
2598,discriminative-attribute-number,no,0,1.0,1.0,0.09090909090909091,0.8181818181818182,1.0,1.0,0.8,0.6,0.4805194805194805,1.0,0.875,0.5,0.5416666666666666,0.8
2600,discriminative-attribute-number,no,0,1.0,1.0,0.9090909090909091,0.8181818181818182,1.0,1.0,0.6,0.4,0.9090909090909091,1.0,0.7666666666666667,0.875,0.675,0.6444444444444445
2602,discriminative-attribute-state,no,0,1.0,1.0,0.7272727272727273,0.5636363636363636,1.0,1.0,1.0,1.0,0.7532467532467533,1.0,1.0,0.675,0.675,1.0
2604,discriminative-attribute-state,no,0,1.0,1.0,0.9090909090909091,0.8181818181818182,1.0,1.0,0.4,0.4,0.9090909090909091,1.0,0.675,0.875,0.6,0.5333333333333333
2606,discriminative-attribute-state,no,0,1.0,1.0,1.0,1.0,1.0,1.0,1.0,1.0,1.0,1.0,1.0,1.0,1.0,1.0
2608,discriminative-attribute-number,no,0,1.0,1.0,0.7272727272727273,0.5636363636363636,1.0,1.0,0.8,0.6,0.7532467532467533,1.0,0.875,0.675,0.6,0.8
2610,discriminative-attribute-action,no,0,1.0,1.0,1.0,1.0,0.4,0.4,0.4,0.4,1.0,0.675,0.675,0.675,0.675,0.4666666666666667
2612,discriminative-attribute-state,no,0,1.0,1.0,0.9090909090909091,0.8181818181818182,1.0,1.0,0.4,0.4,0.9090909090909091,1.0,0.675,0.875,0.6,0.5333333333333333
2614,discriminative-attribute-state,no,0,0.36363636363636365,0.4909090909090909,0.0,1.0,0.2,0.6,0.2,0.6,0.6883116883116883,0.5416666666666666,0.5416666666666666,0.875,0.875,0.6444444444444445
2616,discriminative-attribute-number,no,0,1.0,1.0,1.0,1.0,1.0,1.0,0.8,0.6,1.0,1.0,0.875,1.0,0.875,0.8
2618,discriminative-attribute-state,no,0,1.0,1.0,0.7272727272727273,0.5636363636363636,1.0,1.0,1.0,1.0,0.7532467532467533,1.0,1.0,0.675,0.675,1.0
2620,discriminative-attribute-state,no,0,1.0,1.0,1.0,1.0,1.0,1.0,0.8,0.6,1.0,1.0,0.875,1.0,0.875,0.8
2622,discriminative-attribute-state,no,0,1.0,1.0,1.0,1.0,1.0,1.0,1.0,1.0,1.0,1.0,1.0,1.0,1.0,1.0
2624,discriminative-attribute-number,no,0,1.0,1.0,1.0,1.0,1.0,1.0,0.8,0.6,1.0,1.0,0.875,1.0,0.875,0.8
2626,discriminative-attribute-state,no,0,1.0,1.0,1.0,1.0,1.0,1.0,0.8,0.6,1.0,1.0,0.875,1.0,0.875,0.8
2628,discriminative-attribute-state,no,1,0.9090909090909091,0.8181818181818182,0.9090909090909091,0.8181818181818182,1.0,1.0,1.0,1.0,0.8268398268398268,0.875,0.875,0.875,0.875,1.0
2630,discriminative-attribute-number,no,0,1.0,1.0,1.0,1.0,1.0,1.0,0.4,0.4,1.0,1.0,0.675,1.0,0.675,0.5333333333333333
2634,discriminative-attribute-state,no,0,1.0,1.0,1.0,1.0,1.0,1.0,1.0,1.0,1.0,1.0,1.0,1.0,1.0,1.0
2636,discriminative-attribute-state,no,0,1.0,1.0,0.6363636363636364,0.4909090909090909,1.0,1.0,1.0,1.0,0.6883116883116883,1.0,1.0,0.6,0.6,1.0
2638,discriminative-attribute-state,no,0,1.0,1.0,1.0,1.0,1.0,1.0,1.0,1.0,1.0,1.0,1.0,1.0,1.0,1.0
2640,discriminative-attribute-state,no,0,1.0,1.0,1.0,1.0,0.8,0.6,1.0,1.0,1.0,0.875,1.0,0.875,1.0,0.8
2642,discriminative-attribute-number,no,0,1.0,1.0,0.45454545454545453,0.45454545454545453,1.0,1.0,0.8,0.6,0.5844155844155844,1.0,0.875,0.5,0.475,0.8
2644,discriminative-attribute-number,no,0,1.0,1.0,0.18181818181818182,0.6727272727272727,1.0,1.0,0.0,1.0,0.4935064935064935,1.0,0.5416666666666666,0.475,0.7666666666666667,0.4444444444444444
2646,discriminative-attribute-state,no,0,1.0,1.0,1.0,1.0,1.0,1.0,1.0,1.0,1.0,1.0,1.0,1.0,1.0,1.0
2648,discriminative-attribute-number,no,0,1.0,1.0,1.0,1.0,1.0,1.0,0.6,0.4,1.0,1.0,0.7666666666666667,1.0,0.7666666666666667,0.6444444444444445
2650,discriminative-attribute-state,no,0,0.8181818181818182,0.6727272727272727,0.2727272727272727,0.5636363636363636,0.2,0.6,0.2,0.6,0.4805194805194805,0.5,0.5,0.6,0.6,0.6444444444444445
2652,discriminative-attribute-action,no,0,1.0,1.0,1.0,1.0,0.4,0.4,0.4,0.4,1.0,0.675,0.675,0.675,0.675,0.4666666666666667
2654,discriminative-attribute-number,no,0,1.0,1.0,1.0,1.0,1.0,1.0,0.8,0.6,1.0,1.0,0.875,1.0,0.875,0.8
2656,discriminative-attribute-state,no,0,1.0,1.0,1.0,1.0,1.0,1.0,1.0,1.0,1.0,1.0,1.0,1.0,1.0,1.0
2658,discriminative-attribute-state,no,0,1.0,1.0,0.9090909090909091,0.8181818181818182,1.0,1.0,1.0,1.0,0.9090909090909091,1.0,1.0,0.875,0.875,1.0
2660,discriminative-attribute-number,no,0,1.0,1.0,1.0,1.0,1.0,1.0,0.8,0.6,1.0,1.0,0.875,1.0,0.875,0.8
2662,discriminative-attribute-state,no,0,1.0,1.0,0.8181818181818182,0.6727272727272727,1.0,1.0,0.8,0.6,0.8268398268398268,1.0,0.875,0.7666666666666667,0.675,0.8
2664,discriminative-attribute-state,no,0,0.9090909090909091,0.8181818181818182,0.7272727272727273,0.5636363636363636,1.0,1.0,1.0,1.0,0.6883116883116883,0.875,0.875,0.675,0.675,1.0
2666,discriminative-attribute-state,no,0,1.0,1.0,1.0,1.0,1.0,1.0,1.0,1.0,1.0,1.0,1.0,1.0,1.0,1.0
2668,discriminative-attribute-number,no,0,1.0,1.0,1.0,1.0,1.0,1.0,0.8,0.6,1.0,1.0,0.875,1.0,0.875,0.8
2670,discriminative-attribute-state,no,0,1.0,1.0,1.0,1.0,1.0,1.0,1.0,1.0,1.0,1.0,1.0,1.0,1.0,1.0
2672,discriminative-attribute-number,no,0,0.18181818181818182,0.6727272727272727,0.36363636363636365,0.4909090909090909,0.6,0.4,0.0,1.0,0.5844155844155844,0.5416666666666666,0.7666666666666667,0.475,0.6,0.5333333333333333
2674,discriminative-attribute-state,no,0,1.0,1.0,0.9090909090909091,0.8181818181818182,1.0,1.0,0.8,0.6,0.9090909090909091,1.0,0.875,0.875,0.7666666666666667,0.8
2676,discriminative-attribute-state,no,0,1.0,1.0,0.8181818181818182,0.6727272727272727,1.0,1.0,0.8,0.6,0.8268398268398268,1.0,0.875,0.7666666666666667,0.675,0.8
2678,discriminative-attribute-number,no,0,1.0,1.0,0.8181818181818182,0.6727272727272727,1.0,1.0,0.4,0.4,0.8268398268398268,1.0,0.675,0.7666666666666667,0.5416666666666666,0.5333333333333333
2680,discriminative-attribute-state,no,0,1.0,1.0,0.9090909090909091,0.8181818181818182,0.8,0.6,1.0,1.0,0.9090909090909091,0.875,1.0,0.7666666666666667,0.875,0.8
2682,discriminative-attribute-action,no,0,1.0,1.0,1.0,1.0,0.6,0.4,0.4,0.4,1.0,0.7666666666666667,0.675,0.7666666666666667,0.675,0.4444444444444444
2684,discriminative-attribute-number,no,0,1.0,1.0,1.0,1.0,1.0,1.0,0.8,0.6,1.0,1.0,0.875,1.0,0.875,0.8
2686,discriminative-attribute-state,no,0,1.0,1.0,0.8181818181818182,0.6727272727272727,1.0,1.0,1.0,1.0,0.8268398268398268,1.0,1.0,0.7666666666666667,0.7666666666666667,1.0
2688,discriminative-attribute-state,no,0,1.0,1.0,1.0,1.0,1.0,1.0,0.8,0.6,1.0,1.0,0.875,1.0,0.875,0.8
2690,discriminative-attribute-state,no,0,0.7272727272727273,0.5636363636363636,0.36363636363636365,0.4909090909090909,1.0,1.0,0.8,0.6,0.4805194805194805,0.675,0.6,0.475,0.4666666666666667,0.8
2692,discriminative-attribute-action,no,0,0.09090909090909091,0.8181818181818182,0.0,1.0,0.4,0.4,0.0,1.0,0.9090909090909091,0.675,0.875,0.7666666666666667,1.0,0.6444444444444445
2694,discriminative-attribute-number,no,0,0.7272727272727273,0.5636363636363636,0.8181818181818182,0.6727272727272727,0.0,1.0,0.0,1.0,0.6320346320346321,0.4666666666666667,0.4666666666666667,0.475,0.475,1.0
2696,discriminative-attribute-state,no,0,1.0,1.0,1.0,1.0,1.0,1.0,0.8,0.6,1.0,1.0,0.875,1.0,0.875,0.8
2698,discriminative-attribute-state,no,1,0.8181818181818182,0.6727272727272727,1.0,1.0,1.0,1.0,1.0,1.0,0.8268398268398268,0.7666666666666667,0.7666666666666667,1.0,1.0,1.0
2700,discriminative-attribute-state,no,0,1.0,1.0,1.0,1.0,1.0,1.0,0.8,0.6,1.0,1.0,0.875,1.0,0.875,0.8
2702,discriminative-attribute-state,no,0,1.0,1.0,1.0,1.0,1.0,1.0,0.8,0.6,1.0,1.0,0.875,1.0,0.875,0.8
2704,discriminative-attribute-state,no,0,1.0,1.0,0.8181818181818182,0.6727272727272727,1.0,1.0,1.0,1.0,0.8268398268398268,1.0,1.0,0.7666666666666667,0.7666666666666667,1.0
2706,discriminative-attribute-number,no,0,1.0,1.0,1.0,1.0,1.0,1.0,0.8,0.6,1.0,1.0,0.875,1.0,0.875,0.8
2708,discriminative-attribute-action,no,0,1.0,1.0,1.0,1.0,0.8,0.6,0.8,0.6,1.0,0.875,0.875,0.875,0.875,0.6444444444444445
2710,discriminative-attribute-state,no,0,1.0,1.0,1.0,1.0,1.0,1.0,0.6,0.4,1.0,1.0,0.7666666666666667,1.0,0.7666666666666667,0.6444444444444445
2712,discriminative-attribute-state,no,0,1.0,1.0,1.0,1.0,1.0,1.0,1.0,1.0,1.0,1.0,1.0,1.0,1.0,1.0
2714,discriminative-attribute-action,no,0,1.0,1.0,1.0,1.0,0.8,0.6,0.8,0.6,1.0,0.875,0.875,0.875,0.875,0.6444444444444445
2716,discriminative-attribute-state,no,0,1.0,1.0,1.0,1.0,1.0,1.0,1.0,1.0,1.0,1.0,1.0,1.0,1.0,1.0
2718,discriminative-attribute-number,no,0,1.0,1.0,1.0,1.0,1.0,1.0,0.6,0.4,1.0,1.0,0.7666666666666667,1.0,0.7666666666666667,0.6444444444444445
2720,discriminative-attribute-state,no,0,1.0,1.0,1.0,1.0,0.8,0.6,1.0,1.0,1.0,0.875,1.0,0.875,1.0,0.8
2722,discriminative-attribute-state,no,0,1.0,1.0,0.0,1.0,1.0,1.0,0.4,0.4,0.47619047619047616,1.0,0.675,0.5416666666666666,0.7666666666666667,0.5333333333333333
2724,discriminative-attribute-state,no,0,1.0,1.0,1.0,1.0,1.0,1.0,1.0,1.0,1.0,1.0,1.0,1.0,1.0,1.0
2726,discriminative-attribute-number,no,0,0.0,1.0,0.0,1.0,0.0,1.0,0.4,0.4,1.0,1.0,0.7666666666666667,1.0,0.7666666666666667,0.6444444444444445
2728,discriminative-attribute-number,no,0,1.0,1.0,0.9090909090909091,0.8181818181818182,1.0,1.0,0.6,0.4,0.9090909090909091,1.0,0.7666666666666667,0.875,0.675,0.6444444444444445
2730,discriminative-attribute-state,no,0,1.0,1.0,0.8181818181818182,0.6727272727272727,1.0,1.0,0.8,0.6,0.8268398268398268,1.0,0.875,0.7666666666666667,0.675,0.8
2732,discriminative-attribute-state,no,0,0.7272727272727273,0.5636363636363636,0.2727272727272727,0.5636363636363636,1.0,1.0,0.6,0.4,0.47619047619047616,0.675,0.5416666666666666,0.4666666666666667,0.5,0.6444444444444445
2734,discriminative-attribute-state,no,0,1.0,1.0,0.9090909090909091,0.8181818181818182,1.0,1.0,1.0,1.0,0.9090909090909091,1.0,1.0,0.875,0.875,1.0
2736,discriminative-attribute-state,no,0,1.0,1.0,1.0,1.0,1.0,1.0,1.0,1.0,1.0,1.0,1.0,1.0,1.0,1.0
2738,discriminative-attribute-state,no,0,1.0,1.0,1.0,1.0,1.0,1.0,1.0,1.0,1.0,1.0,1.0,1.0,1.0,1.0
2740,discriminative-attribute-state,no,0,1.0,1.0,1.0,1.0,1.0,1.0,1.0,1.0,1.0,1.0,1.0,1.0,1.0,1.0
2742,discriminative-attribute-number,no,0,1.0,1.0,0.7272727272727273,0.5636363636363636,0.8,0.6,0.6,0.4,0.7532467532467533,0.875,0.7666666666666667,0.6,0.5416666666666666,0.5333333333333333
2744,discriminative-attribute-action,no,0,0.0,1.0,0.0,1.0,0.2,0.6,0.0,1.0,1.0,0.875,1.0,0.875,1.0,0.8
2746,discriminative-attribute-state,no,0,1.0,1.0,1.0,1.0,0.8,0.6,1.0,1.0,1.0,0.875,1.0,0.875,1.0,0.8
2748,discriminative-attribute-state,no,0,1.0,1.0,1.0,1.0,1.0,1.0,1.0,1.0,1.0,1.0,1.0,1.0,1.0,1.0
2750,discriminative-attribute-action,no,0,1.0,1.0,1.0,1.0,1.0,1.0,0.6,0.4,1.0,1.0,0.7666666666666667,1.0,0.7666666666666667,0.6444444444444445
2752,discriminative-attribute-state,no,0,1.0,1.0,0.2727272727272727,0.5636363636363636,1.0,1.0,0.6,0.4,0.5151515151515151,1.0,0.7666666666666667,0.4666666666666667,0.5,0.6444444444444445
2754,discriminative-attribute-number,no,0,1.0,1.0,1.0,1.0,1.0,1.0,0.8,0.6,1.0,1.0,0.875,1.0,0.875,0.8
2756,discriminative-attribute-number,no,0,1.0,1.0,1.0,1.0,1.0,1.0,0.8,0.6,1.0,1.0,0.875,1.0,0.875,0.8
2758,discriminative-attribute-state,no,0,0.2727272727272727,0.5636363636363636,0.09090909090909091,0.8181818181818182,0.2,0.6,0.0,1.0,0.6883116883116883,0.6,0.675,0.7666666666666667,0.875,0.8
2760,discriminative-attribute-state,no,0,1.0,1.0,0.8181818181818182,0.6727272727272727,1.0,1.0,1.0,1.0,0.8268398268398268,1.0,1.0,0.7666666666666667,0.7666666666666667,1.0
2762,discriminative-attribute-state,no,0,0.7272727272727273,0.5636363636363636,0.0,1.0,0.8,0.6,0.2,0.6,0.5151515151515151,0.6,0.475,0.6,0.875,0.4444444444444444
2764,discriminative-attribute-state,no,0,1.0,1.0,0.7272727272727273,0.5636363636363636,1.0,1.0,1.0,1.0,0.7532467532467533,1.0,1.0,0.675,0.675,1.0
2766,discriminative-attribute-state,no,0,1.0,1.0,1.0,1.0,0.8,0.6,1.0,1.0,1.0,0.875,1.0,0.875,1.0,0.8
2768,discriminative-attribute-action,no,0,1.0,1.0,1.0,1.0,0.8,0.6,0.4,0.4,1.0,0.875,0.675,0.875,0.675,0.4666666666666667
2770,discriminative-attribute-action,no,1,0.0,1.0,0.0,1.0,0.0,1.0,0.2,0.6,1.0,1.0,0.875,1.0,0.875,0.8
2772,discriminative-attribute-state,no,0,0.8181818181818182,0.6727272727272727,0.18181818181818182,0.6727272727272727,1.0,1.0,0.8,0.6,0.47619047619047616,0.7666666666666667,0.675,0.475,0.5,0.8
2774,discriminative-attribute-state,no,0,1.0,1.0,1.0,1.0,1.0,1.0,1.0,1.0,1.0,1.0,1.0,1.0,1.0,1.0
2776,discriminative-attribute-state,no,0,1.0,1.0,0.0,1.0,1.0,1.0,0.0,1.0,0.47619047619047616,1.0,0.5416666666666666,0.5416666666666666,1.0,0.4444444444444444
2778,discriminative-attribute-number,no,0,1.0,1.0,1.0,1.0,1.0,1.0,0.8,0.6,1.0,1.0,0.875,1.0,0.875,0.8
2780,discriminative-attribute-action,no,0,1.0,1.0,1.0,1.0,0.6,0.4,0.4,0.4,1.0,0.7666666666666667,0.675,0.7666666666666667,0.675,0.4444444444444444
2782,discriminative-attribute-state,no,0,1.0,1.0,1.0,1.0,1.0,1.0,1.0,1.0,1.0,1.0,1.0,1.0,1.0,1.0
2784,discriminative-attribute-state,no,0,1.0,1.0,1.0,1.0,1.0,1.0,1.0,1.0,1.0,1.0,1.0,1.0,1.0,1.0
2786,discriminative-attribute-state,no,0,1.0,1.0,1.0,1.0,1.0,1.0,1.0,1.0,1.0,1.0,1.0,1.0,1.0,1.0
2788,discriminative-attribute-state,no,0,1.0,1.0,1.0,1.0,1.0,1.0,0.8,0.6,1.0,1.0,0.875,1.0,0.875,0.8
2790,discriminative-attribute-action,no,0,1.0,1.0,0.45454545454545453,0.45454545454545453,0.8,0.6,0.2,0.6,0.5844155844155844,0.875,0.6,0.475,0.5,0.4444444444444444
2792,discriminative-attribute-state,no,0,0.8181818181818182,0.6727272727272727,0.18181818181818182,0.6727272727272727,1.0,1.0,0.4,0.4,0.47619047619047616,0.7666666666666667,0.5416666666666666,0.475,0.6,0.5333333333333333
2794,discriminative-attribute-state,no,1,0.8181818181818182,0.6727272727272727,0.18181818181818182,0.6727272727272727,0.6,0.4,0.0,1.0,0.47619047619047616,0.6,0.475,0.5416666666666666,0.7666666666666667,0.5333333333333333
2796,discriminative-attribute-number,no,0,1.0,1.0,0.0,1.0,1.0,1.0,0.2,0.6,0.47619047619047616,1.0,0.6,0.5416666666666666,0.875,0.4666666666666667
2798,discriminative-attribute-state,no,0,1.0,1.0,0.9090909090909091,0.8181818181818182,1.0,1.0,1.0,1.0,0.9090909090909091,1.0,1.0,0.875,0.875,1.0
2800,discriminative-attribute-action,no,0,1.0,1.0,0.5454545454545454,0.45454545454545453,0.8,0.6,0.2,0.6,0.6320346320346321,0.875,0.6,0.5,0.475,0.4444444444444444
2802,discriminative-attribute-number,no,0,1.0,1.0,1.0,1.0,1.0,1.0,0.6,0.4,1.0,1.0,0.7666666666666667,1.0,0.7666666666666667,0.6444444444444445
2804,discriminative-attribute-state,no,0,1.0,1.0,1.0,1.0,1.0,1.0,1.0,1.0,1.0,1.0,1.0,1.0,1.0,1.0
2806,discriminative-attribute-state,no,0,0.9090909090909091,0.8181818181818182,0.0,1.0,0.0,1.0,0.0,1.0,0.4805194805194805,0.5,0.5,1.0,1.0,1.0
2808,discriminative-attribute-state,no,0,1.0,1.0,0.5454545454545454,0.45454545454545453,1.0,1.0,0.6,0.4,0.6320346320346321,1.0,0.7666666666666667,0.5416666666666666,0.475,0.6444444444444445
2810,discriminative-attribute-state,no,0,1.0,1.0,0.5454545454545454,0.45454545454545453,1.0,1.0,0.8,0.6,0.6320346320346321,1.0,0.875,0.5416666666666666,0.5,0.8
2812,discriminative-attribute-action,no,0,1.0,1.0,1.0,1.0,0.8,0.6,0.8,0.6,1.0,0.875,0.875,0.875,0.875,0.6444444444444445
2814,discriminative-attribute-action,no,0,0.9090909090909091,0.8181818181818182,1.0,1.0,0.8,0.6,0.8,0.6,0.9090909090909091,0.7666666666666667,0.7666666666666667,0.875,0.875,0.6444444444444445
2816,discriminative-attribute-state,no,0,1.0,1.0,1.0,1.0,0.8,0.6,0.6,0.4,1.0,0.875,0.7666666666666667,0.875,0.7666666666666667,0.5333333333333333
2818,discriminative-attribute-number,no,0,1.0,1.0,1.0,1.0,1.0,1.0,0.6,0.4,1.0,1.0,0.7666666666666667,1.0,0.7666666666666667,0.6444444444444445
2820,discriminative-attribute-state,no,0,1.0,1.0,0.5454545454545454,0.45454545454545453,1.0,1.0,0.6,0.4,0.6320346320346321,1.0,0.7666666666666667,0.5416666666666666,0.475,0.6444444444444445
2822,discriminative-attribute-state,no,0,1.0,1.0,0.9090909090909091,0.8181818181818182,1.0,1.0,1.0,1.0,0.9090909090909091,1.0,1.0,0.875,0.875,1.0
2824,discriminative-attribute-number,no,1,1.0,1.0,1.0,1.0,1.0,1.0,1.0,1.0,1.0,1.0,1.0,1.0,1.0,1.0
2826,discriminative-attribute-state,no,0,0.8181818181818182,0.6727272727272727,0.6363636363636364,0.4909090909090909,0.8,0.6,0.8,0.6,0.5844155844155844,0.675,0.675,0.5416666666666666,0.5416666666666666,0.6444444444444445
2828,discriminative-attribute-action,no,0,1.0,1.0,0.9090909090909091,0.8181818181818182,0.4,0.4,0.4,0.4,0.9090909090909091,0.675,0.675,0.6,0.6,0.4666666666666667
2830,discriminative-attribute-number,no,0,1.0,1.0,1.0,1.0,1.0,1.0,0.8,0.6,1.0,1.0,0.875,1.0,0.875,0.8
2832,discriminative-attribute-state,no,0,1.0,1.0,0.9090909090909091,0.8181818181818182,1.0,1.0,0.8,0.6,0.9090909090909091,1.0,0.875,0.875,0.7666666666666667,0.8
2834,discriminative-attribute-number,no,0,1.0,1.0,1.0,1.0,1.0,1.0,0.8,0.6,1.0,1.0,0.875,1.0,0.875,0.8
2836,discriminative-attribute-state,no,0,0.9090909090909091,0.8181818181818182,0.9090909090909091,0.8181818181818182,1.0,1.0,1.0,1.0,0.8268398268398268,0.875,0.875,0.875,0.875,1.0
2838,discriminative-attribute-state,no,0,0.0,1.0,0.0,1.0,0.2,0.6,0.4,0.4,1.0,0.875,0.7666666666666667,0.875,0.7666666666666667,0.5333333333333333
2840,discriminative-attribute-action,no,0,1.0,1.0,1.0,1.0,1.0,1.0,0.4,0.4,1.0,1.0,0.675,1.0,0.675,0.5333333333333333
2842,discriminative-attribute-state,no,0,0.9090909090909091,0.8181818181818182,0.9090909090909091,0.8181818181818182,1.0,1.0,1.0,1.0,0.8268398268398268,0.875,0.875,0.875,0.875,1.0
2844,discriminative-attribute-action,no,0,0.9090909090909091,0.8181818181818182,0.8181818181818182,0.6727272727272727,0.6,0.4,0.4,0.4,0.7532467532467533,0.675,0.6,0.6,0.5416666666666666,0.4444444444444444
2846,discriminative-attribute-state,no,0,1.0,1.0,1.0,1.0,1.0,1.0,1.0,1.0,1.0,1.0,1.0,1.0,1.0,1.0
2848,discriminative-attribute-action,no,0,1.0,1.0,1.0,1.0,1.0,1.0,1.0,1.0,1.0,1.0,1.0,1.0,1.0,1.0
2850,discriminative-attribute-state,no,0,1.0,1.0,0.8181818181818182,0.6727272727272727,1.0,1.0,1.0,1.0,0.8268398268398268,1.0,1.0,0.7666666666666667,0.7666666666666667,1.0
2854,discriminative-attribute-state,no,0,1.0,1.0,1.0,1.0,1.0,1.0,0.8,0.6,1.0,1.0,0.875,1.0,0.875,0.8
2856,discriminative-attribute-state,no,0,0.7272727272727273,0.5636363636363636,0.7272727272727273,0.5636363636363636,0.8,0.6,1.0,1.0,0.5844155844155844,0.6,0.675,0.6,0.675,0.8
2858,discriminative-attribute-action,no,0,1.0,1.0,1.0,1.0,0.6,0.4,0.4,0.4,1.0,0.7666666666666667,0.675,0.7666666666666667,0.675,0.4444444444444444
2860,discriminative-attribute-number,no,0,1.0,1.0,1.0,1.0,1.0,1.0,0.8,0.6,1.0,1.0,0.875,1.0,0.875,0.8
2862,discriminative-attribute-state,no,0,1.0,1.0,0.9090909090909091,0.8181818181818182,1.0,1.0,1.0,1.0,0.9090909090909091,1.0,1.0,0.875,0.875,1.0
2864,discriminative-attribute-state,no,0,0.9090909090909091,0.8181818181818182,0.7272727272727273,0.5636363636363636,1.0,1.0,1.0,1.0,0.6883116883116883,0.875,0.875,0.675,0.675,1.0
2866,discriminative-attribute-state,no,0,1.0,1.0,0.8181818181818182,0.6727272727272727,1.0,1.0,1.0,1.0,0.8268398268398268,1.0,1.0,0.7666666666666667,0.7666666666666667,1.0
2868,discriminative-attribute-action,no,0,1.0,1.0,1.0,1.0,1.0,1.0,1.0,1.0,1.0,1.0,1.0,1.0,1.0,1.0
2870,discriminative-attribute-number,no,0,1.0,1.0,1.0,1.0,1.0,1.0,0.8,0.6,1.0,1.0,0.875,1.0,0.875,0.8
2872,discriminative-attribute-state,no,0,1.0,1.0,1.0,1.0,1.0,1.0,0.8,0.6,1.0,1.0,0.875,1.0,0.875,0.8
2874,discriminative-attribute-state,no,0,1.0,1.0,1.0,1.0,1.0,1.0,1.0,1.0,1.0,1.0,1.0,1.0,1.0,1.0
2876,discriminative-attribute-state,no,0,1.0,1.0,0.18181818181818182,0.6727272727272727,1.0,1.0,0.8,0.6,0.4935064935064935,1.0,0.875,0.475,0.5,0.8
2878,discriminative-attribute-state,no,0,0.8181818181818182,0.6727272727272727,0.6363636363636364,0.4909090909090909,0.8,0.6,0.0,1.0,0.5844155844155844,0.675,0.475,0.5416666666666666,0.475,0.4666666666666667
2880,discriminative-attribute-action,no,0,1.0,1.0,1.0,1.0,0.8,0.6,0.8,0.6,1.0,0.875,0.875,0.875,0.875,0.6444444444444445
2882,discriminative-attribute-state,no,1,1.0,1.0,1.0,1.0,1.0,1.0,1.0,1.0,1.0,1.0,1.0,1.0,1.0,1.0
2884,discriminative-attribute-number,no,0,1.0,1.0,0.6363636363636364,0.4909090909090909,1.0,1.0,0.6,0.4,0.6883116883116883,1.0,0.7666666666666667,0.6,0.5,0.6444444444444445
2886,discriminative-attribute-state,no,0,1.0,1.0,0.8181818181818182,0.6727272727272727,0.8,0.6,1.0,1.0,0.8268398268398268,0.875,1.0,0.675,0.7666666666666667,0.8
2888,discriminative-attribute-state,no,0,1.0,1.0,1.0,1.0,1.0,1.0,1.0,1.0,1.0,1.0,1.0,1.0,1.0,1.0
2890,discriminative-attribute-state,no,0,0.36363636363636365,0.4909090909090909,0.09090909090909091,0.8181818181818182,0.6,0.4,0.2,0.6,0.6320346320346321,0.475,0.5416666666666666,0.6,0.7666666666666667,0.4666666666666667
2892,discriminative-attribute-number,no,0,0.8181818181818182,0.6727272727272727,0.45454545454545453,0.45454545454545453,0.8,0.6,0.2,0.6,0.5151515151515151,0.675,0.5,0.475,0.5,0.4444444444444444
2894,discriminative-attribute-action,no,0,1.0,1.0,1.0,1.0,0.6,0.4,0.4,0.4,1.0,0.7666666666666667,0.675,0.7666666666666667,0.675,0.4444444444444444
2896,discriminative-attribute-state,no,0,1.0,1.0,1.0,1.0,1.0,1.0,1.0,1.0,1.0,1.0,1.0,1.0,1.0,1.0
2898,discriminative-attribute-number,no,0,1.0,1.0,1.0,1.0,1.0,1.0,0.8,0.6,1.0,1.0,0.875,1.0,0.875,0.8
2900,discriminative-attribute-state,no,0,1.0,1.0,0.0,1.0,1.0,1.0,0.0,1.0,0.47619047619047616,1.0,0.5416666666666666,0.5416666666666666,1.0,0.4444444444444444
2902,discriminative-attribute-state,no,0,1.0,1.0,0.9090909090909091,0.8181818181818182,0.6,0.4,0.8,0.6,0.9090909090909091,0.7666666666666667,0.875,0.675,0.7666666666666667,0.5333333333333333
2904,discriminative-attribute-state,no,0,1.0,1.0,0.9090909090909091,0.8181818181818182,1.0,1.0,1.0,1.0,0.9090909090909091,1.0,1.0,0.875,0.875,1.0
2906,discriminative-attribute-state,no,0,1.0,1.0,1.0,1.0,0.8,0.6,0.6,0.4,1.0,0.875,0.7666666666666667,0.875,0.7666666666666667,0.5333333333333333
2908,discriminative-attribute-state,no,0,1.0,1.0,1.0,1.0,1.0,1.0,1.0,1.0,1.0,1.0,1.0,1.0,1.0,1.0
2910,discriminative-attribute-action,no,0,1.0,1.0,1.0,1.0,1.0,1.0,1.0,1.0,1.0,1.0,1.0,1.0,1.0,1.0
2912,discriminative-attribute-state,no,0,1.0,1.0,1.0,1.0,1.0,1.0,0.8,0.6,1.0,1.0,0.875,1.0,0.875,0.8
2914,discriminative-attribute-number,no,0,1.0,1.0,1.0,1.0,1.0,1.0,0.8,0.6,1.0,1.0,0.875,1.0,0.875,0.8
2916,discriminative-attribute-action,no,0,1.0,1.0,1.0,1.0,0.6,0.4,0.4,0.4,1.0,0.7666666666666667,0.675,0.7666666666666667,0.675,0.4444444444444444
2918,discriminative-attribute-state,no,0,1.0,1.0,1.0,1.0,1.0,1.0,1.0,1.0,1.0,1.0,1.0,1.0,1.0,1.0
2920,discriminative-attribute-state,no,0,1.0,1.0,1.0,1.0,1.0,1.0,0.8,0.6,1.0,1.0,0.875,1.0,0.875,0.8
2922,discriminative-attribute-state,no,0,1.0,1.0,1.0,1.0,1.0,1.0,1.0,1.0,1.0,1.0,1.0,1.0,1.0,1.0
2924,discriminative-attribute-number,no,0,1.0,1.0,1.0,1.0,1.0,1.0,0.8,0.6,1.0,1.0,0.875,1.0,0.875,0.8
2926,discriminative-attribute-state,no,0,1.0,1.0,1.0,1.0,1.0,1.0,1.0,1.0,1.0,1.0,1.0,1.0,1.0,1.0
2928,discriminative-attribute-state,no,0,1.0,1.0,0.9090909090909091,0.8181818181818182,1.0,1.0,0.8,0.6,0.9090909090909091,1.0,0.875,0.875,0.7666666666666667,0.8
2930,discriminative-attribute-state,no,0,1.0,1.0,1.0,1.0,1.0,1.0,1.0,1.0,1.0,1.0,1.0,1.0,1.0,1.0
2932,discriminative-attribute-state,no,0,1.0,1.0,1.0,1.0,1.0,1.0,1.0,1.0,1.0,1.0,1.0,1.0,1.0,1.0
2934,discriminative-attribute-number,no,0,1.0,1.0,0.9090909090909091,0.8181818181818182,1.0,1.0,0.8,0.6,0.9090909090909091,1.0,0.875,0.875,0.7666666666666667,0.8
2936,discriminative-attribute-action,no,0,0.9090909090909091,0.8181818181818182,0.45454545454545453,0.45454545454545453,0.6,0.4,0.2,0.6,0.5454545454545454,0.675,0.5416666666666666,0.4666666666666667,0.5,0.4666666666666667
2938,discriminative-attribute-action,no,0,1.0,1.0,1.0,1.0,0.4,0.4,0.4,0.4,1.0,0.675,0.675,0.675,0.675,0.4666666666666667
2940,discriminative-attribute-number,no,0,1.0,1.0,1.0,1.0,1.0,1.0,0.8,0.6,1.0,1.0,0.875,1.0,0.875,0.8
2942,discriminative-attribute-state,no,1,1.0,1.0,1.0,1.0,1.0,1.0,1.0,1.0,1.0,1.0,1.0,1.0,1.0,1.0
2944,discriminative-attribute-state,no,0,1.0,1.0,1.0,1.0,1.0,1.0,1.0,1.0,1.0,1.0,1.0,1.0,1.0,1.0
2946,discriminative-attribute-state,no,0,1.0,1.0,1.0,1.0,1.0,1.0,1.0,1.0,1.0,1.0,1.0,1.0,1.0,1.0
2948,discriminative-attribute-state,no,0,1.0,1.0,0.9090909090909091,0.8181818181818182,1.0,1.0,1.0,1.0,0.9090909090909091,1.0,1.0,0.875,0.875,1.0
2950,discriminative-attribute-number,no,0,0.6363636363636364,0.4909090909090909,0.18181818181818182,0.6727272727272727,1.0,1.0,0.6,0.4,0.4935064935064935,0.6,0.5,0.475,0.5416666666666666,0.6444444444444445
2952,discriminative-attribute-state,no,0,1.0,1.0,1.0,1.0,1.0,1.0,0.8,0.6,1.0,1.0,0.875,1.0,0.875,0.8
2954,discriminative-attribute-state,no,0,1.0,1.0,0.7272727272727273,0.5636363636363636,1.0,1.0,1.0,1.0,0.7532467532467533,1.0,1.0,0.675,0.675,1.0
2956,discriminative-attribute-state,no,0,1.0,1.0,1.0,1.0,1.0,1.0,0.8,0.6,1.0,1.0,0.875,1.0,0.875,0.8
2958,discriminative-attribute-state,no,0,1.0,1.0,1.0,1.0,1.0,1.0,1.0,1.0,1.0,1.0,1.0,1.0,1.0,1.0
2960,discriminative-attribute-number,no,0,1.0,1.0,1.0,1.0,1.0,1.0,0.6,0.4,1.0,1.0,0.7666666666666667,1.0,0.7666666666666667,0.6444444444444445
2962,discriminative-attribute-state,no,0,1.0,1.0,0.9090909090909091,0.8181818181818182,1.0,1.0,0.8,0.6,0.9090909090909091,1.0,0.875,0.875,0.7666666666666667,0.8
2964,discriminative-attribute-state,no,0,1.0,1.0,0.9090909090909091,0.8181818181818182,1.0,1.0,1.0,1.0,0.9090909090909091,1.0,1.0,0.875,0.875,1.0
2966,discriminative-attribute-state,no,0,0.9090909090909091,0.8181818181818182,0.8181818181818182,0.6727272727272727,1.0,1.0,1.0,1.0,0.7532467532467533,0.875,0.875,0.7666666666666667,0.7666666666666667,1.0
2968,discriminative-attribute-action,no,0,1.0,1.0,1.0,1.0,0.8,0.6,0.8,0.6,1.0,0.875,0.875,0.875,0.875,0.6444444444444445
2970,discriminative-attribute-state,no,0,0.09090909090909091,0.8181818181818182,0.0,1.0,0.4,0.4,0.0,1.0,0.9090909090909091,0.675,0.875,0.7666666666666667,1.0,0.6444444444444445
2972,discriminative-attribute-state,no,0,1.0,1.0,1.0,1.0,1.0,1.0,1.0,1.0,1.0,1.0,1.0,1.0,1.0,1.0
2974,discriminative-attribute-state,no,0,1.0,1.0,0.0,1.0,1.0,1.0,0.2,0.6,0.47619047619047616,1.0,0.6,0.5416666666666666,0.875,0.4666666666666667
2976,discriminative-attribute-number,no,0,1.0,1.0,1.0,1.0,1.0,1.0,0.8,0.6,1.0,1.0,0.875,1.0,0.875,0.8
2978,discriminative-attribute-number,no,0,0.36363636363636365,0.4909090909090909,0.36363636363636365,0.4909090909090909,0.4,0.4,0.0,1.0,0.5151515151515151,0.5,0.6,0.5,0.6,0.6444444444444445
2980,discriminative-attribute-state,no,0,1.0,1.0,1.0,1.0,1.0,1.0,0.8,0.6,1.0,1.0,0.875,1.0,0.875,0.8
2982,discriminative-attribute-state,no,0,1.0,1.0,0.0,1.0,1.0,1.0,0.2,0.6,0.47619047619047616,1.0,0.6,0.5416666666666666,0.875,0.4666666666666667
2984,discriminative-attribute-action,no,0,1.0,1.0,0.9090909090909091,0.8181818181818182,0.4,0.4,0.4,0.4,0.9090909090909091,0.675,0.675,0.6,0.6,0.4666666666666667
2986,discriminative-attribute-state,no,0,1.0,1.0,1.0,1.0,0.8,0.6,1.0,1.0,1.0,0.875,1.0,0.875,1.0,0.8
2988,discriminative-attribute-action,no,0,1.0,1.0,0.9090909090909091,0.8181818181818182,0.8,0.6,0.2,0.6,0.9090909090909091,0.875,0.6,0.7666666666666667,0.5416666666666666,0.4444444444444444
2990,discriminative-attribute-state,no,0,1.0,1.0,1.0,1.0,0.8,0.6,1.0,1.0,1.0,0.875,1.0,0.875,1.0,0.8
2992,discriminative-attribute-state,no,0,1.0,1.0,1.0,1.0,1.0,1.0,1.0,1.0,1.0,1.0,1.0,1.0,1.0,1.0
2994,discriminative-attribute-state,no,0,0.9090909090909091,0.8181818181818182,0.09090909090909091,0.8181818181818182,1.0,1.0,0.2,0.6,0.47619047619047616,0.875,0.5416666666666666,0.5,0.7666666666666667,0.4666666666666667
2996,discriminative-attribute-state,no,0,1.0,1.0,0.8181818181818182,0.6727272727272727,1.0,1.0,0.6,0.4,0.8268398268398268,1.0,0.7666666666666667,0.7666666666666667,0.6,0.6444444444444445
2998,discriminative-attribute-state,no,0,1.0,1.0,1.0,1.0,1.0,1.0,1.0,1.0,1.0,1.0,1.0,1.0,1.0,1.0
3000,discriminative-attribute-number,no,0,1.0,1.0,0.2727272727272727,0.5636363636363636,1.0,1.0,0.0,1.0,0.5151515151515151,1.0,0.5416666666666666,0.4666666666666667,0.675,0.4444444444444444
3002,discriminative-attribute-state,no,0,0.0,1.0,0.0,1.0,0.0,1.0,0.0,1.0,1.0,1.0,1.0,1.0,1.0,1.0
3004,discriminative-attribute-state,no,0,0.9090909090909091,0.8181818181818182,0.2727272727272727,0.5636363636363636,1.0,1.0,0.4,0.4,0.4935064935064935,0.875,0.6,0.4666666666666667,0.5416666666666666,0.5333333333333333
