id,type,truth,hal_label,QA_ITA,PA_ITA,QA_ITC,PA_ITC,QA_FSA,PA_FSA,QA_FSC,PA_FSC,PA_ITA_ITC,PA_ITA_FSA,PA_ITA_FSC,PA_ITC_FSA,PA_ITC_FSC,PA_FSA_FSC
1005,discriminative-attribute-state,yes,0,1.0,1.0,0.0,1.0,1.0,1.0,0.0,1.0,0.47619047619047616,1.0,0.5416666666666666,0.5416666666666666,1.0,0.4444444444444444
1007,discriminative-attribute-state,yes,1,0.09090909090909091,0.8181818181818182,1.0,1.0,0.0,1.0,1.0,1.0,0.4805194805194805,0.875,0.5,0.5416666666666666,1.0,0.4444444444444444
1009,discriminative-attribute-state,yes,0,0.9090909090909091,0.8181818181818182,0.18181818181818182,0.6727272727272727,1.0,1.0,0.0,1.0,0.4805194805194805,0.875,0.5,0.475,0.7666666666666667,0.4444444444444444
1011,discriminative-attribute-state,yes,0,1.0,1.0,0.0,1.0,1.0,1.0,0.0,1.0,0.47619047619047616,1.0,0.5416666666666666,0.5416666666666666,1.0,0.4444444444444444
1013,discriminative-attribute-number,yes,0,1.0,1.0,0.0,1.0,1.0,1.0,0.0,1.0,0.47619047619047616,1.0,0.5416666666666666,0.5416666666666666,1.0,0.4444444444444444
1015,discriminative-attribute-state,yes,1,0.18181818181818182,0.6727272727272727,1.0,1.0,0.0,1.0,0.8,0.6,0.4935064935064935,0.7666666666666667,0.5,0.5416666666666666,0.875,0.4666666666666667
1017,discriminative-attribute-action,yes,0,1.0,1.0,0.0,1.0,1.0,1.0,0.2,0.6,0.47619047619047616,1.0,0.6,0.5416666666666666,0.875,0.4666666666666667
1019,discriminative-attribute-number,yes,0,1.0,1.0,0.8181818181818182,0.6727272727272727,1.0,1.0,0.8,0.6,0.8268398268398268,1.0,0.875,0.7666666666666667,0.675,0.8
1021,discriminative-attribute-state,yes,1,0.36363636363636365,0.4909090909090909,1.0,1.0,0.0,1.0,1.0,1.0,0.5454545454545454,0.6,0.475,0.5416666666666666,1.0,0.4444444444444444
1023,discriminative-attribute-state,yes,1,1.0,1.0,0.0,1.0,0.4,0.4,0.4,0.4,0.47619047619047616,0.675,0.675,0.7666666666666667,0.7666666666666667,0.4666666666666667
1025,discriminative-attribute-state,yes,1,1.0,1.0,0.9090909090909091,0.8181818181818182,0.8,0.6,0.8,0.6,0.9090909090909091,0.875,0.875,0.7666666666666667,0.7666666666666667,0.6444444444444445
1027,discriminative-attribute-state,yes,1,0.8181818181818182,0.6727272727272727,1.0,1.0,0.6,0.4,1.0,1.0,0.8268398268398268,0.6,0.7666666666666667,0.7666666666666667,1.0,0.6444444444444445
1029,discriminative-attribute-state,yes,0,1.0,1.0,0.0,1.0,1.0,1.0,0.0,1.0,0.47619047619047616,1.0,0.5416666666666666,0.5416666666666666,1.0,0.4444444444444444
1031,discriminative-attribute-action,yes,0,1.0,1.0,0.0,1.0,1.0,1.0,0.0,1.0,0.47619047619047616,1.0,0.5416666666666666,0.5416666666666666,1.0,0.4444444444444444
1033,discriminative-attribute-state,yes,0,1.0,1.0,0.09090909090909091,0.8181818181818182,1.0,1.0,0.0,1.0,0.4805194805194805,1.0,0.5416666666666666,0.5,0.875,0.4444444444444444
1035,discriminative-attribute-state,yes,1,0.36363636363636365,0.4909090909090909,0.45454545454545453,0.45454545454545453,0.0,1.0,0.8,0.6,0.4935064935064935,0.6,0.4666666666666667,0.5416666666666666,0.475,0.4666666666666667
1037,discriminative-attribute-state,yes,0,0.7272727272727273,0.5636363636363636,0.0,1.0,1.0,1.0,0.0,1.0,0.5151515151515151,0.675,0.4666666666666667,0.5416666666666666,1.0,0.4444444444444444
1039,discriminative-attribute-state,yes,0,0.8181818181818182,0.6727272727272727,0.0,1.0,1.0,1.0,0.0,1.0,0.4935064935064935,0.7666666666666667,0.475,0.5416666666666666,1.0,0.4444444444444444
1041,discriminative-attribute-state,yes,0,1.0,1.0,0.5454545454545454,0.45454545454545453,1.0,1.0,0.0,1.0,0.6320346320346321,1.0,0.5416666666666666,0.5416666666666666,0.5,0.4444444444444444
1043,discriminative-attribute-state,yes,0,1.0,1.0,0.0,1.0,1.0,1.0,0.0,1.0,0.47619047619047616,1.0,0.5416666666666666,0.5416666666666666,1.0,0.4444444444444444
1045,discriminative-attribute-number,yes,0,1.0,1.0,0.9090909090909091,0.8181818181818182,1.0,1.0,0.2,0.6,0.9090909090909091,1.0,0.6,0.875,0.5416666666666666,0.4666666666666667
1047,discriminative-attribute-number,yes,0,1.0,1.0,0.0,1.0,1.0,1.0,0.0,1.0,0.47619047619047616,1.0,0.5416666666666666,0.5416666666666666,1.0,0.4444444444444444
1049,discriminative-attribute-state,yes,1,0.2727272727272727,0.5636363636363636,1.0,1.0,0.0,1.0,1.0,1.0,0.5151515151515151,0.675,0.4666666666666667,0.5416666666666666,1.0,0.4444444444444444
1051,discriminative-attribute-action,yes,0,1.0,1.0,0.0,1.0,1.0,1.0,0.0,1.0,0.47619047619047616,1.0,0.5416666666666666,0.5416666666666666,1.0,0.4444444444444444
1053,discriminative-attribute-state,yes,1,0.0,1.0,1.0,1.0,0.0,1.0,1.0,1.0,0.47619047619047616,1.0,0.5416666666666666,0.5416666666666666,1.0,0.4444444444444444
1055,discriminative-attribute-state,yes,0,1.0,1.0,0.0,1.0,1.0,1.0,0.0,1.0,0.47619047619047616,1.0,0.5416666666666666,0.5416666666666666,1.0,0.4444444444444444
1057,discriminative-attribute-state,yes,0,1.0,1.0,0.09090909090909091,0.8181818181818182,1.0,1.0,0.0,1.0,0.4805194805194805,1.0,0.5416666666666666,0.5,0.875,0.4444444444444444
1059,discriminative-attribute-state,yes,1,0.09090909090909091,0.8181818181818182,1.0,1.0,0.0,1.0,1.0,1.0,0.4805194805194805,0.875,0.5,0.5416666666666666,1.0,0.4444444444444444
1061,discriminative-attribute-number,yes,0,1.0,1.0,0.09090909090909091,0.8181818181818182,1.0,1.0,0.4,0.4,0.4805194805194805,1.0,0.675,0.5,0.675,0.5333333333333333
1063,discriminative-attribute-action,yes,0,1.0,1.0,0.7272727272727273,0.5636363636363636,1.0,1.0,0.0,1.0,0.7532467532467533,1.0,0.5416666666666666,0.675,0.4666666666666667,0.4444444444444444
1065,discriminative-attribute-state,yes,1,0.0,1.0,1.0,1.0,0.0,1.0,1.0,1.0,0.47619047619047616,1.0,0.5416666666666666,0.5416666666666666,1.0,0.4444444444444444
1067,discriminative-attribute-state,yes,0,1.0,1.0,0.09090909090909091,0.8181818181818182,1.0,1.0,0.6,0.4,0.4805194805194805,1.0,0.7666666666666667,0.5,0.6,0.6444444444444445
1069,discriminative-attribute-state,yes,0,0.9090909090909091,0.8181818181818182,0.0,1.0,0.8,0.6,0.0,1.0,0.4805194805194805,0.7666666666666667,0.5,0.6,1.0,0.4666666666666667
1071,discriminative-attribute-state,yes,0,1.0,1.0,0.09090909090909091,0.8181818181818182,1.0,1.0,0.0,1.0,0.4805194805194805,1.0,0.5416666666666666,0.5,0.875,0.4444444444444444
1073,discriminative-attribute-state,yes,0,1.0,1.0,0.0,1.0,1.0,1.0,0.0,1.0,0.47619047619047616,1.0,0.5416666666666666,0.5416666666666666,1.0,0.4444444444444444
1075,discriminative-attribute-action,yes,0,1.0,1.0,0.0,1.0,1.0,1.0,0.0,1.0,0.47619047619047616,1.0,0.5416666666666666,0.5416666666666666,1.0,0.4444444444444444
1077,discriminative-attribute-number,yes,0,1.0,1.0,0.09090909090909091,0.8181818181818182,1.0,1.0,0.0,1.0,0.4805194805194805,1.0,0.5416666666666666,0.5,0.875,0.4444444444444444
1079,discriminative-attribute-number,yes,1,0.09090909090909091,0.8181818181818182,0.5454545454545454,0.45454545454545453,0.0,1.0,0.8,0.6,0.5454545454545454,0.875,0.5416666666666666,0.5,0.5,0.4666666666666667
1081,discriminative-attribute-state,yes,1,0.0,1.0,1.0,1.0,0.0,1.0,1.0,1.0,0.47619047619047616,1.0,0.5416666666666666,0.5416666666666666,1.0,0.4444444444444444
1083,discriminative-attribute-state,yes,0,1.0,1.0,0.0,1.0,1.0,1.0,0.0,1.0,0.47619047619047616,1.0,0.5416666666666666,0.5416666666666666,1.0,0.4444444444444444
1085,discriminative-attribute-state,yes,1,1.0,1.0,0.0,1.0,0.4,0.4,0.8,0.6,0.47619047619047616,0.675,0.875,0.7666666666666667,0.6,0.4666666666666667
1087,discriminative-attribute-state,yes,0,1.0,1.0,0.0,1.0,1.0,1.0,0.0,1.0,0.47619047619047616,1.0,0.5416666666666666,0.5416666666666666,1.0,0.4444444444444444
1089,discriminative-attribute-number,yes,0,1.0,1.0,0.09090909090909091,0.8181818181818182,1.0,1.0,0.0,1.0,0.4805194805194805,1.0,0.5416666666666666,0.5,0.875,0.4444444444444444
1091,discriminative-attribute-action,yes,0,1.0,1.0,0.0,1.0,1.0,1.0,0.0,1.0,0.47619047619047616,1.0,0.5416666666666666,0.5416666666666666,1.0,0.4444444444444444
1093,discriminative-attribute-state,yes,0,0.7272727272727273,0.5636363636363636,0.0,1.0,1.0,1.0,0.0,1.0,0.5151515151515151,0.675,0.4666666666666667,0.5416666666666666,1.0,0.4444444444444444
1095,discriminative-attribute-number,yes,0,1.0,1.0,0.18181818181818182,0.6727272727272727,1.0,1.0,0.6,0.4,0.4935064935064935,1.0,0.7666666666666667,0.475,0.5416666666666666,0.6444444444444445
1097,discriminative-attribute-number,yes,0,1.0,1.0,1.0,1.0,1.0,1.0,0.6,0.4,1.0,1.0,0.7666666666666667,1.0,0.7666666666666667,0.6444444444444445
1099,discriminative-attribute-state,yes,0,0.8181818181818182,0.6727272727272727,0.7272727272727273,0.5636363636363636,0.6,0.4,0.6,0.4,0.6320346320346321,0.6,0.6,0.5416666666666666,0.5416666666666666,0.4666666666666667
1101,discriminative-attribute-number,yes,0,1.0,1.0,0.9090909090909091,0.8181818181818182,1.0,1.0,0.4,0.4,0.9090909090909091,1.0,0.675,0.875,0.6,0.5333333333333333
1103,discriminative-attribute-action,yes,0,1.0,1.0,0.09090909090909091,0.8181818181818182,1.0,1.0,0.0,1.0,0.4805194805194805,1.0,0.5416666666666666,0.5,0.875,0.4444444444444444
1105,discriminative-attribute-number,yes,0,1.0,1.0,0.18181818181818182,0.6727272727272727,1.0,1.0,0.2,0.6,0.4935064935064935,1.0,0.6,0.475,0.675,0.4666666666666667
1107,discriminative-attribute-state,yes,0,1.0,1.0,0.09090909090909091,0.8181818181818182,1.0,1.0,0.0,1.0,0.4805194805194805,1.0,0.5416666666666666,0.5,0.875,0.4444444444444444
1109,discriminative-attribute-number,yes,0,0.18181818181818182,0.6727272727272727,0.45454545454545453,0.45454545454545453,0.6,0.4,0.2,0.6,0.5454545454545454,0.5416666666666666,0.675,0.4666666666666667,0.5,0.4666666666666667
1111,discriminative-attribute-number,yes,0,1.0,1.0,0.18181818181818182,0.6727272727272727,1.0,1.0,0.0,1.0,0.4935064935064935,1.0,0.5416666666666666,0.475,0.7666666666666667,0.4444444444444444
1113,discriminative-attribute-state,yes,0,1.0,1.0,0.0,1.0,1.0,1.0,0.0,1.0,0.47619047619047616,1.0,0.5416666666666666,0.5416666666666666,1.0,0.4444444444444444
1117,discriminative-attribute-state,yes,1,0.09090909090909091,0.8181818181818182,0.9090909090909091,0.8181818181818182,0.0,1.0,1.0,1.0,0.47619047619047616,0.875,0.5,0.5,0.875,0.4444444444444444
1119,discriminative-attribute-number,yes,1,0.8181818181818182,0.6727272727272727,0.7272727272727273,0.5636363636363636,0.2,0.6,0.6,0.4,0.6320346320346321,0.5,0.6,0.475,0.5416666666666666,0.4666666666666667
1121,discriminative-attribute-state,yes,0,1.0,1.0,0.0,1.0,1.0,1.0,0.0,1.0,0.47619047619047616,1.0,0.5416666666666666,0.5416666666666666,1.0,0.4444444444444444
1123,discriminative-attribute-number,yes,0,1.0,1.0,0.45454545454545453,0.45454545454545453,1.0,1.0,0.4,0.4,0.5844155844155844,1.0,0.675,0.5,0.475,0.5333333333333333
1125,discriminative-attribute-action,yes,0,1.0,1.0,1.0,1.0,1.0,1.0,0.8,0.6,1.0,1.0,0.875,1.0,0.875,0.8
1127,discriminative-attribute-state,yes,1,0.8181818181818182,0.6727272727272727,0.0,1.0,0.0,1.0,0.8,0.6,0.4935064935064935,0.475,0.675,1.0,0.6,0.4666666666666667
1129,discriminative-attribute-state,yes,0,1.0,1.0,0.09090909090909091,0.8181818181818182,1.0,1.0,0.0,1.0,0.4805194805194805,1.0,0.5416666666666666,0.5,0.875,0.4444444444444444
1131,discriminative-attribute-state,yes,1,0.45454545454545453,0.45454545454545453,0.5454545454545454,0.45454545454545453,0.0,1.0,1.0,1.0,0.47619047619047616,0.5416666666666666,0.5,0.5,0.5416666666666666,0.4444444444444444
1133,discriminative-attribute-state,yes,0,1.0,1.0,0.0,1.0,0.6,0.4,0.0,1.0,0.47619047619047616,0.7666666666666667,0.5416666666666666,0.675,1.0,0.5333333333333333
1135,discriminative-attribute-state,yes,1,0.9090909090909091,0.8181818181818182,0.36363636363636365,0.4909090909090909,0.2,0.6,0.8,0.6,0.5151515151515151,0.5416666666666666,0.7666666666666667,0.5416666666666666,0.4666666666666667,0.4444444444444444
1137,discriminative-attribute-state,yes,0,1.0,1.0,0.0,1.0,1.0,1.0,0.0,1.0,0.47619047619047616,1.0,0.5416666666666666,0.5416666666666666,1.0,0.4444444444444444
1139,discriminative-attribute-state,yes,0,1.0,1.0,0.0,1.0,1.0,1.0,0.0,1.0,0.47619047619047616,1.0,0.5416666666666666,0.5416666666666666,1.0,0.4444444444444444
1141,discriminative-attribute-state,yes,1,0.36363636363636365,0.4909090909090909,1.0,1.0,0.0,1.0,1.0,1.0,0.5454545454545454,0.6,0.475,0.5416666666666666,1.0,0.4444444444444444
1143,discriminative-attribute-number,yes,0,1.0,1.0,0.5454545454545454,0.45454545454545453,1.0,1.0,0.8,0.6,0.6320346320346321,1.0,0.875,0.5416666666666666,0.5,0.8
1145,discriminative-attribute-state,yes,1,0.18181818181818182,0.6727272727272727,1.0,1.0,0.0,1.0,1.0,1.0,0.4935064935064935,0.7666666666666667,0.475,0.5416666666666666,1.0,0.4444444444444444
1147,discriminative-attribute-number,yes,0,1.0,1.0,0.0,1.0,1.0,1.0,0.4,0.4,0.47619047619047616,1.0,0.675,0.5416666666666666,0.7666666666666667,0.5333333333333333
1149,discriminative-attribute-state,yes,0,1.0,1.0,0.0,1.0,1.0,1.0,0.0,1.0,0.47619047619047616,1.0,0.5416666666666666,0.5416666666666666,1.0,0.4444444444444444
1151,discriminative-attribute-state,yes,0,0.9090909090909091,0.8181818181818182,0.0,1.0,1.0,1.0,0.0,1.0,0.4805194805194805,0.875,0.5,0.5416666666666666,1.0,0.4444444444444444
1153,discriminative-attribute-state,yes,1,0.09090909090909091,0.8181818181818182,0.7272727272727273,0.5636363636363636,0.0,1.0,1.0,1.0,0.4935064935064935,0.875,0.5,0.4666666666666667,0.675,0.4444444444444444
1155,discriminative-attribute-state,yes,0,1.0,1.0,0.0,1.0,1.0,1.0,0.0,1.0,0.47619047619047616,1.0,0.5416666666666666,0.5416666666666666,1.0,0.4444444444444444
1157,discriminative-attribute-action,yes,0,1.0,1.0,0.0,1.0,1.0,1.0,0.0,1.0,0.47619047619047616,1.0,0.5416666666666666,0.5416666666666666,1.0,0.4444444444444444
1159,discriminative-attribute-state,yes,1,0.09090909090909091,0.8181818181818182,0.9090909090909091,0.8181818181818182,0.4,0.4,0.8,0.6,0.47619047619047616,0.675,0.5416666666666666,0.6,0.7666666666666667,0.4666666666666667
1161,discriminative-attribute-state,yes,0,1.0,1.0,0.0,1.0,1.0,1.0,0.0,1.0,0.47619047619047616,1.0,0.5416666666666666,0.5416666666666666,1.0,0.4444444444444444
1163,discriminative-attribute-number,yes,0,1.0,1.0,0.09090909090909091,0.8181818181818182,1.0,1.0,0.0,1.0,0.4805194805194805,1.0,0.5416666666666666,0.5,0.875,0.4444444444444444
1165,discriminative-attribute-state,yes,0,1.0,1.0,0.0,1.0,1.0,1.0,0.0,1.0,0.47619047619047616,1.0,0.5416666666666666,0.5416666666666666,1.0,0.4444444444444444
1167,discriminative-attribute-state,yes,0,0.8181818181818182,0.6727272727272727,0.18181818181818182,0.6727272727272727,1.0,1.0,0.2,0.6,0.47619047619047616,0.7666666666666667,0.5,0.475,0.675,0.4666666666666667
1169,discriminative-attribute-state,yes,0,0.0,1.0,0.0,1.0,0.4,0.4,0.2,0.6,1.0,0.7666666666666667,0.875,0.7666666666666667,0.875,0.5333333333333333
1171,discriminative-attribute-number,yes,0,1.0,1.0,0.36363636363636365,0.4909090909090909,1.0,1.0,0.0,1.0,0.5454545454545454,1.0,0.5416666666666666,0.475,0.6,0.4444444444444444
1173,discriminative-attribute-state,yes,0,1.0,1.0,0.09090909090909091,0.8181818181818182,1.0,1.0,0.2,0.6,0.4805194805194805,1.0,0.6,0.5,0.7666666666666667,0.4666666666666667
1175,discriminative-attribute-state,yes,0,0.7272727272727273,0.5636363636363636,0.0,1.0,1.0,1.0,0.0,1.0,0.5151515151515151,0.675,0.4666666666666667,0.5416666666666666,1.0,0.4444444444444444
1179,discriminative-attribute-state,yes,1,0.6363636363636364,0.4909090909090909,0.09090909090909091,0.8181818181818182,0.2,0.6,0.2,0.6,0.5151515151515151,0.4666666666666667,0.4666666666666667,0.7666666666666667,0.7666666666666667,0.6444444444444445
1181,discriminative-attribute-state,yes,0,1.0,1.0,0.18181818181818182,0.6727272727272727,1.0,1.0,0.0,1.0,0.4935064935064935,1.0,0.5416666666666666,0.475,0.7666666666666667,0.4444444444444444
1183,discriminative-attribute-state,yes,0,1.0,1.0,0.0,1.0,1.0,1.0,0.6,0.4,0.47619047619047616,1.0,0.7666666666666667,0.5416666666666666,0.675,0.6444444444444445
1185,discriminative-attribute-number,yes,0,1.0,1.0,1.0,1.0,1.0,1.0,0.4,0.4,1.0,1.0,0.675,1.0,0.675,0.5333333333333333
1187,discriminative-attribute-state,yes,0,0.09090909090909091,0.8181818181818182,0.0,1.0,0.6,0.4,0.0,1.0,0.9090909090909091,0.6,0.875,0.675,1.0,0.5333333333333333
1189,discriminative-attribute-number,yes,0,1.0,1.0,0.09090909090909091,0.8181818181818182,1.0,1.0,0.2,0.6,0.4805194805194805,1.0,0.6,0.5,0.7666666666666667,0.4666666666666667
1191,discriminative-attribute-state,yes,1,0.09090909090909091,0.8181818181818182,1.0,1.0,0.4,0.4,1.0,1.0,0.4805194805194805,0.675,0.5,0.675,1.0,0.5333333333333333
1193,discriminative-attribute-state,yes,1,0.09090909090909091,0.8181818181818182,0.9090909090909091,0.8181818181818182,0.0,1.0,1.0,1.0,0.47619047619047616,0.875,0.5,0.5,0.875,0.4444444444444444
1195,discriminative-attribute-state,yes,0,1.0,1.0,0.09090909090909091,0.8181818181818182,1.0,1.0,0.2,0.6,0.4805194805194805,1.0,0.6,0.5,0.7666666666666667,0.4666666666666667
1197,discriminative-attribute-state,yes,1,0.9090909090909091,0.8181818181818182,0.0,1.0,0.8,0.6,0.4,0.4,0.4805194805194805,0.7666666666666667,0.6,0.6,0.7666666666666667,0.4666666666666667
1199,discriminative-attribute-action,yes,0,1.0,1.0,0.0,1.0,1.0,1.0,0.2,0.6,0.47619047619047616,1.0,0.6,0.5416666666666666,0.875,0.4666666666666667
1201,discriminative-attribute-state,yes,1,0.2727272727272727,0.5636363636363636,0.7272727272727273,0.5636363636363636,0.0,1.0,0.6,0.4,0.47619047619047616,0.675,0.5,0.4666666666666667,0.5416666666666666,0.5333333333333333
1203,discriminative-attribute-state,yes,0,0.7272727272727273,0.5636363636363636,0.09090909090909091,0.8181818181818182,1.0,1.0,0.4,0.4,0.4935064935064935,0.675,0.5,0.5,0.675,0.5333333333333333
1207,discriminative-attribute-state,yes,0,0.9090909090909091,0.8181818181818182,0.0,1.0,1.0,1.0,0.0,1.0,0.4805194805194805,0.875,0.5,0.5416666666666666,1.0,0.4444444444444444
1209,discriminative-attribute-state,yes,0,1.0,1.0,0.0,1.0,1.0,1.0,0.0,1.0,0.47619047619047616,1.0,0.5416666666666666,0.5416666666666666,1.0,0.4444444444444444
1211,discriminative-attribute-state,yes,1,1.0,1.0,0.9090909090909091,0.8181818181818182,0.4,0.4,1.0,1.0,0.9090909090909091,0.675,1.0,0.6,0.875,0.5333333333333333
1213,discriminative-attribute-action,yes,0,1.0,1.0,0.0,1.0,1.0,1.0,0.0,1.0,0.47619047619047616,1.0,0.5416666666666666,0.5416666666666666,1.0,0.4444444444444444
1215,discriminative-attribute-state,yes,1,0.0,1.0,0.7272727272727273,0.5636363636363636,0.0,1.0,1.0,1.0,0.5151515151515151,1.0,0.5416666666666666,0.4666666666666667,0.675,0.4444444444444444
1217,discriminative-attribute-state,yes,1,0.2727272727272727,0.5636363636363636,1.0,1.0,0.0,1.0,1.0,1.0,0.5151515151515151,0.675,0.4666666666666667,0.5416666666666666,1.0,0.4444444444444444
1219,discriminative-attribute-state,yes,0,1.0,1.0,0.0,1.0,1.0,1.0,0.0,1.0,0.47619047619047616,1.0,0.5416666666666666,0.5416666666666666,1.0,0.4444444444444444
1221,discriminative-attribute-state,yes,1,0.0,1.0,1.0,1.0,0.2,0.6,0.8,0.6,0.47619047619047616,0.875,0.6,0.6,0.875,0.4444444444444444
1223,discriminative-attribute-state,yes,0,1.0,1.0,0.09090909090909091,0.8181818181818182,1.0,1.0,0.0,1.0,0.4805194805194805,1.0,0.5416666666666666,0.5,0.875,0.4444444444444444
1225,discriminative-attribute-state,yes,1,0.0,1.0,1.0,1.0,0.0,1.0,1.0,1.0,0.47619047619047616,1.0,0.5416666666666666,0.5416666666666666,1.0,0.4444444444444444
1227,discriminative-attribute-state,yes,0,1.0,1.0,0.18181818181818182,0.6727272727272727,1.0,1.0,0.0,1.0,0.4935064935064935,1.0,0.5416666666666666,0.475,0.7666666666666667,0.4444444444444444
1229,discriminative-attribute-action,yes,0,1.0,1.0,0.0,1.0,1.0,1.0,0.0,1.0,0.47619047619047616,1.0,0.5416666666666666,0.5416666666666666,1.0,0.4444444444444444
1231,discriminative-attribute-state,yes,0,1.0,1.0,0.0,1.0,1.0,1.0,0.0,1.0,0.47619047619047616,1.0,0.5416666666666666,0.5416666666666666,1.0,0.4444444444444444
1233,discriminative-attribute-number,yes,1,0.7272727272727273,0.5636363636363636,0.0,1.0,0.4,0.4,0.6,0.4,0.5151515151515151,0.5,0.5416666666666666,0.7666666666666667,0.675,0.4444444444444444
1235,discriminative-attribute-state,yes,1,0.0,1.0,1.0,1.0,0.0,1.0,1.0,1.0,0.47619047619047616,1.0,0.5416666666666666,0.5416666666666666,1.0,0.4444444444444444
1237,discriminative-attribute-state,yes,0,1.0,1.0,1.0,1.0,1.0,1.0,1.0,1.0,1.0,1.0,1.0,1.0,1.0,1.0
1239,discriminative-attribute-action,yes,1,0.36363636363636365,0.4909090909090909,1.0,1.0,0.0,1.0,0.8,0.6,0.5454545454545454,0.6,0.4666666666666667,0.5416666666666666,0.875,0.4666666666666667
1241,discriminative-attribute-state,yes,1,0.2727272727272727,0.5636363636363636,0.8181818181818182,0.6727272727272727,0.0,1.0,0.8,0.6,0.4805194805194805,0.675,0.475,0.475,0.675,0.4666666666666667
1243,discriminative-attribute-state,yes,0,0.7272727272727273,0.5636363636363636,0.0,1.0,1.0,1.0,0.0,1.0,0.5151515151515151,0.675,0.4666666666666667,0.5416666666666666,1.0,0.4444444444444444
1245,discriminative-attribute-state,yes,0,1.0,1.0,0.0,1.0,1.0,1.0,0.0,1.0,0.47619047619047616,1.0,0.5416666666666666,0.5416666666666666,1.0,0.4444444444444444
1249,discriminative-attribute-state,yes,1,0.0,1.0,1.0,1.0,0.0,1.0,1.0,1.0,0.47619047619047616,1.0,0.5416666666666666,0.5416666666666666,1.0,0.4444444444444444
1251,discriminative-attribute-state,yes,0,0.9090909090909091,0.8181818181818182,1.0,1.0,1.0,1.0,0.4,0.4,0.9090909090909091,0.875,0.6,1.0,0.675,0.5333333333333333
1253,discriminative-attribute-state,yes,1,0.0,1.0,1.0,1.0,0.0,1.0,1.0,1.0,0.47619047619047616,1.0,0.5416666666666666,0.5416666666666666,1.0,0.4444444444444444
1255,discriminative-attribute-state,yes,1,0.0,1.0,0.0,1.0,0.0,1.0,0.0,1.0,1.0,1.0,1.0,1.0,1.0,1.0
1257,discriminative-attribute-action,yes,1,0.09090909090909091,0.8181818181818182,1.0,1.0,0.0,1.0,0.8,0.6,0.4805194805194805,0.875,0.5416666666666666,0.5416666666666666,0.875,0.4666666666666667
1259,discriminative-attribute-state,yes,1,0.45454545454545453,0.45454545454545453,0.0,1.0,0.2,0.6,0.6,0.4,0.6320346320346321,0.5,0.4666666666666667,0.875,0.675,0.4666666666666667
1261,discriminative-attribute-state,yes,0,1.0,1.0,0.0,1.0,1.0,1.0,0.0,1.0,0.47619047619047616,1.0,0.5416666666666666,0.5416666666666666,1.0,0.4444444444444444
1263,discriminative-attribute-state,yes,1,1.0,1.0,1.0,1.0,0.2,0.6,1.0,1.0,1.0,0.6,1.0,0.6,1.0,0.4666666666666667
1265,discriminative-attribute-action,yes,0,1.0,1.0,0.0,1.0,1.0,1.0,0.0,1.0,0.47619047619047616,1.0,0.5416666666666666,0.5416666666666666,1.0,0.4444444444444444
1267,discriminative-attribute-state,yes,0,1.0,1.0,0.0,1.0,1.0,1.0,0.0,1.0,0.47619047619047616,1.0,0.5416666666666666,0.5416666666666666,1.0,0.4444444444444444
1269,discriminative-attribute-state,yes,1,0.0,1.0,1.0,1.0,0.0,1.0,1.0,1.0,0.47619047619047616,1.0,0.5416666666666666,0.5416666666666666,1.0,0.4444444444444444
1271,discriminative-attribute-state,yes,0,1.0,1.0,0.0,1.0,1.0,1.0,0.0,1.0,0.47619047619047616,1.0,0.5416666666666666,0.5416666666666666,1.0,0.4444444444444444
1273,discriminative-attribute-number,yes,0,1.0,1.0,0.0,1.0,1.0,1.0,0.0,1.0,0.47619047619047616,1.0,0.5416666666666666,0.5416666666666666,1.0,0.4444444444444444
1275,discriminative-attribute-state,yes,1,0.0,1.0,1.0,1.0,0.0,1.0,0.8,0.6,0.47619047619047616,1.0,0.6,0.5416666666666666,0.875,0.4666666666666667
1277,discriminative-attribute-state,yes,0,1.0,1.0,0.0,1.0,1.0,1.0,0.0,1.0,0.47619047619047616,1.0,0.5416666666666666,0.5416666666666666,1.0,0.4444444444444444
1279,discriminative-attribute-state,yes,1,0.6363636363636364,0.4909090909090909,0.9090909090909091,0.8181818181818182,0.4,0.4,1.0,1.0,0.6320346320346321,0.475,0.6,0.6,0.875,0.5333333333333333
1281,discriminative-attribute-state,yes,0,1.0,1.0,1.0,1.0,1.0,1.0,0.6,0.4,1.0,1.0,0.7666666666666667,1.0,0.7666666666666667,0.6444444444444445
1283,discriminative-attribute-state,yes,0,1.0,1.0,0.0,1.0,1.0,1.0,0.0,1.0,0.47619047619047616,1.0,0.5416666666666666,0.5416666666666666,1.0,0.4444444444444444
1285,discriminative-attribute-number,yes,0,1.0,1.0,0.18181818181818182,0.6727272727272727,1.0,1.0,0.2,0.6,0.4935064935064935,1.0,0.6,0.475,0.675,0.4666666666666667
1287,discriminative-attribute-number,yes,0,1.0,1.0,1.0,1.0,1.0,1.0,1.0,1.0,1.0,1.0,1.0,1.0,1.0,1.0
1289,discriminative-attribute-action,yes,0,1.0,1.0,0.45454545454545453,0.45454545454545453,1.0,1.0,0.0,1.0,0.5844155844155844,1.0,0.5416666666666666,0.5,0.5416666666666666,0.4444444444444444
1291,discriminative-attribute-number,yes,1,0.0,1.0,0.8181818181818182,0.6727272727272727,0.0,1.0,1.0,1.0,0.4935064935064935,1.0,0.5416666666666666,0.475,0.7666666666666667,0.4444444444444444
1293,discriminative-attribute-state,yes,0,0.9090909090909091,0.8181818181818182,0.0,1.0,0.8,0.6,0.0,1.0,0.4805194805194805,0.7666666666666667,0.5,0.6,1.0,0.4666666666666667
1295,discriminative-attribute-number,yes,0,1.0,1.0,0.09090909090909091,0.8181818181818182,1.0,1.0,0.6,0.4,0.4805194805194805,1.0,0.7666666666666667,0.5,0.6,0.6444444444444445
1297,discriminative-attribute-action,yes,0,1.0,1.0,0.09090909090909091,0.8181818181818182,1.0,1.0,0.4,0.4,0.4805194805194805,1.0,0.675,0.5,0.675,0.5333333333333333
1299,discriminative-attribute-number,yes,0,0.7272727272727273,0.5636363636363636,0.09090909090909091,0.8181818181818182,1.0,1.0,0.0,1.0,0.4935064935064935,0.675,0.4666666666666667,0.5,0.875,0.4444444444444444
1301,discriminative-attribute-state,yes,1,0.0,1.0,1.0,1.0,0.0,1.0,1.0,1.0,0.47619047619047616,1.0,0.5416666666666666,0.5416666666666666,1.0,0.4444444444444444
1303,discriminative-attribute-state,yes,0,1.0,1.0,0.0,1.0,1.0,1.0,0.0,1.0,0.47619047619047616,1.0,0.5416666666666666,0.5416666666666666,1.0,0.4444444444444444
1305,discriminative-attribute-state,yes,0,1.0,1.0,0.0,1.0,1.0,1.0,0.0,1.0,0.47619047619047616,1.0,0.5416666666666666,0.5416666666666666,1.0,0.4444444444444444
1309,discriminative-attribute-state,yes,1,0.0,1.0,0.9090909090909091,0.8181818181818182,0.0,1.0,1.0,1.0,0.4805194805194805,1.0,0.5416666666666666,0.5,0.875,0.4444444444444444
1311,discriminative-attribute-action,yes,0,1.0,1.0,0.5454545454545454,0.45454545454545453,1.0,1.0,0.4,0.4,0.6320346320346321,1.0,0.675,0.5416666666666666,0.4666666666666667,0.5333333333333333
1313,discriminative-attribute-state,yes,0,1.0,1.0,0.5454545454545454,0.45454545454545453,1.0,1.0,0.2,0.6,0.6320346320346321,1.0,0.6,0.5416666666666666,0.475,0.4666666666666667
1315,discriminative-attribute-action,yes,0,1.0,1.0,0.0,1.0,1.0,1.0,0.0,1.0,0.47619047619047616,1.0,0.5416666666666666,0.5416666666666666,1.0,0.4444444444444444
1317,discriminative-attribute-state,yes,0,0.6363636363636364,0.4909090909090909,0.2727272727272727,0.5636363636363636,1.0,1.0,0.6,0.4,0.4805194805194805,0.6,0.5,0.4666666666666667,0.5,0.6444444444444445
1319,discriminative-attribute-state,yes,0,1.0,1.0,0.0,1.0,1.0,1.0,0.0,1.0,0.47619047619047616,1.0,0.5416666666666666,0.5416666666666666,1.0,0.4444444444444444
1321,discriminative-attribute-state,yes,0,0.7272727272727273,0.5636363636363636,0.0,1.0,1.0,1.0,0.0,1.0,0.5151515151515151,0.675,0.4666666666666667,0.5416666666666666,1.0,0.4444444444444444
1323,discriminative-attribute-state,yes,0,1.0,1.0,0.0,1.0,1.0,1.0,0.2,0.6,0.47619047619047616,1.0,0.6,0.5416666666666666,0.875,0.4666666666666667
1327,discriminative-attribute-number,yes,0,1.0,1.0,0.9090909090909091,0.8181818181818182,1.0,1.0,0.8,0.6,0.9090909090909091,1.0,0.875,0.875,0.7666666666666667,0.8
1329,discriminative-attribute-state,yes,0,1.0,1.0,0.09090909090909091,0.8181818181818182,1.0,1.0,0.0,1.0,0.4805194805194805,1.0,0.5416666666666666,0.5,0.875,0.4444444444444444
1331,discriminative-attribute-state,yes,1,1.0,1.0,1.0,1.0,0.6,0.4,0.8,0.6,1.0,0.7666666666666667,0.875,0.7666666666666667,0.875,0.5333333333333333
1333,discriminative-attribute-action,yes,0,1.0,1.0,0.6363636363636364,0.4909090909090909,1.0,1.0,0.0,1.0,0.6883116883116883,1.0,0.5416666666666666,0.6,0.475,0.4444444444444444
1335,discriminative-attribute-number,yes,0,1.0,1.0,0.45454545454545453,0.45454545454545453,1.0,1.0,0.4,0.4,0.5844155844155844,1.0,0.675,0.5,0.475,0.5333333333333333
1337,discriminative-attribute-state,yes,0,1.0,1.0,0.7272727272727273,0.5636363636363636,1.0,1.0,0.4,0.4,0.7532467532467533,1.0,0.675,0.675,0.5,0.5333333333333333
1339,discriminative-attribute-state,yes,0,0.8181818181818182,0.6727272727272727,0.0,1.0,1.0,1.0,0.0,1.0,0.4935064935064935,0.7666666666666667,0.475,0.5416666666666666,1.0,0.4444444444444444
1343,discriminative-attribute-state,yes,0,1.0,1.0,0.0,1.0,1.0,1.0,0.0,1.0,0.47619047619047616,1.0,0.5416666666666666,0.5416666666666666,1.0,0.4444444444444444
1345,discriminative-attribute-state,yes,0,1.0,1.0,0.0,1.0,1.0,1.0,0.0,1.0,0.47619047619047616,1.0,0.5416666666666666,0.5416666666666666,1.0,0.4444444444444444
1347,discriminative-attribute-action,yes,0,1.0,1.0,0.0,1.0,1.0,1.0,0.0,1.0,0.47619047619047616,1.0,0.5416666666666666,0.5416666666666666,1.0,0.4444444444444444
1349,discriminative-attribute-action,yes,0,1.0,1.0,0.09090909090909091,0.8181818181818182,1.0,1.0,0.4,0.4,0.4805194805194805,1.0,0.675,0.5,0.675,0.5333333333333333
1351,discriminative-attribute-state,yes,0,0.7272727272727273,0.5636363636363636,0.0,1.0,1.0,1.0,0.2,0.6,0.5151515151515151,0.675,0.475,0.5416666666666666,0.875,0.4666666666666667
1353,discriminative-attribute-state,yes,0,1.0,1.0,0.0,1.0,1.0,1.0,0.0,1.0,0.47619047619047616,1.0,0.5416666666666666,0.5416666666666666,1.0,0.4444444444444444
1355,discriminative-attribute-state,yes,1,0.8181818181818182,0.6727272727272727,1.0,1.0,0.2,0.6,1.0,1.0,0.8268398268398268,0.5,0.7666666666666667,0.6,1.0,0.4666666666666667
1357,discriminative-attribute-state,yes,1,0.0,1.0,1.0,1.0,0.0,1.0,1.0,1.0,0.47619047619047616,1.0,0.5416666666666666,0.5416666666666666,1.0,0.4444444444444444
1359,discriminative-attribute-state,yes,0,1.0,1.0,0.0,1.0,1.0,1.0,0.0,1.0,0.47619047619047616,1.0,0.5416666666666666,0.5416666666666666,1.0,0.4444444444444444
1361,discriminative-attribute-action,yes,0,0.9090909090909091,0.8181818181818182,0.0,1.0,1.0,1.0,0.0,1.0,0.4805194805194805,0.875,0.5,0.5416666666666666,1.0,0.4444444444444444
1365,discriminative-attribute-state,yes,1,0.5454545454545454,0.45454545454545453,0.5454545454545454,0.45454545454545453,0.2,0.6,1.0,1.0,0.4805194805194805,0.475,0.5416666666666666,0.475,0.5416666666666666,0.4666666666666667
1367,discriminative-attribute-state,yes,1,0.36363636363636365,0.4909090909090909,1.0,1.0,0.0,1.0,1.0,1.0,0.5454545454545454,0.6,0.475,0.5416666666666666,1.0,0.4444444444444444
1369,discriminative-attribute-number,yes,0,0.9090909090909091,0.8181818181818182,1.0,1.0,1.0,1.0,1.0,1.0,0.9090909090909091,0.875,0.875,1.0,1.0,1.0
1371,discriminative-attribute-state,yes,0,1.0,1.0,0.0,1.0,1.0,1.0,0.2,0.6,0.47619047619047616,1.0,0.6,0.5416666666666666,0.875,0.4666666666666667
1373,discriminative-attribute-state,yes,0,1.0,1.0,0.18181818181818182,0.6727272727272727,1.0,1.0,0.0,1.0,0.4935064935064935,1.0,0.5416666666666666,0.475,0.7666666666666667,0.4444444444444444
1375,discriminative-attribute-state,yes,1,0.2727272727272727,0.5636363636363636,1.0,1.0,0.4,0.4,1.0,1.0,0.5151515151515151,0.5416666666666666,0.4666666666666667,0.675,1.0,0.5333333333333333
1377,discriminative-attribute-action,yes,0,0.9090909090909091,0.8181818181818182,0.0,1.0,1.0,1.0,0.0,1.0,0.4805194805194805,0.875,0.5,0.5416666666666666,1.0,0.4444444444444444
1379,discriminative-attribute-state,yes,0,1.0,1.0,0.0,1.0,1.0,1.0,0.2,0.6,0.47619047619047616,1.0,0.6,0.5416666666666666,0.875,0.4666666666666667
1381,discriminative-attribute-state,yes,0,0.45454545454545453,0.45454545454545453,0.0,1.0,0.6,0.4,0.0,1.0,0.6320346320346321,0.4666666666666667,0.5416666666666666,0.675,1.0,0.5333333333333333
1383,discriminative-attribute-state,yes,0,1.0,1.0,0.09090909090909091,0.8181818181818182,1.0,1.0,0.0,1.0,0.4805194805194805,1.0,0.5416666666666666,0.5,0.875,0.4444444444444444
1385,discriminative-attribute-state,yes,0,1.0,1.0,0.0,1.0,1.0,1.0,0.0,1.0,0.47619047619047616,1.0,0.5416666666666666,0.5416666666666666,1.0,0.4444444444444444
1387,discriminative-attribute-state,yes,0,1.0,1.0,0.0,1.0,1.0,1.0,0.0,1.0,0.47619047619047616,1.0,0.5416666666666666,0.5416666666666666,1.0,0.4444444444444444
1389,discriminative-attribute-state,yes,0,1.0,1.0,0.0,1.0,1.0,1.0,0.0,1.0,0.47619047619047616,1.0,0.5416666666666666,0.5416666666666666,1.0,0.4444444444444444
1393,discriminative-attribute-state,yes,1,0.6363636363636364,0.4909090909090909,1.0,1.0,0.0,1.0,1.0,1.0,0.6883116883116883,0.475,0.6,0.5416666666666666,1.0,0.4444444444444444
1395,discriminative-attribute-state,yes,0,1.0,1.0,0.0,1.0,1.0,1.0,0.0,1.0,0.47619047619047616,1.0,0.5416666666666666,0.5416666666666666,1.0,0.4444444444444444
1399,discriminative-attribute-number,yes,0,1.0,1.0,0.09090909090909091,0.8181818181818182,1.0,1.0,0.2,0.6,0.4805194805194805,1.0,0.6,0.5,0.7666666666666667,0.4666666666666667
1401,discriminative-attribute-state,yes,1,0.0,1.0,1.0,1.0,0.0,1.0,1.0,1.0,0.47619047619047616,1.0,0.5416666666666666,0.5416666666666666,1.0,0.4444444444444444
1403,discriminative-attribute-state,yes,0,1.0,1.0,0.0,1.0,1.0,1.0,0.0,1.0,0.47619047619047616,1.0,0.5416666666666666,0.5416666666666666,1.0,0.4444444444444444
1405,discriminative-attribute-number,yes,0,1.0,1.0,1.0,1.0,1.0,1.0,0.6,0.4,1.0,1.0,0.7666666666666667,1.0,0.7666666666666667,0.6444444444444445
1407,discriminative-attribute-state,yes,0,0.7272727272727273,0.5636363636363636,0.0,1.0,1.0,1.0,0.0,1.0,0.5151515151515151,0.675,0.4666666666666667,0.5416666666666666,1.0,0.4444444444444444
1409,discriminative-attribute-state,yes,0,1.0,1.0,0.09090909090909091,0.8181818181818182,1.0,1.0,0.0,1.0,0.4805194805194805,1.0,0.5416666666666666,0.5,0.875,0.4444444444444444
1411,discriminative-attribute-state,yes,0,1.0,1.0,0.0,1.0,1.0,1.0,0.0,1.0,0.47619047619047616,1.0,0.5416666666666666,0.5416666666666666,1.0,0.4444444444444444
1415,discriminative-attribute-state,yes,0,1.0,1.0,0.0,1.0,1.0,1.0,0.0,1.0,0.47619047619047616,1.0,0.5416666666666666,0.5416666666666666,1.0,0.4444444444444444
1417,discriminative-attribute-state,yes,0,0.45454545454545453,0.45454545454545453,0.2727272727272727,0.5636363636363636,1.0,1.0,0.2,0.6,0.5151515151515151,0.5,0.5,0.4666666666666667,0.6,0.4666666666666667
1419,discriminative-attribute-state,yes,1,1.0,1.0,1.0,1.0,0.2,0.6,1.0,1.0,1.0,0.6,1.0,0.6,1.0,0.4666666666666667
1421,discriminative-attribute-state,yes,0,1.0,1.0,0.0,1.0,1.0,1.0,0.0,1.0,0.47619047619047616,1.0,0.5416666666666666,0.5416666666666666,1.0,0.4444444444444444
1423,discriminative-attribute-number,yes,0,1.0,1.0,0.5454545454545454,0.45454545454545453,1.0,1.0,0.6,0.4,0.6320346320346321,1.0,0.7666666666666667,0.5416666666666666,0.475,0.6444444444444445
1425,discriminative-attribute-state,yes,0,1.0,1.0,0.0,1.0,1.0,1.0,0.0,1.0,0.47619047619047616,1.0,0.5416666666666666,0.5416666666666666,1.0,0.4444444444444444
1427,discriminative-attribute-number,yes,0,0.9090909090909091,0.8181818181818182,0.6363636363636364,0.4909090909090909,0.8,0.6,0.6,0.4,0.6320346320346321,0.7666666666666667,0.675,0.5416666666666666,0.5,0.5333333333333333
1429,discriminative-attribute-state,yes,1,0.18181818181818182,0.6727272727272727,0.8181818181818182,0.6727272727272727,0.0,1.0,1.0,1.0,0.47619047619047616,0.7666666666666667,0.475,0.475,0.7666666666666667,0.4444444444444444
1431,discriminative-attribute-state,yes,1,0.7272727272727273,0.5636363636363636,1.0,1.0,0.0,1.0,1.0,1.0,0.7532467532467533,0.4666666666666667,0.675,0.5416666666666666,1.0,0.4444444444444444
1433,discriminative-attribute-state,yes,0,1.0,1.0,0.09090909090909091,0.8181818181818182,1.0,1.0,0.0,1.0,0.4805194805194805,1.0,0.5416666666666666,0.5,0.875,0.4444444444444444
1435,discriminative-attribute-state,yes,1,0.18181818181818182,0.6727272727272727,0.9090909090909091,0.8181818181818182,0.2,0.6,1.0,1.0,0.4805194805194805,0.675,0.475,0.5416666666666666,0.875,0.4666666666666667
1437,discriminative-attribute-state,yes,0,1.0,1.0,0.09090909090909091,0.8181818181818182,1.0,1.0,0.0,1.0,0.4805194805194805,1.0,0.5416666666666666,0.5,0.875,0.4444444444444444
1441,discriminative-attribute-number,yes,0,1.0,1.0,0.2727272727272727,0.5636363636363636,1.0,1.0,0.0,1.0,0.5151515151515151,1.0,0.5416666666666666,0.4666666666666667,0.675,0.4444444444444444
1443,discriminative-attribute-state,yes,0,1.0,1.0,0.0,1.0,1.0,1.0,0.0,1.0,0.47619047619047616,1.0,0.5416666666666666,0.5416666666666666,1.0,0.4444444444444444
1445,discriminative-attribute-action,yes,1,1.0,1.0,0.0,1.0,1.0,1.0,0.0,1.0,0.47619047619047616,1.0,0.5416666666666666,0.5416666666666666,1.0,0.4444444444444444
1447,discriminative-attribute-number,yes,0,1.0,1.0,0.09090909090909091,0.8181818181818182,1.0,1.0,0.2,0.6,0.4805194805194805,1.0,0.6,0.5,0.7666666666666667,0.4666666666666667
1449,discriminative-attribute-state,yes,0,1.0,1.0,0.09090909090909091,0.8181818181818182,1.0,1.0,0.4,0.4,0.4805194805194805,1.0,0.675,0.5,0.675,0.5333333333333333
1451,discriminative-attribute-action,yes,0,1.0,1.0,0.09090909090909091,0.8181818181818182,1.0,1.0,0.0,1.0,0.4805194805194805,1.0,0.5416666666666666,0.5,0.875,0.4444444444444444
1453,discriminative-attribute-state,yes,0,1.0,1.0,0.0,1.0,1.0,1.0,0.0,1.0,0.47619047619047616,1.0,0.5416666666666666,0.5416666666666666,1.0,0.4444444444444444
1455,discriminative-attribute-state,yes,0,1.0,1.0,0.2727272727272727,0.5636363636363636,1.0,1.0,0.4,0.4,0.5151515151515151,1.0,0.675,0.4666666666666667,0.5416666666666666,0.5333333333333333
1457,discriminative-attribute-state,yes,1,1.0,1.0,1.0,1.0,0.6,0.4,1.0,1.0,1.0,0.7666666666666667,1.0,0.7666666666666667,1.0,0.6444444444444445
1459,discriminative-attribute-action,yes,0,1.0,1.0,0.5454545454545454,0.45454545454545453,1.0,1.0,0.0,1.0,0.6320346320346321,1.0,0.5416666666666666,0.5416666666666666,0.5,0.4444444444444444
1461,discriminative-attribute-number,yes,0,1.0,1.0,1.0,1.0,1.0,1.0,0.8,0.6,1.0,1.0,0.875,1.0,0.875,0.8
1463,discriminative-attribute-state,yes,0,1.0,1.0,0.0,1.0,1.0,1.0,0.0,1.0,0.47619047619047616,1.0,0.5416666666666666,0.5416666666666666,1.0,0.4444444444444444
1465,discriminative-attribute-state,yes,0,1.0,1.0,0.7272727272727273,0.5636363636363636,1.0,1.0,0.2,0.6,0.7532467532467533,1.0,0.6,0.675,0.475,0.4666666666666667
1467,discriminative-attribute-state,yes,0,1.0,1.0,0.0,1.0,1.0,1.0,0.0,1.0,0.47619047619047616,1.0,0.5416666666666666,0.5416666666666666,1.0,0.4444444444444444
1469,discriminative-attribute-state,yes,1,0.0,1.0,1.0,1.0,0.0,1.0,1.0,1.0,0.47619047619047616,1.0,0.5416666666666666,0.5416666666666666,1.0,0.4444444444444444
1471,discriminative-attribute-action,yes,0,1.0,1.0,0.0,1.0,1.0,1.0,0.0,1.0,0.47619047619047616,1.0,0.5416666666666666,0.5416666666666666,1.0,0.4444444444444444
1475,discriminative-attribute-state,yes,1,0.0,1.0,0.0,1.0,0.0,1.0,0.4,0.4,1.0,1.0,0.7666666666666667,1.0,0.7666666666666667,0.6444444444444445
1477,discriminative-attribute-state,yes,0,0.9090909090909091,0.8181818181818182,0.0,1.0,1.0,1.0,0.0,1.0,0.4805194805194805,0.875,0.5,0.5416666666666666,1.0,0.4444444444444444
1479,discriminative-attribute-number,yes,0,1.0,1.0,1.0,1.0,1.0,1.0,0.8,0.6,1.0,1.0,0.875,1.0,0.875,0.8
1481,discriminative-attribute-state,yes,0,0.9090909090909091,0.8181818181818182,1.0,1.0,1.0,1.0,0.8,0.6,0.9090909090909091,0.875,0.7666666666666667,1.0,0.875,0.8
1483,discriminative-attribute-number,yes,1,0.7272727272727273,0.5636363636363636,0.0,1.0,0.4,0.4,0.4,0.4,0.5151515151515151,0.5,0.5,0.7666666666666667,0.7666666666666667,0.4666666666666667
1485,discriminative-attribute-state,yes,1,0.09090909090909091,0.8181818181818182,1.0,1.0,0.0,1.0,1.0,1.0,0.4805194805194805,0.875,0.5,0.5416666666666666,1.0,0.4444444444444444
1487,discriminative-attribute-state,yes,0,1.0,1.0,0.0,1.0,1.0,1.0,0.0,1.0,0.47619047619047616,1.0,0.5416666666666666,0.5416666666666666,1.0,0.4444444444444444
1489,discriminative-attribute-state,yes,1,0.0,1.0,0.9090909090909091,0.8181818181818182,0.0,1.0,1.0,1.0,0.4805194805194805,1.0,0.5416666666666666,0.5,0.875,0.4444444444444444
1491,discriminative-attribute-state,yes,0,1.0,1.0,0.0,1.0,1.0,1.0,0.0,1.0,0.47619047619047616,1.0,0.5416666666666666,0.5416666666666666,1.0,0.4444444444444444
1493,discriminative-attribute-action,yes,0,1.0,1.0,0.0,1.0,1.0,1.0,0.0,1.0,0.47619047619047616,1.0,0.5416666666666666,0.5416666666666666,1.0,0.4444444444444444
1495,discriminative-attribute-number,yes,0,1.0,1.0,0.0,1.0,1.0,1.0,0.0,1.0,0.47619047619047616,1.0,0.5416666666666666,0.5416666666666666,1.0,0.4444444444444444
1497,discriminative-attribute-action,yes,0,1.0,1.0,0.7272727272727273,0.5636363636363636,1.0,1.0,0.8,0.6,0.7532467532467533,1.0,0.875,0.675,0.6,0.8
1499,discriminative-attribute-state,yes,0,1.0,1.0,0.2727272727272727,0.5636363636363636,1.0,1.0,0.2,0.6,0.5151515151515151,1.0,0.6,0.4666666666666667,0.6,0.4666666666666667
1501,discriminative-attribute-number,yes,0,1.0,1.0,0.36363636363636365,0.4909090909090909,1.0,1.0,0.6,0.4,0.5454545454545454,1.0,0.7666666666666667,0.475,0.475,0.6444444444444445
1503,discriminative-attribute-number,yes,0,0.9090909090909091,0.8181818181818182,1.0,1.0,0.8,0.6,0.8,0.6,0.9090909090909091,0.7666666666666667,0.7666666666666667,0.875,0.875,0.6444444444444445
1505,discriminative-attribute-number,yes,0,1.0,1.0,0.09090909090909091,0.8181818181818182,1.0,1.0,0.2,0.6,0.4805194805194805,1.0,0.6,0.5,0.7666666666666667,0.4666666666666667
1507,discriminative-attribute-state,yes,0,1.0,1.0,0.0,1.0,1.0,1.0,0.2,0.6,0.47619047619047616,1.0,0.6,0.5416666666666666,0.875,0.4666666666666667
1509,discriminative-attribute-state,yes,0,1.0,1.0,0.0,1.0,1.0,1.0,0.0,1.0,0.47619047619047616,1.0,0.5416666666666666,0.5416666666666666,1.0,0.4444444444444444
1511,discriminative-attribute-state,yes,0,1.0,1.0,0.18181818181818182,0.6727272727272727,1.0,1.0,0.0,1.0,0.4935064935064935,1.0,0.5416666666666666,0.475,0.7666666666666667,0.4444444444444444
1513,discriminative-attribute-state,yes,1,0.18181818181818182,0.6727272727272727,1.0,1.0,0.0,1.0,1.0,1.0,0.4935064935064935,0.7666666666666667,0.475,0.5416666666666666,1.0,0.4444444444444444
1515,discriminative-attribute-number,yes,0,1.0,1.0,1.0,1.0,1.0,1.0,0.8,0.6,1.0,1.0,0.875,1.0,0.875,0.8
1517,discriminative-attribute-state,yes,1,0.36363636363636365,0.4909090909090909,0.18181818181818182,0.6727272727272727,0.0,1.0,0.6,0.4,0.5844155844155844,0.6,0.475,0.7666666666666667,0.5416666666666666,0.5333333333333333
1519,discriminative-attribute-state,yes,1,0.7272727272727273,0.5636363636363636,0.36363636363636365,0.4909090909090909,0.4,0.4,0.8,0.6,0.4805194805194805,0.5,0.6,0.5,0.4666666666666667,0.4666666666666667
1521,discriminative-attribute-state,yes,1,0.0,1.0,1.0,1.0,0.0,1.0,1.0,1.0,0.47619047619047616,1.0,0.5416666666666666,0.5416666666666666,1.0,0.4444444444444444
1523,discriminative-attribute-number,yes,0,1.0,1.0,0.09090909090909091,0.8181818181818182,1.0,1.0,0.2,0.6,0.4805194805194805,1.0,0.6,0.5,0.7666666666666667,0.4666666666666667
1525,discriminative-attribute-state,yes,0,0.9090909090909091,0.8181818181818182,0.0,1.0,1.0,1.0,0.0,1.0,0.4805194805194805,0.875,0.5,0.5416666666666666,1.0,0.4444444444444444
1527,discriminative-attribute-state,yes,0,0.7272727272727273,0.5636363636363636,0.0,1.0,1.0,1.0,0.0,1.0,0.5151515151515151,0.675,0.4666666666666667,0.5416666666666666,1.0,0.4444444444444444
1531,discriminative-attribute-number,yes,0,1.0,1.0,1.0,1.0,1.0,1.0,0.8,0.6,1.0,1.0,0.875,1.0,0.875,0.8
1533,discriminative-attribute-state,yes,0,1.0,1.0,0.18181818181818182,0.6727272727272727,1.0,1.0,0.0,1.0,0.4935064935064935,1.0,0.5416666666666666,0.475,0.7666666666666667,0.4444444444444444
1535,discriminative-attribute-state,yes,0,1.0,1.0,0.0,1.0,1.0,1.0,0.0,1.0,0.47619047619047616,1.0,0.5416666666666666,0.5416666666666666,1.0,0.4444444444444444
1537,discriminative-attribute-number,yes,0,1.0,1.0,0.0,1.0,1.0,1.0,0.0,1.0,0.47619047619047616,1.0,0.5416666666666666,0.5416666666666666,1.0,0.4444444444444444
1539,discriminative-attribute-number,yes,0,1.0,1.0,0.0,1.0,1.0,1.0,0.4,0.4,0.47619047619047616,1.0,0.675,0.5416666666666666,0.7666666666666667,0.5333333333333333
1541,discriminative-attribute-action,yes,0,1.0,1.0,0.9090909090909091,0.8181818181818182,1.0,1.0,0.4,0.4,0.9090909090909091,1.0,0.675,0.875,0.6,0.5333333333333333
1543,discriminative-attribute-state,yes,0,0.8181818181818182,0.6727272727272727,0.0,1.0,0.6,0.4,0.0,1.0,0.4935064935064935,0.6,0.475,0.675,1.0,0.5333333333333333
1545,discriminative-attribute-number,yes,0,1.0,1.0,1.0,1.0,1.0,1.0,0.6,0.4,1.0,1.0,0.7666666666666667,1.0,0.7666666666666667,0.6444444444444445
1547,discriminative-attribute-state,yes,0,1.0,1.0,0.0,1.0,1.0,1.0,0.0,1.0,0.47619047619047616,1.0,0.5416666666666666,0.5416666666666666,1.0,0.4444444444444444
1549,discriminative-attribute-state,yes,0,0.9090909090909091,0.8181818181818182,0.0,1.0,1.0,1.0,0.0,1.0,0.4805194805194805,0.875,0.5,0.5416666666666666,1.0,0.4444444444444444
1551,discriminative-attribute-state,yes,0,1.0,1.0,0.09090909090909091,0.8181818181818182,1.0,1.0,0.0,1.0,0.4805194805194805,1.0,0.5416666666666666,0.5,0.875,0.4444444444444444
1553,discriminative-attribute-action,yes,1,0.0,1.0,0.9090909090909091,0.8181818181818182,0.0,1.0,0.6,0.4,0.4805194805194805,1.0,0.675,0.5,0.675,0.5333333333333333
1555,discriminative-attribute-number,yes,0,0.9090909090909091,0.8181818181818182,0.36363636363636365,0.4909090909090909,1.0,1.0,0.6,0.4,0.5151515151515151,0.875,0.675,0.475,0.475,0.6444444444444445
1557,discriminative-attribute-state,yes,0,1.0,1.0,0.0,1.0,1.0,1.0,0.0,1.0,0.47619047619047616,1.0,0.5416666666666666,0.5416666666666666,1.0,0.4444444444444444
1559,discriminative-attribute-state,yes,1,0.18181818181818182,0.6727272727272727,0.9090909090909091,0.8181818181818182,0.0,1.0,0.8,0.6,0.4805194805194805,0.7666666666666667,0.5,0.5,0.7666666666666667,0.4666666666666667
1561,discriminative-attribute-number,yes,0,1.0,1.0,0.09090909090909091,0.8181818181818182,1.0,1.0,0.4,0.4,0.4805194805194805,1.0,0.675,0.5,0.675,0.5333333333333333
1563,discriminative-attribute-state,yes,0,1.0,1.0,0.0,1.0,1.0,1.0,0.0,1.0,0.47619047619047616,1.0,0.5416666666666666,0.5416666666666666,1.0,0.4444444444444444
1565,discriminative-attribute-state,yes,0,0.8181818181818182,0.6727272727272727,0.18181818181818182,0.6727272727272727,1.0,1.0,0.0,1.0,0.47619047619047616,0.7666666666666667,0.475,0.475,0.7666666666666667,0.4444444444444444
1567,discriminative-attribute-state,yes,0,0.45454545454545453,0.45454545454545453,0.0,1.0,1.0,1.0,0.0,1.0,0.6320346320346321,0.5,0.5416666666666666,0.5416666666666666,1.0,0.4444444444444444
1569,discriminative-attribute-state,yes,0,1.0,1.0,0.0,1.0,1.0,1.0,0.0,1.0,0.47619047619047616,1.0,0.5416666666666666,0.5416666666666666,1.0,0.4444444444444444
1573,discriminative-attribute-number,yes,0,1.0,1.0,0.36363636363636365,0.4909090909090909,1.0,1.0,0.6,0.4,0.5454545454545454,1.0,0.7666666666666667,0.475,0.475,0.6444444444444445
1575,discriminative-attribute-action,yes,0,1.0,1.0,1.0,1.0,1.0,1.0,0.8,0.6,1.0,1.0,0.875,1.0,0.875,0.8
1577,discriminative-attribute-state,yes,0,0.9090909090909091,0.8181818181818182,0.0,1.0,0.8,0.6,0.0,1.0,0.4805194805194805,0.7666666666666667,0.5,0.6,1.0,0.4666666666666667
1579,discriminative-attribute-state,yes,0,1.0,1.0,0.09090909090909091,0.8181818181818182,1.0,1.0,0.0,1.0,0.4805194805194805,1.0,0.5416666666666666,0.5,0.875,0.4444444444444444
1581,discriminative-attribute-state,yes,0,1.0,1.0,0.0,1.0,1.0,1.0,0.0,1.0,0.47619047619047616,1.0,0.5416666666666666,0.5416666666666666,1.0,0.4444444444444444
1583,discriminative-attribute-state,yes,1,0.0,1.0,0.6363636363636364,0.4909090909090909,0.0,1.0,0.6,0.4,0.5454545454545454,1.0,0.675,0.475,0.5,0.5333333333333333
1585,discriminative-attribute-action,yes,0,1.0,1.0,0.18181818181818182,0.6727272727272727,1.0,1.0,0.0,1.0,0.4935064935064935,1.0,0.5416666666666666,0.475,0.7666666666666667,0.4444444444444444
1587,discriminative-attribute-number,yes,0,1.0,1.0,0.36363636363636365,0.4909090909090909,1.0,1.0,0.4,0.4,0.5454545454545454,1.0,0.675,0.475,0.5,0.5333333333333333
1589,discriminative-attribute-state,yes,0,1.0,1.0,0.0,1.0,1.0,1.0,0.0,1.0,0.47619047619047616,1.0,0.5416666666666666,0.5416666666666666,1.0,0.4444444444444444
1591,discriminative-attribute-state,yes,0,1.0,1.0,0.0,1.0,1.0,1.0,0.2,0.6,0.47619047619047616,1.0,0.6,0.5416666666666666,0.875,0.4666666666666667
1593,discriminative-attribute-state,yes,1,0.09090909090909091,0.8181818181818182,1.0,1.0,0.4,0.4,1.0,1.0,0.4805194805194805,0.675,0.5,0.675,1.0,0.5333333333333333
1595,discriminative-attribute-state,yes,0,1.0,1.0,0.0,1.0,1.0,1.0,0.0,1.0,0.47619047619047616,1.0,0.5416666666666666,0.5416666666666666,1.0,0.4444444444444444
1597,discriminative-attribute-number,yes,0,1.0,1.0,0.9090909090909091,0.8181818181818182,1.0,1.0,0.8,0.6,0.9090909090909091,1.0,0.875,0.875,0.7666666666666667,0.8
1599,discriminative-attribute-state,yes,1,1.0,1.0,0.7272727272727273,0.5636363636363636,0.4,0.4,1.0,1.0,0.7532467532467533,0.675,1.0,0.5,0.675,0.5333333333333333
1601,discriminative-attribute-state,yes,1,1.0,1.0,1.0,1.0,0.6,0.4,0.8,0.6,1.0,0.7666666666666667,0.875,0.7666666666666667,0.875,0.5333333333333333
1603,discriminative-attribute-state,yes,0,1.0,1.0,0.09090909090909091,0.8181818181818182,1.0,1.0,0.2,0.6,0.4805194805194805,1.0,0.6,0.5,0.7666666666666667,0.4666666666666667
1605,discriminative-attribute-action,yes,0,1.0,1.0,0.36363636363636365,0.4909090909090909,0.6,0.4,0.2,0.6,0.5454545454545454,0.7666666666666667,0.6,0.475,0.5416666666666666,0.4666666666666667
1607,discriminative-attribute-number,yes,0,1.0,1.0,0.18181818181818182,0.6727272727272727,1.0,1.0,0.4,0.4,0.4935064935064935,1.0,0.675,0.475,0.6,0.5333333333333333
1611,discriminative-attribute-state,yes,1,0.45454545454545453,0.45454545454545453,1.0,1.0,0.6,0.4,1.0,1.0,0.5844155844155844,0.4666666666666667,0.5,0.7666666666666667,1.0,0.6444444444444445
1613,discriminative-attribute-state,yes,0,0.7272727272727273,0.5636363636363636,1.0,1.0,1.0,1.0,0.6,0.4,0.7532467532467533,0.675,0.5416666666666666,1.0,0.7666666666666667,0.6444444444444445
1615,discriminative-attribute-number,yes,0,1.0,1.0,0.09090909090909091,0.8181818181818182,1.0,1.0,0.4,0.4,0.4805194805194805,1.0,0.675,0.5,0.675,0.5333333333333333
1617,discriminative-attribute-state,yes,1,0.7272727272727273,0.5636363636363636,1.0,1.0,0.6,0.4,1.0,1.0,0.7532467532467533,0.5416666666666666,0.675,0.7666666666666667,1.0,0.6444444444444445
1619,discriminative-attribute-state,yes,1,0.6363636363636364,0.4909090909090909,1.0,1.0,0.2,0.6,1.0,1.0,0.6883116883116883,0.4666666666666667,0.6,0.6,1.0,0.4666666666666667
1621,discriminative-attribute-state,yes,1,0.09090909090909091,0.8181818181818182,1.0,1.0,0.0,1.0,1.0,1.0,0.4805194805194805,0.875,0.5,0.5416666666666666,1.0,0.4444444444444444
1623,discriminative-attribute-state,yes,0,1.0,1.0,0.0,1.0,1.0,1.0,0.0,1.0,0.47619047619047616,1.0,0.5416666666666666,0.5416666666666666,1.0,0.4444444444444444
1625,discriminative-attribute-action,yes,0,1.0,1.0,0.0,1.0,1.0,1.0,0.0,1.0,0.47619047619047616,1.0,0.5416666666666666,0.5416666666666666,1.0,0.4444444444444444
1627,discriminative-attribute-number,yes,1,0.09090909090909091,0.8181818181818182,0.9090909090909091,0.8181818181818182,0.2,0.6,0.8,0.6,0.47619047619047616,0.7666666666666667,0.5416666666666666,0.5416666666666666,0.7666666666666667,0.4444444444444444
1629,discriminative-attribute-state,yes,0,1.0,1.0,0.0,1.0,1.0,1.0,0.0,1.0,0.47619047619047616,1.0,0.5416666666666666,0.5416666666666666,1.0,0.4444444444444444
1631,discriminative-attribute-number,yes,0,1.0,1.0,0.09090909090909091,0.8181818181818182,1.0,1.0,0.0,1.0,0.4805194805194805,1.0,0.5416666666666666,0.5,0.875,0.4444444444444444
1633,discriminative-attribute-state,yes,1,0.5454545454545454,0.45454545454545453,1.0,1.0,0.2,0.6,1.0,1.0,0.6320346320346321,0.475,0.5416666666666666,0.6,1.0,0.4666666666666667
1635,discriminative-attribute-action,yes,0,1.0,1.0,0.0,1.0,1.0,1.0,0.0,1.0,0.47619047619047616,1.0,0.5416666666666666,0.5416666666666666,1.0,0.4444444444444444
1637,discriminative-attribute-number,yes,0,1.0,1.0,0.6363636363636364,0.4909090909090909,1.0,1.0,1.0,1.0,0.6883116883116883,1.0,1.0,0.6,0.6,1.0
1639,discriminative-attribute-state,yes,0,1.0,1.0,0.0,1.0,1.0,1.0,0.0,1.0,0.47619047619047616,1.0,0.5416666666666666,0.5416666666666666,1.0,0.4444444444444444
1641,discriminative-attribute-number,yes,0,1.0,1.0,0.45454545454545453,0.45454545454545453,1.0,1.0,0.8,0.6,0.5844155844155844,1.0,0.875,0.5,0.475,0.8
1643,discriminative-attribute-number,yes,0,1.0,1.0,1.0,1.0,1.0,1.0,0.2,0.6,1.0,1.0,0.6,1.0,0.6,0.4666666666666667
1645,discriminative-attribute-state,yes,0,1.0,1.0,0.0,1.0,0.8,0.6,0.0,1.0,0.47619047619047616,0.875,0.5416666666666666,0.6,1.0,0.4666666666666667
1647,discriminative-attribute-number,yes,0,1.0,1.0,0.45454545454545453,0.45454545454545453,1.0,1.0,0.2,0.6,0.5844155844155844,1.0,0.6,0.5,0.5,0.4666666666666667
1649,discriminative-attribute-state,yes,1,0.09090909090909091,0.8181818181818182,1.0,1.0,0.0,1.0,1.0,1.0,0.4805194805194805,0.875,0.5,0.5416666666666666,1.0,0.4444444444444444
1651,discriminative-attribute-number,yes,0,1.0,1.0,1.0,1.0,1.0,1.0,0.8,0.6,1.0,1.0,0.875,1.0,0.875,0.8
1653,discriminative-attribute-number,yes,0,1.0,1.0,0.6363636363636364,0.4909090909090909,1.0,1.0,0.8,0.6,0.6883116883116883,1.0,0.875,0.6,0.5416666666666666,0.8
1655,discriminative-attribute-state,yes,0,1.0,1.0,0.0,1.0,0.8,0.6,0.0,1.0,0.47619047619047616,0.875,0.5416666666666666,0.6,1.0,0.4666666666666667
1657,discriminative-attribute-state,yes,1,0.2727272727272727,0.5636363636363636,0.9090909090909091,0.8181818181818182,0.0,1.0,1.0,1.0,0.4935064935064935,0.675,0.4666666666666667,0.5,0.875,0.4444444444444444
1659,discriminative-attribute-state,yes,0,1.0,1.0,0.0,1.0,1.0,1.0,0.2,0.6,0.47619047619047616,1.0,0.6,0.5416666666666666,0.875,0.4666666666666667
1661,discriminative-attribute-number,yes,0,1.0,1.0,0.18181818181818182,0.6727272727272727,1.0,1.0,0.4,0.4,0.4935064935064935,1.0,0.675,0.475,0.6,0.5333333333333333
1663,discriminative-attribute-state,yes,1,0.0,1.0,1.0,1.0,0.0,1.0,1.0,1.0,0.47619047619047616,1.0,0.5416666666666666,0.5416666666666666,1.0,0.4444444444444444
1665,discriminative-attribute-state,yes,0,1.0,1.0,0.0,1.0,1.0,1.0,0.0,1.0,0.47619047619047616,1.0,0.5416666666666666,0.5416666666666666,1.0,0.4444444444444444
1667,discriminative-attribute-state,yes,0,1.0,1.0,0.0,1.0,1.0,1.0,0.0,1.0,0.47619047619047616,1.0,0.5416666666666666,0.5416666666666666,1.0,0.4444444444444444
1669,discriminative-attribute-number,yes,0,1.0,1.0,0.0,1.0,1.0,1.0,0.2,0.6,0.47619047619047616,1.0,0.6,0.5416666666666666,0.875,0.4666666666666667
1671,discriminative-attribute-action,yes,0,1.0,1.0,0.36363636363636365,0.4909090909090909,1.0,1.0,0.4,0.4,0.5454545454545454,1.0,0.675,0.475,0.5,0.5333333333333333
1673,discriminative-attribute-state,yes,0,1.0,1.0,0.0,1.0,1.0,1.0,0.0,1.0,0.47619047619047616,1.0,0.5416666666666666,0.5416666666666666,1.0,0.4444444444444444
1675,discriminative-attribute-number,yes,0,1.0,1.0,0.09090909090909091,0.8181818181818182,1.0,1.0,0.0,1.0,0.4805194805194805,1.0,0.5416666666666666,0.5,0.875,0.4444444444444444
1677,discriminative-attribute-action,yes,0,1.0,1.0,0.09090909090909091,0.8181818181818182,1.0,1.0,0.0,1.0,0.4805194805194805,1.0,0.5416666666666666,0.5,0.875,0.4444444444444444
1679,discriminative-attribute-state,yes,0,1.0,1.0,0.0,1.0,1.0,1.0,0.0,1.0,0.47619047619047616,1.0,0.5416666666666666,0.5416666666666666,1.0,0.4444444444444444
1681,discriminative-attribute-state,yes,0,1.0,1.0,0.0,1.0,1.0,1.0,0.0,1.0,0.47619047619047616,1.0,0.5416666666666666,0.5416666666666666,1.0,0.4444444444444444
1683,discriminative-attribute-state,yes,0,1.0,1.0,0.0,1.0,1.0,1.0,0.0,1.0,0.47619047619047616,1.0,0.5416666666666666,0.5416666666666666,1.0,0.4444444444444444
1685,discriminative-attribute-number,yes,0,1.0,1.0,0.36363636363636365,0.4909090909090909,1.0,1.0,0.0,1.0,0.5454545454545454,1.0,0.5416666666666666,0.475,0.6,0.4444444444444444
1687,discriminative-attribute-state,yes,0,1.0,1.0,0.0,1.0,1.0,1.0,0.0,1.0,0.47619047619047616,1.0,0.5416666666666666,0.5416666666666666,1.0,0.4444444444444444
1689,discriminative-attribute-number,yes,1,0.0,1.0,0.6363636363636364,0.4909090909090909,0.0,1.0,0.8,0.6,0.5454545454545454,1.0,0.6,0.475,0.5416666666666666,0.4666666666666667
1693,discriminative-attribute-state,yes,1,0.18181818181818182,0.6727272727272727,1.0,1.0,0.2,0.6,1.0,1.0,0.4935064935064935,0.675,0.475,0.6,1.0,0.4666666666666667
1695,discriminative-attribute-number,yes,1,0.18181818181818182,0.6727272727272727,0.6363636363636364,0.4909090909090909,0.0,1.0,1.0,1.0,0.4935064935064935,0.7666666666666667,0.475,0.475,0.6,0.4444444444444444
1697,discriminative-attribute-state,yes,0,1.0,1.0,0.0,1.0,1.0,1.0,0.0,1.0,0.47619047619047616,1.0,0.5416666666666666,0.5416666666666666,1.0,0.4444444444444444
1699,discriminative-attribute-state,yes,1,0.18181818181818182,0.6727272727272727,1.0,1.0,0.0,1.0,1.0,1.0,0.4935064935064935,0.7666666666666667,0.475,0.5416666666666666,1.0,0.4444444444444444
1701,discriminative-attribute-action,yes,0,1.0,1.0,0.0,1.0,1.0,1.0,0.0,1.0,0.47619047619047616,1.0,0.5416666666666666,0.5416666666666666,1.0,0.4444444444444444
1703,discriminative-attribute-state,yes,1,0.09090909090909091,0.8181818181818182,1.0,1.0,0.0,1.0,1.0,1.0,0.4805194805194805,0.875,0.5,0.5416666666666666,1.0,0.4444444444444444
1705,discriminative-attribute-action,yes,0,1.0,1.0,0.0,1.0,1.0,1.0,0.0,1.0,0.47619047619047616,1.0,0.5416666666666666,0.5416666666666666,1.0,0.4444444444444444
1707,discriminative-attribute-number,yes,0,1.0,1.0,0.09090909090909091,0.8181818181818182,1.0,1.0,0.0,1.0,0.4805194805194805,1.0,0.5416666666666666,0.5,0.875,0.4444444444444444
1709,discriminative-attribute-state,yes,0,1.0,1.0,0.0,1.0,1.0,1.0,0.0,1.0,0.47619047619047616,1.0,0.5416666666666666,0.5416666666666666,1.0,0.4444444444444444
1711,discriminative-attribute-state,yes,0,1.0,1.0,0.0,1.0,1.0,1.0,0.0,1.0,0.47619047619047616,1.0,0.5416666666666666,0.5416666666666666,1.0,0.4444444444444444
1713,discriminative-attribute-state,yes,0,0.8181818181818182,0.6727272727272727,0.0,1.0,1.0,1.0,0.0,1.0,0.4935064935064935,0.7666666666666667,0.475,0.5416666666666666,1.0,0.4444444444444444
1715,discriminative-attribute-action,yes,0,1.0,1.0,0.0,1.0,1.0,1.0,0.0,1.0,0.47619047619047616,1.0,0.5416666666666666,0.5416666666666666,1.0,0.4444444444444444
1717,discriminative-attribute-number,yes,0,1.0,1.0,1.0,1.0,1.0,1.0,0.6,0.4,1.0,1.0,0.7666666666666667,1.0,0.7666666666666667,0.6444444444444445
1719,discriminative-attribute-action,yes,0,1.0,1.0,0.0,1.0,1.0,1.0,0.4,0.4,0.47619047619047616,1.0,0.675,0.5416666666666666,0.7666666666666667,0.5333333333333333
1721,discriminative-attribute-number,yes,0,1.0,1.0,0.36363636363636365,0.4909090909090909,1.0,1.0,0.4,0.4,0.5454545454545454,1.0,0.675,0.475,0.5,0.5333333333333333
1723,discriminative-attribute-state,yes,0,0.9090909090909091,0.8181818181818182,0.2727272727272727,0.5636363636363636,1.0,1.0,0.0,1.0,0.4935064935064935,0.875,0.5,0.4666666666666667,0.675,0.4444444444444444
1725,discriminative-attribute-state,yes,1,0.18181818181818182,0.6727272727272727,0.9090909090909091,0.8181818181818182,0.0,1.0,1.0,1.0,0.4805194805194805,0.7666666666666667,0.475,0.5,0.875,0.4444444444444444
1727,discriminative-attribute-state,yes,1,0.2727272727272727,0.5636363636363636,1.0,1.0,0.0,1.0,1.0,1.0,0.5151515151515151,0.675,0.4666666666666667,0.5416666666666666,1.0,0.4444444444444444
1729,discriminative-attribute-state,yes,0,1.0,1.0,0.0,1.0,1.0,1.0,0.0,1.0,0.47619047619047616,1.0,0.5416666666666666,0.5416666666666666,1.0,0.4444444444444444
1731,discriminative-attribute-state,yes,0,0.5454545454545454,0.45454545454545453,0.0,1.0,1.0,1.0,0.0,1.0,0.5844155844155844,0.5416666666666666,0.5,0.5416666666666666,1.0,0.4444444444444444
1733,discriminative-attribute-state,yes,1,0.0,1.0,1.0,1.0,0.0,1.0,1.0,1.0,0.47619047619047616,1.0,0.5416666666666666,0.5416666666666666,1.0,0.4444444444444444
1735,discriminative-attribute-number,yes,0,1.0,1.0,0.36363636363636365,0.4909090909090909,1.0,1.0,0.2,0.6,0.5454545454545454,1.0,0.6,0.475,0.5416666666666666,0.4666666666666667
1737,discriminative-attribute-state,yes,1,0.36363636363636365,0.4909090909090909,0.9090909090909091,0.8181818181818182,0.4,0.4,0.8,0.6,0.5151515151515151,0.5,0.4666666666666667,0.6,0.7666666666666667,0.4666666666666667
1739,discriminative-attribute-state,yes,0,0.5454545454545454,0.45454545454545453,0.0,1.0,1.0,1.0,0.0,1.0,0.5844155844155844,0.5416666666666666,0.5,0.5416666666666666,1.0,0.4444444444444444
1741,discriminative-attribute-number,yes,0,1.0,1.0,0.7272727272727273,0.5636363636363636,1.0,1.0,0.8,0.6,0.7532467532467533,1.0,0.875,0.675,0.6,0.8
1743,discriminative-attribute-action,yes,0,1.0,1.0,0.0,1.0,1.0,1.0,0.0,1.0,0.47619047619047616,1.0,0.5416666666666666,0.5416666666666666,1.0,0.4444444444444444
1745,discriminative-attribute-number,yes,1,0.0,1.0,0.8181818181818182,0.6727272727272727,0.0,1.0,0.8,0.6,0.4935064935064935,1.0,0.6,0.475,0.675,0.4666666666666667
1747,discriminative-attribute-action,yes,0,1.0,1.0,0.0,1.0,1.0,1.0,0.0,1.0,0.47619047619047616,1.0,0.5416666666666666,0.5416666666666666,1.0,0.4444444444444444
1751,discriminative-attribute-state,yes,0,1.0,1.0,0.18181818181818182,0.6727272727272727,1.0,1.0,0.2,0.6,0.4935064935064935,1.0,0.6,0.475,0.675,0.4666666666666667
1755,discriminative-attribute-number,yes,0,0.9090909090909091,0.8181818181818182,1.0,1.0,1.0,1.0,1.0,1.0,0.9090909090909091,0.875,0.875,1.0,1.0,1.0
1759,discriminative-attribute-number,yes,0,1.0,1.0,1.0,1.0,1.0,1.0,0.4,0.4,1.0,1.0,0.675,1.0,0.675,0.5333333333333333
1761,discriminative-attribute-state,yes,0,1.0,1.0,0.0,1.0,1.0,1.0,0.0,1.0,0.47619047619047616,1.0,0.5416666666666666,0.5416666666666666,1.0,0.4444444444444444
1763,discriminative-attribute-state,yes,1,0.0,1.0,1.0,1.0,0.0,1.0,1.0,1.0,0.47619047619047616,1.0,0.5416666666666666,0.5416666666666666,1.0,0.4444444444444444
1765,discriminative-attribute-action,yes,0,1.0,1.0,0.0,1.0,1.0,1.0,0.0,1.0,0.47619047619047616,1.0,0.5416666666666666,0.5416666666666666,1.0,0.4444444444444444
1767,discriminative-attribute-number,yes,0,1.0,1.0,0.0,1.0,1.0,1.0,0.0,1.0,0.47619047619047616,1.0,0.5416666666666666,0.5416666666666666,1.0,0.4444444444444444
1769,discriminative-attribute-state,yes,0,1.0,1.0,0.0,1.0,1.0,1.0,0.0,1.0,0.47619047619047616,1.0,0.5416666666666666,0.5416666666666666,1.0,0.4444444444444444
1771,discriminative-attribute-state,yes,1,0.36363636363636365,0.4909090909090909,1.0,1.0,0.0,1.0,1.0,1.0,0.5454545454545454,0.6,0.475,0.5416666666666666,1.0,0.4444444444444444
1773,discriminative-attribute-state,yes,1,0.09090909090909091,0.8181818181818182,1.0,1.0,0.0,1.0,1.0,1.0,0.4805194805194805,0.875,0.5,0.5416666666666666,1.0,0.4444444444444444
1775,discriminative-attribute-state,yes,0,1.0,1.0,0.0,1.0,1.0,1.0,0.0,1.0,0.47619047619047616,1.0,0.5416666666666666,0.5416666666666666,1.0,0.4444444444444444
1777,discriminative-attribute-number,yes,0,1.0,1.0,0.09090909090909091,0.8181818181818182,1.0,1.0,0.0,1.0,0.4805194805194805,1.0,0.5416666666666666,0.5,0.875,0.4444444444444444
1779,discriminative-attribute-state,yes,0,1.0,1.0,0.0,1.0,1.0,1.0,0.0,1.0,0.47619047619047616,1.0,0.5416666666666666,0.5416666666666666,1.0,0.4444444444444444
1781,discriminative-attribute-state,yes,0,1.0,1.0,0.36363636363636365,0.4909090909090909,1.0,1.0,0.0,1.0,0.5454545454545454,1.0,0.5416666666666666,0.475,0.6,0.4444444444444444
1783,discriminative-attribute-state,yes,1,0.6363636363636364,0.4909090909090909,0.0,1.0,0.2,0.6,0.2,0.6,0.5454545454545454,0.4666666666666667,0.4666666666666667,0.875,0.875,0.6444444444444445
1785,discriminative-attribute-state,yes,0,0.8181818181818182,0.6727272727272727,0.0,1.0,0.8,0.6,0.0,1.0,0.4935064935064935,0.675,0.475,0.6,1.0,0.4666666666666667
1787,discriminative-attribute-number,yes,0,1.0,1.0,0.8181818181818182,0.6727272727272727,0.8,0.6,1.0,1.0,0.8268398268398268,0.875,1.0,0.675,0.7666666666666667,0.8
1791,discriminative-attribute-state,yes,0,1.0,1.0,0.09090909090909091,0.8181818181818182,0.4,0.4,0.4,0.4,0.4805194805194805,0.675,0.675,0.675,0.675,0.4666666666666667
1793,discriminative-attribute-state,yes,0,1.0,1.0,0.0,1.0,1.0,1.0,0.0,1.0,0.47619047619047616,1.0,0.5416666666666666,0.5416666666666666,1.0,0.4444444444444444
1795,discriminative-attribute-state,yes,1,0.09090909090909091,0.8181818181818182,1.0,1.0,0.0,1.0,1.0,1.0,0.4805194805194805,0.875,0.5,0.5416666666666666,1.0,0.4444444444444444
1797,discriminative-attribute-state,yes,0,1.0,1.0,0.0,1.0,1.0,1.0,0.0,1.0,0.47619047619047616,1.0,0.5416666666666666,0.5416666666666666,1.0,0.4444444444444444
1799,discriminative-attribute-state,yes,0,1.0,1.0,0.09090909090909091,0.8181818181818182,1.0,1.0,0.0,1.0,0.4805194805194805,1.0,0.5416666666666666,0.5,0.875,0.4444444444444444
1801,discriminative-attribute-state,yes,0,1.0,1.0,0.0,1.0,1.0,1.0,0.0,1.0,0.47619047619047616,1.0,0.5416666666666666,0.5416666666666666,1.0,0.4444444444444444
1803,discriminative-attribute-number,yes,0,1.0,1.0,0.09090909090909091,0.8181818181818182,1.0,1.0,0.0,1.0,0.4805194805194805,1.0,0.5416666666666666,0.5,0.875,0.4444444444444444
1805,discriminative-attribute-action,yes,0,1.0,1.0,0.2727272727272727,0.5636363636363636,1.0,1.0,0.2,0.6,0.5151515151515151,1.0,0.6,0.4666666666666667,0.6,0.4666666666666667
1807,discriminative-attribute-state,yes,0,1.0,1.0,0.0,1.0,1.0,1.0,0.2,0.6,0.47619047619047616,1.0,0.6,0.5416666666666666,0.875,0.4666666666666667
1809,discriminative-attribute-state,yes,0,0.9090909090909091,0.8181818181818182,0.45454545454545453,0.45454545454545453,1.0,1.0,0.0,1.0,0.5454545454545454,0.875,0.5,0.5,0.5416666666666666,0.4444444444444444
1811,discriminative-attribute-action,yes,0,1.0,1.0,0.9090909090909091,0.8181818181818182,1.0,1.0,0.8,0.6,0.9090909090909091,1.0,0.875,0.875,0.7666666666666667,0.8
1813,discriminative-attribute-state,yes,1,1.0,1.0,1.0,1.0,0.6,0.4,1.0,1.0,1.0,0.7666666666666667,1.0,0.7666666666666667,1.0,0.6444444444444445
1815,discriminative-attribute-number,yes,0,1.0,1.0,1.0,1.0,0.8,0.6,1.0,1.0,1.0,0.875,1.0,0.875,1.0,0.8
1817,discriminative-attribute-action,yes,0,1.0,1.0,0.0,1.0,1.0,1.0,0.0,1.0,0.47619047619047616,1.0,0.5416666666666666,0.5416666666666666,1.0,0.4444444444444444
1819,discriminative-attribute-action,yes,0,1.0,1.0,0.09090909090909091,0.8181818181818182,1.0,1.0,0.0,1.0,0.4805194805194805,1.0,0.5416666666666666,0.5,0.875,0.4444444444444444
1821,discriminative-attribute-number,yes,0,1.0,1.0,0.0,1.0,1.0,1.0,0.2,0.6,0.47619047619047616,1.0,0.6,0.5416666666666666,0.875,0.4666666666666667
1823,discriminative-attribute-state,yes,0,1.0,1.0,0.09090909090909091,0.8181818181818182,1.0,1.0,0.0,1.0,0.4805194805194805,1.0,0.5416666666666666,0.5,0.875,0.4444444444444444
1825,discriminative-attribute-state,yes,0,0.6363636363636364,0.4909090909090909,0.0,1.0,1.0,1.0,0.0,1.0,0.5454545454545454,0.6,0.475,0.5416666666666666,1.0,0.4444444444444444
1827,discriminative-attribute-state,yes,0,1.0,1.0,0.09090909090909091,0.8181818181818182,1.0,1.0,0.0,1.0,0.4805194805194805,1.0,0.5416666666666666,0.5,0.875,0.4444444444444444
1829,discriminative-attribute-state,yes,0,1.0,1.0,0.0,1.0,1.0,1.0,0.0,1.0,0.47619047619047616,1.0,0.5416666666666666,0.5416666666666666,1.0,0.4444444444444444
1831,discriminative-attribute-number,yes,0,1.0,1.0,0.09090909090909091,0.8181818181818182,1.0,1.0,0.0,1.0,0.4805194805194805,1.0,0.5416666666666666,0.5,0.875,0.4444444444444444
1833,discriminative-attribute-action,yes,0,1.0,1.0,0.9090909090909091,0.8181818181818182,1.0,1.0,0.0,1.0,0.9090909090909091,1.0,0.5416666666666666,0.875,0.5,0.4444444444444444
1835,discriminative-attribute-state,yes,1,1.0,1.0,0.2727272727272727,0.5636363636363636,0.4,0.4,0.8,0.6,0.5151515151515151,0.675,0.875,0.5416666666666666,0.475,0.4666666666666667
1837,discriminative-attribute-state,yes,0,0.09090909090909091,0.8181818181818182,0.0,1.0,1.0,1.0,0.0,1.0,0.9090909090909091,0.5,0.875,0.5416666666666666,1.0,0.4444444444444444
1841,discriminative-attribute-state,yes,0,1.0,1.0,0.0,1.0,1.0,1.0,0.0,1.0,0.47619047619047616,1.0,0.5416666666666666,0.5416666666666666,1.0,0.4444444444444444
1843,discriminative-attribute-state,yes,0,1.0,1.0,0.0,1.0,1.0,1.0,0.0,1.0,0.47619047619047616,1.0,0.5416666666666666,0.5416666666666666,1.0,0.4444444444444444
1845,discriminative-attribute-action,yes,0,1.0,1.0,0.09090909090909091,0.8181818181818182,1.0,1.0,0.0,1.0,0.4805194805194805,1.0,0.5416666666666666,0.5,0.875,0.4444444444444444
1847,discriminative-attribute-state,yes,0,0.9090909090909091,0.8181818181818182,0.09090909090909091,0.8181818181818182,1.0,1.0,0.0,1.0,0.47619047619047616,0.875,0.5,0.5,0.875,0.4444444444444444
1849,discriminative-attribute-state,yes,0,1.0,1.0,0.0,1.0,1.0,1.0,0.2,0.6,0.47619047619047616,1.0,0.6,0.5416666666666666,0.875,0.4666666666666667
1851,discriminative-attribute-state,yes,0,1.0,1.0,0.0,1.0,0.8,0.6,0.0,1.0,0.47619047619047616,0.875,0.5416666666666666,0.6,1.0,0.4666666666666667
1853,discriminative-attribute-state,yes,0,1.0,1.0,0.09090909090909091,0.8181818181818182,1.0,1.0,0.0,1.0,0.4805194805194805,1.0,0.5416666666666666,0.5,0.875,0.4444444444444444
1855,discriminative-attribute-state,yes,1,0.6363636363636364,0.4909090909090909,1.0,1.0,0.0,1.0,1.0,1.0,0.6883116883116883,0.475,0.6,0.5416666666666666,1.0,0.4444444444444444
1857,discriminative-attribute-state,yes,1,0.0,1.0,0.0,1.0,0.4,0.4,0.4,0.4,1.0,0.7666666666666667,0.7666666666666667,0.7666666666666667,0.7666666666666667,0.4666666666666667
1859,discriminative-attribute-state,yes,1,0.0,1.0,1.0,1.0,0.0,1.0,1.0,1.0,0.47619047619047616,1.0,0.5416666666666666,0.5416666666666666,1.0,0.4444444444444444
1861,discriminative-attribute-state,yes,1,0.0,1.0,0.2727272727272727,0.5636363636363636,0.0,1.0,0.6,0.4,0.7532467532467533,1.0,0.675,0.675,0.5,0.5333333333333333
1863,discriminative-attribute-state,yes,0,0.9090909090909091,0.8181818181818182,0.18181818181818182,0.6727272727272727,1.0,1.0,0.0,1.0,0.4805194805194805,0.875,0.5,0.475,0.7666666666666667,0.4444444444444444
1865,discriminative-attribute-state,yes,1,0.0,1.0,1.0,1.0,0.0,1.0,1.0,1.0,0.47619047619047616,1.0,0.5416666666666666,0.5416666666666666,1.0,0.4444444444444444
1867,discriminative-attribute-state,yes,0,1.0,1.0,0.8181818181818182,0.6727272727272727,1.0,1.0,0.2,0.6,0.8268398268398268,1.0,0.6,0.7666666666666667,0.5,0.4666666666666667
1869,discriminative-attribute-number,yes,0,1.0,1.0,0.7272727272727273,0.5636363636363636,1.0,1.0,0.4,0.4,0.7532467532467533,1.0,0.675,0.675,0.5,0.5333333333333333
1871,discriminative-attribute-state,yes,0,1.0,1.0,0.0,1.0,1.0,1.0,0.0,1.0,0.47619047619047616,1.0,0.5416666666666666,0.5416666666666666,1.0,0.4444444444444444
1873,discriminative-attribute-number,yes,0,1.0,1.0,1.0,1.0,1.0,1.0,0.6,0.4,1.0,1.0,0.7666666666666667,1.0,0.7666666666666667,0.6444444444444445
1875,discriminative-attribute-state,yes,0,1.0,1.0,0.36363636363636365,0.4909090909090909,1.0,1.0,0.4,0.4,0.5454545454545454,1.0,0.675,0.475,0.5,0.5333333333333333
1877,discriminative-attribute-state,yes,0,1.0,1.0,0.36363636363636365,0.4909090909090909,1.0,1.0,0.4,0.4,0.5454545454545454,1.0,0.675,0.475,0.5,0.5333333333333333
1879,discriminative-attribute-number,yes,0,1.0,1.0,1.0,1.0,1.0,1.0,1.0,1.0,1.0,1.0,1.0,1.0,1.0,1.0
1881,discriminative-attribute-number,yes,0,1.0,1.0,1.0,1.0,1.0,1.0,0.8,0.6,1.0,1.0,0.875,1.0,0.875,0.8
1883,discriminative-attribute-state,yes,1,0.0,1.0,1.0,1.0,0.0,1.0,1.0,1.0,0.47619047619047616,1.0,0.5416666666666666,0.5416666666666666,1.0,0.4444444444444444
1885,discriminative-attribute-number,yes,0,1.0,1.0,1.0,1.0,1.0,1.0,0.8,0.6,1.0,1.0,0.875,1.0,0.875,0.8
1887,discriminative-attribute-state,yes,0,0.6363636363636364,0.4909090909090909,0.7272727272727273,0.5636363636363636,1.0,1.0,0.2,0.6,0.5454545454545454,0.6,0.4666666666666667,0.675,0.475,0.4666666666666667
1889,discriminative-attribute-action,yes,0,1.0,1.0,0.7272727272727273,0.5636363636363636,1.0,1.0,0.6,0.4,0.7532467532467533,1.0,0.7666666666666667,0.675,0.5416666666666666,0.6444444444444445
1891,discriminative-attribute-number,yes,0,1.0,1.0,0.7272727272727273,0.5636363636363636,1.0,1.0,1.0,1.0,0.7532467532467533,1.0,1.0,0.675,0.675,1.0
1893,discriminative-attribute-number,yes,0,0.7272727272727273,0.5636363636363636,1.0,1.0,0.8,0.6,0.8,0.6,0.7532467532467533,0.6,0.6,0.875,0.875,0.6444444444444445
1895,discriminative-attribute-state,yes,0,1.0,1.0,0.0,1.0,1.0,1.0,0.0,1.0,0.47619047619047616,1.0,0.5416666666666666,0.5416666666666666,1.0,0.4444444444444444
1897,discriminative-attribute-state,yes,0,1.0,1.0,0.0,1.0,1.0,1.0,0.4,0.4,0.47619047619047616,1.0,0.675,0.5416666666666666,0.7666666666666667,0.5333333333333333
1899,discriminative-attribute-state,yes,1,0.9090909090909091,0.8181818181818182,1.0,1.0,0.2,0.6,1.0,1.0,0.9090909090909091,0.5416666666666666,0.875,0.6,1.0,0.4666666666666667
1901,discriminative-attribute-action,yes,0,0.9090909090909091,0.8181818181818182,0.8181818181818182,0.6727272727272727,1.0,1.0,0.0,1.0,0.7532467532467533,0.875,0.5,0.7666666666666667,0.475,0.4444444444444444
1903,discriminative-attribute-state,yes,0,1.0,1.0,0.0,1.0,1.0,1.0,0.0,1.0,0.47619047619047616,1.0,0.5416666666666666,0.5416666666666666,1.0,0.4444444444444444
1905,discriminative-attribute-state,yes,1,0.0,1.0,1.0,1.0,0.0,1.0,1.0,1.0,0.47619047619047616,1.0,0.5416666666666666,0.5416666666666666,1.0,0.4444444444444444
1907,discriminative-attribute-action,yes,0,1.0,1.0,0.0,1.0,1.0,1.0,0.0,1.0,0.47619047619047616,1.0,0.5416666666666666,0.5416666666666666,1.0,0.4444444444444444
1909,discriminative-attribute-number,yes,0,1.0,1.0,0.0,1.0,1.0,1.0,0.0,1.0,0.47619047619047616,1.0,0.5416666666666666,0.5416666666666666,1.0,0.4444444444444444
1911,discriminative-attribute-number,yes,0,0.9090909090909091,0.8181818181818182,0.2727272727272727,0.5636363636363636,1.0,1.0,0.2,0.6,0.4935064935064935,0.875,0.5416666666666666,0.4666666666666667,0.6,0.4666666666666667
1913,discriminative-attribute-state,yes,1,0.09090909090909091,0.8181818181818182,0.09090909090909091,0.8181818181818182,0.0,1.0,0.8,0.6,0.8268398268398268,0.875,0.5416666666666666,0.875,0.5416666666666666,0.4666666666666667
1915,discriminative-attribute-state,yes,0,1.0,1.0,0.09090909090909091,0.8181818181818182,1.0,1.0,0.0,1.0,0.4805194805194805,1.0,0.5416666666666666,0.5,0.875,0.4444444444444444
1917,discriminative-attribute-state,yes,0,0.7272727272727273,0.5636363636363636,0.09090909090909091,0.8181818181818182,0.8,0.6,0.4,0.4,0.4935064935064935,0.6,0.5,0.5416666666666666,0.675,0.4666666666666667
1919,discriminative-attribute-state,yes,0,1.0,1.0,0.09090909090909091,0.8181818181818182,1.0,1.0,0.0,1.0,0.4805194805194805,1.0,0.5416666666666666,0.5,0.875,0.4444444444444444
1921,discriminative-attribute-state,yes,0,1.0,1.0,0.45454545454545453,0.45454545454545453,1.0,1.0,0.0,1.0,0.5844155844155844,1.0,0.5416666666666666,0.5,0.5416666666666666,0.4444444444444444
1923,discriminative-attribute-state,yes,0,0.9090909090909091,0.8181818181818182,0.0,1.0,1.0,1.0,0.0,1.0,0.4805194805194805,0.875,0.5,0.5416666666666666,1.0,0.4444444444444444
1925,discriminative-attribute-state,yes,1,0.18181818181818182,0.6727272727272727,1.0,1.0,0.0,1.0,1.0,1.0,0.4935064935064935,0.7666666666666667,0.475,0.5416666666666666,1.0,0.4444444444444444
1927,discriminative-attribute-state,yes,0,0.09090909090909091,0.8181818181818182,0.6363636363636364,0.4909090909090909,0.6,0.4,0.0,1.0,0.5151515151515151,0.6,0.875,0.5,0.475,0.5333333333333333
1931,discriminative-attribute-state,yes,0,1.0,1.0,0.2727272727272727,0.5636363636363636,1.0,1.0,0.0,1.0,0.5151515151515151,1.0,0.5416666666666666,0.4666666666666667,0.675,0.4444444444444444
1933,discriminative-attribute-action,yes,0,1.0,1.0,0.9090909090909091,0.8181818181818182,1.0,1.0,0.2,0.6,0.9090909090909091,1.0,0.6,0.875,0.5416666666666666,0.4666666666666667
1935,discriminative-attribute-state,yes,1,1.0,1.0,1.0,1.0,0.2,0.6,1.0,1.0,1.0,0.6,1.0,0.6,1.0,0.4666666666666667
1939,discriminative-attribute-number,yes,0,0.8181818181818182,0.6727272727272727,1.0,1.0,1.0,1.0,1.0,1.0,0.8268398268398268,0.7666666666666667,0.7666666666666667,1.0,1.0,1.0
1941,discriminative-attribute-state,yes,0,1.0,1.0,0.9090909090909091,0.8181818181818182,1.0,1.0,0.2,0.6,0.9090909090909091,1.0,0.6,0.875,0.5416666666666666,0.4666666666666667
1943,discriminative-attribute-state,yes,1,0.0,1.0,1.0,1.0,0.0,1.0,1.0,1.0,0.47619047619047616,1.0,0.5416666666666666,0.5416666666666666,1.0,0.4444444444444444
1945,discriminative-attribute-action,yes,0,0.9090909090909091,0.8181818181818182,0.18181818181818182,0.6727272727272727,1.0,1.0,0.2,0.6,0.4805194805194805,0.875,0.5416666666666666,0.475,0.675,0.4666666666666667
1947,discriminative-attribute-state,yes,1,0.0,1.0,1.0,1.0,0.0,1.0,1.0,1.0,0.47619047619047616,1.0,0.5416666666666666,0.5416666666666666,1.0,0.4444444444444444
1949,discriminative-attribute-state,yes,0,1.0,1.0,0.09090909090909091,0.8181818181818182,1.0,1.0,0.2,0.6,0.4805194805194805,1.0,0.6,0.5,0.7666666666666667,0.4666666666666667
1951,discriminative-attribute-state,yes,0,1.0,1.0,0.0,1.0,1.0,1.0,0.0,1.0,0.47619047619047616,1.0,0.5416666666666666,0.5416666666666666,1.0,0.4444444444444444
1953,discriminative-attribute-action,yes,0,1.0,1.0,0.0,1.0,1.0,1.0,0.0,1.0,0.47619047619047616,1.0,0.5416666666666666,0.5416666666666666,1.0,0.4444444444444444
1955,discriminative-attribute-number,yes,0,1.0,1.0,0.18181818181818182,0.6727272727272727,1.0,1.0,0.0,1.0,0.4935064935064935,1.0,0.5416666666666666,0.475,0.7666666666666667,0.4444444444444444
1957,discriminative-attribute-number,yes,0,1.0,1.0,0.09090909090909091,0.8181818181818182,1.0,1.0,0.0,1.0,0.4805194805194805,1.0,0.5416666666666666,0.5,0.875,0.4444444444444444
1959,discriminative-attribute-state,yes,0,1.0,1.0,0.09090909090909091,0.8181818181818182,1.0,1.0,0.0,1.0,0.4805194805194805,1.0,0.5416666666666666,0.5,0.875,0.4444444444444444
1963,discriminative-attribute-state,yes,0,1.0,1.0,0.0,1.0,1.0,1.0,0.0,1.0,0.47619047619047616,1.0,0.5416666666666666,0.5416666666666666,1.0,0.4444444444444444
1965,discriminative-attribute-state,yes,1,0.45454545454545453,0.45454545454545453,1.0,1.0,0.0,1.0,1.0,1.0,0.5844155844155844,0.5416666666666666,0.5,0.5416666666666666,1.0,0.4444444444444444
1967,discriminative-attribute-state,yes,0,1.0,1.0,0.09090909090909091,0.8181818181818182,1.0,1.0,0.0,1.0,0.4805194805194805,1.0,0.5416666666666666,0.5,0.875,0.4444444444444444
1969,discriminative-attribute-action,yes,0,1.0,1.0,0.0,1.0,1.0,1.0,0.0,1.0,0.47619047619047616,1.0,0.5416666666666666,0.5416666666666666,1.0,0.4444444444444444
1971,discriminative-attribute-state,yes,0,1.0,1.0,0.0,1.0,1.0,1.0,0.0,1.0,0.47619047619047616,1.0,0.5416666666666666,0.5416666666666666,1.0,0.4444444444444444
1973,discriminative-attribute-number,yes,0,1.0,1.0,0.9090909090909091,0.8181818181818182,1.0,1.0,0.4,0.4,0.9090909090909091,1.0,0.675,0.875,0.6,0.5333333333333333
1975,discriminative-attribute-state,yes,0,1.0,1.0,0.0,1.0,1.0,1.0,0.0,1.0,0.47619047619047616,1.0,0.5416666666666666,0.5416666666666666,1.0,0.4444444444444444
1977,discriminative-attribute-state,yes,0,1.0,1.0,0.09090909090909091,0.8181818181818182,1.0,1.0,0.0,1.0,0.4805194805194805,1.0,0.5416666666666666,0.5,0.875,0.4444444444444444
1979,discriminative-attribute-state,yes,0,0.8181818181818182,0.6727272727272727,0.0,1.0,1.0,1.0,0.0,1.0,0.4935064935064935,0.7666666666666667,0.475,0.5416666666666666,1.0,0.4444444444444444
1981,discriminative-attribute-state,yes,0,1.0,1.0,0.9090909090909091,0.8181818181818182,1.0,1.0,0.6,0.4,0.9090909090909091,1.0,0.7666666666666667,0.875,0.675,0.6444444444444445
1983,discriminative-attribute-state,yes,1,0.0,1.0,1.0,1.0,0.0,1.0,1.0,1.0,0.47619047619047616,1.0,0.5416666666666666,0.5416666666666666,1.0,0.4444444444444444
1985,discriminative-attribute-state,yes,1,1.0,1.0,0.0,1.0,0.2,0.6,0.4,0.4,0.47619047619047616,0.6,0.675,0.875,0.7666666666666667,0.5333333333333333
1987,discriminative-attribute-action,yes,0,1.0,1.0,1.0,1.0,1.0,1.0,0.6,0.4,1.0,1.0,0.7666666666666667,1.0,0.7666666666666667,0.6444444444444445
1989,discriminative-attribute-number,yes,0,0.9090909090909091,0.8181818181818182,0.36363636363636365,0.4909090909090909,1.0,1.0,0.6,0.4,0.5151515151515151,0.875,0.675,0.475,0.475,0.6444444444444445
1991,discriminative-attribute-number,yes,0,0.8181818181818182,0.6727272727272727,0.18181818181818182,0.6727272727272727,1.0,1.0,0.0,1.0,0.47619047619047616,0.7666666666666667,0.475,0.475,0.7666666666666667,0.4444444444444444
1993,discriminative-attribute-number,yes,0,0.9090909090909091,0.8181818181818182,0.09090909090909091,0.8181818181818182,1.0,1.0,0.0,1.0,0.47619047619047616,0.875,0.5,0.5,0.875,0.4444444444444444
1995,discriminative-attribute-action,yes,1,0.0,1.0,0.0,1.0,0.0,1.0,0.0,1.0,1.0,1.0,1.0,1.0,1.0,1.0
1997,discriminative-attribute-number,yes,0,1.0,1.0,0.09090909090909091,0.8181818181818182,1.0,1.0,0.0,1.0,0.4805194805194805,1.0,0.5416666666666666,0.5,0.875,0.4444444444444444
1999,discriminative-attribute-number,yes,0,1.0,1.0,0.6363636363636364,0.4909090909090909,1.0,1.0,0.8,0.6,0.6883116883116883,1.0,0.875,0.6,0.5416666666666666,0.8
2001,discriminative-attribute-state,yes,1,0.2727272727272727,0.5636363636363636,0.18181818181818182,0.6727272727272727,0.4,0.4,0.8,0.6,0.6320346320346321,0.5416666666666666,0.475,0.6,0.5,0.4666666666666667
2003,discriminative-attribute-state,yes,0,1.0,1.0,0.0,1.0,1.0,1.0,0.2,0.6,0.47619047619047616,1.0,0.6,0.5416666666666666,0.875,0.4666666666666667
2007,discriminative-attribute-number,yes,0,1.0,1.0,1.0,1.0,1.0,1.0,0.4,0.4,1.0,1.0,0.675,1.0,0.675,0.5333333333333333
2009,discriminative-attribute-action,yes,0,1.0,1.0,1.0,1.0,0.8,0.6,0.8,0.6,1.0,0.875,0.875,0.875,0.875,0.6444444444444445
2011,discriminative-attribute-number,yes,0,1.0,1.0,1.0,1.0,1.0,1.0,0.6,0.4,1.0,1.0,0.7666666666666667,1.0,0.7666666666666667,0.6444444444444445
2013,discriminative-attribute-number,yes,0,1.0,1.0,1.0,1.0,1.0,1.0,0.6,0.4,1.0,1.0,0.7666666666666667,1.0,0.7666666666666667,0.6444444444444445
2015,discriminative-attribute-state,yes,1,0.2727272727272727,0.5636363636363636,0.7272727272727273,0.5636363636363636,0.0,1.0,1.0,1.0,0.47619047619047616,0.675,0.4666666666666667,0.4666666666666667,0.675,0.4444444444444444
2017,discriminative-attribute-state,yes,0,1.0,1.0,0.0,1.0,1.0,1.0,0.0,1.0,0.47619047619047616,1.0,0.5416666666666666,0.5416666666666666,1.0,0.4444444444444444
2019,discriminative-attribute-state,yes,0,1.0,1.0,0.0,1.0,1.0,1.0,0.0,1.0,0.47619047619047616,1.0,0.5416666666666666,0.5416666666666666,1.0,0.4444444444444444
2021,discriminative-attribute-number,yes,1,0.09090909090909091,0.8181818181818182,0.9090909090909091,0.8181818181818182,0.0,1.0,0.8,0.6,0.47619047619047616,0.875,0.5416666666666666,0.5,0.7666666666666667,0.4666666666666667
2023,discriminative-attribute-action,yes,0,1.0,1.0,0.6363636363636364,0.4909090909090909,1.0,1.0,0.0,1.0,0.6883116883116883,1.0,0.5416666666666666,0.6,0.475,0.4444444444444444
2025,discriminative-attribute-number,yes,1,0.0,1.0,1.0,1.0,0.0,1.0,0.8,0.6,0.47619047619047616,1.0,0.6,0.5416666666666666,0.875,0.4666666666666667
2027,discriminative-attribute-state,yes,0,1.0,1.0,0.0,1.0,1.0,1.0,0.0,1.0,0.47619047619047616,1.0,0.5416666666666666,0.5416666666666666,1.0,0.4444444444444444
2029,discriminative-attribute-state,yes,0,1.0,1.0,0.2727272727272727,0.5636363636363636,1.0,1.0,0.0,1.0,0.5151515151515151,1.0,0.5416666666666666,0.4666666666666667,0.675,0.4444444444444444
2031,discriminative-attribute-state,yes,0,0.9090909090909091,0.8181818181818182,0.8181818181818182,0.6727272727272727,1.0,1.0,1.0,1.0,0.7532467532467533,0.875,0.875,0.7666666666666667,0.7666666666666667,1.0
2033,discriminative-attribute-state,yes,1,0.7272727272727273,0.5636363636363636,0.7272727272727273,0.5636363636363636,1.0,1.0,0.4,0.4,0.5844155844155844,0.675,0.5,0.675,0.5,0.5333333333333333
2035,discriminative-attribute-state,yes,0,0.9090909090909091,0.8181818181818182,0.36363636363636365,0.4909090909090909,1.0,1.0,0.0,1.0,0.5151515151515151,0.875,0.5,0.475,0.6,0.4444444444444444
2037,discriminative-attribute-action,yes,0,1.0,1.0,0.8181818181818182,0.6727272727272727,1.0,1.0,1.0,1.0,0.8268398268398268,1.0,1.0,0.7666666666666667,0.7666666666666667,1.0
2039,discriminative-attribute-number,yes,1,0.9090909090909091,0.8181818181818182,0.0,1.0,0.6,0.4,0.2,0.6,0.4805194805194805,0.675,0.5416666666666666,0.675,0.875,0.4666666666666667
2041,discriminative-attribute-state,yes,1,0.9090909090909091,0.8181818181818182,0.36363636363636365,0.4909090909090909,0.4,0.4,0.8,0.6,0.5151515151515151,0.6,0.7666666666666667,0.5,0.4666666666666667,0.4666666666666667
2043,discriminative-attribute-state,yes,1,1.0,1.0,1.0,1.0,0.6,0.4,0.8,0.6,1.0,0.7666666666666667,0.875,0.7666666666666667,0.875,0.5333333333333333
2045,discriminative-attribute-state,yes,1,1.0,1.0,0.9090909090909091,0.8181818181818182,0.6,0.4,1.0,1.0,0.9090909090909091,0.7666666666666667,1.0,0.675,0.875,0.6444444444444445
2047,discriminative-attribute-action,yes,0,1.0,1.0,0.9090909090909091,0.8181818181818182,1.0,1.0,0.6,0.4,0.9090909090909091,1.0,0.7666666666666667,0.875,0.675,0.6444444444444445
2049,discriminative-attribute-state,yes,0,1.0,1.0,0.18181818181818182,0.6727272727272727,1.0,1.0,0.0,1.0,0.4935064935064935,1.0,0.5416666666666666,0.475,0.7666666666666667,0.4444444444444444
2051,discriminative-attribute-action,yes,0,1.0,1.0,0.0,1.0,1.0,1.0,0.0,1.0,0.47619047619047616,1.0,0.5416666666666666,0.5416666666666666,1.0,0.4444444444444444
2053,discriminative-attribute-state,yes,0,1.0,1.0,0.0,1.0,1.0,1.0,0.0,1.0,0.47619047619047616,1.0,0.5416666666666666,0.5416666666666666,1.0,0.4444444444444444
2055,discriminative-attribute-state,yes,1,0.0,1.0,1.0,1.0,0.0,1.0,0.8,0.6,0.47619047619047616,1.0,0.6,0.5416666666666666,0.875,0.4666666666666667
2057,discriminative-attribute-state,yes,1,0.18181818181818182,0.6727272727272727,1.0,1.0,0.2,0.6,1.0,1.0,0.4935064935064935,0.675,0.475,0.6,1.0,0.4666666666666667
2059,discriminative-attribute-number,yes,0,1.0,1.0,0.09090909090909091,0.8181818181818182,1.0,1.0,0.4,0.4,0.4805194805194805,1.0,0.675,0.5,0.675,0.5333333333333333
2061,discriminative-attribute-action,yes,1,0.0,1.0,1.0,1.0,0.0,1.0,0.8,0.6,0.47619047619047616,1.0,0.6,0.5416666666666666,0.875,0.4666666666666667
2063,discriminative-attribute-state,yes,1,0.18181818181818182,0.6727272727272727,1.0,1.0,0.2,0.6,1.0,1.0,0.4935064935064935,0.675,0.475,0.6,1.0,0.4666666666666667
2065,discriminative-attribute-state,yes,0,0.9090909090909091,0.8181818181818182,0.0,1.0,1.0,1.0,0.0,1.0,0.4805194805194805,0.875,0.5,0.5416666666666666,1.0,0.4444444444444444
2069,discriminative-attribute-state,yes,1,0.0,1.0,1.0,1.0,0.0,1.0,1.0,1.0,0.47619047619047616,1.0,0.5416666666666666,0.5416666666666666,1.0,0.4444444444444444
2071,discriminative-attribute-state,yes,0,1.0,1.0,0.0,1.0,1.0,1.0,0.0,1.0,0.47619047619047616,1.0,0.5416666666666666,0.5416666666666666,1.0,0.4444444444444444
2073,discriminative-attribute-number,yes,0,1.0,1.0,0.09090909090909091,0.8181818181818182,1.0,1.0,0.2,0.6,0.4805194805194805,1.0,0.6,0.5,0.7666666666666667,0.4666666666666667
2075,discriminative-attribute-state,yes,1,0.7272727272727273,0.5636363636363636,1.0,1.0,0.2,0.6,1.0,1.0,0.7532467532467533,0.475,0.675,0.6,1.0,0.4666666666666667
2077,discriminative-attribute-state,yes,0,1.0,1.0,0.0,1.0,1.0,1.0,0.0,1.0,0.47619047619047616,1.0,0.5416666666666666,0.5416666666666666,1.0,0.4444444444444444
2079,discriminative-attribute-state,yes,0,0.7272727272727273,0.5636363636363636,1.0,1.0,1.0,1.0,0.4,0.4,0.7532467532467533,0.675,0.5,1.0,0.675,0.5333333333333333
2081,discriminative-attribute-state,yes,0,0.09090909090909091,0.8181818181818182,0.0,1.0,0.8,0.6,0.4,0.4,0.9090909090909091,0.5416666666666666,0.675,0.6,0.7666666666666667,0.4666666666666667
2085,discriminative-attribute-action,yes,0,1.0,1.0,1.0,1.0,1.0,1.0,1.0,1.0,1.0,1.0,1.0,1.0,1.0,1.0
2087,discriminative-attribute-action,yes,0,1.0,1.0,0.2727272727272727,0.5636363636363636,1.0,1.0,0.0,1.0,0.5151515151515151,1.0,0.5416666666666666,0.4666666666666667,0.675,0.4444444444444444
2089,discriminative-attribute-state,yes,0,1.0,1.0,0.09090909090909091,0.8181818181818182,1.0,1.0,0.0,1.0,0.4805194805194805,1.0,0.5416666666666666,0.5,0.875,0.4444444444444444
2091,discriminative-attribute-state,yes,0,0.9090909090909091,0.8181818181818182,0.18181818181818182,0.6727272727272727,1.0,1.0,0.0,1.0,0.4805194805194805,0.875,0.5,0.475,0.7666666666666667,0.4444444444444444
2093,discriminative-attribute-state,yes,1,1.0,1.0,1.0,1.0,0.6,0.4,1.0,1.0,1.0,0.7666666666666667,1.0,0.7666666666666667,1.0,0.6444444444444445
2095,discriminative-attribute-state,yes,1,0.5454545454545454,0.45454545454545453,1.0,1.0,0.2,0.6,1.0,1.0,0.6320346320346321,0.475,0.5416666666666666,0.6,1.0,0.4666666666666667
2097,discriminative-attribute-state,yes,1,1.0,1.0,0.0,1.0,0.4,0.4,0.4,0.4,0.47619047619047616,0.675,0.675,0.7666666666666667,0.7666666666666667,0.4666666666666667
2099,discriminative-attribute-action,yes,0,1.0,1.0,0.09090909090909091,0.8181818181818182,1.0,1.0,0.0,1.0,0.4805194805194805,1.0,0.5416666666666666,0.5,0.875,0.4444444444444444
2101,discriminative-attribute-number,yes,0,1.0,1.0,0.18181818181818182,0.6727272727272727,1.0,1.0,0.0,1.0,0.4935064935064935,1.0,0.5416666666666666,0.475,0.7666666666666667,0.4444444444444444
2103,discriminative-attribute-number,yes,0,1.0,1.0,0.18181818181818182,0.6727272727272727,1.0,1.0,0.2,0.6,0.4935064935064935,1.0,0.6,0.475,0.675,0.4666666666666667
2105,discriminative-attribute-number,yes,0,1.0,1.0,1.0,1.0,1.0,1.0,0.8,0.6,1.0,1.0,0.875,1.0,0.875,0.8
2107,discriminative-attribute-number,yes,0,0.9090909090909091,0.8181818181818182,1.0,1.0,1.0,1.0,0.8,0.6,0.9090909090909091,0.875,0.7666666666666667,1.0,0.875,0.8
2109,discriminative-attribute-state,yes,0,1.0,1.0,0.09090909090909091,0.8181818181818182,1.0,1.0,0.4,0.4,0.4805194805194805,1.0,0.675,0.5,0.675,0.5333333333333333
2111,discriminative-attribute-state,yes,0,0.7272727272727273,0.5636363636363636,0.18181818181818182,0.6727272727272727,1.0,1.0,0.0,1.0,0.4805194805194805,0.675,0.4666666666666667,0.475,0.7666666666666667,0.4444444444444444
2113,discriminative-attribute-number,yes,0,1.0,1.0,0.45454545454545453,0.45454545454545453,1.0,1.0,0.2,0.6,0.5844155844155844,1.0,0.6,0.5,0.5,0.4666666666666667
2115,discriminative-attribute-state,yes,0,1.0,1.0,0.0,1.0,1.0,1.0,0.0,1.0,0.47619047619047616,1.0,0.5416666666666666,0.5416666666666666,1.0,0.4444444444444444
2119,discriminative-attribute-number,yes,0,1.0,1.0,0.2727272727272727,0.5636363636363636,1.0,1.0,0.4,0.4,0.5151515151515151,1.0,0.675,0.4666666666666667,0.5416666666666666,0.5333333333333333
2121,discriminative-attribute-state,yes,0,1.0,1.0,0.0,1.0,1.0,1.0,0.0,1.0,0.47619047619047616,1.0,0.5416666666666666,0.5416666666666666,1.0,0.4444444444444444
2123,discriminative-attribute-state,yes,1,0.09090909090909091,0.8181818181818182,1.0,1.0,0.0,1.0,1.0,1.0,0.4805194805194805,0.875,0.5,0.5416666666666666,1.0,0.4444444444444444
2125,discriminative-attribute-state,yes,0,1.0,1.0,0.0,1.0,1.0,1.0,0.0,1.0,0.47619047619047616,1.0,0.5416666666666666,0.5416666666666666,1.0,0.4444444444444444
2127,discriminative-attribute-number,yes,0,1.0,1.0,0.09090909090909091,0.8181818181818182,1.0,1.0,0.0,1.0,0.4805194805194805,1.0,0.5416666666666666,0.5,0.875,0.4444444444444444
2129,discriminative-attribute-action,yes,0,1.0,1.0,0.0,1.0,1.0,1.0,0.0,1.0,0.47619047619047616,1.0,0.5416666666666666,0.5416666666666666,1.0,0.4444444444444444
2131,discriminative-attribute-number,yes,0,1.0,1.0,0.0,1.0,1.0,1.0,0.0,1.0,0.47619047619047616,1.0,0.5416666666666666,0.5416666666666666,1.0,0.4444444444444444
2133,discriminative-attribute-state,yes,0,1.0,1.0,0.09090909090909091,0.8181818181818182,1.0,1.0,0.0,1.0,0.4805194805194805,1.0,0.5416666666666666,0.5,0.875,0.4444444444444444
2135,discriminative-attribute-state,yes,1,0.45454545454545453,0.45454545454545453,1.0,1.0,0.0,1.0,1.0,1.0,0.5844155844155844,0.5416666666666666,0.5,0.5416666666666666,1.0,0.4444444444444444
2137,discriminative-attribute-action,yes,0,1.0,1.0,0.18181818181818182,0.6727272727272727,1.0,1.0,0.0,1.0,0.4935064935064935,1.0,0.5416666666666666,0.475,0.7666666666666667,0.4444444444444444
2139,discriminative-attribute-state,yes,0,1.0,1.0,0.0,1.0,1.0,1.0,0.0,1.0,0.47619047619047616,1.0,0.5416666666666666,0.5416666666666666,1.0,0.4444444444444444
2143,discriminative-attribute-state,yes,0,1.0,1.0,0.0,1.0,1.0,1.0,0.0,1.0,0.47619047619047616,1.0,0.5416666666666666,0.5416666666666666,1.0,0.4444444444444444
2145,discriminative-attribute-state,yes,0,1.0,1.0,0.0,1.0,1.0,1.0,0.0,1.0,0.47619047619047616,1.0,0.5416666666666666,0.5416666666666666,1.0,0.4444444444444444
2147,discriminative-attribute-state,yes,0,0.8181818181818182,0.6727272727272727,0.0,1.0,1.0,1.0,0.0,1.0,0.4935064935064935,0.7666666666666667,0.475,0.5416666666666666,1.0,0.4444444444444444
2149,discriminative-attribute-state,yes,0,1.0,1.0,0.0,1.0,1.0,1.0,0.0,1.0,0.47619047619047616,1.0,0.5416666666666666,0.5416666666666666,1.0,0.4444444444444444
2151,discriminative-attribute-state,yes,0,1.0,1.0,0.0,1.0,1.0,1.0,0.2,0.6,0.47619047619047616,1.0,0.6,0.5416666666666666,0.875,0.4666666666666667
2153,discriminative-attribute-state,yes,1,0.09090909090909091,0.8181818181818182,0.9090909090909091,0.8181818181818182,0.6,0.4,0.8,0.6,0.47619047619047616,0.6,0.5416666666666666,0.675,0.7666666666666667,0.5333333333333333
2155,discriminative-attribute-number,yes,0,0.9090909090909091,0.8181818181818182,0.09090909090909091,0.8181818181818182,1.0,1.0,0.2,0.6,0.47619047619047616,0.875,0.5416666666666666,0.5,0.7666666666666667,0.4666666666666667
2157,discriminative-attribute-number,yes,0,1.0,1.0,0.09090909090909091,0.8181818181818182,1.0,1.0,0.4,0.4,0.4805194805194805,1.0,0.675,0.5,0.675,0.5333333333333333
2159,discriminative-attribute-state,yes,0,0.7272727272727273,0.5636363636363636,0.0,1.0,1.0,1.0,0.0,1.0,0.5151515151515151,0.675,0.4666666666666667,0.5416666666666666,1.0,0.4444444444444444
2161,discriminative-attribute-state,yes,1,1.0,1.0,1.0,1.0,0.6,0.4,1.0,1.0,1.0,0.7666666666666667,1.0,0.7666666666666667,1.0,0.6444444444444445
2163,discriminative-attribute-state,yes,1,0.8181818181818182,0.6727272727272727,0.0,1.0,0.4,0.4,0.4,0.4,0.4935064935064935,0.5416666666666666,0.5416666666666666,0.7666666666666667,0.7666666666666667,0.4666666666666667
2165,discriminative-attribute-action,yes,0,1.0,1.0,0.36363636363636365,0.4909090909090909,1.0,1.0,0.4,0.4,0.5454545454545454,1.0,0.675,0.475,0.5,0.5333333333333333
2167,discriminative-attribute-state,yes,0,1.0,1.0,0.18181818181818182,0.6727272727272727,1.0,1.0,0.0,1.0,0.4935064935064935,1.0,0.5416666666666666,0.475,0.7666666666666667,0.4444444444444444
2169,discriminative-attribute-action,yes,0,1.0,1.0,0.0,1.0,1.0,1.0,0.0,1.0,0.47619047619047616,1.0,0.5416666666666666,0.5416666666666666,1.0,0.4444444444444444
2171,discriminative-attribute-state,yes,1,1.0,1.0,1.0,1.0,0.2,0.6,1.0,1.0,1.0,0.6,1.0,0.6,1.0,0.4666666666666667
2173,discriminative-attribute-state,yes,1,0.0,1.0,1.0,1.0,0.0,1.0,1.0,1.0,0.47619047619047616,1.0,0.5416666666666666,0.5416666666666666,1.0,0.4444444444444444
2175,discriminative-attribute-state,yes,0,1.0,1.0,0.0,1.0,1.0,1.0,0.0,1.0,0.47619047619047616,1.0,0.5416666666666666,0.5416666666666666,1.0,0.4444444444444444
2177,discriminative-attribute-state,yes,0,1.0,1.0,0.0,1.0,1.0,1.0,0.0,1.0,0.47619047619047616,1.0,0.5416666666666666,0.5416666666666666,1.0,0.4444444444444444
2179,discriminative-attribute-state,yes,1,0.0,1.0,1.0,1.0,0.0,1.0,1.0,1.0,0.47619047619047616,1.0,0.5416666666666666,0.5416666666666666,1.0,0.4444444444444444
2181,discriminative-attribute-number,yes,1,0.0,1.0,1.0,1.0,0.0,1.0,1.0,1.0,0.47619047619047616,1.0,0.5416666666666666,0.5416666666666666,1.0,0.4444444444444444
2183,discriminative-attribute-state,yes,0,1.0,1.0,0.0,1.0,1.0,1.0,0.0,1.0,0.47619047619047616,1.0,0.5416666666666666,0.5416666666666666,1.0,0.4444444444444444
2185,discriminative-attribute-number,yes,0,1.0,1.0,1.0,1.0,1.0,1.0,0.6,0.4,1.0,1.0,0.7666666666666667,1.0,0.7666666666666667,0.6444444444444445
2187,discriminative-attribute-number,yes,1,0.0,1.0,0.2727272727272727,0.5636363636363636,0.0,1.0,0.8,0.6,0.7532467532467533,1.0,0.6,0.675,0.475,0.4666666666666667
2189,discriminative-attribute-state,yes,0,0.7272727272727273,0.5636363636363636,1.0,1.0,1.0,1.0,0.8,0.6,0.7532467532467533,0.675,0.6,1.0,0.875,0.8
2191,discriminative-attribute-state,yes,0,0.9090909090909091,0.8181818181818182,0.7272727272727273,0.5636363636363636,1.0,1.0,0.2,0.6,0.6883116883116883,0.875,0.5416666666666666,0.675,0.475,0.4666666666666667
2193,discriminative-attribute-number,yes,0,1.0,1.0,1.0,1.0,1.0,1.0,0.6,0.4,1.0,1.0,0.7666666666666667,1.0,0.7666666666666667,0.6444444444444445
2195,discriminative-attribute-state,yes,0,1.0,1.0,0.0,1.0,1.0,1.0,0.0,1.0,0.47619047619047616,1.0,0.5416666666666666,0.5416666666666666,1.0,0.4444444444444444
2197,discriminative-attribute-number,yes,0,1.0,1.0,0.36363636363636365,0.4909090909090909,1.0,1.0,0.4,0.4,0.5454545454545454,1.0,0.675,0.475,0.5,0.5333333333333333
2199,discriminative-attribute-state,yes,0,0.7272727272727273,0.5636363636363636,0.0,1.0,1.0,1.0,0.0,1.0,0.5151515151515151,0.675,0.4666666666666667,0.5416666666666666,1.0,0.4444444444444444
2201,discriminative-attribute-state,yes,1,1.0,1.0,1.0,1.0,0.4,0.4,1.0,1.0,1.0,0.675,1.0,0.675,1.0,0.5333333333333333
2203,discriminative-attribute-state,yes,0,1.0,1.0,0.0,1.0,1.0,1.0,0.0,1.0,0.47619047619047616,1.0,0.5416666666666666,0.5416666666666666,1.0,0.4444444444444444
2205,discriminative-attribute-state,yes,0,1.0,1.0,0.0,1.0,1.0,1.0,0.0,1.0,0.47619047619047616,1.0,0.5416666666666666,0.5416666666666666,1.0,0.4444444444444444
2207,discriminative-attribute-number,yes,0,1.0,1.0,0.09090909090909091,0.8181818181818182,1.0,1.0,0.2,0.6,0.4805194805194805,1.0,0.6,0.5,0.7666666666666667,0.4666666666666667
2209,discriminative-attribute-action,yes,0,1.0,1.0,0.8181818181818182,0.6727272727272727,1.0,1.0,0.4,0.4,0.8268398268398268,1.0,0.675,0.7666666666666667,0.5416666666666666,0.5333333333333333
2211,discriminative-attribute-number,yes,0,1.0,1.0,1.0,1.0,1.0,1.0,0.8,0.6,1.0,1.0,0.875,1.0,0.875,0.8
2213,discriminative-attribute-state,yes,1,1.0,1.0,0.6363636363636364,0.4909090909090909,0.2,0.6,1.0,1.0,0.6883116883116883,0.6,1.0,0.4666666666666667,0.6,0.4666666666666667
2215,discriminative-attribute-state,yes,0,0.7272727272727273,0.5636363636363636,0.0,1.0,1.0,1.0,0.0,1.0,0.5151515151515151,0.675,0.4666666666666667,0.5416666666666666,1.0,0.4444444444444444
2217,discriminative-attribute-state,yes,0,1.0,1.0,0.0,1.0,1.0,1.0,0.0,1.0,0.47619047619047616,1.0,0.5416666666666666,0.5416666666666666,1.0,0.4444444444444444
2219,discriminative-attribute-state,yes,0,1.0,1.0,0.09090909090909091,0.8181818181818182,1.0,1.0,0.0,1.0,0.4805194805194805,1.0,0.5416666666666666,0.5,0.875,0.4444444444444444
2221,discriminative-attribute-state,yes,1,0.0,1.0,0.6363636363636364,0.4909090909090909,0.0,1.0,1.0,1.0,0.5454545454545454,1.0,0.5416666666666666,0.475,0.6,0.4444444444444444
2223,discriminative-attribute-number,yes,0,1.0,1.0,0.0,1.0,1.0,1.0,0.2,0.6,0.47619047619047616,1.0,0.6,0.5416666666666666,0.875,0.4666666666666667
2225,discriminative-attribute-state,yes,0,0.7272727272727273,0.5636363636363636,0.09090909090909091,0.8181818181818182,1.0,1.0,0.0,1.0,0.4935064935064935,0.675,0.4666666666666667,0.5,0.875,0.4444444444444444
2227,discriminative-attribute-number,yes,0,1.0,1.0,0.6363636363636364,0.4909090909090909,1.0,1.0,0.2,0.6,0.6883116883116883,1.0,0.6,0.6,0.4666666666666667,0.4666666666666667
2229,discriminative-attribute-state,yes,0,1.0,1.0,0.2727272727272727,0.5636363636363636,1.0,1.0,0.2,0.6,0.5151515151515151,1.0,0.6,0.4666666666666667,0.6,0.4666666666666667
2231,discriminative-attribute-state,yes,0,1.0,1.0,0.0,1.0,1.0,1.0,0.0,1.0,0.47619047619047616,1.0,0.5416666666666666,0.5416666666666666,1.0,0.4444444444444444
2233,discriminative-attribute-number,yes,0,1.0,1.0,0.6363636363636364,0.4909090909090909,1.0,1.0,0.8,0.6,0.6883116883116883,1.0,0.875,0.6,0.5416666666666666,0.8
2235,discriminative-attribute-state,yes,1,0.0,1.0,0.6363636363636364,0.4909090909090909,0.4,0.4,0.2,0.6,0.5454545454545454,0.7666666666666667,0.875,0.475,0.4666666666666667,0.5333333333333333
2237,discriminative-attribute-state,yes,0,1.0,1.0,0.0,1.0,1.0,1.0,0.2,0.6,0.47619047619047616,1.0,0.6,0.5416666666666666,0.875,0.4666666666666667
2239,discriminative-attribute-number,yes,0,1.0,1.0,0.45454545454545453,0.45454545454545453,1.0,1.0,0.8,0.6,0.5844155844155844,1.0,0.875,0.5,0.475,0.8
2241,discriminative-attribute-state,yes,0,0.7272727272727273,0.5636363636363636,0.2727272727272727,0.5636363636363636,1.0,1.0,0.2,0.6,0.47619047619047616,0.675,0.475,0.4666666666666667,0.6,0.4666666666666667
2243,discriminative-attribute-state,yes,0,0.0,1.0,1.0,1.0,0.4,0.4,0.6,0.4,0.47619047619047616,0.7666666666666667,0.675,0.675,0.7666666666666667,0.4444444444444444
2245,discriminative-attribute-number,yes,0,1.0,1.0,1.0,1.0,0.8,0.6,1.0,1.0,1.0,0.875,1.0,0.875,1.0,0.8
2247,discriminative-attribute-number,yes,0,1.0,1.0,1.0,1.0,1.0,1.0,1.0,1.0,1.0,1.0,1.0,1.0,1.0,1.0
2249,discriminative-attribute-number,yes,0,1.0,1.0,0.0,1.0,1.0,1.0,0.2,0.6,0.47619047619047616,1.0,0.6,0.5416666666666666,0.875,0.4666666666666667
2251,discriminative-attribute-state,yes,0,1.0,1.0,0.0,1.0,1.0,1.0,0.0,1.0,0.47619047619047616,1.0,0.5416666666666666,0.5416666666666666,1.0,0.4444444444444444
2253,discriminative-attribute-number,yes,1,0.0,1.0,1.0,1.0,0.0,1.0,0.8,0.6,0.47619047619047616,1.0,0.6,0.5416666666666666,0.875,0.4666666666666667
2255,discriminative-attribute-action,yes,1,1.0,1.0,0.9090909090909091,0.8181818181818182,0.4,0.4,0.6,0.4,0.9090909090909091,0.675,0.7666666666666667,0.6,0.675,0.4444444444444444
2257,discriminative-attribute-state,yes,0,0.9090909090909091,0.8181818181818182,0.0,1.0,0.8,0.6,0.0,1.0,0.4805194805194805,0.7666666666666667,0.5,0.6,1.0,0.4666666666666667
2259,discriminative-attribute-state,yes,1,0.18181818181818182,0.6727272727272727,0.9090909090909091,0.8181818181818182,0.0,1.0,1.0,1.0,0.4805194805194805,0.7666666666666667,0.475,0.5,0.875,0.4444444444444444
2261,discriminative-attribute-action,yes,0,1.0,1.0,0.09090909090909091,0.8181818181818182,1.0,1.0,0.2,0.6,0.4805194805194805,1.0,0.6,0.5,0.7666666666666667,0.4666666666666667
2263,discriminative-attribute-number,yes,0,0.9090909090909091,0.8181818181818182,0.09090909090909091,0.8181818181818182,1.0,1.0,0.2,0.6,0.47619047619047616,0.875,0.5416666666666666,0.5,0.7666666666666667,0.4666666666666667
2265,discriminative-attribute-number,yes,0,0.9090909090909091,0.8181818181818182,0.09090909090909091,0.8181818181818182,1.0,1.0,0.6,0.4,0.47619047619047616,0.875,0.675,0.5,0.6,0.6444444444444445
2267,discriminative-attribute-number,yes,0,1.0,1.0,1.0,1.0,1.0,1.0,0.4,0.4,1.0,1.0,0.675,1.0,0.675,0.5333333333333333
2269,discriminative-attribute-state,yes,0,1.0,1.0,0.18181818181818182,0.6727272727272727,1.0,1.0,0.0,1.0,0.4935064935064935,1.0,0.5416666666666666,0.475,0.7666666666666667,0.4444444444444444
2271,discriminative-attribute-state,yes,0,1.0,1.0,0.0,1.0,1.0,1.0,0.0,1.0,0.47619047619047616,1.0,0.5416666666666666,0.5416666666666666,1.0,0.4444444444444444
2273,discriminative-attribute-state,yes,0,1.0,1.0,0.09090909090909091,0.8181818181818182,0.6,0.4,0.0,1.0,0.4805194805194805,0.7666666666666667,0.5416666666666666,0.6,0.875,0.5333333333333333
2275,discriminative-attribute-number,yes,0,0.9090909090909091,0.8181818181818182,1.0,1.0,1.0,1.0,0.6,0.4,0.9090909090909091,0.875,0.675,1.0,0.7666666666666667,0.6444444444444445
2277,discriminative-attribute-state,yes,0,1.0,1.0,0.09090909090909091,0.8181818181818182,1.0,1.0,0.0,1.0,0.4805194805194805,1.0,0.5416666666666666,0.5,0.875,0.4444444444444444
2279,discriminative-attribute-state,yes,0,1.0,1.0,1.0,1.0,1.0,1.0,0.2,0.6,1.0,1.0,0.6,1.0,0.6,0.4666666666666667
2281,discriminative-attribute-number,yes,1,0.09090909090909091,0.8181818181818182,0.0,1.0,0.2,0.6,0.6,0.4,0.9090909090909091,0.7666666666666667,0.6,0.875,0.675,0.4666666666666667
2283,discriminative-attribute-state,yes,1,0.0,1.0,1.0,1.0,0.0,1.0,1.0,1.0,0.47619047619047616,1.0,0.5416666666666666,0.5416666666666666,1.0,0.4444444444444444
2285,discriminative-attribute-number,yes,1,0.45454545454545453,0.45454545454545453,0.0,1.0,0.6,0.4,0.0,1.0,0.6320346320346321,0.4666666666666667,0.5416666666666666,0.675,1.0,0.5333333333333333
2287,discriminative-attribute-number,yes,0,1.0,1.0,0.0,1.0,1.0,1.0,0.0,1.0,0.47619047619047616,1.0,0.5416666666666666,0.5416666666666666,1.0,0.4444444444444444
2289,discriminative-attribute-state,yes,0,0.7272727272727273,0.5636363636363636,0.0,1.0,1.0,1.0,0.0,1.0,0.5151515151515151,0.675,0.4666666666666667,0.5416666666666666,1.0,0.4444444444444444
2291,discriminative-attribute-number,yes,0,1.0,1.0,0.8181818181818182,0.6727272727272727,1.0,1.0,0.6,0.4,0.8268398268398268,1.0,0.7666666666666667,0.7666666666666667,0.6,0.6444444444444445
2293,discriminative-attribute-state,yes,0,1.0,1.0,0.0,1.0,1.0,1.0,0.2,0.6,0.47619047619047616,1.0,0.6,0.5416666666666666,0.875,0.4666666666666667
2295,discriminative-attribute-state,yes,0,1.0,1.0,0.2727272727272727,0.5636363636363636,1.0,1.0,0.8,0.6,0.5151515151515151,1.0,0.875,0.4666666666666667,0.475,0.8
2297,discriminative-attribute-state,yes,0,0.7272727272727273,0.5636363636363636,0.6363636363636364,0.4909090909090909,0.6,0.4,1.0,1.0,0.5454545454545454,0.5416666666666666,0.675,0.5,0.6,0.6444444444444445
2299,discriminative-attribute-state,yes,0,1.0,1.0,0.7272727272727273,0.5636363636363636,1.0,1.0,0.4,0.4,0.7532467532467533,1.0,0.675,0.675,0.5,0.5333333333333333
2301,discriminative-attribute-state,yes,0,1.0,1.0,0.36363636363636365,0.4909090909090909,1.0,1.0,1.0,1.0,0.5454545454545454,1.0,1.0,0.475,0.475,1.0
2303,discriminative-attribute-state,yes,0,0.9090909090909091,0.8181818181818182,0.36363636363636365,0.4909090909090909,1.0,1.0,0.0,1.0,0.5151515151515151,0.875,0.5,0.475,0.6,0.4444444444444444
2305,discriminative-attribute-state,yes,0,0.5454545454545454,0.45454545454545453,0.09090909090909091,0.8181818181818182,0.8,0.6,0.0,1.0,0.5454545454545454,0.5,0.5,0.5416666666666666,0.875,0.4666666666666667
2307,discriminative-attribute-state,yes,0,0.5454545454545454,0.45454545454545453,1.0,1.0,1.0,1.0,0.2,0.6,0.6320346320346321,0.5416666666666666,0.475,1.0,0.6,0.4666666666666667
2309,discriminative-attribute-number,yes,1,0.18181818181818182,0.6727272727272727,0.0,1.0,0.0,1.0,0.8,0.6,0.8268398268398268,0.7666666666666667,0.5,1.0,0.6,0.4666666666666667
2311,discriminative-attribute-state,yes,1,0.0,1.0,0.9090909090909091,0.8181818181818182,0.0,1.0,1.0,1.0,0.4805194805194805,1.0,0.5416666666666666,0.5,0.875,0.4444444444444444
2313,discriminative-attribute-number,yes,0,0.9090909090909091,0.8181818181818182,1.0,1.0,1.0,1.0,0.2,0.6,0.9090909090909091,0.875,0.5416666666666666,1.0,0.6,0.4666666666666667
2315,discriminative-attribute-action,yes,0,1.0,1.0,0.45454545454545453,0.45454545454545453,1.0,1.0,0.2,0.6,0.5844155844155844,1.0,0.6,0.5,0.5,0.4666666666666667
2317,discriminative-attribute-number,yes,1,0.18181818181818182,0.6727272727272727,0.0,1.0,0.2,0.6,0.0,1.0,0.8268398268398268,0.675,0.7666666666666667,0.875,1.0,0.8
2319,discriminative-attribute-state,yes,0,0.9090909090909091,0.8181818181818182,0.18181818181818182,0.6727272727272727,0.6,0.4,0.8,0.6,0.4805194805194805,0.675,0.7666666666666667,0.5416666666666666,0.5,0.5333333333333333
2321,discriminative-attribute-number,yes,0,1.0,1.0,0.18181818181818182,0.6727272727272727,1.0,1.0,0.4,0.4,0.4935064935064935,1.0,0.675,0.475,0.6,0.5333333333333333
2323,discriminative-attribute-state,yes,0,1.0,1.0,0.0,1.0,1.0,1.0,0.0,1.0,0.47619047619047616,1.0,0.5416666666666666,0.5416666666666666,1.0,0.4444444444444444
2325,discriminative-attribute-number,yes,0,1.0,1.0,0.09090909090909091,0.8181818181818182,1.0,1.0,0.2,0.6,0.4805194805194805,1.0,0.6,0.5,0.7666666666666667,0.4666666666666667
2327,discriminative-attribute-state,yes,0,1.0,1.0,0.09090909090909091,0.8181818181818182,1.0,1.0,0.0,1.0,0.4805194805194805,1.0,0.5416666666666666,0.5,0.875,0.4444444444444444
2329,discriminative-attribute-action,yes,0,1.0,1.0,0.09090909090909091,0.8181818181818182,1.0,1.0,0.0,1.0,0.4805194805194805,1.0,0.5416666666666666,0.5,0.875,0.4444444444444444
2331,discriminative-attribute-state,yes,1,1.0,1.0,1.0,1.0,0.2,0.6,1.0,1.0,1.0,0.6,1.0,0.6,1.0,0.4666666666666667
2333,discriminative-attribute-number,yes,0,1.0,1.0,1.0,1.0,1.0,1.0,0.4,0.4,1.0,1.0,0.675,1.0,0.675,0.5333333333333333
2335,discriminative-attribute-state,yes,1,0.5454545454545454,0.45454545454545453,0.8181818181818182,0.6727272727272727,0.8,0.6,1.0,1.0,0.5454545454545454,0.5,0.5416666666666666,0.675,0.7666666666666667,0.8
2337,discriminative-attribute-number,yes,0,1.0,1.0,1.0,1.0,1.0,1.0,1.0,1.0,1.0,1.0,1.0,1.0,1.0,1.0
2339,discriminative-attribute-state,yes,0,1.0,1.0,0.36363636363636365,0.4909090909090909,0.6,0.4,1.0,1.0,0.5454545454545454,0.7666666666666667,1.0,0.475,0.475,0.6444444444444445
2341,discriminative-attribute-state,yes,0,0.9090909090909091,0.8181818181818182,0.36363636363636365,0.4909090909090909,1.0,1.0,0.6,0.4,0.5151515151515151,0.875,0.675,0.475,0.475,0.6444444444444445
2343,discriminative-attribute-number,yes,0,1.0,1.0,0.0,1.0,1.0,1.0,0.4,0.4,0.47619047619047616,1.0,0.675,0.5416666666666666,0.7666666666666667,0.5333333333333333
2345,discriminative-attribute-state,yes,0,1.0,1.0,0.0,1.0,1.0,1.0,0.0,1.0,0.47619047619047616,1.0,0.5416666666666666,0.5416666666666666,1.0,0.4444444444444444
2347,discriminative-attribute-action,yes,0,1.0,1.0,0.0,1.0,1.0,1.0,0.0,1.0,0.47619047619047616,1.0,0.5416666666666666,0.5416666666666666,1.0,0.4444444444444444
2349,discriminative-attribute-state,yes,0,1.0,1.0,0.0,1.0,1.0,1.0,0.0,1.0,0.47619047619047616,1.0,0.5416666666666666,0.5416666666666666,1.0,0.4444444444444444
2351,discriminative-attribute-state,yes,0,1.0,1.0,0.0,1.0,1.0,1.0,0.2,0.6,0.47619047619047616,1.0,0.6,0.5416666666666666,0.875,0.4666666666666667
2353,discriminative-attribute-action,yes,0,0.9090909090909091,0.8181818181818182,1.0,1.0,1.0,1.0,0.2,0.6,0.9090909090909091,0.875,0.5416666666666666,1.0,0.6,0.4666666666666667
2355,discriminative-attribute-action,yes,0,0.7272727272727273,0.5636363636363636,0.8181818181818182,0.6727272727272727,1.0,1.0,0.2,0.6,0.6320346320346321,0.675,0.475,0.7666666666666667,0.5,0.4666666666666667
2357,discriminative-attribute-state,yes,1,0.5454545454545454,0.45454545454545453,0.9090909090909091,0.8181818181818182,0.0,1.0,0.8,0.6,0.5844155844155844,0.5,0.5,0.5,0.7666666666666667,0.4666666666666667
2359,discriminative-attribute-state,yes,0,1.0,1.0,0.0,1.0,1.0,1.0,0.0,1.0,0.47619047619047616,1.0,0.5416666666666666,0.5416666666666666,1.0,0.4444444444444444
2361,discriminative-attribute-state,yes,1,0.2727272727272727,0.5636363636363636,1.0,1.0,0.0,1.0,1.0,1.0,0.5151515151515151,0.675,0.4666666666666667,0.5416666666666666,1.0,0.4444444444444444
2363,discriminative-attribute-state,yes,1,0.0,1.0,1.0,1.0,0.0,1.0,1.0,1.0,0.47619047619047616,1.0,0.5416666666666666,0.5416666666666666,1.0,0.4444444444444444
2365,discriminative-attribute-action,yes,0,1.0,1.0,0.0,1.0,1.0,1.0,0.0,1.0,0.47619047619047616,1.0,0.5416666666666666,0.5416666666666666,1.0,0.4444444444444444
2367,discriminative-attribute-state,yes,0,1.0,1.0,0.0,1.0,1.0,1.0,0.0,1.0,0.47619047619047616,1.0,0.5416666666666666,0.5416666666666666,1.0,0.4444444444444444
2369,discriminative-attribute-action,yes,0,1.0,1.0,0.0,1.0,1.0,1.0,0.0,1.0,0.47619047619047616,1.0,0.5416666666666666,0.5416666666666666,1.0,0.4444444444444444
2371,discriminative-attribute-state,yes,0,1.0,1.0,0.0,1.0,1.0,1.0,0.0,1.0,0.47619047619047616,1.0,0.5416666666666666,0.5416666666666666,1.0,0.4444444444444444
2373,discriminative-attribute-state,yes,0,1.0,1.0,0.0,1.0,1.0,1.0,0.0,1.0,0.47619047619047616,1.0,0.5416666666666666,0.5416666666666666,1.0,0.4444444444444444
2375,discriminative-attribute-state,yes,0,1.0,1.0,0.09090909090909091,0.8181818181818182,1.0,1.0,0.0,1.0,0.4805194805194805,1.0,0.5416666666666666,0.5,0.875,0.4444444444444444
2377,discriminative-attribute-state,yes,1,0.2727272727272727,0.5636363636363636,1.0,1.0,0.0,1.0,1.0,1.0,0.5151515151515151,0.675,0.4666666666666667,0.5416666666666666,1.0,0.4444444444444444
2379,discriminative-attribute-number,yes,0,1.0,1.0,0.18181818181818182,0.6727272727272727,1.0,1.0,0.2,0.6,0.4935064935064935,1.0,0.6,0.475,0.675,0.4666666666666667
2381,discriminative-attribute-state,yes,0,1.0,1.0,0.0,1.0,1.0,1.0,0.0,1.0,0.47619047619047616,1.0,0.5416666666666666,0.5416666666666666,1.0,0.4444444444444444
2383,discriminative-attribute-state,yes,0,0.7272727272727273,0.5636363636363636,0.09090909090909091,0.8181818181818182,1.0,1.0,0.0,1.0,0.4935064935064935,0.675,0.4666666666666667,0.5,0.875,0.4444444444444444
2385,discriminative-attribute-number,yes,0,1.0,1.0,0.45454545454545453,0.45454545454545453,1.0,1.0,0.2,0.6,0.5844155844155844,1.0,0.6,0.5,0.5,0.4666666666666667
2387,discriminative-attribute-number,yes,0,0.5454545454545454,0.45454545454545453,0.9090909090909091,0.8181818181818182,1.0,1.0,0.0,1.0,0.5844155844155844,0.5416666666666666,0.5,0.875,0.5,0.4444444444444444
2389,discriminative-attribute-action,yes,1,0.0,1.0,1.0,1.0,0.0,1.0,1.0,1.0,0.47619047619047616,1.0,0.5416666666666666,0.5416666666666666,1.0,0.4444444444444444
2391,discriminative-attribute-state,yes,1,0.0,1.0,1.0,1.0,0.0,1.0,1.0,1.0,0.47619047619047616,1.0,0.5416666666666666,0.5416666666666666,1.0,0.4444444444444444
2393,discriminative-attribute-number,yes,1,0.0,1.0,0.9090909090909091,0.8181818181818182,0.0,1.0,1.0,1.0,0.4805194805194805,1.0,0.5416666666666666,0.5,0.875,0.4444444444444444
2395,discriminative-attribute-state,yes,1,0.0,1.0,1.0,1.0,0.0,1.0,1.0,1.0,0.47619047619047616,1.0,0.5416666666666666,0.5416666666666666,1.0,0.4444444444444444
2397,discriminative-attribute-action,yes,0,1.0,1.0,0.18181818181818182,0.6727272727272727,1.0,1.0,0.0,1.0,0.4935064935064935,1.0,0.5416666666666666,0.475,0.7666666666666667,0.4444444444444444
2399,discriminative-attribute-state,yes,0,0.7272727272727273,0.5636363636363636,0.0,1.0,1.0,1.0,0.0,1.0,0.5151515151515151,0.675,0.4666666666666667,0.5416666666666666,1.0,0.4444444444444444
2401,discriminative-attribute-action,yes,0,1.0,1.0,0.0,1.0,1.0,1.0,0.0,1.0,0.47619047619047616,1.0,0.5416666666666666,0.5416666666666666,1.0,0.4444444444444444
2403,discriminative-attribute-state,yes,0,1.0,1.0,0.0,1.0,1.0,1.0,0.0,1.0,0.47619047619047616,1.0,0.5416666666666666,0.5416666666666666,1.0,0.4444444444444444
2405,discriminative-attribute-state,yes,0,1.0,1.0,0.0,1.0,1.0,1.0,0.0,1.0,0.47619047619047616,1.0,0.5416666666666666,0.5416666666666666,1.0,0.4444444444444444
2407,discriminative-attribute-state,yes,1,0.0,1.0,1.0,1.0,0.0,1.0,1.0,1.0,0.47619047619047616,1.0,0.5416666666666666,0.5416666666666666,1.0,0.4444444444444444
2409,discriminative-attribute-number,yes,0,1.0,1.0,0.09090909090909091,0.8181818181818182,1.0,1.0,0.2,0.6,0.4805194805194805,1.0,0.6,0.5,0.7666666666666667,0.4666666666666667
2411,discriminative-attribute-state,yes,0,1.0,1.0,0.0,1.0,1.0,1.0,0.0,1.0,0.47619047619047616,1.0,0.5416666666666666,0.5416666666666666,1.0,0.4444444444444444
2413,discriminative-attribute-action,yes,0,1.0,1.0,0.0,1.0,1.0,1.0,0.0,1.0,0.47619047619047616,1.0,0.5416666666666666,0.5416666666666666,1.0,0.4444444444444444
2415,discriminative-attribute-state,yes,0,1.0,1.0,1.0,1.0,1.0,1.0,0.6,0.4,1.0,1.0,0.7666666666666667,1.0,0.7666666666666667,0.6444444444444445
2417,discriminative-attribute-number,yes,0,1.0,1.0,0.36363636363636365,0.4909090909090909,1.0,1.0,0.2,0.6,0.5454545454545454,1.0,0.6,0.475,0.5416666666666666,0.4666666666666667
2419,discriminative-attribute-action,yes,0,1.0,1.0,0.0,1.0,1.0,1.0,0.0,1.0,0.47619047619047616,1.0,0.5416666666666666,0.5416666666666666,1.0,0.4444444444444444
2421,discriminative-attribute-number,yes,0,1.0,1.0,0.5454545454545454,0.45454545454545453,1.0,1.0,0.6,0.4,0.6320346320346321,1.0,0.7666666666666667,0.5416666666666666,0.475,0.6444444444444445
2423,discriminative-attribute-state,yes,1,0.0,1.0,0.0,1.0,0.0,1.0,0.8,0.6,1.0,1.0,0.6,1.0,0.6,0.4666666666666667
2425,discriminative-attribute-number,yes,0,1.0,1.0,1.0,1.0,1.0,1.0,0.2,0.6,1.0,1.0,0.6,1.0,0.6,0.4666666666666667
2427,discriminative-attribute-number,yes,0,1.0,1.0,0.9090909090909091,0.8181818181818182,1.0,1.0,0.6,0.4,0.9090909090909091,1.0,0.7666666666666667,0.875,0.675,0.6444444444444445
2429,discriminative-attribute-number,yes,0,1.0,1.0,1.0,1.0,1.0,1.0,0.8,0.6,1.0,1.0,0.875,1.0,0.875,0.8
2431,discriminative-attribute-action,yes,0,1.0,1.0,0.0,1.0,1.0,1.0,0.0,1.0,0.47619047619047616,1.0,0.5416666666666666,0.5416666666666666,1.0,0.4444444444444444
2433,discriminative-attribute-state,yes,0,1.0,1.0,0.0,1.0,1.0,1.0,0.0,1.0,0.47619047619047616,1.0,0.5416666666666666,0.5416666666666666,1.0,0.4444444444444444
2435,discriminative-attribute-action,yes,0,1.0,1.0,1.0,1.0,1.0,1.0,0.8,0.6,1.0,1.0,0.875,1.0,0.875,0.8
2437,discriminative-attribute-state,yes,0,1.0,1.0,0.0,1.0,1.0,1.0,0.0,1.0,0.47619047619047616,1.0,0.5416666666666666,0.5416666666666666,1.0,0.4444444444444444
2439,discriminative-attribute-state,yes,0,0.9090909090909091,0.8181818181818182,0.09090909090909091,0.8181818181818182,1.0,1.0,0.0,1.0,0.47619047619047616,0.875,0.5,0.5,0.875,0.4444444444444444
2441,discriminative-attribute-action,yes,0,1.0,1.0,0.0,1.0,1.0,1.0,0.0,1.0,0.47619047619047616,1.0,0.5416666666666666,0.5416666666666666,1.0,0.4444444444444444
2443,discriminative-attribute-state,yes,0,0.7272727272727273,0.5636363636363636,0.09090909090909091,0.8181818181818182,1.0,1.0,0.0,1.0,0.4935064935064935,0.675,0.4666666666666667,0.5,0.875,0.4444444444444444
2445,discriminative-attribute-action,yes,0,0.9090909090909091,0.8181818181818182,0.0,1.0,1.0,1.0,0.0,1.0,0.4805194805194805,0.875,0.5,0.5416666666666666,1.0,0.4444444444444444
2447,discriminative-attribute-state,yes,0,1.0,1.0,0.0,1.0,1.0,1.0,0.2,0.6,0.47619047619047616,1.0,0.6,0.5416666666666666,0.875,0.4666666666666667
2449,discriminative-attribute-number,yes,0,1.0,1.0,0.09090909090909091,0.8181818181818182,1.0,1.0,0.4,0.4,0.4805194805194805,1.0,0.675,0.5,0.675,0.5333333333333333
2451,discriminative-attribute-state,yes,0,1.0,1.0,0.0,1.0,1.0,1.0,0.0,1.0,0.47619047619047616,1.0,0.5416666666666666,0.5416666666666666,1.0,0.4444444444444444
2453,discriminative-attribute-state,yes,0,1.0,1.0,0.0,1.0,0.6,0.4,0.0,1.0,0.47619047619047616,0.7666666666666667,0.5416666666666666,0.675,1.0,0.5333333333333333
2455,discriminative-attribute-action,yes,0,1.0,1.0,0.0,1.0,1.0,1.0,0.0,1.0,0.47619047619047616,1.0,0.5416666666666666,0.5416666666666666,1.0,0.4444444444444444
2457,discriminative-attribute-state,yes,0,1.0,1.0,0.0,1.0,1.0,1.0,0.0,1.0,0.47619047619047616,1.0,0.5416666666666666,0.5416666666666666,1.0,0.4444444444444444
2459,discriminative-attribute-action,yes,0,1.0,1.0,0.09090909090909091,0.8181818181818182,1.0,1.0,0.2,0.6,0.4805194805194805,1.0,0.6,0.5,0.7666666666666667,0.4666666666666667
2461,discriminative-attribute-state,yes,0,1.0,1.0,0.09090909090909091,0.8181818181818182,1.0,1.0,0.2,0.6,0.4805194805194805,1.0,0.6,0.5,0.7666666666666667,0.4666666666666667
2463,discriminative-attribute-state,yes,0,0.9090909090909091,0.8181818181818182,0.0,1.0,1.0,1.0,0.0,1.0,0.4805194805194805,0.875,0.5,0.5416666666666666,1.0,0.4444444444444444
2465,discriminative-attribute-state,yes,1,0.8181818181818182,0.6727272727272727,1.0,1.0,0.2,0.6,1.0,1.0,0.8268398268398268,0.5,0.7666666666666667,0.6,1.0,0.4666666666666667
2467,discriminative-attribute-number,yes,0,1.0,1.0,0.09090909090909091,0.8181818181818182,1.0,1.0,0.0,1.0,0.4805194805194805,1.0,0.5416666666666666,0.5,0.875,0.4444444444444444
2469,discriminative-attribute-state,yes,0,1.0,1.0,0.0,1.0,1.0,1.0,0.0,1.0,0.47619047619047616,1.0,0.5416666666666666,0.5416666666666666,1.0,0.4444444444444444
2471,discriminative-attribute-state,yes,0,1.0,1.0,0.0,1.0,1.0,1.0,0.0,1.0,0.47619047619047616,1.0,0.5416666666666666,0.5416666666666666,1.0,0.4444444444444444
2473,discriminative-attribute-state,yes,0,0.9090909090909091,0.8181818181818182,0.0,1.0,1.0,1.0,0.0,1.0,0.4805194805194805,0.875,0.5,0.5416666666666666,1.0,0.4444444444444444
2475,discriminative-attribute-state,yes,0,1.0,1.0,0.0,1.0,1.0,1.0,0.0,1.0,0.47619047619047616,1.0,0.5416666666666666,0.5416666666666666,1.0,0.4444444444444444
2477,discriminative-attribute-action,yes,0,1.0,1.0,0.0,1.0,1.0,1.0,0.0,1.0,0.47619047619047616,1.0,0.5416666666666666,0.5416666666666666,1.0,0.4444444444444444
2479,discriminative-attribute-state,yes,0,1.0,1.0,0.0,1.0,1.0,1.0,0.0,1.0,0.47619047619047616,1.0,0.5416666666666666,0.5416666666666666,1.0,0.4444444444444444
2481,discriminative-attribute-action,yes,1,0.8181818181818182,0.6727272727272727,1.0,1.0,0.2,0.6,0.8,0.6,0.8268398268398268,0.5,0.675,0.6,0.875,0.4444444444444444
2483,discriminative-attribute-state,yes,0,0.6363636363636364,0.4909090909090909,0.0,1.0,1.0,1.0,0.0,1.0,0.5454545454545454,0.6,0.475,0.5416666666666666,1.0,0.4444444444444444
2485,discriminative-attribute-number,yes,0,1.0,1.0,1.0,1.0,1.0,1.0,0.4,0.4,1.0,1.0,0.675,1.0,0.675,0.5333333333333333
2487,discriminative-attribute-action,yes,0,1.0,1.0,0.0,1.0,1.0,1.0,0.0,1.0,0.47619047619047616,1.0,0.5416666666666666,0.5416666666666666,1.0,0.4444444444444444
2489,discriminative-attribute-state,yes,0,1.0,1.0,0.0,1.0,1.0,1.0,0.0,1.0,0.47619047619047616,1.0,0.5416666666666666,0.5416666666666666,1.0,0.4444444444444444
2491,discriminative-attribute-state,yes,0,1.0,1.0,0.0,1.0,1.0,1.0,0.0,1.0,0.47619047619047616,1.0,0.5416666666666666,0.5416666666666666,1.0,0.4444444444444444
2495,discriminative-attribute-number,yes,0,1.0,1.0,0.9090909090909091,0.8181818181818182,1.0,1.0,1.0,1.0,0.9090909090909091,1.0,1.0,0.875,0.875,1.0
2497,discriminative-attribute-state,yes,0,1.0,1.0,0.0,1.0,1.0,1.0,0.0,1.0,0.47619047619047616,1.0,0.5416666666666666,0.5416666666666666,1.0,0.4444444444444444
2499,discriminative-attribute-action,yes,0,1.0,1.0,0.0,1.0,1.0,1.0,0.0,1.0,0.47619047619047616,1.0,0.5416666666666666,0.5416666666666666,1.0,0.4444444444444444
2501,discriminative-attribute-state,yes,0,1.0,1.0,0.09090909090909091,0.8181818181818182,1.0,1.0,0.2,0.6,0.4805194805194805,1.0,0.6,0.5,0.7666666666666667,0.4666666666666667
2503,discriminative-attribute-state,yes,1,0.45454545454545453,0.45454545454545453,1.0,1.0,0.0,1.0,1.0,1.0,0.5844155844155844,0.5416666666666666,0.5,0.5416666666666666,1.0,0.4444444444444444
2505,discriminative-attribute-number,yes,0,1.0,1.0,0.18181818181818182,0.6727272727272727,1.0,1.0,0.2,0.6,0.4935064935064935,1.0,0.6,0.475,0.675,0.4666666666666667
2507,discriminative-attribute-state,yes,1,0.18181818181818182,0.6727272727272727,0.9090909090909091,0.8181818181818182,0.0,1.0,1.0,1.0,0.4805194805194805,0.7666666666666667,0.475,0.5,0.875,0.4444444444444444
2509,discriminative-attribute-number,yes,0,1.0,1.0,1.0,1.0,1.0,1.0,0.4,0.4,1.0,1.0,0.675,1.0,0.675,0.5333333333333333
2511,discriminative-attribute-state,yes,0,1.0,1.0,0.0,1.0,1.0,1.0,0.0,1.0,0.47619047619047616,1.0,0.5416666666666666,0.5416666666666666,1.0,0.4444444444444444
2513,discriminative-attribute-state,yes,0,1.0,1.0,0.0,1.0,1.0,1.0,0.0,1.0,0.47619047619047616,1.0,0.5416666666666666,0.5416666666666666,1.0,0.4444444444444444
2515,discriminative-attribute-number,yes,0,1.0,1.0,0.09090909090909091,0.8181818181818182,1.0,1.0,0.2,0.6,0.4805194805194805,1.0,0.6,0.5,0.7666666666666667,0.4666666666666667
2517,discriminative-attribute-state,yes,1,0.36363636363636365,0.4909090909090909,0.0,1.0,0.2,0.6,0.6,0.4,0.6883116883116883,0.5416666666666666,0.475,0.875,0.675,0.4666666666666667
2519,discriminative-attribute-action,yes,0,1.0,1.0,0.0,1.0,1.0,1.0,0.0,1.0,0.47619047619047616,1.0,0.5416666666666666,0.5416666666666666,1.0,0.4444444444444444
2521,discriminative-attribute-state,yes,1,0.0,1.0,1.0,1.0,0.0,1.0,1.0,1.0,0.47619047619047616,1.0,0.5416666666666666,0.5416666666666666,1.0,0.4444444444444444
2523,discriminative-attribute-number,yes,1,0.18181818181818182,0.6727272727272727,0.9090909090909091,0.8181818181818182,0.0,1.0,0.6,0.4,0.4805194805194805,0.7666666666666667,0.5416666666666666,0.5,0.675,0.5333333333333333
2525,discriminative-attribute-state,yes,0,1.0,1.0,0.0,1.0,1.0,1.0,0.0,1.0,0.47619047619047616,1.0,0.5416666666666666,0.5416666666666666,1.0,0.4444444444444444
2527,discriminative-attribute-state,yes,1,0.09090909090909091,0.8181818181818182,1.0,1.0,0.0,1.0,1.0,1.0,0.4805194805194805,0.875,0.5,0.5416666666666666,1.0,0.4444444444444444
2529,discriminative-attribute-number,yes,0,1.0,1.0,1.0,1.0,1.0,1.0,0.4,0.4,1.0,1.0,0.675,1.0,0.675,0.5333333333333333
2531,discriminative-attribute-state,yes,0,1.0,1.0,0.36363636363636365,0.4909090909090909,1.0,1.0,0.0,1.0,0.5454545454545454,1.0,0.5416666666666666,0.475,0.6,0.4444444444444444
2533,discriminative-attribute-number,yes,0,0.9090909090909091,0.8181818181818182,0.5454545454545454,0.45454545454545453,1.0,1.0,0.2,0.6,0.5844155844155844,0.875,0.5416666666666666,0.5416666666666666,0.475,0.4666666666666667
2535,discriminative-attribute-number,yes,1,0.0,1.0,0.9090909090909091,0.8181818181818182,0.0,1.0,1.0,1.0,0.4805194805194805,1.0,0.5416666666666666,0.5,0.875,0.4444444444444444
2537,discriminative-attribute-state,yes,0,0.9090909090909091,0.8181818181818182,0.09090909090909091,0.8181818181818182,1.0,1.0,0.0,1.0,0.47619047619047616,0.875,0.5,0.5,0.875,0.4444444444444444
2539,discriminative-attribute-number,yes,0,0.45454545454545453,0.45454545454545453,0.9090909090909091,0.8181818181818182,0.8,0.6,0.6,0.4,0.5454545454545454,0.475,0.4666666666666667,0.7666666666666667,0.675,0.5333333333333333
2541,discriminative-attribute-number,yes,0,1.0,1.0,0.36363636363636365,0.4909090909090909,1.0,1.0,0.2,0.6,0.5454545454545454,1.0,0.6,0.475,0.5416666666666666,0.4666666666666667
2543,discriminative-attribute-state,yes,1,0.18181818181818182,0.6727272727272727,0.8181818181818182,0.6727272727272727,0.0,1.0,1.0,1.0,0.47619047619047616,0.7666666666666667,0.475,0.475,0.7666666666666667,0.4444444444444444
2545,discriminative-attribute-state,yes,0,0.9090909090909091,0.8181818181818182,0.0,1.0,1.0,1.0,0.0,1.0,0.4805194805194805,0.875,0.5,0.5416666666666666,1.0,0.4444444444444444
2547,discriminative-attribute-number,yes,0,1.0,1.0,0.09090909090909091,0.8181818181818182,1.0,1.0,0.4,0.4,0.4805194805194805,1.0,0.675,0.5,0.675,0.5333333333333333
2549,discriminative-attribute-state,yes,0,1.0,1.0,0.0,1.0,1.0,1.0,0.0,1.0,0.47619047619047616,1.0,0.5416666666666666,0.5416666666666666,1.0,0.4444444444444444
2551,discriminative-attribute-state,yes,0,0.45454545454545453,0.45454545454545453,0.09090909090909091,0.8181818181818182,0.4,0.4,0.0,1.0,0.5844155844155844,0.475,0.5416666666666666,0.675,0.875,0.6444444444444445
2553,discriminative-attribute-action,yes,0,1.0,1.0,0.18181818181818182,0.6727272727272727,1.0,1.0,0.0,1.0,0.4935064935064935,1.0,0.5416666666666666,0.475,0.7666666666666667,0.4444444444444444
2555,discriminative-attribute-number,yes,0,1.0,1.0,0.36363636363636365,0.4909090909090909,1.0,1.0,0.2,0.6,0.5454545454545454,1.0,0.6,0.475,0.5416666666666666,0.4666666666666667
2557,discriminative-attribute-state,yes,0,1.0,1.0,0.18181818181818182,0.6727272727272727,1.0,1.0,0.0,1.0,0.4935064935064935,1.0,0.5416666666666666,0.475,0.7666666666666667,0.4444444444444444
2561,discriminative-attribute-state,yes,1,0.8181818181818182,0.6727272727272727,0.45454545454545453,0.45454545454545453,0.2,0.6,0.4,0.4,0.5151515151515151,0.5,0.5416666666666666,0.5,0.475,0.5333333333333333
2563,discriminative-attribute-state,yes,1,0.36363636363636365,0.4909090909090909,1.0,1.0,0.4,0.4,1.0,1.0,0.5454545454545454,0.5,0.475,0.675,1.0,0.5333333333333333
2565,discriminative-attribute-action,yes,0,1.0,1.0,0.7272727272727273,0.5636363636363636,1.0,1.0,0.4,0.4,0.7532467532467533,1.0,0.675,0.675,0.5,0.5333333333333333
2567,discriminative-attribute-number,yes,0,1.0,1.0,0.09090909090909091,0.8181818181818182,1.0,1.0,0.2,0.6,0.4805194805194805,1.0,0.6,0.5,0.7666666666666667,0.4666666666666667
2569,discriminative-attribute-state,yes,0,1.0,1.0,0.0,1.0,1.0,1.0,0.0,1.0,0.47619047619047616,1.0,0.5416666666666666,0.5416666666666666,1.0,0.4444444444444444
2571,discriminative-attribute-state,yes,0,0.8181818181818182,0.6727272727272727,0.0,1.0,1.0,1.0,0.0,1.0,0.4935064935064935,0.7666666666666667,0.475,0.5416666666666666,1.0,0.4444444444444444
2573,discriminative-attribute-number,yes,0,1.0,1.0,0.7272727272727273,0.5636363636363636,1.0,1.0,0.2,0.6,0.7532467532467533,1.0,0.6,0.675,0.475,0.4666666666666667
2575,discriminative-attribute-action,yes,1,0.0,1.0,0.45454545454545453,0.45454545454545453,0.0,1.0,0.4,0.4,0.6320346320346321,1.0,0.7666666666666667,0.5416666666666666,0.475,0.6444444444444445
2577,discriminative-attribute-state,yes,0,0.9090909090909091,0.8181818181818182,0.0,1.0,1.0,1.0,0.0,1.0,0.4805194805194805,0.875,0.5,0.5416666666666666,1.0,0.4444444444444444
2579,discriminative-attribute-state,yes,0,1.0,1.0,0.9090909090909091,0.8181818181818182,1.0,1.0,0.6,0.4,0.9090909090909091,1.0,0.7666666666666667,0.875,0.675,0.6444444444444445
2581,discriminative-attribute-state,yes,0,1.0,1.0,0.7272727272727273,0.5636363636363636,1.0,1.0,0.4,0.4,0.7532467532467533,1.0,0.675,0.675,0.5,0.5333333333333333
2583,discriminative-attribute-number,yes,0,1.0,1.0,0.2727272727272727,0.5636363636363636,1.0,1.0,0.0,1.0,0.5151515151515151,1.0,0.5416666666666666,0.4666666666666667,0.675,0.4444444444444444
2585,discriminative-attribute-state,yes,0,0.7272727272727273,0.5636363636363636,0.09090909090909091,0.8181818181818182,1.0,1.0,0.0,1.0,0.4935064935064935,0.675,0.4666666666666667,0.5,0.875,0.4444444444444444
2587,discriminative-attribute-action,yes,0,1.0,1.0,0.0,1.0,1.0,1.0,0.2,0.6,0.47619047619047616,1.0,0.6,0.5416666666666666,0.875,0.4666666666666667
2589,discriminative-attribute-number,yes,0,1.0,1.0,0.6363636363636364,0.4909090909090909,1.0,1.0,0.6,0.4,0.6883116883116883,1.0,0.7666666666666667,0.6,0.5,0.6444444444444445
2591,discriminative-attribute-state,yes,0,1.0,1.0,0.0,1.0,1.0,1.0,0.0,1.0,0.47619047619047616,1.0,0.5416666666666666,0.5416666666666666,1.0,0.4444444444444444
2593,discriminative-attribute-state,yes,0,0.5454545454545454,0.45454545454545453,0.9090909090909091,0.8181818181818182,1.0,1.0,0.4,0.4,0.5844155844155844,0.5416666666666666,0.4666666666666667,0.875,0.6,0.5333333333333333
2595,discriminative-attribute-action,yes,0,1.0,1.0,0.6363636363636364,0.4909090909090909,1.0,1.0,0.0,1.0,0.6883116883116883,1.0,0.5416666666666666,0.6,0.475,0.4444444444444444
2597,discriminative-attribute-number,yes,0,1.0,1.0,1.0,1.0,1.0,1.0,0.8,0.6,1.0,1.0,0.875,1.0,0.875,0.8
2599,discriminative-attribute-number,yes,0,1.0,1.0,0.5454545454545454,0.45454545454545453,1.0,1.0,0.4,0.4,0.6320346320346321,1.0,0.675,0.5416666666666666,0.4666666666666667,0.5333333333333333
2601,discriminative-attribute-state,yes,0,0.9090909090909091,0.8181818181818182,0.36363636363636365,0.4909090909090909,1.0,1.0,0.0,1.0,0.5151515151515151,0.875,0.5,0.475,0.6,0.4444444444444444
2603,discriminative-attribute-state,yes,1,0.5454545454545454,0.45454545454545453,1.0,1.0,0.0,1.0,1.0,1.0,0.6320346320346321,0.5,0.5416666666666666,0.5416666666666666,1.0,0.4444444444444444
2605,discriminative-attribute-state,yes,0,1.0,1.0,0.0,1.0,1.0,1.0,0.0,1.0,0.47619047619047616,1.0,0.5416666666666666,0.5416666666666666,1.0,0.4444444444444444
2607,discriminative-attribute-number,yes,0,1.0,1.0,0.09090909090909091,0.8181818181818182,1.0,1.0,0.0,1.0,0.4805194805194805,1.0,0.5416666666666666,0.5,0.875,0.4444444444444444
2609,discriminative-attribute-action,yes,0,0.9090909090909091,0.8181818181818182,0.2727272727272727,0.5636363636363636,1.0,1.0,0.0,1.0,0.4935064935064935,0.875,0.5,0.4666666666666667,0.675,0.4444444444444444
2611,discriminative-attribute-state,yes,1,0.36363636363636365,0.4909090909090909,0.7272727272727273,0.5636363636363636,0.6,0.4,1.0,1.0,0.4805194805194805,0.475,0.475,0.5416666666666666,0.675,0.6444444444444445
2613,discriminative-attribute-state,yes,1,0.09090909090909091,0.8181818181818182,0.9090909090909091,0.8181818181818182,0.0,1.0,1.0,1.0,0.47619047619047616,0.875,0.5,0.5,0.875,0.4444444444444444
2615,discriminative-attribute-number,yes,0,1.0,1.0,0.7272727272727273,0.5636363636363636,1.0,1.0,0.4,0.4,0.7532467532467533,1.0,0.675,0.675,0.5,0.5333333333333333
2617,discriminative-attribute-state,yes,1,1.0,1.0,0.0,1.0,0.6,0.4,0.6,0.4,0.47619047619047616,0.7666666666666667,0.7666666666666667,0.675,0.675,0.4666666666666667
2619,discriminative-attribute-state,yes,1,1.0,1.0,0.45454545454545453,0.45454545454545453,1.0,1.0,0.6,0.4,0.5844155844155844,1.0,0.7666666666666667,0.5,0.4666666666666667,0.6444444444444445
2621,discriminative-attribute-state,yes,0,0.5454545454545454,0.45454545454545453,0.0,1.0,1.0,1.0,0.0,1.0,0.5844155844155844,0.5416666666666666,0.5,0.5416666666666666,1.0,0.4444444444444444
2623,discriminative-attribute-number,yes,0,1.0,1.0,0.0,1.0,1.0,1.0,0.0,1.0,0.47619047619047616,1.0,0.5416666666666666,0.5416666666666666,1.0,0.4444444444444444
2625,discriminative-attribute-state,yes,0,1.0,1.0,0.0,1.0,1.0,1.0,0.0,1.0,0.47619047619047616,1.0,0.5416666666666666,0.5416666666666666,1.0,0.4444444444444444
2627,discriminative-attribute-state,yes,1,0.7272727272727273,0.5636363636363636,0.6363636363636364,0.4909090909090909,0.2,0.6,0.6,0.4,0.5454545454545454,0.475,0.5416666666666666,0.4666666666666667,0.5,0.4666666666666667
2629,discriminative-attribute-number,yes,0,1.0,1.0,0.09090909090909091,0.8181818181818182,1.0,1.0,0.6,0.4,0.4805194805194805,1.0,0.7666666666666667,0.5,0.6,0.6444444444444445
2631,discriminative-attribute-state,yes,1,0.0,1.0,1.0,1.0,0.0,1.0,1.0,1.0,0.47619047619047616,1.0,0.5416666666666666,0.5416666666666666,1.0,0.4444444444444444
2635,discriminative-attribute-state,yes,0,1.0,1.0,0.0,1.0,1.0,1.0,0.0,1.0,0.47619047619047616,1.0,0.5416666666666666,0.5416666666666666,1.0,0.4444444444444444
2637,discriminative-attribute-state,yes,1,0.9090909090909091,0.8181818181818182,1.0,1.0,0.2,0.6,1.0,1.0,0.9090909090909091,0.5416666666666666,0.875,0.6,1.0,0.4666666666666667
2639,discriminative-attribute-state,yes,0,1.0,1.0,0.09090909090909091,0.8181818181818182,1.0,1.0,0.0,1.0,0.4805194805194805,1.0,0.5416666666666666,0.5,0.875,0.4444444444444444
2641,discriminative-attribute-number,yes,0,0.8181818181818182,0.6727272727272727,1.0,1.0,1.0,1.0,0.6,0.4,0.8268398268398268,0.7666666666666667,0.6,1.0,0.7666666666666667,0.6444444444444445
2643,discriminative-attribute-number,yes,1,0.0,1.0,0.18181818181818182,0.6727272727272727,0.0,1.0,0.2,0.6,0.8268398268398268,1.0,0.875,0.7666666666666667,0.675,0.8
2645,discriminative-attribute-state,yes,1,0.2727272727272727,0.5636363636363636,1.0,1.0,0.0,1.0,1.0,1.0,0.5151515151515151,0.675,0.4666666666666667,0.5416666666666666,1.0,0.4444444444444444
2647,discriminative-attribute-number,yes,1,0.0,1.0,0.0,1.0,0.0,1.0,0.2,0.6,1.0,1.0,0.875,1.0,0.875,0.8
2649,discriminative-attribute-state,yes,1,0.2727272727272727,0.5636363636363636,1.0,1.0,0.2,0.6,1.0,1.0,0.5151515151515151,0.6,0.4666666666666667,0.6,1.0,0.4666666666666667
2655,discriminative-attribute-state,yes,0,0.7272727272727273,0.5636363636363636,1.0,1.0,1.0,1.0,0.4,0.4,0.7532467532467533,0.675,0.5,1.0,0.675,0.5333333333333333
2657,discriminative-attribute-state,yes,0,1.0,1.0,0.0,1.0,1.0,1.0,0.0,1.0,0.47619047619047616,1.0,0.5416666666666666,0.5416666666666666,1.0,0.4444444444444444
2659,discriminative-attribute-number,yes,0,0.9090909090909091,0.8181818181818182,1.0,1.0,1.0,1.0,0.8,0.6,0.9090909090909091,0.875,0.7666666666666667,1.0,0.875,0.8
2661,discriminative-attribute-state,yes,0,1.0,1.0,0.0,1.0,1.0,1.0,0.4,0.4,0.47619047619047616,1.0,0.675,0.5416666666666666,0.7666666666666667,0.5333333333333333
2663,discriminative-attribute-state,yes,0,0.8181818181818182,0.6727272727272727,0.0,1.0,0.8,0.6,0.0,1.0,0.4935064935064935,0.675,0.475,0.6,1.0,0.4666666666666667
2665,discriminative-attribute-state,yes,0,1.0,1.0,0.09090909090909091,0.8181818181818182,1.0,1.0,0.0,1.0,0.4805194805194805,1.0,0.5416666666666666,0.5,0.875,0.4444444444444444
2667,discriminative-attribute-number,yes,0,1.0,1.0,0.09090909090909091,0.8181818181818182,1.0,1.0,0.0,1.0,0.4805194805194805,1.0,0.5416666666666666,0.5,0.875,0.4444444444444444
2669,discriminative-attribute-state,yes,0,1.0,1.0,0.18181818181818182,0.6727272727272727,1.0,1.0,0.2,0.6,0.4935064935064935,1.0,0.6,0.475,0.675,0.4666666666666667
2671,discriminative-attribute-number,yes,0,1.0,1.0,0.09090909090909091,0.8181818181818182,1.0,1.0,0.4,0.4,0.4805194805194805,1.0,0.675,0.5,0.675,0.5333333333333333
2673,discriminative-attribute-state,yes,0,1.0,1.0,0.0,1.0,1.0,1.0,0.2,0.6,0.47619047619047616,1.0,0.6,0.5416666666666666,0.875,0.4666666666666667
2675,discriminative-attribute-state,yes,1,0.9090909090909091,0.8181818181818182,0.9090909090909091,0.8181818181818182,0.6,0.4,1.0,1.0,0.8268398268398268,0.675,0.875,0.675,0.875,0.6444444444444445
2677,discriminative-attribute-number,yes,0,1.0,1.0,0.2727272727272727,0.5636363636363636,1.0,1.0,0.4,0.4,0.5151515151515151,1.0,0.675,0.4666666666666667,0.5416666666666666,0.5333333333333333
2679,discriminative-attribute-state,yes,0,1.0,1.0,0.36363636363636365,0.4909090909090909,1.0,1.0,0.0,1.0,0.5454545454545454,1.0,0.5416666666666666,0.475,0.6,0.4444444444444444
2681,discriminative-attribute-action,yes,0,1.0,1.0,1.0,1.0,1.0,1.0,1.0,1.0,1.0,1.0,1.0,1.0,1.0,1.0
2683,discriminative-attribute-number,yes,0,1.0,1.0,1.0,1.0,1.0,1.0,1.0,1.0,1.0,1.0,1.0,1.0,1.0,1.0
2685,discriminative-attribute-state,yes,0,1.0,1.0,0.09090909090909091,0.8181818181818182,1.0,1.0,0.4,0.4,0.4805194805194805,1.0,0.675,0.5,0.675,0.5333333333333333
2687,discriminative-attribute-state,yes,0,0.8181818181818182,0.6727272727272727,0.09090909090909091,0.8181818181818182,1.0,1.0,0.0,1.0,0.4805194805194805,0.7666666666666667,0.475,0.5,0.875,0.4444444444444444
2689,discriminative-attribute-state,yes,0,1.0,1.0,0.09090909090909091,0.8181818181818182,1.0,1.0,0.0,1.0,0.4805194805194805,1.0,0.5416666666666666,0.5,0.875,0.4444444444444444
2691,discriminative-attribute-action,yes,1,0.0,1.0,0.8181818181818182,0.6727272727272727,0.0,1.0,0.6,0.4,0.4935064935064935,1.0,0.675,0.475,0.6,0.5333333333333333
2693,discriminative-attribute-number,yes,0,1.0,1.0,0.09090909090909091,0.8181818181818182,1.0,1.0,0.0,1.0,0.4805194805194805,1.0,0.5416666666666666,0.5,0.875,0.4444444444444444
2695,discriminative-attribute-state,yes,0,0.7272727272727273,0.5636363636363636,0.0,1.0,1.0,1.0,0.0,1.0,0.5151515151515151,0.675,0.4666666666666667,0.5416666666666666,1.0,0.4444444444444444
2697,discriminative-attribute-state,yes,0,0.9090909090909091,0.8181818181818182,0.0,1.0,1.0,1.0,0.0,1.0,0.4805194805194805,0.875,0.5,0.5416666666666666,1.0,0.4444444444444444
2699,discriminative-attribute-state,yes,0,1.0,1.0,0.8181818181818182,0.6727272727272727,1.0,1.0,0.2,0.6,0.8268398268398268,1.0,0.6,0.7666666666666667,0.5,0.4666666666666667
2701,discriminative-attribute-state,yes,1,0.09090909090909091,0.8181818181818182,1.0,1.0,0.0,1.0,1.0,1.0,0.4805194805194805,0.875,0.5,0.5416666666666666,1.0,0.4444444444444444
2703,discriminative-attribute-state,yes,0,1.0,1.0,0.0,1.0,1.0,1.0,0.0,1.0,0.47619047619047616,1.0,0.5416666666666666,0.5416666666666666,1.0,0.4444444444444444
2705,discriminative-attribute-number,yes,0,1.0,1.0,0.09090909090909091,0.8181818181818182,1.0,1.0,0.4,0.4,0.4805194805194805,1.0,0.675,0.5,0.675,0.5333333333333333
2707,discriminative-attribute-action,yes,0,1.0,1.0,0.18181818181818182,0.6727272727272727,1.0,1.0,0.0,1.0,0.4935064935064935,1.0,0.5416666666666666,0.475,0.7666666666666667,0.4444444444444444
2709,discriminative-attribute-state,yes,1,0.0,1.0,0.0,1.0,0.0,1.0,0.4,0.4,1.0,1.0,0.7666666666666667,1.0,0.7666666666666667,0.6444444444444445
2711,discriminative-attribute-state,yes,0,1.0,1.0,0.0,1.0,1.0,1.0,0.0,1.0,0.47619047619047616,1.0,0.5416666666666666,0.5416666666666666,1.0,0.4444444444444444
2713,discriminative-attribute-action,yes,0,1.0,1.0,0.0,1.0,1.0,1.0,0.0,1.0,0.47619047619047616,1.0,0.5416666666666666,0.5416666666666666,1.0,0.4444444444444444
2715,discriminative-attribute-state,yes,0,1.0,1.0,0.0,1.0,1.0,1.0,0.0,1.0,0.47619047619047616,1.0,0.5416666666666666,0.5416666666666666,1.0,0.4444444444444444
2717,discriminative-attribute-number,yes,0,1.0,1.0,0.09090909090909091,0.8181818181818182,1.0,1.0,0.4,0.4,0.4805194805194805,1.0,0.675,0.5,0.675,0.5333333333333333
2719,discriminative-attribute-state,yes,0,1.0,1.0,0.9090909090909091,0.8181818181818182,1.0,1.0,0.4,0.4,0.9090909090909091,1.0,0.675,0.875,0.6,0.5333333333333333
2721,discriminative-attribute-state,yes,1,1.0,1.0,1.0,1.0,0.8,0.6,0.6,0.4,1.0,0.875,0.7666666666666667,0.875,0.7666666666666667,0.5333333333333333
2723,discriminative-attribute-state,yes,0,1.0,1.0,0.45454545454545453,0.45454545454545453,1.0,1.0,0.6,0.4,0.5844155844155844,1.0,0.7666666666666667,0.5,0.4666666666666667,0.6444444444444445
2727,discriminative-attribute-number,yes,0,1.0,1.0,0.2727272727272727,0.5636363636363636,1.0,1.0,0.2,0.6,0.5151515151515151,1.0,0.6,0.4666666666666667,0.6,0.4666666666666667
2729,discriminative-attribute-state,yes,0,0.7272727272727273,0.5636363636363636,0.0,1.0,1.0,1.0,0.0,1.0,0.5151515151515151,0.675,0.4666666666666667,0.5416666666666666,1.0,0.4444444444444444
2731,discriminative-attribute-state,yes,0,1.0,1.0,0.0,1.0,1.0,1.0,0.0,1.0,0.47619047619047616,1.0,0.5416666666666666,0.5416666666666666,1.0,0.4444444444444444
2733,discriminative-attribute-state,yes,0,1.0,1.0,1.0,1.0,1.0,1.0,0.2,0.6,1.0,1.0,0.6,1.0,0.6,0.4666666666666667
2735,discriminative-attribute-state,yes,0,1.0,1.0,0.0,1.0,1.0,1.0,0.0,1.0,0.47619047619047616,1.0,0.5416666666666666,0.5416666666666666,1.0,0.4444444444444444
2737,discriminative-attribute-state,yes,0,0.7272727272727273,0.5636363636363636,0.0,1.0,1.0,1.0,0.0,1.0,0.5151515151515151,0.675,0.4666666666666667,0.5416666666666666,1.0,0.4444444444444444
2739,discriminative-attribute-state,yes,1,0.09090909090909091,0.8181818181818182,0.45454545454545453,0.45454545454545453,0.0,1.0,0.8,0.6,0.5844155844155844,0.875,0.5416666666666666,0.5416666666666666,0.475,0.4666666666666667
2741,discriminative-attribute-number,yes,1,0.0,1.0,0.5454545454545454,0.45454545454545453,0.0,1.0,1.0,1.0,0.5844155844155844,1.0,0.5416666666666666,0.5,0.5416666666666666,0.4444444444444444
2743,discriminative-attribute-action,yes,1,0.7272727272727273,0.5636363636363636,0.9090909090909091,0.8181818181818182,0.2,0.6,1.0,1.0,0.6883116883116883,0.475,0.675,0.5416666666666666,0.875,0.4666666666666667
2745,discriminative-attribute-state,yes,1,0.09090909090909091,0.8181818181818182,1.0,1.0,0.0,1.0,1.0,1.0,0.4805194805194805,0.875,0.5,0.5416666666666666,1.0,0.4444444444444444
2747,discriminative-attribute-state,yes,0,1.0,1.0,0.0,1.0,1.0,1.0,0.0,1.0,0.47619047619047616,1.0,0.5416666666666666,0.5416666666666666,1.0,0.4444444444444444
2749,discriminative-attribute-action,yes,0,1.0,1.0,0.0,1.0,1.0,1.0,0.0,1.0,0.47619047619047616,1.0,0.5416666666666666,0.5416666666666666,1.0,0.4444444444444444
2751,discriminative-attribute-state,yes,0,1.0,1.0,0.0,1.0,1.0,1.0,0.0,1.0,0.47619047619047616,1.0,0.5416666666666666,0.5416666666666666,1.0,0.4444444444444444
2753,discriminative-attribute-number,yes,0,1.0,1.0,0.09090909090909091,0.8181818181818182,1.0,1.0,0.0,1.0,0.4805194805194805,1.0,0.5416666666666666,0.5,0.875,0.4444444444444444
2755,discriminative-attribute-number,yes,0,1.0,1.0,0.0,1.0,1.0,1.0,0.2,0.6,0.47619047619047616,1.0,0.6,0.5416666666666666,0.875,0.4666666666666667
2757,discriminative-attribute-state,yes,0,1.0,1.0,0.09090909090909091,0.8181818181818182,1.0,1.0,0.0,1.0,0.4805194805194805,1.0,0.5416666666666666,0.5,0.875,0.4444444444444444
2759,discriminative-attribute-state,yes,0,1.0,1.0,0.0,1.0,1.0,1.0,0.0,1.0,0.47619047619047616,1.0,0.5416666666666666,0.5416666666666666,1.0,0.4444444444444444
2761,discriminative-attribute-state,yes,0,1.0,1.0,0.0,1.0,1.0,1.0,0.0,1.0,0.47619047619047616,1.0,0.5416666666666666,0.5416666666666666,1.0,0.4444444444444444
2763,discriminative-attribute-state,yes,0,1.0,1.0,0.5454545454545454,0.45454545454545453,1.0,1.0,0.2,0.6,0.6320346320346321,1.0,0.6,0.5416666666666666,0.475,0.4666666666666667
2765,discriminative-attribute-state,yes,1,0.36363636363636365,0.4909090909090909,1.0,1.0,0.2,0.6,0.8,0.6,0.5454545454545454,0.5416666666666666,0.4666666666666667,0.6,0.875,0.4444444444444444
2767,discriminative-attribute-action,yes,0,1.0,1.0,0.6363636363636364,0.4909090909090909,1.0,1.0,0.2,0.6,0.6883116883116883,1.0,0.6,0.6,0.4666666666666667,0.4666666666666667
2769,discriminative-attribute-action,yes,0,1.0,1.0,0.0,1.0,1.0,1.0,0.0,1.0,0.47619047619047616,1.0,0.5416666666666666,0.5416666666666666,1.0,0.4444444444444444
2771,discriminative-attribute-state,yes,0,0.8181818181818182,0.6727272727272727,0.0,1.0,1.0,1.0,0.0,1.0,0.4935064935064935,0.7666666666666667,0.475,0.5416666666666666,1.0,0.4444444444444444
2773,discriminative-attribute-state,yes,0,1.0,1.0,0.09090909090909091,0.8181818181818182,1.0,1.0,0.4,0.4,0.4805194805194805,1.0,0.675,0.5,0.675,0.5333333333333333
2775,discriminative-attribute-state,yes,1,0.18181818181818182,0.6727272727272727,0.9090909090909091,0.8181818181818182,0.0,1.0,1.0,1.0,0.4805194805194805,0.7666666666666667,0.475,0.5,0.875,0.4444444444444444
2777,discriminative-attribute-number,yes,0,1.0,1.0,0.09090909090909091,0.8181818181818182,1.0,1.0,0.0,1.0,0.4805194805194805,1.0,0.5416666666666666,0.5,0.875,0.4444444444444444
2779,discriminative-attribute-action,yes,0,1.0,1.0,0.0,1.0,1.0,1.0,0.0,1.0,0.47619047619047616,1.0,0.5416666666666666,0.5416666666666666,1.0,0.4444444444444444
2781,discriminative-attribute-state,yes,0,1.0,1.0,0.0,1.0,1.0,1.0,0.0,1.0,0.47619047619047616,1.0,0.5416666666666666,0.5416666666666666,1.0,0.4444444444444444
2783,discriminative-attribute-state,yes,0,0.7272727272727273,0.5636363636363636,0.0,1.0,1.0,1.0,0.0,1.0,0.5151515151515151,0.675,0.4666666666666667,0.5416666666666666,1.0,0.4444444444444444
2785,discriminative-attribute-state,yes,0,1.0,1.0,0.0,1.0,1.0,1.0,0.0,1.0,0.47619047619047616,1.0,0.5416666666666666,0.5416666666666666,1.0,0.4444444444444444
2787,discriminative-attribute-state,yes,0,1.0,1.0,0.0,1.0,1.0,1.0,0.0,1.0,0.47619047619047616,1.0,0.5416666666666666,0.5416666666666666,1.0,0.4444444444444444
2789,discriminative-attribute-action,yes,0,1.0,1.0,0.0,1.0,1.0,1.0,0.0,1.0,0.47619047619047616,1.0,0.5416666666666666,0.5416666666666666,1.0,0.4444444444444444
2791,discriminative-attribute-state,yes,0,0.7272727272727273,0.5636363636363636,0.09090909090909091,0.8181818181818182,1.0,1.0,0.0,1.0,0.4935064935064935,0.675,0.4666666666666667,0.5,0.875,0.4444444444444444
2793,discriminative-attribute-state,yes,1,0.0,1.0,1.0,1.0,0.0,1.0,0.8,0.6,0.47619047619047616,1.0,0.6,0.5416666666666666,0.875,0.4666666666666667
2795,discriminative-attribute-number,yes,1,0.0,1.0,0.9090909090909091,0.8181818181818182,0.0,1.0,0.8,0.6,0.4805194805194805,1.0,0.6,0.5,0.7666666666666667,0.4666666666666667
2797,discriminative-attribute-state,yes,1,0.0,1.0,1.0,1.0,0.0,1.0,1.0,1.0,0.47619047619047616,1.0,0.5416666666666666,0.5416666666666666,1.0,0.4444444444444444
2799,discriminative-attribute-action,yes,0,1.0,1.0,0.0,1.0,1.0,1.0,0.0,1.0,0.47619047619047616,1.0,0.5416666666666666,0.5416666666666666,1.0,0.4444444444444444
2801,discriminative-attribute-number,yes,0,1.0,1.0,0.6363636363636364,0.4909090909090909,1.0,1.0,0.6,0.4,0.6883116883116883,1.0,0.7666666666666667,0.6,0.5,0.6444444444444445
2803,discriminative-attribute-state,yes,0,1.0,1.0,0.0,1.0,1.0,1.0,0.0,1.0,0.47619047619047616,1.0,0.5416666666666666,0.5416666666666666,1.0,0.4444444444444444
2805,discriminative-attribute-state,yes,0,1.0,1.0,0.0,1.0,0.6,0.4,0.0,1.0,0.47619047619047616,0.7666666666666667,0.5416666666666666,0.675,1.0,0.5333333333333333
2807,discriminative-attribute-state,yes,0,1.0,1.0,0.0,1.0,1.0,1.0,0.0,1.0,0.47619047619047616,1.0,0.5416666666666666,0.5416666666666666,1.0,0.4444444444444444
2809,discriminative-attribute-state,yes,1,0.0,1.0,1.0,1.0,0.4,0.4,1.0,1.0,0.47619047619047616,0.7666666666666667,0.5416666666666666,0.675,1.0,0.5333333333333333
2811,discriminative-attribute-action,yes,0,1.0,1.0,0.0,1.0,1.0,1.0,0.2,0.6,0.47619047619047616,1.0,0.6,0.5416666666666666,0.875,0.4666666666666667
2813,discriminative-attribute-action,yes,0,1.0,1.0,0.0,1.0,1.0,1.0,0.0,1.0,0.47619047619047616,1.0,0.5416666666666666,0.5416666666666666,1.0,0.4444444444444444
2815,discriminative-attribute-state,yes,0,0.7272727272727273,0.5636363636363636,0.0,1.0,1.0,1.0,0.0,1.0,0.5151515151515151,0.675,0.4666666666666667,0.5416666666666666,1.0,0.4444444444444444
2817,discriminative-attribute-number,yes,1,0.09090909090909091,0.8181818181818182,0.0,1.0,0.0,1.0,0.8,0.6,0.9090909090909091,0.875,0.5416666666666666,1.0,0.6,0.4666666666666667
2819,discriminative-attribute-state,yes,0,0.9090909090909091,0.8181818181818182,0.0,1.0,1.0,1.0,0.0,1.0,0.4805194805194805,0.875,0.5,0.5416666666666666,1.0,0.4444444444444444
2821,discriminative-attribute-state,yes,0,1.0,1.0,0.0,1.0,1.0,1.0,0.6,0.4,0.47619047619047616,1.0,0.7666666666666667,0.5416666666666666,0.675,0.6444444444444445
2825,discriminative-attribute-state,yes,0,0.7272727272727273,0.5636363636363636,0.5454545454545454,0.45454545454545453,1.0,1.0,0.8,0.6,0.5151515151515151,0.675,0.6,0.5416666666666666,0.5,0.8
2827,discriminative-attribute-action,yes,0,1.0,1.0,0.0,1.0,1.0,1.0,0.0,1.0,0.47619047619047616,1.0,0.5416666666666666,0.5416666666666666,1.0,0.4444444444444444
2829,discriminative-attribute-number,yes,0,1.0,1.0,1.0,1.0,1.0,1.0,0.8,0.6,1.0,1.0,0.875,1.0,0.875,0.8
2831,discriminative-attribute-state,yes,1,0.2727272727272727,0.5636363636363636,0.09090909090909091,0.8181818181818182,0.0,1.0,0.8,0.6,0.6883116883116883,0.675,0.475,0.875,0.5416666666666666,0.4666666666666667
2833,discriminative-attribute-number,yes,0,1.0,1.0,0.0,1.0,1.0,1.0,0.0,1.0,0.47619047619047616,1.0,0.5416666666666666,0.5416666666666666,1.0,0.4444444444444444
2835,discriminative-attribute-state,yes,0,1.0,1.0,0.0,1.0,1.0,1.0,0.0,1.0,0.47619047619047616,1.0,0.5416666666666666,0.5416666666666666,1.0,0.4444444444444444
2837,discriminative-attribute-state,yes,1,0.0,1.0,1.0,1.0,0.0,1.0,1.0,1.0,0.47619047619047616,1.0,0.5416666666666666,0.5416666666666666,1.0,0.4444444444444444
2839,discriminative-attribute-action,yes,0,1.0,1.0,0.0,1.0,1.0,1.0,0.0,1.0,0.47619047619047616,1.0,0.5416666666666666,0.5416666666666666,1.0,0.4444444444444444
2841,discriminative-attribute-state,yes,0,1.0,1.0,0.0,1.0,1.0,1.0,0.0,1.0,0.47619047619047616,1.0,0.5416666666666666,0.5416666666666666,1.0,0.4444444444444444
2843,discriminative-attribute-action,yes,1,0.0,1.0,1.0,1.0,0.0,1.0,1.0,1.0,0.47619047619047616,1.0,0.5416666666666666,0.5416666666666666,1.0,0.4444444444444444
2845,discriminative-attribute-state,yes,0,1.0,1.0,0.0,1.0,0.6,0.4,0.0,1.0,0.47619047619047616,0.7666666666666667,0.5416666666666666,0.675,1.0,0.5333333333333333
2847,discriminative-attribute-action,yes,0,1.0,1.0,0.09090909090909091,0.8181818181818182,1.0,1.0,0.0,1.0,0.4805194805194805,1.0,0.5416666666666666,0.5,0.875,0.4444444444444444
2849,discriminative-attribute-state,yes,0,0.9090909090909091,0.8181818181818182,0.0,1.0,1.0,1.0,0.0,1.0,0.4805194805194805,0.875,0.5,0.5416666666666666,1.0,0.4444444444444444
2851,discriminative-attribute-state,yes,0,1.0,1.0,0.0,1.0,1.0,1.0,0.0,1.0,0.47619047619047616,1.0,0.5416666666666666,0.5416666666666666,1.0,0.4444444444444444
2853,discriminative-attribute-state,yes,0,1.0,1.0,0.0,1.0,1.0,1.0,0.0,1.0,0.47619047619047616,1.0,0.5416666666666666,0.5416666666666666,1.0,0.4444444444444444
2855,discriminative-attribute-state,yes,0,1.0,1.0,0.0,1.0,1.0,1.0,0.0,1.0,0.47619047619047616,1.0,0.5416666666666666,0.5416666666666666,1.0,0.4444444444444444
2857,discriminative-attribute-action,yes,0,1.0,1.0,0.0,1.0,1.0,1.0,0.0,1.0,0.47619047619047616,1.0,0.5416666666666666,0.5416666666666666,1.0,0.4444444444444444
2859,discriminative-attribute-number,yes,0,1.0,1.0,0.09090909090909091,0.8181818181818182,1.0,1.0,0.6,0.4,0.4805194805194805,1.0,0.7666666666666667,0.5,0.6,0.6444444444444445
2861,discriminative-attribute-state,yes,1,0.36363636363636365,0.4909090909090909,1.0,1.0,0.2,0.6,1.0,1.0,0.5454545454545454,0.5416666666666666,0.475,0.6,1.0,0.4666666666666667
2863,discriminative-attribute-state,yes,0,1.0,1.0,0.0,1.0,1.0,1.0,0.0,1.0,0.47619047619047616,1.0,0.5416666666666666,0.5416666666666666,1.0,0.4444444444444444
2865,discriminative-attribute-state,yes,0,1.0,1.0,0.0,1.0,1.0,1.0,0.0,1.0,0.47619047619047616,1.0,0.5416666666666666,0.5416666666666666,1.0,0.4444444444444444
2867,discriminative-attribute-action,yes,0,0.9090909090909091,0.8181818181818182,0.18181818181818182,0.6727272727272727,1.0,1.0,0.8,0.6,0.4805194805194805,0.875,0.7666666666666667,0.475,0.5,0.8
2869,discriminative-attribute-number,yes,0,1.0,1.0,0.36363636363636365,0.4909090909090909,1.0,1.0,0.6,0.4,0.5454545454545454,1.0,0.7666666666666667,0.475,0.475,0.6444444444444445
2871,discriminative-attribute-state,yes,0,1.0,1.0,0.09090909090909091,0.8181818181818182,1.0,1.0,0.6,0.4,0.4805194805194805,1.0,0.7666666666666667,0.5,0.6,0.6444444444444445
2873,discriminative-attribute-state,yes,1,1.0,1.0,0.8181818181818182,0.6727272727272727,0.6,0.4,0.6,0.4,0.8268398268398268,0.7666666666666667,0.7666666666666667,0.6,0.6,0.4666666666666667
2875,discriminative-attribute-state,yes,1,0.6363636363636364,0.4909090909090909,0.5454545454545454,0.45454545454545453,0.0,1.0,0.2,0.6,0.4935064935064935,0.475,0.4666666666666667,0.5,0.475,0.8
2877,discriminative-attribute-state,yes,1,0.8181818181818182,0.6727272727272727,1.0,1.0,0.2,0.6,1.0,1.0,0.8268398268398268,0.5,0.7666666666666667,0.6,1.0,0.4666666666666667
2879,discriminative-attribute-action,yes,0,0.0,1.0,0.09090909090909091,0.8181818181818182,0.8,0.6,0.2,0.6,0.9090909090909091,0.6,0.875,0.5416666666666666,0.7666666666666667,0.4444444444444444
2881,discriminative-attribute-state,yes,1,0.0,1.0,0.8181818181818182,0.6727272727272727,0.0,1.0,0.8,0.6,0.4935064935064935,1.0,0.6,0.475,0.675,0.4666666666666667
2883,discriminative-attribute-number,yes,0,1.0,1.0,0.0,1.0,1.0,1.0,0.2,0.6,0.47619047619047616,1.0,0.6,0.5416666666666666,0.875,0.4666666666666667
2885,discriminative-attribute-state,yes,0,1.0,1.0,0.0,1.0,1.0,1.0,0.0,1.0,0.47619047619047616,1.0,0.5416666666666666,0.5416666666666666,1.0,0.4444444444444444
2887,discriminative-attribute-state,yes,1,0.0,1.0,1.0,1.0,0.0,1.0,1.0,1.0,0.47619047619047616,1.0,0.5416666666666666,0.5416666666666666,1.0,0.4444444444444444
2889,discriminative-attribute-state,yes,1,0.09090909090909091,0.8181818181818182,1.0,1.0,0.0,1.0,1.0,1.0,0.4805194805194805,0.875,0.5,0.5416666666666666,1.0,0.4444444444444444
2893,discriminative-attribute-action,yes,0,1.0,1.0,0.0,1.0,1.0,1.0,0.0,1.0,0.47619047619047616,1.0,0.5416666666666666,0.5416666666666666,1.0,0.4444444444444444
2895,discriminative-attribute-state,yes,0,1.0,1.0,1.0,1.0,1.0,1.0,0.6,0.4,1.0,1.0,0.7666666666666667,1.0,0.7666666666666667,0.6444444444444445
2897,discriminative-attribute-number,yes,0,1.0,1.0,0.18181818181818182,0.6727272727272727,1.0,1.0,0.0,1.0,0.4935064935064935,1.0,0.5416666666666666,0.475,0.7666666666666667,0.4444444444444444
2899,discriminative-attribute-state,yes,1,0.18181818181818182,0.6727272727272727,1.0,1.0,0.0,1.0,1.0,1.0,0.4935064935064935,0.7666666666666667,0.475,0.5416666666666666,1.0,0.4444444444444444
2901,discriminative-attribute-state,yes,0,1.0,1.0,0.0,1.0,1.0,1.0,0.0,1.0,0.47619047619047616,1.0,0.5416666666666666,0.5416666666666666,1.0,0.4444444444444444
2903,discriminative-attribute-state,yes,0,1.0,1.0,0.0,1.0,1.0,1.0,0.2,0.6,0.47619047619047616,1.0,0.6,0.5416666666666666,0.875,0.4666666666666667
2905,discriminative-attribute-state,yes,0,0.7272727272727273,0.5636363636363636,0.0,1.0,1.0,1.0,0.0,1.0,0.5151515151515151,0.675,0.4666666666666667,0.5416666666666666,1.0,0.4444444444444444
2907,discriminative-attribute-state,yes,0,1.0,1.0,0.09090909090909091,0.8181818181818182,1.0,1.0,0.2,0.6,0.4805194805194805,1.0,0.6,0.5,0.7666666666666667,0.4666666666666667
2909,discriminative-attribute-action,yes,0,1.0,1.0,0.0,1.0,1.0,1.0,0.0,1.0,0.47619047619047616,1.0,0.5416666666666666,0.5416666666666666,1.0,0.4444444444444444
2911,discriminative-attribute-state,yes,0,1.0,1.0,0.0,1.0,1.0,1.0,0.0,1.0,0.47619047619047616,1.0,0.5416666666666666,0.5416666666666666,1.0,0.4444444444444444
2913,discriminative-attribute-number,yes,0,1.0,1.0,0.09090909090909091,0.8181818181818182,1.0,1.0,0.0,1.0,0.4805194805194805,1.0,0.5416666666666666,0.5,0.875,0.4444444444444444
2915,discriminative-attribute-action,yes,0,1.0,1.0,0.2727272727272727,0.5636363636363636,1.0,1.0,0.0,1.0,0.5151515151515151,1.0,0.5416666666666666,0.4666666666666667,0.675,0.4444444444444444
2917,discriminative-attribute-state,yes,0,0.7272727272727273,0.5636363636363636,0.09090909090909091,0.8181818181818182,1.0,1.0,0.2,0.6,0.4935064935064935,0.675,0.475,0.5,0.7666666666666667,0.4666666666666667
2919,discriminative-attribute-state,yes,0,1.0,1.0,0.2727272727272727,0.5636363636363636,1.0,1.0,0.0,1.0,0.5151515151515151,1.0,0.5416666666666666,0.4666666666666667,0.675,0.4444444444444444
2921,discriminative-attribute-state,yes,0,1.0,1.0,0.0,1.0,1.0,1.0,0.0,1.0,0.47619047619047616,1.0,0.5416666666666666,0.5416666666666666,1.0,0.4444444444444444
2923,discriminative-attribute-number,yes,0,1.0,1.0,0.09090909090909091,0.8181818181818182,1.0,1.0,0.2,0.6,0.4805194805194805,1.0,0.6,0.5,0.7666666666666667,0.4666666666666667
2925,discriminative-attribute-state,yes,0,1.0,1.0,0.0,1.0,1.0,1.0,0.0,1.0,0.47619047619047616,1.0,0.5416666666666666,0.5416666666666666,1.0,0.4444444444444444
2927,discriminative-attribute-state,yes,1,1.0,1.0,0.45454545454545453,0.45454545454545453,0.2,0.6,0.8,0.6,0.5844155844155844,0.6,0.875,0.5,0.475,0.4444444444444444
2929,discriminative-attribute-state,yes,0,1.0,1.0,0.0,1.0,1.0,1.0,0.0,1.0,0.47619047619047616,1.0,0.5416666666666666,0.5416666666666666,1.0,0.4444444444444444
2931,discriminative-attribute-state,yes,0,1.0,1.0,0.0,1.0,1.0,1.0,0.0,1.0,0.47619047619047616,1.0,0.5416666666666666,0.5416666666666666,1.0,0.4444444444444444
2933,discriminative-attribute-number,yes,0,1.0,1.0,1.0,1.0,1.0,1.0,0.2,0.6,1.0,1.0,0.6,1.0,0.6,0.4666666666666667
2935,discriminative-attribute-action,yes,0,1.0,1.0,0.45454545454545453,0.45454545454545453,1.0,1.0,0.2,0.6,0.5844155844155844,1.0,0.6,0.5,0.5,0.4666666666666667
2937,discriminative-attribute-action,yes,0,1.0,1.0,0.09090909090909091,0.8181818181818182,1.0,1.0,0.2,0.6,0.4805194805194805,1.0,0.6,0.5,0.7666666666666667,0.4666666666666667
2939,discriminative-attribute-number,yes,0,1.0,1.0,0.09090909090909091,0.8181818181818182,1.0,1.0,0.0,1.0,0.4805194805194805,1.0,0.5416666666666666,0.5,0.875,0.4444444444444444
2941,discriminative-attribute-state,yes,0,0.7272727272727273,0.5636363636363636,0.0,1.0,1.0,1.0,0.0,1.0,0.5151515151515151,0.675,0.4666666666666667,0.5416666666666666,1.0,0.4444444444444444
2943,discriminative-attribute-state,yes,1,0.2727272727272727,0.5636363636363636,0.0,1.0,0.0,1.0,0.8,0.6,0.7532467532467533,0.675,0.475,1.0,0.6,0.4666666666666667
2945,discriminative-attribute-state,yes,1,0.8181818181818182,0.6727272727272727,1.0,1.0,0.2,0.6,0.8,0.6,0.8268398268398268,0.5,0.675,0.6,0.875,0.4444444444444444
2947,discriminative-attribute-state,yes,0,1.0,1.0,0.09090909090909091,0.8181818181818182,1.0,1.0,0.0,1.0,0.4805194805194805,1.0,0.5416666666666666,0.5,0.875,0.4444444444444444
2949,discriminative-attribute-number,yes,0,1.0,1.0,0.0,1.0,1.0,1.0,0.0,1.0,0.47619047619047616,1.0,0.5416666666666666,0.5416666666666666,1.0,0.4444444444444444
2951,discriminative-attribute-state,yes,0,1.0,1.0,0.0,1.0,1.0,1.0,0.0,1.0,0.47619047619047616,1.0,0.5416666666666666,0.5416666666666666,1.0,0.4444444444444444
2953,discriminative-attribute-state,yes,1,0.36363636363636365,0.4909090909090909,1.0,1.0,0.0,1.0,1.0,1.0,0.5454545454545454,0.6,0.475,0.5416666666666666,1.0,0.4444444444444444
2955,discriminative-attribute-state,yes,0,1.0,1.0,0.0,1.0,1.0,1.0,0.0,1.0,0.47619047619047616,1.0,0.5416666666666666,0.5416666666666666,1.0,0.4444444444444444
2957,discriminative-attribute-state,yes,0,1.0,1.0,0.0,1.0,1.0,1.0,0.0,1.0,0.47619047619047616,1.0,0.5416666666666666,0.5416666666666666,1.0,0.4444444444444444
2959,discriminative-attribute-number,yes,1,0.0,1.0,0.09090909090909091,0.8181818181818182,0.0,1.0,0.6,0.4,0.9090909090909091,1.0,0.675,0.875,0.6,0.5333333333333333
2961,discriminative-attribute-state,yes,0,1.0,1.0,0.0,1.0,1.0,1.0,0.0,1.0,0.47619047619047616,1.0,0.5416666666666666,0.5416666666666666,1.0,0.4444444444444444
2963,discriminative-attribute-state,yes,0,1.0,1.0,0.0,1.0,1.0,1.0,0.0,1.0,0.47619047619047616,1.0,0.5416666666666666,0.5416666666666666,1.0,0.4444444444444444
2965,discriminative-attribute-state,yes,0,1.0,1.0,0.0,1.0,1.0,1.0,0.0,1.0,0.47619047619047616,1.0,0.5416666666666666,0.5416666666666666,1.0,0.4444444444444444
2967,discriminative-attribute-action,yes,0,1.0,1.0,0.09090909090909091,0.8181818181818182,1.0,1.0,0.0,1.0,0.4805194805194805,1.0,0.5416666666666666,0.5,0.875,0.4444444444444444
2969,discriminative-attribute-state,yes,1,0.0,1.0,1.0,1.0,0.0,1.0,1.0,1.0,0.47619047619047616,1.0,0.5416666666666666,0.5416666666666666,1.0,0.4444444444444444
2971,discriminative-attribute-state,yes,0,1.0,1.0,0.0,1.0,1.0,1.0,0.0,1.0,0.47619047619047616,1.0,0.5416666666666666,0.5416666666666666,1.0,0.4444444444444444
2973,discriminative-attribute-state,yes,0,0.7272727272727273,0.5636363636363636,0.0,1.0,1.0,1.0,0.2,0.6,0.5151515151515151,0.675,0.475,0.5416666666666666,0.875,0.4666666666666667
2975,discriminative-attribute-number,yes,1,0.0,1.0,0.0,1.0,0.0,1.0,0.8,0.6,1.0,1.0,0.6,1.0,0.6,0.4666666666666667
2977,discriminative-attribute-number,yes,0,1.0,1.0,0.2727272727272727,0.5636363636363636,1.0,1.0,0.0,1.0,0.5151515151515151,1.0,0.5416666666666666,0.4666666666666667,0.675,0.4444444444444444
2979,discriminative-attribute-state,yes,0,1.0,1.0,0.0,1.0,1.0,1.0,0.0,1.0,0.47619047619047616,1.0,0.5416666666666666,0.5416666666666666,1.0,0.4444444444444444
2981,discriminative-attribute-state,yes,0,0.8181818181818182,0.6727272727272727,0.0,1.0,1.0,1.0,0.0,1.0,0.4935064935064935,0.7666666666666667,0.475,0.5416666666666666,1.0,0.4444444444444444
2983,discriminative-attribute-action,yes,0,1.0,1.0,0.0,1.0,1.0,1.0,0.2,0.6,0.47619047619047616,1.0,0.6,0.5416666666666666,0.875,0.4666666666666667
2985,discriminative-attribute-state,yes,1,0.0,1.0,1.0,1.0,0.0,1.0,1.0,1.0,0.47619047619047616,1.0,0.5416666666666666,0.5416666666666666,1.0,0.4444444444444444
2987,discriminative-attribute-action,yes,1,0.0,1.0,1.0,1.0,0.0,1.0,1.0,1.0,0.47619047619047616,1.0,0.5416666666666666,0.5416666666666666,1.0,0.4444444444444444
2989,discriminative-attribute-state,yes,0,1.0,1.0,0.0,1.0,1.0,1.0,0.0,1.0,0.47619047619047616,1.0,0.5416666666666666,0.5416666666666666,1.0,0.4444444444444444
2991,discriminative-attribute-state,yes,1,0.36363636363636365,0.4909090909090909,1.0,1.0,0.4,0.4,1.0,1.0,0.5454545454545454,0.5,0.475,0.675,1.0,0.5333333333333333
2993,discriminative-attribute-state,yes,0,1.0,1.0,0.0,1.0,1.0,1.0,0.0,1.0,0.47619047619047616,1.0,0.5416666666666666,0.5416666666666666,1.0,0.4444444444444444
2995,discriminative-attribute-state,yes,0,0.9090909090909091,0.8181818181818182,0.0,1.0,1.0,1.0,0.0,1.0,0.4805194805194805,0.875,0.5,0.5416666666666666,1.0,0.4444444444444444
2997,discriminative-attribute-state,yes,0,1.0,1.0,0.0,1.0,1.0,1.0,0.0,1.0,0.47619047619047616,1.0,0.5416666666666666,0.5416666666666666,1.0,0.4444444444444444
2999,discriminative-attribute-number,yes,1,0.9090909090909091,0.8181818181818182,0.0,1.0,0.4,0.4,0.0,1.0,0.4805194805194805,0.6,0.5,0.7666666666666667,1.0,0.6444444444444445
3001,discriminative-attribute-state,yes,0,1.0,1.0,0.0,1.0,1.0,1.0,0.0,1.0,0.47619047619047616,1.0,0.5416666666666666,0.5416666666666666,1.0,0.4444444444444444
3003,discriminative-attribute-state,yes,1,0.45454545454545453,0.45454545454545453,0.9090909090909091,0.8181818181818182,0.2,0.6,1.0,1.0,0.5454545454545454,0.5,0.5,0.5416666666666666,0.875,0.4666666666666667
3005,discriminative-attribute-state,yes,0,1.0,1.0,0.6363636363636364,0.4909090909090909,1.0,1.0,0.4,0.4,0.6883116883116883,1.0,0.675,0.6,0.475,0.5333333333333333
3007,discriminative-attribute-state,yes,0,1.0,1.0,0.0,1.0,1.0,1.0,0.0,1.0,0.47619047619047616,1.0,0.5416666666666666,0.5416666666666666,1.0,0.4444444444444444
3009,discriminative-attribute-action,yes,0,1.0,1.0,0.09090909090909091,0.8181818181818182,1.0,1.0,0.0,1.0,0.4805194805194805,1.0,0.5416666666666666,0.5,0.875,0.4444444444444444
3011,discriminative-attribute-state,yes,0,1.0,1.0,0.0,1.0,1.0,1.0,0.0,1.0,0.47619047619047616,1.0,0.5416666666666666,0.5416666666666666,1.0,0.4444444444444444
3013,discriminative-attribute-state,yes,0,1.0,1.0,0.0,1.0,1.0,1.0,0.0,1.0,0.47619047619047616,1.0,0.5416666666666666,0.5416666666666666,1.0,0.4444444444444444
3015,discriminative-attribute-action,yes,0,1.0,1.0,0.0,1.0,1.0,1.0,0.0,1.0,0.47619047619047616,1.0,0.5416666666666666,0.5416666666666666,1.0,0.4444444444444444
3017,discriminative-attribute-state,yes,1,0.09090909090909091,0.8181818181818182,1.0,1.0,0.0,1.0,1.0,1.0,0.4805194805194805,0.875,0.5,0.5416666666666666,1.0,0.4444444444444444
3019,discriminative-attribute-state,yes,0,0.9090909090909091,0.8181818181818182,0.0,1.0,1.0,1.0,0.0,1.0,0.4805194805194805,0.875,0.5,0.5416666666666666,1.0,0.4444444444444444
3021,discriminative-attribute-state,yes,0,1.0,1.0,0.0,1.0,1.0,1.0,0.0,1.0,0.47619047619047616,1.0,0.5416666666666666,0.5416666666666666,1.0,0.4444444444444444
3023,discriminative-attribute-number,yes,0,1.0,1.0,0.36363636363636365,0.4909090909090909,1.0,1.0,0.0,1.0,0.5454545454545454,1.0,0.5416666666666666,0.475,0.6,0.4444444444444444
3025,discriminative-attribute-action,yes,0,1.0,1.0,0.2727272727272727,0.5636363636363636,1.0,1.0,0.0,1.0,0.5151515151515151,1.0,0.5416666666666666,0.4666666666666667,0.675,0.4444444444444444
3027,discriminative-attribute-state,yes,0,1.0,1.0,0.0,1.0,1.0,1.0,0.0,1.0,0.47619047619047616,1.0,0.5416666666666666,0.5416666666666666,1.0,0.4444444444444444
3029,discriminative-attribute-state,yes,0,1.0,1.0,0.2727272727272727,0.5636363636363636,1.0,1.0,0.0,1.0,0.5151515151515151,1.0,0.5416666666666666,0.4666666666666667,0.675,0.4444444444444444
3031,discriminative-attribute-action,yes,0,1.0,1.0,0.09090909090909091,0.8181818181818182,1.0,1.0,0.0,1.0,0.4805194805194805,1.0,0.5416666666666666,0.5,0.875,0.4444444444444444
3033,discriminative-attribute-action,yes,0,1.0,1.0,0.18181818181818182,0.6727272727272727,1.0,1.0,0.2,0.6,0.4935064935064935,1.0,0.6,0.475,0.675,0.4666666666666667
3035,discriminative-attribute-state,yes,1,0.0,1.0,1.0,1.0,0.0,1.0,1.0,1.0,0.47619047619047616,1.0,0.5416666666666666,0.5416666666666666,1.0,0.4444444444444444
3037,discriminative-attribute-action,yes,0,1.0,1.0,0.09090909090909091,0.8181818181818182,1.0,1.0,0.0,1.0,0.4805194805194805,1.0,0.5416666666666666,0.5,0.875,0.4444444444444444
3039,discriminative-attribute-state,yes,0,1.0,1.0,0.0,1.0,1.0,1.0,0.0,1.0,0.47619047619047616,1.0,0.5416666666666666,0.5416666666666666,1.0,0.4444444444444444
3041,discriminative-attribute-state,yes,0,1.0,1.0,0.0,1.0,1.0,1.0,0.0,1.0,0.47619047619047616,1.0,0.5416666666666666,0.5416666666666666,1.0,0.4444444444444444
3043,discriminative-attribute-state,yes,1,0.7272727272727273,0.5636363636363636,1.0,1.0,0.0,1.0,1.0,1.0,0.7532467532467533,0.4666666666666667,0.675,0.5416666666666666,1.0,0.4444444444444444
3045,discriminative-attribute-state,yes,0,1.0,1.0,1.0,1.0,1.0,1.0,0.4,0.4,1.0,1.0,0.675,1.0,0.675,0.5333333333333333
3047,discriminative-attribute-state,yes,0,1.0,1.0,0.0,1.0,1.0,1.0,0.0,1.0,0.47619047619047616,1.0,0.5416666666666666,0.5416666666666666,1.0,0.4444444444444444
3049,discriminative-attribute-number,yes,0,1.0,1.0,0.09090909090909091,0.8181818181818182,1.0,1.0,0.0,1.0,0.4805194805194805,1.0,0.5416666666666666,0.5,0.875,0.4444444444444444
3053,discriminative-attribute-action,yes,0,1.0,1.0,0.0,1.0,1.0,1.0,0.0,1.0,0.47619047619047616,1.0,0.5416666666666666,0.5416666666666666,1.0,0.4444444444444444
3055,discriminative-attribute-number,yes,0,1.0,1.0,0.0,1.0,1.0,1.0,0.0,1.0,0.47619047619047616,1.0,0.5416666666666666,0.5416666666666666,1.0,0.4444444444444444
3057,discriminative-attribute-state,yes,0,1.0,1.0,0.0,1.0,1.0,1.0,0.0,1.0,0.47619047619047616,1.0,0.5416666666666666,0.5416666666666666,1.0,0.4444444444444444
3059,discriminative-attribute-state,yes,0,0.8181818181818182,0.6727272727272727,0.0,1.0,1.0,1.0,0.2,0.6,0.4935064935064935,0.7666666666666667,0.5,0.5416666666666666,0.875,0.4666666666666667
3061,discriminative-attribute-state,yes,0,1.0,1.0,0.0,1.0,1.0,1.0,0.0,1.0,0.47619047619047616,1.0,0.5416666666666666,0.5416666666666666,1.0,0.4444444444444444
3063,discriminative-attribute-action,yes,0,1.0,1.0,0.0,1.0,1.0,1.0,0.0,1.0,0.47619047619047616,1.0,0.5416666666666666,0.5416666666666666,1.0,0.4444444444444444
3065,discriminative-attribute-state,yes,0,1.0,1.0,0.0,1.0,1.0,1.0,0.2,0.6,0.47619047619047616,1.0,0.6,0.5416666666666666,0.875,0.4666666666666667
3067,discriminative-attribute-state,yes,0,0.7272727272727273,0.5636363636363636,0.0,1.0,1.0,1.0,0.0,1.0,0.5151515151515151,0.675,0.4666666666666667,0.5416666666666666,1.0,0.4444444444444444
3069,discriminative-attribute-number,yes,1,0.0,1.0,1.0,1.0,0.0,1.0,1.0,1.0,0.47619047619047616,1.0,0.5416666666666666,0.5416666666666666,1.0,0.4444444444444444
3071,discriminative-attribute-action,yes,0,1.0,1.0,0.9090909090909091,0.8181818181818182,1.0,1.0,0.8,0.6,0.9090909090909091,1.0,0.875,0.875,0.7666666666666667,0.8
3073,discriminative-attribute-number,yes,0,1.0,1.0,0.09090909090909091,0.8181818181818182,1.0,1.0,0.4,0.4,0.4805194805194805,1.0,0.675,0.5,0.675,0.5333333333333333
3075,discriminative-attribute-state,yes,0,1.0,1.0,0.0,1.0,1.0,1.0,0.2,0.6,0.47619047619047616,1.0,0.6,0.5416666666666666,0.875,0.4666666666666667
3077,discriminative-attribute-state,yes,1,0.45454545454545453,0.45454545454545453,1.0,1.0,0.2,0.6,1.0,1.0,0.5844155844155844,0.5,0.5,0.6,1.0,0.4666666666666667
3079,discriminative-attribute-state,yes,0,1.0,1.0,0.0,1.0,1.0,1.0,0.2,0.6,0.47619047619047616,1.0,0.6,0.5416666666666666,0.875,0.4666666666666667
3081,discriminative-attribute-number,yes,0,1.0,1.0,1.0,1.0,1.0,1.0,0.4,0.4,1.0,1.0,0.675,1.0,0.675,0.5333333333333333
3083,discriminative-attribute-state,yes,0,1.0,1.0,0.2727272727272727,0.5636363636363636,1.0,1.0,0.2,0.6,0.5151515151515151,1.0,0.6,0.4666666666666667,0.6,0.4666666666666667
3085,discriminative-attribute-number,yes,0,1.0,1.0,0.0,1.0,1.0,1.0,0.2,0.6,0.47619047619047616,1.0,0.6,0.5416666666666666,0.875,0.4666666666666667
3087,discriminative-attribute-state,yes,1,1.0,1.0,1.0,1.0,0.6,0.4,1.0,1.0,1.0,0.7666666666666667,1.0,0.7666666666666667,1.0,0.6444444444444445
3089,discriminative-attribute-state,yes,0,1.0,1.0,0.0,1.0,1.0,1.0,0.0,1.0,0.47619047619047616,1.0,0.5416666666666666,0.5416666666666666,1.0,0.4444444444444444
3091,discriminative-attribute-number,yes,0,1.0,1.0,0.0,1.0,1.0,1.0,0.0,1.0,0.47619047619047616,1.0,0.5416666666666666,0.5416666666666666,1.0,0.4444444444444444
3093,discriminative-attribute-state,yes,0,1.0,1.0,0.0,1.0,1.0,1.0,0.0,1.0,0.47619047619047616,1.0,0.5416666666666666,0.5416666666666666,1.0,0.4444444444444444
3095,discriminative-attribute-state,yes,0,1.0,1.0,0.0,1.0,1.0,1.0,0.0,1.0,0.47619047619047616,1.0,0.5416666666666666,0.5416666666666666,1.0,0.4444444444444444
3097,discriminative-attribute-state,yes,0,0.9090909090909091,0.8181818181818182,0.0,1.0,1.0,1.0,0.0,1.0,0.4805194805194805,0.875,0.5,0.5416666666666666,1.0,0.4444444444444444
3099,discriminative-attribute-state,yes,0,1.0,1.0,0.0,1.0,1.0,1.0,0.0,1.0,0.47619047619047616,1.0,0.5416666666666666,0.5416666666666666,1.0,0.4444444444444444
3101,discriminative-attribute-state,yes,0,1.0,1.0,1.0,1.0,0.8,0.6,0.2,0.6,1.0,0.875,0.6,0.875,0.6,0.4444444444444444
3103,discriminative-attribute-state,yes,0,0.7272727272727273,0.5636363636363636,0.09090909090909091,0.8181818181818182,1.0,1.0,0.2,0.6,0.4935064935064935,0.675,0.475,0.5,0.7666666666666667,0.4666666666666667
3105,discriminative-attribute-state,yes,1,1.0,1.0,1.0,1.0,1.0,1.0,1.0,1.0,1.0,1.0,1.0,1.0,1.0,1.0
3109,discriminative-attribute-number,yes,0,1.0,1.0,0.09090909090909091,0.8181818181818182,1.0,1.0,0.0,1.0,0.4805194805194805,1.0,0.5416666666666666,0.5,0.875,0.4444444444444444
3111,discriminative-attribute-state,yes,0,1.0,1.0,0.0,1.0,1.0,1.0,0.0,1.0,0.47619047619047616,1.0,0.5416666666666666,0.5416666666666666,1.0,0.4444444444444444
3113,discriminative-attribute-state,yes,0,1.0,1.0,0.0,1.0,1.0,1.0,0.0,1.0,0.47619047619047616,1.0,0.5416666666666666,0.5416666666666666,1.0,0.4444444444444444
3115,discriminative-attribute-action,yes,0,1.0,1.0,0.0,1.0,1.0,1.0,0.0,1.0,0.47619047619047616,1.0,0.5416666666666666,0.5416666666666666,1.0,0.4444444444444444
3117,discriminative-attribute-state,yes,0,1.0,1.0,0.0,1.0,1.0,1.0,0.0,1.0,0.47619047619047616,1.0,0.5416666666666666,0.5416666666666666,1.0,0.4444444444444444
3119,discriminative-attribute-state,yes,0,1.0,1.0,1.0,1.0,1.0,1.0,0.6,0.4,1.0,1.0,0.7666666666666667,1.0,0.7666666666666667,0.6444444444444445
3123,discriminative-attribute-action,yes,0,1.0,1.0,0.09090909090909091,0.8181818181818182,1.0,1.0,0.2,0.6,0.4805194805194805,1.0,0.6,0.5,0.7666666666666667,0.4666666666666667
3125,discriminative-attribute-state,yes,1,0.18181818181818182,0.6727272727272727,1.0,1.0,0.4,0.4,1.0,1.0,0.4935064935064935,0.6,0.475,0.675,1.0,0.5333333333333333
3127,discriminative-attribute-state,yes,0,1.0,1.0,0.0,1.0,1.0,1.0,0.0,1.0,0.47619047619047616,1.0,0.5416666666666666,0.5416666666666666,1.0,0.4444444444444444
3129,discriminative-attribute-number,yes,0,1.0,1.0,0.09090909090909091,0.8181818181818182,1.0,1.0,0.2,0.6,0.4805194805194805,1.0,0.6,0.5,0.7666666666666667,0.4666666666666667
3131,discriminative-attribute-action,yes,0,1.0,1.0,0.09090909090909091,0.8181818181818182,1.0,1.0,0.0,1.0,0.4805194805194805,1.0,0.5416666666666666,0.5,0.875,0.4444444444444444
3133,discriminative-attribute-state,yes,0,1.0,1.0,0.0,1.0,1.0,1.0,0.0,1.0,0.47619047619047616,1.0,0.5416666666666666,0.5416666666666666,1.0,0.4444444444444444
3135,discriminative-attribute-state,yes,1,0.09090909090909091,0.8181818181818182,0.0,1.0,0.0,1.0,0.4,0.4,0.9090909090909091,0.875,0.675,1.0,0.7666666666666667,0.6444444444444445
3137,discriminative-attribute-state,yes,0,0.2727272727272727,0.5636363636363636,1.0,1.0,0.2,0.6,0.6,0.4,0.5151515151515151,0.6,0.5,0.6,0.7666666666666667,0.4666666666666667
3139,discriminative-attribute-state,yes,0,1.0,1.0,1.0,1.0,0.8,0.6,0.6,0.4,1.0,0.875,0.7666666666666667,0.875,0.7666666666666667,0.5333333333333333
3141,discriminative-attribute-number,yes,0,1.0,1.0,1.0,1.0,1.0,1.0,0.8,0.6,1.0,1.0,0.875,1.0,0.875,0.8
3143,discriminative-attribute-state,yes,0,1.0,1.0,0.5454545454545454,0.45454545454545453,1.0,1.0,0.0,1.0,0.6320346320346321,1.0,0.5416666666666666,0.5416666666666666,0.5,0.4444444444444444
3145,discriminative-attribute-number,yes,0,0.9090909090909091,0.8181818181818182,1.0,1.0,1.0,1.0,0.2,0.6,0.9090909090909091,0.875,0.5416666666666666,1.0,0.6,0.4666666666666667
3147,discriminative-attribute-state,yes,1,0.0,1.0,0.9090909090909091,0.8181818181818182,0.0,1.0,0.8,0.6,0.4805194805194805,1.0,0.6,0.5,0.7666666666666667,0.4666666666666667
3151,discriminative-attribute-state,yes,0,1.0,1.0,0.0,1.0,1.0,1.0,0.0,1.0,0.47619047619047616,1.0,0.5416666666666666,0.5416666666666666,1.0,0.4444444444444444
3153,discriminative-attribute-state,yes,0,1.0,1.0,0.0,1.0,1.0,1.0,0.0,1.0,0.47619047619047616,1.0,0.5416666666666666,0.5416666666666666,1.0,0.4444444444444444
3155,discriminative-attribute-state,yes,1,0.2727272727272727,0.5636363636363636,0.9090909090909091,0.8181818181818182,0.0,1.0,1.0,1.0,0.4935064935064935,0.675,0.4666666666666667,0.5,0.875,0.4444444444444444
3157,discriminative-attribute-state,yes,0,1.0,1.0,0.0,1.0,0.6,0.4,0.0,1.0,0.47619047619047616,0.7666666666666667,0.5416666666666666,0.675,1.0,0.5333333333333333
3159,discriminative-attribute-action,yes,0,1.0,1.0,0.18181818181818182,0.6727272727272727,1.0,1.0,0.0,1.0,0.4935064935064935,1.0,0.5416666666666666,0.475,0.7666666666666667,0.4444444444444444
3161,discriminative-attribute-state,yes,0,1.0,1.0,0.0,1.0,1.0,1.0,0.0,1.0,0.47619047619047616,1.0,0.5416666666666666,0.5416666666666666,1.0,0.4444444444444444
3163,discriminative-attribute-number,yes,0,1.0,1.0,0.18181818181818182,0.6727272727272727,1.0,1.0,0.2,0.6,0.4935064935064935,1.0,0.6,0.475,0.675,0.4666666666666667
3165,discriminative-attribute-number,yes,0,1.0,1.0,0.6363636363636364,0.4909090909090909,1.0,1.0,0.4,0.4,0.6883116883116883,1.0,0.675,0.6,0.475,0.5333333333333333
3167,discriminative-attribute-state,yes,0,0.9090909090909091,0.8181818181818182,0.0,1.0,1.0,1.0,0.0,1.0,0.4805194805194805,0.875,0.5,0.5416666666666666,1.0,0.4444444444444444
3169,discriminative-attribute-state,yes,0,1.0,1.0,0.0,1.0,1.0,1.0,0.0,1.0,0.47619047619047616,1.0,0.5416666666666666,0.5416666666666666,1.0,0.4444444444444444
3171,discriminative-attribute-state,yes,0,1.0,1.0,0.0,1.0,0.6,0.4,0.0,1.0,0.47619047619047616,0.7666666666666667,0.5416666666666666,0.675,1.0,0.5333333333333333
3173,discriminative-attribute-state,yes,1,0.6363636363636364,0.4909090909090909,1.0,1.0,0.6,0.4,0.8,0.6,0.6883116883116883,0.5,0.5416666666666666,0.7666666666666667,0.875,0.5333333333333333
3175,discriminative-attribute-state,yes,0,0.7272727272727273,0.5636363636363636,0.09090909090909091,0.8181818181818182,0.6,0.4,0.0,1.0,0.4935064935064935,0.5416666666666666,0.4666666666666667,0.6,0.875,0.5333333333333333
3177,discriminative-attribute-state,yes,0,1.0,1.0,0.0,1.0,1.0,1.0,0.0,1.0,0.47619047619047616,1.0,0.5416666666666666,0.5416666666666666,1.0,0.4444444444444444
3179,discriminative-attribute-number,yes,0,1.0,1.0,0.0,1.0,1.0,1.0,0.4,0.4,0.47619047619047616,1.0,0.675,0.5416666666666666,0.7666666666666667,0.5333333333333333
3181,discriminative-attribute-number,yes,0,1.0,1.0,1.0,1.0,1.0,1.0,0.2,0.6,1.0,1.0,0.6,1.0,0.6,0.4666666666666667
3183,discriminative-attribute-state,yes,1,0.7272727272727273,0.5636363636363636,1.0,1.0,0.4,0.4,1.0,1.0,0.7532467532467533,0.5,0.675,0.675,1.0,0.5333333333333333
3185,discriminative-attribute-state,yes,0,1.0,1.0,0.09090909090909091,0.8181818181818182,1.0,1.0,0.0,1.0,0.4805194805194805,1.0,0.5416666666666666,0.5,0.875,0.4444444444444444
3187,discriminative-attribute-action,yes,1,0.18181818181818182,0.6727272727272727,1.0,1.0,0.0,1.0,1.0,1.0,0.4935064935064935,0.7666666666666667,0.475,0.5416666666666666,1.0,0.4444444444444444
3189,discriminative-attribute-number,yes,0,1.0,1.0,0.09090909090909091,0.8181818181818182,1.0,1.0,0.6,0.4,0.4805194805194805,1.0,0.7666666666666667,0.5,0.6,0.6444444444444445
3191,discriminative-attribute-state,yes,1,1.0,1.0,1.0,1.0,0.2,0.6,1.0,1.0,1.0,0.6,1.0,0.6,1.0,0.4666666666666667
3193,discriminative-attribute-state,yes,1,0.0,1.0,1.0,1.0,0.4,0.4,1.0,1.0,0.47619047619047616,0.7666666666666667,0.5416666666666666,0.675,1.0,0.5333333333333333
3195,discriminative-attribute-state,yes,0,0.7272727272727273,0.5636363636363636,0.0,1.0,1.0,1.0,0.0,1.0,0.5151515151515151,0.675,0.4666666666666667,0.5416666666666666,1.0,0.4444444444444444
3197,discriminative-attribute-state,yes,0,1.0,1.0,0.0,1.0,1.0,1.0,0.0,1.0,0.47619047619047616,1.0,0.5416666666666666,0.5416666666666666,1.0,0.4444444444444444
3199,discriminative-attribute-number,yes,0,1.0,1.0,0.09090909090909091,0.8181818181818182,1.0,1.0,0.0,1.0,0.4805194805194805,1.0,0.5416666666666666,0.5,0.875,0.4444444444444444
3201,discriminative-attribute-state,yes,0,1.0,1.0,0.0,1.0,1.0,1.0,0.0,1.0,0.47619047619047616,1.0,0.5416666666666666,0.5416666666666666,1.0,0.4444444444444444
3203,discriminative-attribute-number,yes,0,1.0,1.0,0.7272727272727273,0.5636363636363636,1.0,1.0,0.2,0.6,0.7532467532467533,1.0,0.6,0.675,0.475,0.4666666666666667
3205,discriminative-attribute-state,yes,0,1.0,1.0,0.0,1.0,1.0,1.0,0.0,1.0,0.47619047619047616,1.0,0.5416666666666666,0.5416666666666666,1.0,0.4444444444444444
3207,discriminative-attribute-action,yes,0,1.0,1.0,0.0,1.0,1.0,1.0,0.0,1.0,0.47619047619047616,1.0,0.5416666666666666,0.5416666666666666,1.0,0.4444444444444444
3209,discriminative-attribute-number,yes,1,0.0,1.0,0.18181818181818182,0.6727272727272727,0.4,0.4,0.6,0.4,0.8268398268398268,0.7666666666666667,0.675,0.6,0.5416666666666666,0.4444444444444444
3211,discriminative-attribute-number,yes,0,1.0,1.0,0.0,1.0,1.0,1.0,0.0,1.0,0.47619047619047616,1.0,0.5416666666666666,0.5416666666666666,1.0,0.4444444444444444
3213,discriminative-attribute-state,yes,0,1.0,1.0,0.0,1.0,1.0,1.0,0.0,1.0,0.47619047619047616,1.0,0.5416666666666666,0.5416666666666666,1.0,0.4444444444444444
3215,discriminative-attribute-state,yes,1,0.18181818181818182,0.6727272727272727,1.0,1.0,0.0,1.0,1.0,1.0,0.4935064935064935,0.7666666666666667,0.475,0.5416666666666666,1.0,0.4444444444444444
3217,discriminative-attribute-state,yes,0,1.0,1.0,0.0,1.0,1.0,1.0,0.0,1.0,0.47619047619047616,1.0,0.5416666666666666,0.5416666666666666,1.0,0.4444444444444444
3219,discriminative-attribute-state,yes,1,0.0,1.0,1.0,1.0,0.0,1.0,1.0,1.0,0.47619047619047616,1.0,0.5416666666666666,0.5416666666666666,1.0,0.4444444444444444
3221,discriminative-attribute-action,yes,0,1.0,1.0,0.0,1.0,1.0,1.0,0.0,1.0,0.47619047619047616,1.0,0.5416666666666666,0.5416666666666666,1.0,0.4444444444444444
3223,discriminative-attribute-state,yes,1,0.0,1.0,1.0,1.0,0.0,1.0,1.0,1.0,0.47619047619047616,1.0,0.5416666666666666,0.5416666666666666,1.0,0.4444444444444444
3225,discriminative-attribute-action,yes,0,1.0,1.0,0.5454545454545454,0.45454545454545453,1.0,1.0,0.0,1.0,0.6320346320346321,1.0,0.5416666666666666,0.5416666666666666,0.5,0.4444444444444444
3227,discriminative-attribute-number,yes,0,1.0,1.0,1.0,1.0,1.0,1.0,0.8,0.6,1.0,1.0,0.875,1.0,0.875,0.8
3229,discriminative-attribute-state,yes,0,0.8181818181818182,0.6727272727272727,0.0,1.0,1.0,1.0,0.0,1.0,0.4935064935064935,0.7666666666666667,0.475,0.5416666666666666,1.0,0.4444444444444444
3231,discriminative-attribute-state,yes,1,0.0,1.0,1.0,1.0,0.0,1.0,1.0,1.0,0.47619047619047616,1.0,0.5416666666666666,0.5416666666666666,1.0,0.4444444444444444
3233,discriminative-attribute-number,yes,0,1.0,1.0,0.0,1.0,1.0,1.0,0.0,1.0,0.47619047619047616,1.0,0.5416666666666666,0.5416666666666666,1.0,0.4444444444444444
3235,discriminative-attribute-state,yes,0,1.0,1.0,0.0,1.0,1.0,1.0,0.0,1.0,0.47619047619047616,1.0,0.5416666666666666,0.5416666666666666,1.0,0.4444444444444444
3237,discriminative-attribute-number,yes,1,0.8181818181818182,0.6727272727272727,0.09090909090909091,0.8181818181818182,0.6,0.4,0.4,0.4,0.4805194805194805,0.6,0.5416666666666666,0.6,0.675,0.4444444444444444
3239,discriminative-attribute-state,yes,0,1.0,1.0,0.0,1.0,1.0,1.0,0.0,1.0,0.47619047619047616,1.0,0.5416666666666666,0.5416666666666666,1.0,0.4444444444444444
3241,discriminative-attribute-action,yes,0,1.0,1.0,0.0,1.0,1.0,1.0,0.0,1.0,0.47619047619047616,1.0,0.5416666666666666,0.5416666666666666,1.0,0.4444444444444444
3245,discriminative-attribute-number,yes,0,1.0,1.0,0.09090909090909091,0.8181818181818182,1.0,1.0,0.4,0.4,0.4805194805194805,1.0,0.675,0.5,0.675,0.5333333333333333
3247,discriminative-attribute-state,yes,1,1.0,1.0,1.0,1.0,0.2,0.6,1.0,1.0,1.0,0.6,1.0,0.6,1.0,0.4666666666666667
3249,discriminative-attribute-number,yes,0,1.0,1.0,0.45454545454545453,0.45454545454545453,1.0,1.0,0.2,0.6,0.5844155844155844,1.0,0.6,0.5,0.5,0.4666666666666667
3251,discriminative-attribute-state,yes,0,1.0,1.0,0.0,1.0,1.0,1.0,0.0,1.0,0.47619047619047616,1.0,0.5416666666666666,0.5416666666666666,1.0,0.4444444444444444
3253,discriminative-attribute-state,yes,0,1.0,1.0,0.09090909090909091,0.8181818181818182,1.0,1.0,0.0,1.0,0.4805194805194805,1.0,0.5416666666666666,0.5,0.875,0.4444444444444444
3255,discriminative-attribute-number,yes,1,0.09090909090909091,0.8181818181818182,0.0,1.0,0.2,0.6,0.4,0.4,0.9090909090909091,0.7666666666666667,0.675,0.875,0.7666666666666667,0.5333333333333333
3257,discriminative-attribute-state,yes,0,1.0,1.0,0.7272727272727273,0.5636363636363636,0.6,0.4,0.2,0.6,0.7532467532467533,0.7666666666666667,0.6,0.5416666666666666,0.475,0.4666666666666667
3259,discriminative-attribute-state,yes,0,1.0,1.0,0.0,1.0,1.0,1.0,0.0,1.0,0.47619047619047616,1.0,0.5416666666666666,0.5416666666666666,1.0,0.4444444444444444
3261,discriminative-attribute-state,yes,1,0.09090909090909091,0.8181818181818182,1.0,1.0,0.0,1.0,1.0,1.0,0.4805194805194805,0.875,0.5,0.5416666666666666,1.0,0.4444444444444444
3263,discriminative-attribute-state,yes,0,1.0,1.0,0.0,1.0,1.0,1.0,0.0,1.0,0.47619047619047616,1.0,0.5416666666666666,0.5416666666666666,1.0,0.4444444444444444
3265,discriminative-attribute-state,yes,0,1.0,1.0,0.0,1.0,1.0,1.0,0.0,1.0,0.47619047619047616,1.0,0.5416666666666666,0.5416666666666666,1.0,0.4444444444444444
3267,discriminative-attribute-action,yes,0,1.0,1.0,0.0,1.0,1.0,1.0,0.0,1.0,0.47619047619047616,1.0,0.5416666666666666,0.5416666666666666,1.0,0.4444444444444444
3269,discriminative-attribute-state,yes,0,1.0,1.0,0.0,1.0,1.0,1.0,0.0,1.0,0.47619047619047616,1.0,0.5416666666666666,0.5416666666666666,1.0,0.4444444444444444
3271,discriminative-attribute-state,yes,1,1.0,1.0,1.0,1.0,0.6,0.4,1.0,1.0,1.0,0.7666666666666667,1.0,0.7666666666666667,1.0,0.6444444444444445
3273,discriminative-attribute-number,yes,0,1.0,1.0,0.18181818181818182,0.6727272727272727,1.0,1.0,0.4,0.4,0.4935064935064935,1.0,0.675,0.475,0.6,0.5333333333333333
3275,discriminative-attribute-action,yes,0,1.0,1.0,0.6363636363636364,0.4909090909090909,1.0,1.0,0.2,0.6,0.6883116883116883,1.0,0.6,0.6,0.4666666666666667,0.4666666666666667
3277,discriminative-attribute-action,yes,0,1.0,1.0,0.18181818181818182,0.6727272727272727,1.0,1.0,0.2,0.6,0.4935064935064935,1.0,0.6,0.475,0.675,0.4666666666666667
3279,discriminative-attribute-number,yes,1,0.09090909090909091,0.8181818181818182,0.6363636363636364,0.4909090909090909,0.0,1.0,1.0,1.0,0.5151515151515151,0.875,0.5,0.475,0.6,0.4444444444444444
3281,discriminative-attribute-state,yes,1,0.5454545454545454,0.45454545454545453,1.0,1.0,0.4,0.4,1.0,1.0,0.6320346320346321,0.4666666666666667,0.5416666666666666,0.675,1.0,0.5333333333333333
3283,discriminative-attribute-state,yes,1,0.7272727272727273,0.5636363636363636,1.0,1.0,0.6,0.4,1.0,1.0,0.7532467532467533,0.5416666666666666,0.675,0.7666666666666667,1.0,0.6444444444444445
3285,discriminative-attribute-number,yes,1,0.09090909090909091,0.8181818181818182,0.9090909090909091,0.8181818181818182,0.2,0.6,0.8,0.6,0.47619047619047616,0.7666666666666667,0.5416666666666666,0.5416666666666666,0.7666666666666667,0.4444444444444444
3287,discriminative-attribute-state,yes,0,0.7272727272727273,0.5636363636363636,0.0,1.0,1.0,1.0,0.0,1.0,0.5151515151515151,0.675,0.4666666666666667,0.5416666666666666,1.0,0.4444444444444444
3289,discriminative-attribute-state,yes,0,0.8181818181818182,0.6727272727272727,0.0,1.0,1.0,1.0,0.0,1.0,0.4935064935064935,0.7666666666666667,0.475,0.5416666666666666,1.0,0.4444444444444444
3291,discriminative-attribute-number,yes,0,1.0,1.0,0.18181818181818182,0.6727272727272727,1.0,1.0,0.0,1.0,0.4935064935064935,1.0,0.5416666666666666,0.475,0.7666666666666667,0.4444444444444444
3293,discriminative-attribute-action,yes,0,1.0,1.0,0.0,1.0,1.0,1.0,0.2,0.6,0.47619047619047616,1.0,0.6,0.5416666666666666,0.875,0.4666666666666667
3297,discriminative-attribute-state,yes,0,1.0,1.0,0.0,1.0,0.8,0.6,0.0,1.0,0.47619047619047616,0.875,0.5416666666666666,0.6,1.0,0.4666666666666667
3299,discriminative-attribute-state,yes,1,1.0,1.0,0.0,1.0,0.6,0.4,0.4,0.4,0.47619047619047616,0.7666666666666667,0.675,0.675,0.7666666666666667,0.4444444444444444
3301,discriminative-attribute-number,yes,0,1.0,1.0,0.18181818181818182,0.6727272727272727,1.0,1.0,0.4,0.4,0.4935064935064935,1.0,0.675,0.475,0.6,0.5333333333333333
3303,discriminative-attribute-number,yes,0,1.0,1.0,0.18181818181818182,0.6727272727272727,1.0,1.0,0.4,0.4,0.4935064935064935,1.0,0.675,0.475,0.6,0.5333333333333333
3305,discriminative-attribute-state,yes,0,0.9090909090909091,0.8181818181818182,0.0,1.0,0.8,0.6,0.0,1.0,0.4805194805194805,0.7666666666666667,0.5,0.6,1.0,0.4666666666666667
3307,discriminative-attribute-state,yes,1,0.9090909090909091,0.8181818181818182,0.9090909090909091,0.8181818181818182,0.6,0.4,1.0,1.0,0.8268398268398268,0.675,0.875,0.675,0.875,0.6444444444444445
3309,discriminative-attribute-state,yes,1,0.09090909090909091,0.8181818181818182,1.0,1.0,0.6,0.4,0.6,0.4,0.4805194805194805,0.6,0.6,0.7666666666666667,0.7666666666666667,0.4666666666666667
3311,discriminative-attribute-state,yes,0,0.7272727272727273,0.5636363636363636,0.6363636363636364,0.4909090909090909,1.0,1.0,0.0,1.0,0.5454545454545454,0.675,0.4666666666666667,0.6,0.475,0.4444444444444444
3313,discriminative-attribute-number,yes,0,1.0,1.0,0.6363636363636364,0.4909090909090909,1.0,1.0,0.8,0.6,0.6883116883116883,1.0,0.875,0.6,0.5416666666666666,0.8
3315,discriminative-attribute-state,yes,0,0.8181818181818182,0.6727272727272727,0.0,1.0,0.8,0.6,0.0,1.0,0.4935064935064935,0.675,0.475,0.6,1.0,0.4666666666666667
3317,discriminative-attribute-state,yes,0,0.9090909090909091,0.8181818181818182,0.0,1.0,0.8,0.6,0.2,0.6,0.4805194805194805,0.7666666666666667,0.5416666666666666,0.6,0.875,0.4444444444444444
3319,discriminative-attribute-number,yes,0,1.0,1.0,0.09090909090909091,0.8181818181818182,1.0,1.0,0.4,0.4,0.4805194805194805,1.0,0.675,0.5,0.675,0.5333333333333333
3321,discriminative-attribute-state,yes,0,1.0,1.0,0.0,1.0,0.8,0.6,0.0,1.0,0.47619047619047616,0.875,0.5416666666666666,0.6,1.0,0.4666666666666667
3323,discriminative-attribute-state,yes,1,0.0,1.0,1.0,1.0,0.4,0.4,0.8,0.6,0.47619047619047616,0.7666666666666667,0.6,0.675,0.875,0.4666666666666667
3325,discriminative-attribute-state,yes,0,0.9090909090909091,0.8181818181818182,0.09090909090909091,0.8181818181818182,0.6,0.4,0.0,1.0,0.47619047619047616,0.675,0.5,0.6,0.875,0.5333333333333333
3327,discriminative-attribute-state,yes,1,0.36363636363636365,0.4909090909090909,1.0,1.0,0.0,1.0,1.0,1.0,0.5454545454545454,0.6,0.475,0.5416666666666666,1.0,0.4444444444444444
3329,discriminative-attribute-state,yes,0,1.0,1.0,0.09090909090909091,0.8181818181818182,1.0,1.0,0.0,1.0,0.4805194805194805,1.0,0.5416666666666666,0.5,0.875,0.4444444444444444
3331,discriminative-attribute-state,yes,0,1.0,1.0,0.0,1.0,1.0,1.0,0.2,0.6,0.47619047619047616,1.0,0.6,0.5416666666666666,0.875,0.4666666666666667
3333,discriminative-attribute-number,yes,0,1.0,1.0,0.2727272727272727,0.5636363636363636,1.0,1.0,1.0,1.0,0.5151515151515151,1.0,1.0,0.4666666666666667,0.4666666666666667,1.0
3335,discriminative-attribute-state,yes,0,1.0,1.0,0.0,1.0,1.0,1.0,0.2,0.6,0.47619047619047616,1.0,0.6,0.5416666666666666,0.875,0.4666666666666667
3337,discriminative-attribute-state,yes,0,1.0,1.0,0.0,1.0,1.0,1.0,0.2,0.6,0.47619047619047616,1.0,0.6,0.5416666666666666,0.875,0.4666666666666667
3339,discriminative-attribute-state,yes,1,0.09090909090909091,0.8181818181818182,1.0,1.0,0.0,1.0,1.0,1.0,0.4805194805194805,0.875,0.5,0.5416666666666666,1.0,0.4444444444444444
3341,discriminative-attribute-number,yes,1,0.0,1.0,0.8181818181818182,0.6727272727272727,0.0,1.0,0.6,0.4,0.4935064935064935,1.0,0.675,0.475,0.6,0.5333333333333333
3343,discriminative-attribute-state,yes,0,0.36363636363636365,0.4909090909090909,0.9090909090909091,0.8181818181818182,0.4,0.4,1.0,1.0,0.5151515151515151,0.5,0.475,0.6,0.875,0.5333333333333333
3345,discriminative-attribute-number,yes,0,1.0,1.0,0.09090909090909091,0.8181818181818182,1.0,1.0,0.2,0.6,0.4805194805194805,1.0,0.6,0.5,0.7666666666666667,0.4666666666666667
3347,discriminative-attribute-state,yes,0,1.0,1.0,0.2727272727272727,0.5636363636363636,1.0,1.0,0.2,0.6,0.5151515151515151,1.0,0.6,0.4666666666666667,0.6,0.4666666666666667
3349,discriminative-attribute-number,yes,0,1.0,1.0,0.09090909090909091,0.8181818181818182,1.0,1.0,0.0,1.0,0.4805194805194805,1.0,0.5416666666666666,0.5,0.875,0.4444444444444444
3351,discriminative-attribute-state,yes,0,1.0,1.0,0.45454545454545453,0.45454545454545453,1.0,1.0,0.2,0.6,0.5844155844155844,1.0,0.6,0.5,0.5,0.4666666666666667
3353,discriminative-attribute-number,yes,0,1.0,1.0,0.18181818181818182,0.6727272727272727,1.0,1.0,0.0,1.0,0.4935064935064935,1.0,0.5416666666666666,0.475,0.7666666666666667,0.4444444444444444
3355,discriminative-attribute-state,yes,0,1.0,1.0,0.0,1.0,1.0,1.0,0.0,1.0,0.47619047619047616,1.0,0.5416666666666666,0.5416666666666666,1.0,0.4444444444444444
3357,discriminative-attribute-state,yes,0,1.0,1.0,0.0,1.0,1.0,1.0,0.0,1.0,0.47619047619047616,1.0,0.5416666666666666,0.5416666666666666,1.0,0.4444444444444444
3359,discriminative-attribute-action,yes,0,1.0,1.0,0.0,1.0,1.0,1.0,0.0,1.0,0.47619047619047616,1.0,0.5416666666666666,0.5416666666666666,1.0,0.4444444444444444
3361,discriminative-attribute-state,yes,0,1.0,1.0,0.0,1.0,1.0,1.0,0.0,1.0,0.47619047619047616,1.0,0.5416666666666666,0.5416666666666666,1.0,0.4444444444444444
3363,discriminative-attribute-state,yes,0,1.0,1.0,0.0,1.0,1.0,1.0,0.4,0.4,0.47619047619047616,1.0,0.675,0.5416666666666666,0.7666666666666667,0.5333333333333333
3365,discriminative-attribute-number,yes,0,1.0,1.0,0.09090909090909091,0.8181818181818182,1.0,1.0,0.0,1.0,0.4805194805194805,1.0,0.5416666666666666,0.5,0.875,0.4444444444444444
3367,discriminative-attribute-state,yes,1,0.5454545454545454,0.45454545454545453,1.0,1.0,0.4,0.4,1.0,1.0,0.6320346320346321,0.4666666666666667,0.5416666666666666,0.675,1.0,0.5333333333333333
3369,discriminative-attribute-number,yes,0,1.0,1.0,0.09090909090909091,0.8181818181818182,1.0,1.0,0.0,1.0,0.4805194805194805,1.0,0.5416666666666666,0.5,0.875,0.4444444444444444
3371,discriminative-attribute-state,yes,1,0.45454545454545453,0.45454545454545453,1.0,1.0,0.0,1.0,1.0,1.0,0.5844155844155844,0.5416666666666666,0.5,0.5416666666666666,1.0,0.4444444444444444
3373,discriminative-attribute-action,yes,0,1.0,1.0,0.0,1.0,1.0,1.0,0.0,1.0,0.47619047619047616,1.0,0.5416666666666666,0.5416666666666666,1.0,0.4444444444444444
3375,discriminative-attribute-number,yes,0,1.0,1.0,1.0,1.0,1.0,1.0,0.8,0.6,1.0,1.0,0.875,1.0,0.875,0.8
3377,discriminative-attribute-state,yes,0,0.7272727272727273,0.5636363636363636,0.0,1.0,0.6,0.4,0.0,1.0,0.5151515151515151,0.5416666666666666,0.4666666666666667,0.675,1.0,0.5333333333333333
3379,discriminative-attribute-number,yes,0,1.0,1.0,0.09090909090909091,0.8181818181818182,1.0,1.0,0.2,0.6,0.4805194805194805,1.0,0.6,0.5,0.7666666666666667,0.4666666666666667
3381,discriminative-attribute-state,yes,0,1.0,1.0,0.0,1.0,1.0,1.0,0.0,1.0,0.47619047619047616,1.0,0.5416666666666666,0.5416666666666666,1.0,0.4444444444444444
3383,discriminative-attribute-state,yes,0,1.0,1.0,0.0,1.0,1.0,1.0,0.0,1.0,0.47619047619047616,1.0,0.5416666666666666,0.5416666666666666,1.0,0.4444444444444444
3385,discriminative-attribute-state,yes,0,1.0,1.0,0.0,1.0,1.0,1.0,0.0,1.0,0.47619047619047616,1.0,0.5416666666666666,0.5416666666666666,1.0,0.4444444444444444
3387,discriminative-attribute-state,yes,0,1.0,1.0,0.0,1.0,0.6,0.4,0.0,1.0,0.47619047619047616,0.7666666666666667,0.5416666666666666,0.675,1.0,0.5333333333333333
3389,discriminative-attribute-state,yes,1,0.0,1.0,1.0,1.0,0.0,1.0,1.0,1.0,0.47619047619047616,1.0,0.5416666666666666,0.5416666666666666,1.0,0.4444444444444444
3391,discriminative-attribute-number,yes,0,1.0,1.0,0.09090909090909091,0.8181818181818182,0.8,0.6,0.2,0.6,0.4805194805194805,0.875,0.6,0.5416666666666666,0.7666666666666667,0.4444444444444444
3393,discriminative-attribute-state,yes,0,1.0,1.0,0.0,1.0,1.0,1.0,0.0,1.0,0.47619047619047616,1.0,0.5416666666666666,0.5416666666666666,1.0,0.4444444444444444
3395,discriminative-attribute-state,yes,1,0.0,1.0,0.0,1.0,0.0,1.0,0.4,0.4,1.0,1.0,0.7666666666666667,1.0,0.7666666666666667,0.6444444444444445
3397,discriminative-attribute-number,yes,0,1.0,1.0,0.2727272727272727,0.5636363636363636,1.0,1.0,0.0,1.0,0.5151515151515151,1.0,0.5416666666666666,0.4666666666666667,0.675,0.4444444444444444
3399,discriminative-attribute-number,yes,0,1.0,1.0,0.18181818181818182,0.6727272727272727,1.0,1.0,0.0,1.0,0.4935064935064935,1.0,0.5416666666666666,0.475,0.7666666666666667,0.4444444444444444
3401,discriminative-attribute-number,yes,0,1.0,1.0,1.0,1.0,1.0,1.0,0.6,0.4,1.0,1.0,0.7666666666666667,1.0,0.7666666666666667,0.6444444444444445
3403,discriminative-attribute-state,yes,1,0.0,1.0,1.0,1.0,0.0,1.0,1.0,1.0,0.47619047619047616,1.0,0.5416666666666666,0.5416666666666666,1.0,0.4444444444444444
3405,discriminative-attribute-number,yes,0,1.0,1.0,0.09090909090909091,0.8181818181818182,1.0,1.0,0.4,0.4,0.4805194805194805,1.0,0.675,0.5,0.675,0.5333333333333333
3407,discriminative-attribute-state,yes,0,1.0,1.0,0.0,1.0,1.0,1.0,0.0,1.0,0.47619047619047616,1.0,0.5416666666666666,0.5416666666666666,1.0,0.4444444444444444
3409,discriminative-attribute-state,yes,0,0.9090909090909091,0.8181818181818182,0.18181818181818182,0.6727272727272727,1.0,1.0,0.0,1.0,0.4805194805194805,0.875,0.5,0.475,0.7666666666666667,0.4444444444444444
3413,discriminative-attribute-state,yes,0,1.0,1.0,0.0,1.0,1.0,1.0,0.0,1.0,0.47619047619047616,1.0,0.5416666666666666,0.5416666666666666,1.0,0.4444444444444444
3415,discriminative-attribute-state,yes,0,0.7272727272727273,0.5636363636363636,0.6363636363636364,0.4909090909090909,1.0,1.0,0.4,0.4,0.5454545454545454,0.675,0.5,0.6,0.475,0.5333333333333333
3419,discriminative-attribute-state,yes,0,0.9090909090909091,0.8181818181818182,0.0,1.0,1.0,1.0,0.0,1.0,0.4805194805194805,0.875,0.5,0.5416666666666666,1.0,0.4444444444444444
3421,discriminative-attribute-state,yes,1,1.0,1.0,1.0,1.0,0.6,0.4,1.0,1.0,1.0,0.7666666666666667,1.0,0.7666666666666667,1.0,0.6444444444444445
3423,discriminative-attribute-state,yes,1,0.09090909090909091,0.8181818181818182,0.0,1.0,0.2,0.6,0.0,1.0,0.9090909090909091,0.7666666666666667,0.875,0.875,1.0,0.8
3425,discriminative-attribute-number,yes,1,1.0,1.0,0.0,1.0,0.6,0.4,0.4,0.4,0.47619047619047616,0.7666666666666667,0.675,0.675,0.7666666666666667,0.4444444444444444
3427,discriminative-attribute-state,yes,1,1.0,1.0,0.45454545454545453,0.45454545454545453,0.6,0.4,0.0,1.0,0.5844155844155844,0.7666666666666667,0.5416666666666666,0.4666666666666667,0.5416666666666666,0.5333333333333333
3429,discriminative-attribute-state,yes,0,1.0,1.0,0.0,1.0,1.0,1.0,0.2,0.6,0.47619047619047616,1.0,0.6,0.5416666666666666,0.875,0.4666666666666667
3431,discriminative-attribute-action,yes,0,1.0,1.0,0.2727272727272727,0.5636363636363636,1.0,1.0,0.2,0.6,0.5151515151515151,1.0,0.6,0.4666666666666667,0.6,0.4666666666666667
3433,discriminative-attribute-number,yes,0,1.0,1.0,0.36363636363636365,0.4909090909090909,1.0,1.0,0.6,0.4,0.5454545454545454,1.0,0.7666666666666667,0.475,0.475,0.6444444444444445
3435,discriminative-attribute-state,yes,0,1.0,1.0,0.0,1.0,1.0,1.0,0.2,0.6,0.47619047619047616,1.0,0.6,0.5416666666666666,0.875,0.4666666666666667
3437,discriminative-attribute-state,yes,1,0.36363636363636365,0.4909090909090909,1.0,1.0,0.0,1.0,0.6,0.4,0.5454545454545454,0.6,0.475,0.5416666666666666,0.7666666666666667,0.5333333333333333
3439,discriminative-attribute-number,yes,0,1.0,1.0,0.2727272727272727,0.5636363636363636,0.8,0.6,0.4,0.4,0.5151515151515151,0.875,0.675,0.475,0.5416666666666666,0.4666666666666667
3441,discriminative-attribute-state,yes,0,1.0,1.0,0.0,1.0,1.0,1.0,0.4,0.4,0.47619047619047616,1.0,0.675,0.5416666666666666,0.7666666666666667,0.5333333333333333
3443,discriminative-attribute-state,yes,0,1.0,1.0,0.0,1.0,1.0,1.0,0.4,0.4,0.47619047619047616,1.0,0.675,0.5416666666666666,0.7666666666666667,0.5333333333333333
3445,discriminative-attribute-state,yes,0,0.8181818181818182,0.6727272727272727,0.0,1.0,0.6,0.4,0.0,1.0,0.4935064935064935,0.6,0.475,0.675,1.0,0.5333333333333333
3447,discriminative-attribute-state,yes,1,0.7272727272727273,0.5636363636363636,0.09090909090909091,0.8181818181818182,0.2,0.6,0.2,0.6,0.4935064935064935,0.475,0.475,0.7666666666666667,0.7666666666666667,0.6444444444444445
3449,discriminative-attribute-state,yes,0,0.9090909090909091,0.8181818181818182,0.09090909090909091,0.8181818181818182,1.0,1.0,0.6,0.4,0.47619047619047616,0.875,0.675,0.5,0.6,0.6444444444444445
3451,discriminative-attribute-state,yes,0,1.0,1.0,0.0,1.0,1.0,1.0,0.0,1.0,0.47619047619047616,1.0,0.5416666666666666,0.5416666666666666,1.0,0.4444444444444444
3453,discriminative-attribute-number,yes,0,1.0,1.0,0.2727272727272727,0.5636363636363636,1.0,1.0,0.2,0.6,0.5151515151515151,1.0,0.6,0.4666666666666667,0.6,0.4666666666666667
3455,discriminative-attribute-state,yes,1,0.8181818181818182,0.6727272727272727,0.8181818181818182,0.6727272727272727,0.2,0.6,1.0,1.0,0.6883116883116883,0.5,0.7666666666666667,0.5,0.7666666666666667,0.4666666666666667
3457,discriminative-attribute-action,yes,0,1.0,1.0,0.0,1.0,1.0,1.0,0.0,1.0,0.47619047619047616,1.0,0.5416666666666666,0.5416666666666666,1.0,0.4444444444444444
3459,discriminative-attribute-number,yes,0,1.0,1.0,0.09090909090909091,0.8181818181818182,1.0,1.0,0.6,0.4,0.4805194805194805,1.0,0.7666666666666667,0.5,0.6,0.6444444444444445
3461,discriminative-attribute-state,yes,0,1.0,1.0,0.0,1.0,1.0,1.0,0.0,1.0,0.47619047619047616,1.0,0.5416666666666666,0.5416666666666666,1.0,0.4444444444444444
3463,discriminative-attribute-state,yes,1,0.0,1.0,0.9090909090909091,0.8181818181818182,0.0,1.0,1.0,1.0,0.4805194805194805,1.0,0.5416666666666666,0.5,0.875,0.4444444444444444
3465,discriminative-attribute-action,yes,0,1.0,1.0,0.09090909090909091,0.8181818181818182,1.0,1.0,0.0,1.0,0.4805194805194805,1.0,0.5416666666666666,0.5,0.875,0.4444444444444444
3467,discriminative-attribute-number,yes,0,1.0,1.0,1.0,1.0,1.0,1.0,0.4,0.4,1.0,1.0,0.675,1.0,0.675,0.5333333333333333
3469,discriminative-attribute-state,yes,1,0.5454545454545454,0.45454545454545453,1.0,1.0,0.6,0.4,1.0,1.0,0.6320346320346321,0.475,0.5416666666666666,0.7666666666666667,1.0,0.6444444444444445
3471,discriminative-attribute-state,yes,0,1.0,1.0,0.7272727272727273,0.5636363636363636,1.0,1.0,0.4,0.4,0.7532467532467533,1.0,0.675,0.675,0.5,0.5333333333333333
3473,discriminative-attribute-number,yes,0,1.0,1.0,0.2727272727272727,0.5636363636363636,1.0,1.0,0.0,1.0,0.5151515151515151,1.0,0.5416666666666666,0.4666666666666667,0.675,0.4444444444444444
3475,discriminative-attribute-state,yes,0,1.0,1.0,0.09090909090909091,0.8181818181818182,0.6,0.4,0.2,0.6,0.4805194805194805,0.7666666666666667,0.6,0.6,0.7666666666666667,0.4666666666666667
3477,discriminative-attribute-state,yes,0,1.0,1.0,0.0,1.0,1.0,1.0,0.2,0.6,0.47619047619047616,1.0,0.6,0.5416666666666666,0.875,0.4666666666666667
3479,discriminative-attribute-action,yes,0,1.0,1.0,0.18181818181818182,0.6727272727272727,1.0,1.0,0.0,1.0,0.4935064935064935,1.0,0.5416666666666666,0.475,0.7666666666666667,0.4444444444444444
3481,discriminative-attribute-state,yes,1,0.36363636363636365,0.4909090909090909,0.9090909090909091,0.8181818181818182,0.4,0.4,1.0,1.0,0.5151515151515151,0.5,0.475,0.6,0.875,0.5333333333333333
3483,discriminative-attribute-state,yes,1,0.2727272727272727,0.5636363636363636,1.0,1.0,0.0,1.0,1.0,1.0,0.5151515151515151,0.675,0.4666666666666667,0.5416666666666666,1.0,0.4444444444444444
3485,discriminative-attribute-state,yes,0,0.7272727272727273,0.5636363636363636,0.18181818181818182,0.6727272727272727,1.0,1.0,0.0,1.0,0.4805194805194805,0.675,0.4666666666666667,0.475,0.7666666666666667,0.4444444444444444
3489,discriminative-attribute-state,yes,0,1.0,1.0,0.09090909090909091,0.8181818181818182,1.0,1.0,0.0,1.0,0.4805194805194805,1.0,0.5416666666666666,0.5,0.875,0.4444444444444444
3491,discriminative-attribute-number,yes,1,0.09090909090909091,0.8181818181818182,0.8181818181818182,0.6727272727272727,0.2,0.6,0.6,0.4,0.4805194805194805,0.7666666666666667,0.6,0.5,0.6,0.4666666666666667
3493,discriminative-attribute-number,yes,0,1.0,1.0,0.18181818181818182,0.6727272727272727,1.0,1.0,0.4,0.4,0.4935064935064935,1.0,0.675,0.475,0.6,0.5333333333333333
3495,discriminative-attribute-action,yes,1,0.09090909090909091,0.8181818181818182,0.9090909090909091,0.8181818181818182,0.0,1.0,0.8,0.6,0.47619047619047616,0.875,0.5416666666666666,0.5,0.7666666666666667,0.4666666666666667
3497,discriminative-attribute-state,yes,0,1.0,1.0,0.0,1.0,1.0,1.0,0.0,1.0,0.47619047619047616,1.0,0.5416666666666666,0.5416666666666666,1.0,0.4444444444444444
3499,discriminative-attribute-action,yes,1,0.0,1.0,0.9090909090909091,0.8181818181818182,0.0,1.0,1.0,1.0,0.4805194805194805,1.0,0.5416666666666666,0.5,0.875,0.4444444444444444
3503,discriminative-attribute-state,yes,1,1.0,1.0,1.0,1.0,0.6,0.4,1.0,1.0,1.0,0.7666666666666667,1.0,0.7666666666666667,1.0,0.6444444444444445
3505,discriminative-attribute-state,yes,1,0.09090909090909091,0.8181818181818182,1.0,1.0,0.2,0.6,1.0,1.0,0.4805194805194805,0.7666666666666667,0.5,0.6,1.0,0.4666666666666667
3507,discriminative-attribute-state,yes,0,1.0,1.0,0.0,1.0,1.0,1.0,0.0,1.0,0.47619047619047616,1.0,0.5416666666666666,0.5416666666666666,1.0,0.4444444444444444
3509,discriminative-attribute-state,yes,0,1.0,1.0,0.0,1.0,1.0,1.0,0.0,1.0,0.47619047619047616,1.0,0.5416666666666666,0.5416666666666666,1.0,0.4444444444444444
3511,discriminative-attribute-action,yes,0,1.0,1.0,0.0,1.0,1.0,1.0,0.0,1.0,0.47619047619047616,1.0,0.5416666666666666,0.5416666666666666,1.0,0.4444444444444444
3513,discriminative-attribute-state,yes,0,1.0,1.0,0.0,1.0,1.0,1.0,0.0,1.0,0.47619047619047616,1.0,0.5416666666666666,0.5416666666666666,1.0,0.4444444444444444
3515,discriminative-attribute-action,yes,1,0.0,1.0,1.0,1.0,0.0,1.0,0.8,0.6,0.47619047619047616,1.0,0.6,0.5416666666666666,0.875,0.4666666666666667
3517,discriminative-attribute-state,yes,0,0.7272727272727273,0.5636363636363636,0.18181818181818182,0.6727272727272727,1.0,1.0,0.0,1.0,0.4805194805194805,0.675,0.4666666666666667,0.475,0.7666666666666667,0.4444444444444444
3519,discriminative-attribute-number,yes,0,0.18181818181818182,0.6727272727272727,1.0,1.0,0.6,0.4,0.4,0.4,0.4935064935064935,0.5416666666666666,0.6,0.7666666666666667,0.675,0.4444444444444444
3521,discriminative-attribute-state,yes,0,1.0,1.0,0.0,1.0,1.0,1.0,0.0,1.0,0.47619047619047616,1.0,0.5416666666666666,0.5416666666666666,1.0,0.4444444444444444
3523,discriminative-attribute-state,yes,0,1.0,1.0,0.0,1.0,1.0,1.0,0.0,1.0,0.47619047619047616,1.0,0.5416666666666666,0.5416666666666666,1.0,0.4444444444444444
3525,discriminative-attribute-state,yes,1,0.0,1.0,1.0,1.0,0.0,1.0,1.0,1.0,0.47619047619047616,1.0,0.5416666666666666,0.5416666666666666,1.0,0.4444444444444444
3527,discriminative-attribute-state,yes,1,0.0,1.0,1.0,1.0,0.0,1.0,1.0,1.0,0.47619047619047616,1.0,0.5416666666666666,0.5416666666666666,1.0,0.4444444444444444
3529,discriminative-attribute-state,yes,1,0.09090909090909091,0.8181818181818182,1.0,1.0,0.0,1.0,1.0,1.0,0.4805194805194805,0.875,0.5,0.5416666666666666,1.0,0.4444444444444444
3531,discriminative-attribute-number,yes,0,0.9090909090909091,0.8181818181818182,0.09090909090909091,0.8181818181818182,1.0,1.0,0.2,0.6,0.47619047619047616,0.875,0.5416666666666666,0.5,0.7666666666666667,0.4666666666666667
3533,discriminative-attribute-number,yes,0,1.0,1.0,0.09090909090909091,0.8181818181818182,1.0,1.0,0.0,1.0,0.4805194805194805,1.0,0.5416666666666666,0.5,0.875,0.4444444444444444
3535,discriminative-attribute-state,yes,1,0.18181818181818182,0.6727272727272727,1.0,1.0,0.0,1.0,1.0,1.0,0.4935064935064935,0.7666666666666667,0.475,0.5416666666666666,1.0,0.4444444444444444
3537,discriminative-attribute-state,yes,0,1.0,1.0,0.18181818181818182,0.6727272727272727,1.0,1.0,0.0,1.0,0.4935064935064935,1.0,0.5416666666666666,0.475,0.7666666666666667,0.4444444444444444
3539,discriminative-attribute-state,yes,0,1.0,1.0,0.2727272727272727,0.5636363636363636,1.0,1.0,0.0,1.0,0.5151515151515151,1.0,0.5416666666666666,0.4666666666666667,0.675,0.4444444444444444
3541,discriminative-attribute-state,yes,0,1.0,1.0,0.36363636363636365,0.4909090909090909,1.0,1.0,0.0,1.0,0.5454545454545454,1.0,0.5416666666666666,0.475,0.6,0.4444444444444444
3543,discriminative-attribute-action,yes,0,1.0,1.0,0.0,1.0,1.0,1.0,0.0,1.0,0.47619047619047616,1.0,0.5416666666666666,0.5416666666666666,1.0,0.4444444444444444
3545,discriminative-attribute-state,yes,0,1.0,1.0,0.0,1.0,1.0,1.0,0.0,1.0,0.47619047619047616,1.0,0.5416666666666666,0.5416666666666666,1.0,0.4444444444444444
3547,discriminative-attribute-state,yes,1,0.6363636363636364,0.4909090909090909,0.9090909090909091,0.8181818181818182,0.0,1.0,0.8,0.6,0.6320346320346321,0.475,0.5416666666666666,0.5,0.7666666666666667,0.4666666666666667
3549,discriminative-attribute-number,yes,0,1.0,1.0,1.0,1.0,1.0,1.0,0.8,0.6,1.0,1.0,0.875,1.0,0.875,0.8
3551,discriminative-attribute-state,yes,0,0.36363636363636365,0.4909090909090909,0.0,1.0,1.0,1.0,0.2,0.6,0.6883116883116883,0.475,0.5416666666666666,0.5416666666666666,0.875,0.4666666666666667
3553,discriminative-attribute-state,yes,0,1.0,1.0,0.0,1.0,1.0,1.0,0.0,1.0,0.47619047619047616,1.0,0.5416666666666666,0.5416666666666666,1.0,0.4444444444444444
3555,discriminative-attribute-state,yes,0,1.0,1.0,0.0,1.0,1.0,1.0,0.2,0.6,0.47619047619047616,1.0,0.6,0.5416666666666666,0.875,0.4666666666666667
3557,discriminative-attribute-action,yes,0,1.0,1.0,0.0,1.0,1.0,1.0,0.2,0.6,0.47619047619047616,1.0,0.6,0.5416666666666666,0.875,0.4666666666666667
3559,discriminative-attribute-state,yes,0,1.0,1.0,0.0,1.0,1.0,1.0,0.0,1.0,0.47619047619047616,1.0,0.5416666666666666,0.5416666666666666,1.0,0.4444444444444444
3561,discriminative-attribute-state,yes,0,1.0,1.0,0.0,1.0,1.0,1.0,0.0,1.0,0.47619047619047616,1.0,0.5416666666666666,0.5416666666666666,1.0,0.4444444444444444
3563,discriminative-attribute-state,yes,1,0.0,1.0,0.0,1.0,0.4,0.4,0.8,0.6,1.0,0.7666666666666667,0.6,0.7666666666666667,0.6,0.4666666666666667
3565,discriminative-attribute-state,yes,1,0.0,1.0,1.0,1.0,0.0,1.0,1.0,1.0,0.47619047619047616,1.0,0.5416666666666666,0.5416666666666666,1.0,0.4444444444444444
3567,discriminative-attribute-action,yes,0,1.0,1.0,0.6363636363636364,0.4909090909090909,1.0,1.0,0.2,0.6,0.6883116883116883,1.0,0.6,0.6,0.4666666666666667,0.4666666666666667
3569,discriminative-attribute-action,yes,0,1.0,1.0,1.0,1.0,1.0,1.0,0.6,0.4,1.0,1.0,0.7666666666666667,1.0,0.7666666666666667,0.6444444444444445
3571,discriminative-attribute-number,yes,0,1.0,1.0,0.18181818181818182,0.6727272727272727,1.0,1.0,0.0,1.0,0.4935064935064935,1.0,0.5416666666666666,0.475,0.7666666666666667,0.4444444444444444
3573,discriminative-attribute-number,yes,0,1.0,1.0,0.09090909090909091,0.8181818181818182,1.0,1.0,0.0,1.0,0.4805194805194805,1.0,0.5416666666666666,0.5,0.875,0.4444444444444444
3575,discriminative-attribute-state,yes,0,1.0,1.0,0.0,1.0,1.0,1.0,0.0,1.0,0.47619047619047616,1.0,0.5416666666666666,0.5416666666666666,1.0,0.4444444444444444
3577,discriminative-attribute-state,yes,1,0.09090909090909091,0.8181818181818182,1.0,1.0,0.2,0.6,0.8,0.6,0.4805194805194805,0.7666666666666667,0.5416666666666666,0.6,0.875,0.4444444444444444
3579,discriminative-attribute-state,yes,0,1.0,1.0,0.0,1.0,1.0,1.0,0.0,1.0,0.47619047619047616,1.0,0.5416666666666666,0.5416666666666666,1.0,0.4444444444444444
3581,discriminative-attribute-state,yes,1,1.0,1.0,1.0,1.0,0.8,0.6,1.0,1.0,1.0,0.875,1.0,0.875,1.0,0.8
3583,discriminative-attribute-number,yes,1,0.7272727272727273,0.5636363636363636,0.0,1.0,0.4,0.4,0.6,0.4,0.5151515151515151,0.5,0.5416666666666666,0.7666666666666667,0.675,0.4444444444444444
3585,discriminative-attribute-state,yes,0,0.9090909090909091,0.8181818181818182,0.0,1.0,1.0,1.0,0.0,1.0,0.4805194805194805,0.875,0.5,0.5416666666666666,1.0,0.4444444444444444
3587,discriminative-attribute-state,yes,1,0.0,1.0,1.0,1.0,0.0,1.0,1.0,1.0,0.47619047619047616,1.0,0.5416666666666666,0.5416666666666666,1.0,0.4444444444444444
3589,discriminative-attribute-state,yes,0,1.0,1.0,0.09090909090909091,0.8181818181818182,1.0,1.0,0.2,0.6,0.4805194805194805,1.0,0.6,0.5,0.7666666666666667,0.4666666666666667
3593,discriminative-attribute-state,yes,1,0.6363636363636364,0.4909090909090909,0.0,1.0,0.0,1.0,0.2,0.6,0.5454545454545454,0.475,0.4666666666666667,1.0,0.875,0.8
3595,discriminative-attribute-state,yes,0,1.0,1.0,0.0,1.0,1.0,1.0,0.0,1.0,0.47619047619047616,1.0,0.5416666666666666,0.5416666666666666,1.0,0.4444444444444444
3597,discriminative-attribute-state,yes,0,0.8181818181818182,0.6727272727272727,0.0,1.0,0.4,0.4,0.0,1.0,0.4935064935064935,0.5416666666666666,0.475,0.7666666666666667,1.0,0.6444444444444445
3599,discriminative-attribute-number,yes,0,1.0,1.0,0.2727272727272727,0.5636363636363636,1.0,1.0,0.2,0.6,0.5151515151515151,1.0,0.6,0.4666666666666667,0.6,0.4666666666666667
3601,discriminative-attribute-state,yes,0,0.9090909090909091,0.8181818181818182,0.0,1.0,1.0,1.0,0.2,0.6,0.4805194805194805,0.875,0.5416666666666666,0.5416666666666666,0.875,0.4666666666666667
3603,discriminative-attribute-state,yes,0,0.7272727272727273,0.5636363636363636,0.18181818181818182,0.6727272727272727,1.0,1.0,0.2,0.6,0.4805194805194805,0.675,0.475,0.475,0.675,0.4666666666666667
3605,discriminative-attribute-state,yes,0,1.0,1.0,0.0,1.0,1.0,1.0,0.0,1.0,0.47619047619047616,1.0,0.5416666666666666,0.5416666666666666,1.0,0.4444444444444444
3607,discriminative-attribute-state,yes,1,0.0,1.0,1.0,1.0,0.0,1.0,1.0,1.0,0.47619047619047616,1.0,0.5416666666666666,0.5416666666666666,1.0,0.4444444444444444
3609,discriminative-attribute-state,yes,0,0.9090909090909091,0.8181818181818182,0.0,1.0,1.0,1.0,0.0,1.0,0.4805194805194805,0.875,0.5,0.5416666666666666,1.0,0.4444444444444444
3611,discriminative-attribute-state,yes,0,0.9090909090909091,0.8181818181818182,0.0,1.0,1.0,1.0,0.0,1.0,0.4805194805194805,0.875,0.5,0.5416666666666666,1.0,0.4444444444444444
3613,discriminative-attribute-action,yes,1,0.0,1.0,1.0,1.0,0.0,1.0,1.0,1.0,0.47619047619047616,1.0,0.5416666666666666,0.5416666666666666,1.0,0.4444444444444444
3615,discriminative-attribute-number,yes,0,1.0,1.0,0.09090909090909091,0.8181818181818182,1.0,1.0,0.0,1.0,0.4805194805194805,1.0,0.5416666666666666,0.5,0.875,0.4444444444444444
3617,discriminative-attribute-action,yes,0,1.0,1.0,0.09090909090909091,0.8181818181818182,1.0,1.0,0.0,1.0,0.4805194805194805,1.0,0.5416666666666666,0.5,0.875,0.4444444444444444
3619,discriminative-attribute-state,yes,0,1.0,1.0,0.0,1.0,1.0,1.0,0.0,1.0,0.47619047619047616,1.0,0.5416666666666666,0.5416666666666666,1.0,0.4444444444444444
3621,discriminative-attribute-state,yes,0,0.7272727272727273,0.5636363636363636,0.0,1.0,1.0,1.0,0.0,1.0,0.5151515151515151,0.675,0.4666666666666667,0.5416666666666666,1.0,0.4444444444444444
3623,discriminative-attribute-state,yes,0,1.0,1.0,0.0,1.0,1.0,1.0,0.0,1.0,0.47619047619047616,1.0,0.5416666666666666,0.5416666666666666,1.0,0.4444444444444444
3625,discriminative-attribute-number,yes,0,1.0,1.0,0.2727272727272727,0.5636363636363636,1.0,1.0,0.0,1.0,0.5151515151515151,1.0,0.5416666666666666,0.4666666666666667,0.675,0.4444444444444444
3627,discriminative-attribute-state,yes,0,1.0,1.0,0.2727272727272727,0.5636363636363636,1.0,1.0,0.0,1.0,0.5151515151515151,1.0,0.5416666666666666,0.4666666666666667,0.675,0.4444444444444444
3629,discriminative-attribute-number,yes,0,1.0,1.0,1.0,1.0,1.0,1.0,1.0,1.0,1.0,1.0,1.0,1.0,1.0,1.0
3631,discriminative-attribute-number,yes,0,1.0,1.0,0.18181818181818182,0.6727272727272727,1.0,1.0,0.0,1.0,0.4935064935064935,1.0,0.5416666666666666,0.475,0.7666666666666667,0.4444444444444444
3633,discriminative-attribute-number,yes,0,1.0,1.0,1.0,1.0,1.0,1.0,0.6,0.4,1.0,1.0,0.7666666666666667,1.0,0.7666666666666667,0.6444444444444445
3635,discriminative-attribute-state,yes,0,0.9090909090909091,0.8181818181818182,0.0,1.0,1.0,1.0,0.0,1.0,0.4805194805194805,0.875,0.5,0.5416666666666666,1.0,0.4444444444444444
3637,discriminative-attribute-number,yes,0,1.0,1.0,0.18181818181818182,0.6727272727272727,1.0,1.0,0.0,1.0,0.4935064935064935,1.0,0.5416666666666666,0.475,0.7666666666666667,0.4444444444444444
3639,discriminative-attribute-state,yes,0,0.7272727272727273,0.5636363636363636,0.0,1.0,1.0,1.0,0.0,1.0,0.5151515151515151,0.675,0.4666666666666667,0.5416666666666666,1.0,0.4444444444444444
3641,discriminative-attribute-state,yes,1,1.0,1.0,0.5454545454545454,0.45454545454545453,0.2,0.6,1.0,1.0,0.6320346320346321,0.6,1.0,0.475,0.5416666666666666,0.4666666666666667
3643,discriminative-attribute-action,yes,1,0.0,1.0,0.9090909090909091,0.8181818181818182,0.0,1.0,1.0,1.0,0.4805194805194805,1.0,0.5416666666666666,0.5,0.875,0.4444444444444444
3645,discriminative-attribute-state,yes,1,0.0,1.0,1.0,1.0,0.0,1.0,1.0,1.0,0.47619047619047616,1.0,0.5416666666666666,0.5416666666666666,1.0,0.4444444444444444
3647,discriminative-attribute-action,yes,0,1.0,1.0,0.0,1.0,1.0,1.0,0.0,1.0,0.47619047619047616,1.0,0.5416666666666666,0.5416666666666666,1.0,0.4444444444444444
3649,discriminative-attribute-state,yes,0,1.0,1.0,0.0,1.0,1.0,1.0,0.0,1.0,0.47619047619047616,1.0,0.5416666666666666,0.5416666666666666,1.0,0.4444444444444444
3651,discriminative-attribute-state,yes,1,0.0,1.0,1.0,1.0,0.0,1.0,1.0,1.0,0.47619047619047616,1.0,0.5416666666666666,0.5416666666666666,1.0,0.4444444444444444
3653,discriminative-attribute-state,yes,0,0.7272727272727273,0.5636363636363636,0.0,1.0,1.0,1.0,0.2,0.6,0.5151515151515151,0.675,0.475,0.5416666666666666,0.875,0.4666666666666667
3655,discriminative-attribute-number,yes,0,1.0,1.0,1.0,1.0,1.0,1.0,1.0,1.0,1.0,1.0,1.0,1.0,1.0,1.0
3657,discriminative-attribute-number,yes,1,1.0,1.0,0.0,1.0,0.6,0.4,0.0,1.0,0.47619047619047616,0.7666666666666667,0.5416666666666666,0.675,1.0,0.5333333333333333
3659,discriminative-attribute-state,yes,0,0.8181818181818182,0.6727272727272727,0.7272727272727273,0.5636363636363636,1.0,1.0,0.4,0.4,0.6320346320346321,0.7666666666666667,0.5416666666666666,0.675,0.5,0.5333333333333333
3661,discriminative-attribute-state,yes,1,0.18181818181818182,0.6727272727272727,0.0,1.0,1.0,1.0,0.0,1.0,0.8268398268398268,0.475,0.7666666666666667,0.5416666666666666,1.0,0.4444444444444444
3663,discriminative-attribute-number,yes,1,0.09090909090909091,0.8181818181818182,0.0,1.0,0.2,0.6,0.2,0.6,0.9090909090909091,0.7666666666666667,0.7666666666666667,0.875,0.875,0.6444444444444445
3665,discriminative-attribute-action,yes,0,1.0,1.0,0.0,1.0,1.0,1.0,0.0,1.0,0.47619047619047616,1.0,0.5416666666666666,0.5416666666666666,1.0,0.4444444444444444
3667,discriminative-attribute-state,yes,0,1.0,1.0,0.0,1.0,1.0,1.0,0.0,1.0,0.47619047619047616,1.0,0.5416666666666666,0.5416666666666666,1.0,0.4444444444444444
3669,discriminative-attribute-state,yes,0,0.6363636363636364,0.4909090909090909,1.0,1.0,1.0,1.0,0.8,0.6,0.6883116883116883,0.6,0.5416666666666666,1.0,0.875,0.8
3671,discriminative-attribute-state,yes,0,1.0,1.0,0.0,1.0,1.0,1.0,0.2,0.6,0.47619047619047616,1.0,0.6,0.5416666666666666,0.875,0.4666666666666667
3673,discriminative-attribute-action,yes,0,1.0,1.0,0.09090909090909091,0.8181818181818182,1.0,1.0,0.2,0.6,0.4805194805194805,1.0,0.6,0.5,0.7666666666666667,0.4666666666666667
3675,discriminative-attribute-state,yes,1,1.0,1.0,0.9090909090909091,0.8181818181818182,0.6,0.4,0.8,0.6,0.9090909090909091,0.7666666666666667,0.875,0.675,0.7666666666666667,0.5333333333333333
3677,discriminative-attribute-number,yes,1,1.0,1.0,0.0,1.0,0.6,0.4,0.4,0.4,0.47619047619047616,0.7666666666666667,0.675,0.675,0.7666666666666667,0.4444444444444444
3679,discriminative-attribute-state,yes,0,1.0,1.0,0.0,1.0,1.0,1.0,0.0,1.0,0.47619047619047616,1.0,0.5416666666666666,0.5416666666666666,1.0,0.4444444444444444
3681,discriminative-attribute-action,yes,0,1.0,1.0,0.0,1.0,1.0,1.0,0.0,1.0,0.47619047619047616,1.0,0.5416666666666666,0.5416666666666666,1.0,0.4444444444444444
3683,discriminative-attribute-state,yes,0,1.0,1.0,0.0,1.0,1.0,1.0,0.0,1.0,0.47619047619047616,1.0,0.5416666666666666,0.5416666666666666,1.0,0.4444444444444444
3685,discriminative-attribute-state,yes,0,1.0,1.0,0.0,1.0,1.0,1.0,0.0,1.0,0.47619047619047616,1.0,0.5416666666666666,0.5416666666666666,1.0,0.4444444444444444
3689,discriminative-attribute-state,yes,0,1.0,1.0,0.09090909090909091,0.8181818181818182,1.0,1.0,0.0,1.0,0.4805194805194805,1.0,0.5416666666666666,0.5,0.875,0.4444444444444444
3691,discriminative-attribute-state,yes,0,1.0,1.0,0.18181818181818182,0.6727272727272727,1.0,1.0,0.2,0.6,0.4935064935064935,1.0,0.6,0.475,0.675,0.4666666666666667
3693,discriminative-attribute-state,yes,1,0.09090909090909091,0.8181818181818182,0.9090909090909091,0.8181818181818182,0.2,0.6,1.0,1.0,0.47619047619047616,0.7666666666666667,0.5,0.5416666666666666,0.875,0.4666666666666667
3695,discriminative-attribute-action,yes,0,1.0,1.0,0.0,1.0,1.0,1.0,0.0,1.0,0.47619047619047616,1.0,0.5416666666666666,0.5416666666666666,1.0,0.4444444444444444
3697,discriminative-attribute-action,yes,1,0.0,1.0,0.9090909090909091,0.8181818181818182,0.0,1.0,1.0,1.0,0.4805194805194805,1.0,0.5416666666666666,0.5,0.875,0.4444444444444444
3699,discriminative-attribute-state,yes,0,0.7272727272727273,0.5636363636363636,0.09090909090909091,0.8181818181818182,1.0,1.0,0.0,1.0,0.4935064935064935,0.675,0.4666666666666667,0.5,0.875,0.4444444444444444
3701,discriminative-attribute-state,yes,0,0.7272727272727273,0.5636363636363636,0.09090909090909091,0.8181818181818182,1.0,1.0,0.0,1.0,0.4935064935064935,0.675,0.4666666666666667,0.5,0.875,0.4444444444444444
3705,discriminative-attribute-number,yes,0,0.9090909090909091,0.8181818181818182,1.0,1.0,1.0,1.0,0.6,0.4,0.9090909090909091,0.875,0.675,1.0,0.7666666666666667,0.6444444444444445
3707,discriminative-attribute-state,yes,0,1.0,1.0,0.09090909090909091,0.8181818181818182,1.0,1.0,0.0,1.0,0.4805194805194805,1.0,0.5416666666666666,0.5,0.875,0.4444444444444444
3709,discriminative-attribute-state,yes,1,0.5454545454545454,0.45454545454545453,1.0,1.0,0.4,0.4,1.0,1.0,0.6320346320346321,0.4666666666666667,0.5416666666666666,0.675,1.0,0.5333333333333333
3711,discriminative-attribute-state,yes,1,1.0,1.0,0.9090909090909091,0.8181818181818182,0.4,0.4,1.0,1.0,0.9090909090909091,0.675,1.0,0.6,0.875,0.5333333333333333
3713,discriminative-attribute-number,yes,0,1.0,1.0,0.8181818181818182,0.6727272727272727,1.0,1.0,0.8,0.6,0.8268398268398268,1.0,0.875,0.7666666666666667,0.675,0.8
3715,discriminative-attribute-number,yes,0,1.0,1.0,1.0,1.0,1.0,1.0,0.8,0.6,1.0,1.0,0.875,1.0,0.875,0.8
3717,discriminative-attribute-state,yes,0,1.0,1.0,0.0,1.0,1.0,1.0,0.0,1.0,0.47619047619047616,1.0,0.5416666666666666,0.5416666666666666,1.0,0.4444444444444444
3719,discriminative-attribute-action,yes,0,1.0,1.0,0.0,1.0,1.0,1.0,0.2,0.6,0.47619047619047616,1.0,0.6,0.5416666666666666,0.875,0.4666666666666667
3721,discriminative-attribute-state,yes,0,0.7272727272727273,0.5636363636363636,0.0,1.0,1.0,1.0,0.2,0.6,0.5151515151515151,0.675,0.475,0.5416666666666666,0.875,0.4666666666666667
3723,discriminative-attribute-state,yes,0,0.9090909090909091,0.8181818181818182,0.0,1.0,1.0,1.0,0.0,1.0,0.4805194805194805,0.875,0.5,0.5416666666666666,1.0,0.4444444444444444
3725,discriminative-attribute-state,yes,0,0.9090909090909091,0.8181818181818182,0.0,1.0,1.0,1.0,0.0,1.0,0.4805194805194805,0.875,0.5,0.5416666666666666,1.0,0.4444444444444444
3727,discriminative-attribute-action,yes,0,1.0,1.0,0.0,1.0,1.0,1.0,0.0,1.0,0.47619047619047616,1.0,0.5416666666666666,0.5416666666666666,1.0,0.4444444444444444
3729,discriminative-attribute-action,yes,0,1.0,1.0,0.0,1.0,1.0,1.0,0.0,1.0,0.47619047619047616,1.0,0.5416666666666666,0.5416666666666666,1.0,0.4444444444444444
3731,discriminative-attribute-number,yes,0,1.0,1.0,0.8181818181818182,0.6727272727272727,1.0,1.0,0.2,0.6,0.8268398268398268,1.0,0.6,0.7666666666666667,0.5,0.4666666666666667
3733,discriminative-attribute-state,yes,0,1.0,1.0,0.0,1.0,1.0,1.0,0.0,1.0,0.47619047619047616,1.0,0.5416666666666666,0.5416666666666666,1.0,0.4444444444444444
3735,discriminative-attribute-state,yes,1,0.0,1.0,1.0,1.0,0.0,1.0,1.0,1.0,0.47619047619047616,1.0,0.5416666666666666,0.5416666666666666,1.0,0.4444444444444444
3737,discriminative-attribute-action,yes,0,1.0,1.0,0.0,1.0,1.0,1.0,0.0,1.0,0.47619047619047616,1.0,0.5416666666666666,0.5416666666666666,1.0,0.4444444444444444
3739,discriminative-attribute-state,yes,0,0.8181818181818182,0.6727272727272727,0.0,1.0,1.0,1.0,0.2,0.6,0.4935064935064935,0.7666666666666667,0.5,0.5416666666666666,0.875,0.4666666666666667
3741,discriminative-attribute-state,yes,0,0.9090909090909091,0.8181818181818182,1.0,1.0,1.0,1.0,0.6,0.4,0.9090909090909091,0.875,0.675,1.0,0.7666666666666667,0.6444444444444445
3743,discriminative-attribute-state,yes,1,0.6363636363636364,0.4909090909090909,1.0,1.0,0.2,0.6,1.0,1.0,0.6883116883116883,0.4666666666666667,0.6,0.6,1.0,0.4666666666666667
3745,discriminative-attribute-state,yes,1,0.36363636363636365,0.4909090909090909,1.0,1.0,0.2,0.6,1.0,1.0,0.5454545454545454,0.5416666666666666,0.475,0.6,1.0,0.4666666666666667
3747,discriminative-attribute-state,yes,0,1.0,1.0,0.0,1.0,1.0,1.0,0.0,1.0,0.47619047619047616,1.0,0.5416666666666666,0.5416666666666666,1.0,0.4444444444444444
3749,discriminative-attribute-state,yes,0,1.0,1.0,0.0,1.0,1.0,1.0,0.0,1.0,0.47619047619047616,1.0,0.5416666666666666,0.5416666666666666,1.0,0.4444444444444444
3751,discriminative-attribute-state,yes,0,1.0,1.0,0.0,1.0,1.0,1.0,0.0,1.0,0.47619047619047616,1.0,0.5416666666666666,0.5416666666666666,1.0,0.4444444444444444
3753,discriminative-attribute-number,yes,0,1.0,1.0,0.09090909090909091,0.8181818181818182,1.0,1.0,0.0,1.0,0.4805194805194805,1.0,0.5416666666666666,0.5,0.875,0.4444444444444444
3755,discriminative-attribute-state,yes,0,1.0,1.0,0.0,1.0,1.0,1.0,0.0,1.0,0.47619047619047616,1.0,0.5416666666666666,0.5416666666666666,1.0,0.4444444444444444
3757,discriminative-attribute-number,yes,0,1.0,1.0,0.45454545454545453,0.45454545454545453,1.0,1.0,0.8,0.6,0.5844155844155844,1.0,0.875,0.5,0.475,0.8
3759,discriminative-attribute-state,yes,1,0.45454545454545453,0.45454545454545453,0.9090909090909091,0.8181818181818182,0.0,1.0,1.0,1.0,0.5454545454545454,0.5416666666666666,0.5,0.5,0.875,0.4444444444444444
3763,discriminative-attribute-state,yes,0,1.0,1.0,1.0,1.0,1.0,1.0,0.4,0.4,1.0,1.0,0.675,1.0,0.675,0.5333333333333333
3765,discriminative-attribute-number,yes,0,1.0,1.0,0.09090909090909091,0.8181818181818182,1.0,1.0,0.4,0.4,0.4805194805194805,1.0,0.675,0.5,0.675,0.5333333333333333
3767,discriminative-attribute-state,yes,0,1.0,1.0,0.0,1.0,1.0,1.0,0.2,0.6,0.47619047619047616,1.0,0.6,0.5416666666666666,0.875,0.4666666666666667
3769,discriminative-attribute-state,yes,0,1.0,1.0,0.0,1.0,1.0,1.0,0.2,0.6,0.47619047619047616,1.0,0.6,0.5416666666666666,0.875,0.4666666666666667
3771,discriminative-attribute-action,yes,0,1.0,1.0,0.18181818181818182,0.6727272727272727,1.0,1.0,0.0,1.0,0.4935064935064935,1.0,0.5416666666666666,0.475,0.7666666666666667,0.4444444444444444
3773,discriminative-attribute-state,yes,0,1.0,1.0,0.0,1.0,1.0,1.0,0.0,1.0,0.47619047619047616,1.0,0.5416666666666666,0.5416666666666666,1.0,0.4444444444444444
3775,discriminative-attribute-state,yes,0,0.9090909090909091,0.8181818181818182,0.09090909090909091,0.8181818181818182,1.0,1.0,0.2,0.6,0.47619047619047616,0.875,0.5416666666666666,0.5,0.7666666666666667,0.4666666666666667
3777,discriminative-attribute-state,yes,0,1.0,1.0,0.0,1.0,1.0,1.0,0.0,1.0,0.47619047619047616,1.0,0.5416666666666666,0.5416666666666666,1.0,0.4444444444444444
3779,discriminative-attribute-number,yes,0,1.0,1.0,0.09090909090909091,0.8181818181818182,1.0,1.0,0.2,0.6,0.4805194805194805,1.0,0.6,0.5,0.7666666666666667,0.4666666666666667
3781,discriminative-attribute-state,yes,0,1.0,1.0,0.0,1.0,1.0,1.0,0.0,1.0,0.47619047619047616,1.0,0.5416666666666666,0.5416666666666666,1.0,0.4444444444444444
3783,discriminative-attribute-state,yes,1,1.0,1.0,0.09090909090909091,0.8181818181818182,0.2,0.6,0.4,0.4,0.4805194805194805,0.6,0.675,0.7666666666666667,0.675,0.5333333333333333
3785,discriminative-attribute-state,yes,1,0.9090909090909091,0.8181818181818182,0.9090909090909091,0.8181818181818182,0.4,0.4,1.0,1.0,0.8268398268398268,0.6,0.875,0.6,0.875,0.5333333333333333
3787,discriminative-attribute-state,yes,0,1.0,1.0,1.0,1.0,1.0,1.0,0.4,0.4,1.0,1.0,0.675,1.0,0.675,0.5333333333333333
3789,discriminative-attribute-state,yes,1,0.0,1.0,1.0,1.0,0.0,1.0,1.0,1.0,0.47619047619047616,1.0,0.5416666666666666,0.5416666666666666,1.0,0.4444444444444444
3791,discriminative-attribute-number,yes,0,1.0,1.0,0.9090909090909091,0.8181818181818182,1.0,1.0,0.8,0.6,0.9090909090909091,1.0,0.875,0.875,0.7666666666666667,0.8
3793,discriminative-attribute-action,yes,1,0.0,1.0,0.9090909090909091,0.8181818181818182,0.0,1.0,1.0,1.0,0.4805194805194805,1.0,0.5416666666666666,0.5,0.875,0.4444444444444444
3795,discriminative-attribute-number,yes,0,1.0,1.0,0.0,1.0,1.0,1.0,0.2,0.6,0.47619047619047616,1.0,0.6,0.5416666666666666,0.875,0.4666666666666667
3797,discriminative-attribute-state,yes,0,1.0,1.0,0.0,1.0,1.0,1.0,0.0,1.0,0.47619047619047616,1.0,0.5416666666666666,0.5416666666666666,1.0,0.4444444444444444
3799,discriminative-attribute-state,yes,1,0.0,1.0,1.0,1.0,0.0,1.0,1.0,1.0,0.47619047619047616,1.0,0.5416666666666666,0.5416666666666666,1.0,0.4444444444444444
3801,discriminative-attribute-state,yes,1,0.0,1.0,1.0,1.0,0.0,1.0,1.0,1.0,0.47619047619047616,1.0,0.5416666666666666,0.5416666666666666,1.0,0.4444444444444444
3803,discriminative-attribute-number,yes,0,1.0,1.0,0.8181818181818182,0.6727272727272727,1.0,1.0,0.6,0.4,0.8268398268398268,1.0,0.7666666666666667,0.7666666666666667,0.6,0.6444444444444445
3805,discriminative-attribute-state,yes,0,0.7272727272727273,0.5636363636363636,0.09090909090909091,0.8181818181818182,1.0,1.0,0.0,1.0,0.4935064935064935,0.675,0.4666666666666667,0.5,0.875,0.4444444444444444
3807,discriminative-attribute-state,yes,1,1.0,1.0,1.0,1.0,0.2,0.6,1.0,1.0,1.0,0.6,1.0,0.6,1.0,0.4666666666666667
3809,discriminative-attribute-number,yes,0,1.0,1.0,0.09090909090909091,0.8181818181818182,1.0,1.0,0.4,0.4,0.4805194805194805,1.0,0.675,0.5,0.675,0.5333333333333333
3811,discriminative-attribute-state,yes,0,1.0,1.0,0.0,1.0,1.0,1.0,0.0,1.0,0.47619047619047616,1.0,0.5416666666666666,0.5416666666666666,1.0,0.4444444444444444
3813,discriminative-attribute-state,yes,0,1.0,1.0,0.0,1.0,1.0,1.0,0.2,0.6,0.47619047619047616,1.0,0.6,0.5416666666666666,0.875,0.4666666666666667
3815,discriminative-attribute-state,yes,1,0.09090909090909091,0.8181818181818182,0.0,1.0,0.0,1.0,0.8,0.6,0.9090909090909091,0.875,0.5416666666666666,1.0,0.6,0.4666666666666667
3817,discriminative-attribute-state,yes,0,0.7272727272727273,0.5636363636363636,0.0,1.0,1.0,1.0,0.0,1.0,0.5151515151515151,0.675,0.4666666666666667,0.5416666666666666,1.0,0.4444444444444444
3819,discriminative-attribute-action,yes,0,1.0,1.0,0.0,1.0,1.0,1.0,0.0,1.0,0.47619047619047616,1.0,0.5416666666666666,0.5416666666666666,1.0,0.4444444444444444
3821,discriminative-attribute-action,yes,0,1.0,1.0,0.0,1.0,1.0,1.0,0.0,1.0,0.47619047619047616,1.0,0.5416666666666666,0.5416666666666666,1.0,0.4444444444444444
3823,discriminative-attribute-state,yes,0,1.0,1.0,0.0,1.0,1.0,1.0,0.0,1.0,0.47619047619047616,1.0,0.5416666666666666,0.5416666666666666,1.0,0.4444444444444444
3825,discriminative-attribute-number,yes,0,1.0,1.0,0.18181818181818182,0.6727272727272727,1.0,1.0,0.2,0.6,0.4935064935064935,1.0,0.6,0.475,0.675,0.4666666666666667
3827,discriminative-attribute-number,yes,1,0.09090909090909091,0.8181818181818182,0.0,1.0,0.8,0.6,0.0,1.0,0.9090909090909091,0.5416666666666666,0.875,0.6,1.0,0.4666666666666667
3829,discriminative-attribute-state,yes,0,0.8181818181818182,0.6727272727272727,0.09090909090909091,0.8181818181818182,1.0,1.0,0.0,1.0,0.4805194805194805,0.7666666666666667,0.475,0.5,0.875,0.4444444444444444
3831,discriminative-attribute-state,yes,0,1.0,1.0,0.0,1.0,1.0,1.0,0.0,1.0,0.47619047619047616,1.0,0.5416666666666666,0.5416666666666666,1.0,0.4444444444444444
3833,discriminative-attribute-state,yes,0,1.0,1.0,0.0,1.0,1.0,1.0,0.0,1.0,0.47619047619047616,1.0,0.5416666666666666,0.5416666666666666,1.0,0.4444444444444444
3835,discriminative-attribute-state,yes,1,0.9090909090909091,0.8181818181818182,0.9090909090909091,0.8181818181818182,0.2,0.6,1.0,1.0,0.8268398268398268,0.5416666666666666,0.875,0.5416666666666666,0.875,0.4666666666666667
3837,discriminative-attribute-state,yes,0,1.0,1.0,0.0,1.0,1.0,1.0,0.0,1.0,0.47619047619047616,1.0,0.5416666666666666,0.5416666666666666,1.0,0.4444444444444444
3839,discriminative-attribute-number,yes,1,0.0,1.0,1.0,1.0,0.2,0.6,1.0,1.0,0.47619047619047616,0.875,0.5416666666666666,0.6,1.0,0.4666666666666667
3841,discriminative-attribute-number,yes,0,1.0,1.0,0.36363636363636365,0.4909090909090909,1.0,1.0,0.0,1.0,0.5454545454545454,1.0,0.5416666666666666,0.475,0.6,0.4444444444444444
3843,discriminative-attribute-action,yes,0,1.0,1.0,0.18181818181818182,0.6727272727272727,1.0,1.0,0.2,0.6,0.4935064935064935,1.0,0.6,0.475,0.675,0.4666666666666667
3845,discriminative-attribute-number,yes,0,1.0,1.0,0.36363636363636365,0.4909090909090909,1.0,1.0,0.4,0.4,0.5454545454545454,1.0,0.675,0.475,0.5,0.5333333333333333
3849,discriminative-attribute-action,yes,1,0.09090909090909091,0.8181818181818182,1.0,1.0,0.2,0.6,1.0,1.0,0.4805194805194805,0.7666666666666667,0.5,0.6,1.0,0.4666666666666667
3851,discriminative-attribute-state,yes,0,1.0,1.0,1.0,1.0,1.0,1.0,0.4,0.4,1.0,1.0,0.675,1.0,0.675,0.5333333333333333
3853,discriminative-attribute-state,yes,1,0.9090909090909091,0.8181818181818182,0.09090909090909091,0.8181818181818182,0.2,0.6,0.2,0.6,0.47619047619047616,0.5416666666666666,0.5416666666666666,0.7666666666666667,0.7666666666666667,0.6444444444444445
3855,discriminative-attribute-state,yes,0,1.0,1.0,0.0,1.0,1.0,1.0,0.0,1.0,0.47619047619047616,1.0,0.5416666666666666,0.5416666666666666,1.0,0.4444444444444444
3857,discriminative-attribute-state,yes,1,0.18181818181818182,0.6727272727272727,1.0,1.0,0.2,0.6,1.0,1.0,0.4935064935064935,0.675,0.475,0.6,1.0,0.4666666666666667
3859,discriminative-attribute-state,yes,1,0.36363636363636365,0.4909090909090909,1.0,1.0,0.4,0.4,0.8,0.6,0.5454545454545454,0.5,0.4666666666666667,0.675,0.875,0.4666666666666667
3861,discriminative-attribute-state,yes,1,0.0,1.0,0.7272727272727273,0.5636363636363636,0.0,1.0,0.6,0.4,0.5151515151515151,1.0,0.675,0.4666666666666667,0.5416666666666666,0.5333333333333333
3863,discriminative-attribute-action,yes,1,0.2727272727272727,0.5636363636363636,1.0,1.0,0.0,1.0,1.0,1.0,0.5151515151515151,0.675,0.4666666666666667,0.5416666666666666,1.0,0.4444444444444444
3865,discriminative-attribute-number,yes,0,1.0,1.0,0.2727272727272727,0.5636363636363636,1.0,1.0,0.8,0.6,0.5151515151515151,1.0,0.875,0.4666666666666667,0.475,0.8
3867,discriminative-attribute-number,yes,0,1.0,1.0,0.5454545454545454,0.45454545454545453,1.0,1.0,0.8,0.6,0.6320346320346321,1.0,0.875,0.5416666666666666,0.5,0.8
3869,discriminative-attribute-state,yes,0,1.0,1.0,0.0,1.0,1.0,1.0,0.0,1.0,0.47619047619047616,1.0,0.5416666666666666,0.5416666666666666,1.0,0.4444444444444444
3871,discriminative-attribute-state,yes,1,0.6363636363636364,0.4909090909090909,0.0,1.0,0.8,0.6,0.2,0.6,0.5454545454545454,0.5416666666666666,0.4666666666666667,0.6,0.875,0.4444444444444444
3873,discriminative-attribute-state,yes,1,0.0,1.0,1.0,1.0,0.0,1.0,1.0,1.0,0.47619047619047616,1.0,0.5416666666666666,0.5416666666666666,1.0,0.4444444444444444
3875,discriminative-attribute-number,yes,1,0.0,1.0,0.8181818181818182,0.6727272727272727,0.0,1.0,0.6,0.4,0.4935064935064935,1.0,0.675,0.475,0.6,0.5333333333333333
3877,discriminative-attribute-state,yes,0,0.36363636363636365,0.4909090909090909,0.18181818181818182,0.6727272727272727,0.2,0.6,0.0,1.0,0.5844155844155844,0.5416666666666666,0.6,0.675,0.7666666666666667,0.8
3879,discriminative-attribute-state,yes,0,1.0,1.0,0.0,1.0,1.0,1.0,0.0,1.0,0.47619047619047616,1.0,0.5416666666666666,0.5416666666666666,1.0,0.4444444444444444
3881,discriminative-attribute-state,yes,1,0.0,1.0,1.0,1.0,0.0,1.0,0.8,0.6,0.47619047619047616,1.0,0.6,0.5416666666666666,0.875,0.4666666666666667
3883,discriminative-attribute-state,yes,1,1.0,1.0,0.9090909090909091,0.8181818181818182,0.4,0.4,1.0,1.0,0.9090909090909091,0.675,1.0,0.6,0.875,0.5333333333333333
3885,discriminative-attribute-state,yes,1,0.18181818181818182,0.6727272727272727,1.0,1.0,0.0,1.0,1.0,1.0,0.4935064935064935,0.7666666666666667,0.475,0.5416666666666666,1.0,0.4444444444444444
3887,discriminative-attribute-number,yes,0,1.0,1.0,0.45454545454545453,0.45454545454545453,1.0,1.0,0.0,1.0,0.5844155844155844,1.0,0.5416666666666666,0.5,0.5416666666666666,0.4444444444444444
3889,discriminative-attribute-action,yes,0,1.0,1.0,0.2727272727272727,0.5636363636363636,1.0,1.0,0.6,0.4,0.5151515151515151,1.0,0.7666666666666667,0.4666666666666667,0.5,0.6444444444444445
3893,discriminative-attribute-state,yes,0,0.8181818181818182,0.6727272727272727,0.09090909090909091,0.8181818181818182,1.0,1.0,0.0,1.0,0.4805194805194805,0.7666666666666667,0.475,0.5,0.875,0.4444444444444444
3895,discriminative-attribute-state,yes,1,1.0,1.0,0.2727272727272727,0.5636363636363636,0.6,0.4,0.6,0.4,0.5151515151515151,0.7666666666666667,0.7666666666666667,0.5,0.5,0.4666666666666667
3897,discriminative-attribute-number,yes,1,0.0,1.0,0.36363636363636365,0.4909090909090909,0.0,1.0,0.2,0.6,0.6883116883116883,1.0,0.875,0.6,0.5416666666666666,0.8
3899,discriminative-attribute-state,yes,1,0.09090909090909091,0.8181818181818182,1.0,1.0,0.2,0.6,0.8,0.6,0.4805194805194805,0.7666666666666667,0.5416666666666666,0.6,0.875,0.4444444444444444
3901,discriminative-attribute-state,yes,0,1.0,1.0,0.0,1.0,1.0,1.0,0.0,1.0,0.47619047619047616,1.0,0.5416666666666666,0.5416666666666666,1.0,0.4444444444444444
3903,discriminative-attribute-number,yes,0,1.0,1.0,0.09090909090909091,0.8181818181818182,1.0,1.0,0.0,1.0,0.4805194805194805,1.0,0.5416666666666666,0.5,0.875,0.4444444444444444
3905,discriminative-attribute-state,yes,0,1.0,1.0,0.0,1.0,1.0,1.0,0.0,1.0,0.47619047619047616,1.0,0.5416666666666666,0.5416666666666666,1.0,0.4444444444444444
3907,discriminative-attribute-action,yes,0,0.5454545454545454,0.45454545454545453,0.09090909090909091,0.8181818181818182,1.0,1.0,0.0,1.0,0.5454545454545454,0.5416666666666666,0.5,0.5,0.875,0.4444444444444444
3909,discriminative-attribute-state,yes,1,0.09090909090909091,0.8181818181818182,0.09090909090909091,0.8181818181818182,0.2,0.6,0.0,1.0,0.8268398268398268,0.7666666666666667,0.875,0.7666666666666667,0.875,0.8
3911,discriminative-attribute-state,yes,1,0.0,1.0,1.0,1.0,0.0,1.0,1.0,1.0,0.47619047619047616,1.0,0.5416666666666666,0.5416666666666666,1.0,0.4444444444444444
3913,discriminative-attribute-number,yes,0,1.0,1.0,0.0,1.0,1.0,1.0,0.0,1.0,0.47619047619047616,1.0,0.5416666666666666,0.5416666666666666,1.0,0.4444444444444444
3915,discriminative-attribute-state,yes,0,1.0,1.0,0.0,1.0,1.0,1.0,0.0,1.0,0.47619047619047616,1.0,0.5416666666666666,0.5416666666666666,1.0,0.4444444444444444
3917,discriminative-attribute-state,yes,0,1.0,1.0,0.0,1.0,1.0,1.0,0.0,1.0,0.47619047619047616,1.0,0.5416666666666666,0.5416666666666666,1.0,0.4444444444444444
3919,discriminative-attribute-state,yes,1,0.2727272727272727,0.5636363636363636,1.0,1.0,0.0,1.0,1.0,1.0,0.5151515151515151,0.675,0.4666666666666667,0.5416666666666666,1.0,0.4444444444444444
3921,discriminative-attribute-state,yes,0,1.0,1.0,0.0,1.0,1.0,1.0,0.0,1.0,0.47619047619047616,1.0,0.5416666666666666,0.5416666666666666,1.0,0.4444444444444444
3923,discriminative-attribute-number,yes,1,0.0,1.0,0.9090909090909091,0.8181818181818182,0.0,1.0,0.6,0.4,0.4805194805194805,1.0,0.675,0.5,0.675,0.5333333333333333
3925,discriminative-attribute-action,yes,0,1.0,1.0,0.0,1.0,1.0,1.0,0.0,1.0,0.47619047619047616,1.0,0.5416666666666666,0.5416666666666666,1.0,0.4444444444444444
3927,discriminative-attribute-number,yes,0,1.0,1.0,0.09090909090909091,0.8181818181818182,1.0,1.0,0.0,1.0,0.4805194805194805,1.0,0.5416666666666666,0.5,0.875,0.4444444444444444
3929,discriminative-attribute-state,yes,1,0.0,1.0,1.0,1.0,0.0,1.0,1.0,1.0,0.47619047619047616,1.0,0.5416666666666666,0.5416666666666666,1.0,0.4444444444444444
3931,discriminative-attribute-state,yes,0,1.0,1.0,1.0,1.0,1.0,1.0,0.6,0.4,1.0,1.0,0.7666666666666667,1.0,0.7666666666666667,0.6444444444444445
3933,discriminative-attribute-action,yes,0,1.0,1.0,0.0,1.0,1.0,1.0,0.0,1.0,0.47619047619047616,1.0,0.5416666666666666,0.5416666666666666,1.0,0.4444444444444444
3935,discriminative-attribute-state,yes,0,1.0,1.0,0.0,1.0,1.0,1.0,0.0,1.0,0.47619047619047616,1.0,0.5416666666666666,0.5416666666666666,1.0,0.4444444444444444
3937,discriminative-attribute-state,yes,0,1.0,1.0,0.0,1.0,1.0,1.0,0.0,1.0,0.47619047619047616,1.0,0.5416666666666666,0.5416666666666666,1.0,0.4444444444444444
3939,discriminative-attribute-state,yes,1,0.0,1.0,1.0,1.0,0.0,1.0,1.0,1.0,0.47619047619047616,1.0,0.5416666666666666,0.5416666666666666,1.0,0.4444444444444444
3941,discriminative-attribute-state,yes,0,1.0,1.0,1.0,1.0,1.0,1.0,0.4,0.4,1.0,1.0,0.675,1.0,0.675,0.5333333333333333
3943,discriminative-attribute-state,yes,1,1.0,1.0,0.8181818181818182,0.6727272727272727,0.8,0.6,0.6,0.4,0.8268398268398268,0.875,0.7666666666666667,0.675,0.6,0.5333333333333333
3945,discriminative-attribute-number,yes,1,1.0,1.0,0.0,1.0,0.2,0.6,0.2,0.6,0.47619047619047616,0.6,0.6,0.875,0.875,0.6444444444444445
3949,discriminative-attribute-number,yes,0,1.0,1.0,1.0,1.0,1.0,1.0,1.0,1.0,1.0,1.0,1.0,1.0,1.0,1.0
3951,discriminative-attribute-state,yes,1,1.0,1.0,1.0,1.0,0.2,0.6,1.0,1.0,1.0,0.6,1.0,0.6,1.0,0.4666666666666667
3955,discriminative-attribute-state,yes,0,1.0,1.0,0.0,1.0,1.0,1.0,0.0,1.0,0.47619047619047616,1.0,0.5416666666666666,0.5416666666666666,1.0,0.4444444444444444
3957,discriminative-attribute-state,yes,1,0.6363636363636364,0.4909090909090909,1.0,1.0,0.2,0.6,1.0,1.0,0.6883116883116883,0.4666666666666667,0.6,0.6,1.0,0.4666666666666667
3959,discriminative-attribute-number,yes,0,1.0,1.0,0.09090909090909091,0.8181818181818182,1.0,1.0,0.4,0.4,0.4805194805194805,1.0,0.675,0.5,0.675,0.5333333333333333
3961,discriminative-attribute-state,yes,1,0.0,1.0,1.0,1.0,0.0,1.0,1.0,1.0,0.47619047619047616,1.0,0.5416666666666666,0.5416666666666666,1.0,0.4444444444444444
3963,discriminative-attribute-state,yes,0,1.0,1.0,0.18181818181818182,0.6727272727272727,1.0,1.0,0.0,1.0,0.4935064935064935,1.0,0.5416666666666666,0.475,0.7666666666666667,0.4444444444444444
3965,discriminative-attribute-action,yes,0,1.0,1.0,0.0,1.0,1.0,1.0,0.0,1.0,0.47619047619047616,1.0,0.5416666666666666,0.5416666666666666,1.0,0.4444444444444444
3967,discriminative-attribute-number,yes,0,1.0,1.0,0.5454545454545454,0.45454545454545453,1.0,1.0,0.6,0.4,0.6320346320346321,1.0,0.7666666666666667,0.5416666666666666,0.475,0.6444444444444445
3969,discriminative-attribute-state,yes,0,1.0,1.0,0.09090909090909091,0.8181818181818182,1.0,1.0,0.2,0.6,0.4805194805194805,1.0,0.6,0.5,0.7666666666666667,0.4666666666666667
3971,discriminative-attribute-action,yes,0,0.8181818181818182,0.6727272727272727,0.0,1.0,1.0,1.0,0.0,1.0,0.4935064935064935,0.7666666666666667,0.475,0.5416666666666666,1.0,0.4444444444444444
3973,discriminative-attribute-number,yes,0,1.0,1.0,0.0,1.0,1.0,1.0,0.0,1.0,0.47619047619047616,1.0,0.5416666666666666,0.5416666666666666,1.0,0.4444444444444444
3975,discriminative-attribute-number,yes,0,1.0,1.0,0.09090909090909091,0.8181818181818182,1.0,1.0,0.0,1.0,0.4805194805194805,1.0,0.5416666666666666,0.5,0.875,0.4444444444444444
3977,discriminative-attribute-state,yes,1,0.09090909090909091,0.8181818181818182,1.0,1.0,0.0,1.0,1.0,1.0,0.4805194805194805,0.875,0.5,0.5416666666666666,1.0,0.4444444444444444
3979,discriminative-attribute-action,yes,0,1.0,1.0,0.0,1.0,1.0,1.0,0.0,1.0,0.47619047619047616,1.0,0.5416666666666666,0.5416666666666666,1.0,0.4444444444444444
3981,discriminative-attribute-state,yes,0,1.0,1.0,0.0,1.0,1.0,1.0,0.0,1.0,0.47619047619047616,1.0,0.5416666666666666,0.5416666666666666,1.0,0.4444444444444444
3983,discriminative-attribute-state,yes,1,0.0,1.0,0.0,1.0,0.4,0.4,0.4,0.4,1.0,0.7666666666666667,0.7666666666666667,0.7666666666666667,0.7666666666666667,0.4666666666666667
3985,discriminative-attribute-state,yes,1,0.0,1.0,1.0,1.0,0.0,1.0,1.0,1.0,0.47619047619047616,1.0,0.5416666666666666,0.5416666666666666,1.0,0.4444444444444444
3987,discriminative-attribute-number,yes,0,1.0,1.0,0.2727272727272727,0.5636363636363636,1.0,1.0,0.2,0.6,0.5151515151515151,1.0,0.6,0.4666666666666667,0.6,0.4666666666666667
3989,discriminative-attribute-state,yes,0,0.45454545454545453,0.45454545454545453,0.36363636363636365,0.4909090909090909,1.0,1.0,0.0,1.0,0.4935064935064935,0.5,0.5416666666666666,0.475,0.6,0.4444444444444444
3991,discriminative-attribute-state,yes,1,0.8181818181818182,0.6727272727272727,1.0,1.0,0.0,1.0,0.8,0.6,0.8268398268398268,0.475,0.675,0.5416666666666666,0.875,0.4666666666666667
3993,discriminative-attribute-number,yes,0,1.0,1.0,0.2727272727272727,0.5636363636363636,1.0,1.0,0.2,0.6,0.5151515151515151,1.0,0.6,0.4666666666666667,0.6,0.4666666666666667
3995,discriminative-attribute-state,yes,0,1.0,1.0,0.0,1.0,1.0,1.0,0.0,1.0,0.47619047619047616,1.0,0.5416666666666666,0.5416666666666666,1.0,0.4444444444444444
3997,discriminative-attribute-action,yes,0,1.0,1.0,0.09090909090909091,0.8181818181818182,1.0,1.0,0.2,0.6,0.4805194805194805,1.0,0.6,0.5,0.7666666666666667,0.4666666666666667
3999,discriminative-attribute-state,yes,1,1.0,1.0,1.0,1.0,0.6,0.4,1.0,1.0,1.0,0.7666666666666667,1.0,0.7666666666666667,1.0,0.6444444444444445
4001,discriminative-attribute-state,yes,0,1.0,1.0,0.18181818181818182,0.6727272727272727,1.0,1.0,0.0,1.0,0.4935064935064935,1.0,0.5416666666666666,0.475,0.7666666666666667,0.4444444444444444
4003,discriminative-attribute-number,yes,0,1.0,1.0,1.0,1.0,1.0,1.0,1.0,1.0,1.0,1.0,1.0,1.0,1.0,1.0
4005,discriminative-attribute-state,yes,0,1.0,1.0,0.0,1.0,1.0,1.0,0.0,1.0,0.47619047619047616,1.0,0.5416666666666666,0.5416666666666666,1.0,0.4444444444444444
4007,discriminative-attribute-state,yes,0,0.6363636363636364,0.4909090909090909,0.0,1.0,0.6,0.4,0.0,1.0,0.5454545454545454,0.5,0.475,0.675,1.0,0.5333333333333333
4009,discriminative-attribute-state,yes,0,1.0,1.0,0.0,1.0,1.0,1.0,0.4,0.4,0.47619047619047616,1.0,0.675,0.5416666666666666,0.7666666666666667,0.5333333333333333
4011,discriminative-attribute-number,yes,0,1.0,1.0,0.45454545454545453,0.45454545454545453,1.0,1.0,0.4,0.4,0.5844155844155844,1.0,0.675,0.5,0.475,0.5333333333333333
4013,discriminative-attribute-state,yes,0,1.0,1.0,0.0,1.0,1.0,1.0,0.0,1.0,0.47619047619047616,1.0,0.5416666666666666,0.5416666666666666,1.0,0.4444444444444444
4015,discriminative-attribute-number,yes,0,1.0,1.0,0.36363636363636365,0.4909090909090909,1.0,1.0,0.4,0.4,0.5454545454545454,1.0,0.675,0.475,0.5,0.5333333333333333
4017,discriminative-attribute-number,yes,0,1.0,1.0,0.36363636363636365,0.4909090909090909,1.0,1.0,0.0,1.0,0.5454545454545454,1.0,0.5416666666666666,0.475,0.6,0.4444444444444444
4019,discriminative-attribute-action,yes,0,1.0,1.0,0.7272727272727273,0.5636363636363636,1.0,1.0,0.6,0.4,0.7532467532467533,1.0,0.7666666666666667,0.675,0.5416666666666666,0.6444444444444445
4021,discriminative-attribute-state,yes,0,1.0,1.0,0.0,1.0,1.0,1.0,0.0,1.0,0.47619047619047616,1.0,0.5416666666666666,0.5416666666666666,1.0,0.4444444444444444
4023,discriminative-attribute-state,yes,1,0.09090909090909091,0.8181818181818182,1.0,1.0,0.4,0.4,1.0,1.0,0.4805194805194805,0.675,0.5,0.675,1.0,0.5333333333333333
4025,discriminative-attribute-number,yes,0,1.0,1.0,0.18181818181818182,0.6727272727272727,0.8,0.6,0.2,0.6,0.4935064935064935,0.875,0.6,0.5,0.675,0.4444444444444444
4027,discriminative-attribute-state,yes,0,1.0,1.0,0.0,1.0,1.0,1.0,0.0,1.0,0.47619047619047616,1.0,0.5416666666666666,0.5416666666666666,1.0,0.4444444444444444
4029,discriminative-attribute-number,yes,0,0.9090909090909091,0.8181818181818182,0.18181818181818182,0.6727272727272727,0.8,0.6,0.2,0.6,0.4805194805194805,0.7666666666666667,0.5416666666666666,0.5,0.675,0.4444444444444444
4031,discriminative-attribute-state,yes,0,0.9090909090909091,0.8181818181818182,0.18181818181818182,0.6727272727272727,1.0,1.0,0.2,0.6,0.4805194805194805,0.875,0.5416666666666666,0.475,0.675,0.4666666666666667
4035,discriminative-attribute-action,yes,0,1.0,1.0,1.0,1.0,1.0,1.0,0.6,0.4,1.0,1.0,0.7666666666666667,1.0,0.7666666666666667,0.6444444444444445
4037,discriminative-attribute-action,yes,1,0.0,1.0,0.9090909090909091,0.8181818181818182,0.0,1.0,0.6,0.4,0.4805194805194805,1.0,0.675,0.5,0.675,0.5333333333333333
4039,discriminative-attribute-state,yes,1,0.09090909090909091,0.8181818181818182,0.5454545454545454,0.45454545454545453,0.0,1.0,0.4,0.4,0.5454545454545454,0.875,0.675,0.5,0.4666666666666667,0.6444444444444445
4041,discriminative-attribute-state,yes,0,0.7272727272727273,0.5636363636363636,0.0,1.0,1.0,1.0,0.0,1.0,0.5151515151515151,0.675,0.4666666666666667,0.5416666666666666,1.0,0.4444444444444444
4043,discriminative-attribute-state,yes,0,1.0,1.0,0.09090909090909091,0.8181818181818182,1.0,1.0,0.2,0.6,0.4805194805194805,1.0,0.6,0.5,0.7666666666666667,0.4666666666666667
4045,discriminative-attribute-state,yes,0,0.9090909090909091,0.8181818181818182,0.09090909090909091,0.8181818181818182,0.6,0.4,0.0,1.0,0.47619047619047616,0.675,0.5,0.6,0.875,0.5333333333333333
4049,discriminative-attribute-number,yes,1,0.0,1.0,0.09090909090909091,0.8181818181818182,0.0,1.0,0.2,0.6,0.9090909090909091,1.0,0.875,0.875,0.7666666666666667,0.8
4051,discriminative-attribute-state,yes,0,1.0,1.0,0.2727272727272727,0.5636363636363636,1.0,1.0,0.8,0.6,0.5151515151515151,1.0,0.875,0.4666666666666667,0.475,0.8
4053,discriminative-attribute-state,yes,0,0.7272727272727273,0.5636363636363636,0.0,1.0,0.6,0.4,0.0,1.0,0.5151515151515151,0.5416666666666666,0.4666666666666667,0.675,1.0,0.5333333333333333
4055,discriminative-attribute-action,yes,0,1.0,1.0,0.0,1.0,1.0,1.0,0.0,1.0,0.47619047619047616,1.0,0.5416666666666666,0.5416666666666666,1.0,0.4444444444444444
4057,discriminative-attribute-number,yes,0,1.0,1.0,1.0,1.0,1.0,1.0,0.6,0.4,1.0,1.0,0.7666666666666667,1.0,0.7666666666666667,0.6444444444444445
4059,discriminative-attribute-action,yes,0,0.8181818181818182,0.6727272727272727,0.9090909090909091,0.8181818181818182,1.0,1.0,0.6,0.4,0.7532467532467533,0.7666666666666667,0.6,0.875,0.675,0.6444444444444445
4061,discriminative-attribute-state,yes,1,0.9090909090909091,0.8181818181818182,0.9090909090909091,0.8181818181818182,0.2,0.6,1.0,1.0,0.8268398268398268,0.5416666666666666,0.875,0.5416666666666666,0.875,0.4666666666666667
4063,discriminative-attribute-state,yes,1,0.9090909090909091,0.8181818181818182,1.0,1.0,0.6,0.4,1.0,1.0,0.9090909090909091,0.675,0.875,0.7666666666666667,1.0,0.6444444444444445
4065,discriminative-attribute-state,yes,0,0.45454545454545453,0.45454545454545453,0.6363636363636364,0.4909090909090909,0.4,0.4,0.2,0.6,0.4805194805194805,0.475,0.5,0.475,0.4666666666666667,0.5333333333333333
4067,discriminative-attribute-number,yes,0,1.0,1.0,1.0,1.0,1.0,1.0,0.6,0.4,1.0,1.0,0.7666666666666667,1.0,0.7666666666666667,0.6444444444444445
4069,discriminative-attribute-state,yes,1,0.0,1.0,0.45454545454545453,0.45454545454545453,0.0,1.0,0.8,0.6,0.6320346320346321,1.0,0.6,0.5416666666666666,0.475,0.4666666666666667
4071,discriminative-attribute-state,yes,1,0.09090909090909091,0.8181818181818182,1.0,1.0,0.0,1.0,1.0,1.0,0.4805194805194805,0.875,0.5,0.5416666666666666,1.0,0.4444444444444444
4073,discriminative-attribute-state,yes,0,1.0,1.0,0.0,1.0,1.0,1.0,0.0,1.0,0.47619047619047616,1.0,0.5416666666666666,0.5416666666666666,1.0,0.4444444444444444
4075,discriminative-attribute-number,yes,0,1.0,1.0,1.0,1.0,1.0,1.0,0.4,0.4,1.0,1.0,0.675,1.0,0.675,0.5333333333333333
4077,discriminative-attribute-state,yes,1,0.0,1.0,1.0,1.0,0.0,1.0,1.0,1.0,0.47619047619047616,1.0,0.5416666666666666,0.5416666666666666,1.0,0.4444444444444444
4079,discriminative-attribute-number,yes,0,1.0,1.0,0.9090909090909091,0.8181818181818182,1.0,1.0,0.8,0.6,0.9090909090909091,1.0,0.875,0.875,0.7666666666666667,0.8
4081,discriminative-attribute-number,yes,1,0.09090909090909091,0.8181818181818182,0.0,1.0,0.0,1.0,0.8,0.6,0.9090909090909091,0.875,0.5416666666666666,1.0,0.6,0.4666666666666667
4083,discriminative-attribute-state,yes,0,0.8181818181818182,0.6727272727272727,0.0,1.0,1.0,1.0,0.0,1.0,0.4935064935064935,0.7666666666666667,0.475,0.5416666666666666,1.0,0.4444444444444444
4085,discriminative-attribute-number,yes,0,1.0,1.0,0.36363636363636365,0.4909090909090909,1.0,1.0,0.2,0.6,0.5454545454545454,1.0,0.6,0.475,0.5416666666666666,0.4666666666666667
4087,discriminative-attribute-state,yes,1,0.0,1.0,1.0,1.0,0.0,1.0,1.0,1.0,0.47619047619047616,1.0,0.5416666666666666,0.5416666666666666,1.0,0.4444444444444444
4089,discriminative-attribute-state,yes,0,1.0,1.0,0.0,1.0,1.0,1.0,0.0,1.0,0.47619047619047616,1.0,0.5416666666666666,0.5416666666666666,1.0,0.4444444444444444
4091,discriminative-attribute-state,yes,0,0.9090909090909091,0.8181818181818182,0.18181818181818182,0.6727272727272727,1.0,1.0,0.0,1.0,0.4805194805194805,0.875,0.5,0.475,0.7666666666666667,0.4444444444444444
4093,discriminative-attribute-number,yes,0,1.0,1.0,0.36363636363636365,0.4909090909090909,1.0,1.0,0.4,0.4,0.5454545454545454,1.0,0.675,0.475,0.5,0.5333333333333333
4095,discriminative-attribute-state,yes,0,1.0,1.0,0.0,1.0,1.0,1.0,0.2,0.6,0.47619047619047616,1.0,0.6,0.5416666666666666,0.875,0.4666666666666667
4097,discriminative-attribute-state,yes,0,1.0,1.0,0.0,1.0,1.0,1.0,0.0,1.0,0.47619047619047616,1.0,0.5416666666666666,0.5416666666666666,1.0,0.4444444444444444
4099,discriminative-attribute-state,yes,0,1.0,1.0,0.0,1.0,1.0,1.0,0.0,1.0,0.47619047619047616,1.0,0.5416666666666666,0.5416666666666666,1.0,0.4444444444444444
4101,discriminative-attribute-action,yes,0,1.0,1.0,0.0,1.0,1.0,1.0,0.0,1.0,0.47619047619047616,1.0,0.5416666666666666,0.5416666666666666,1.0,0.4444444444444444
4103,discriminative-attribute-number,yes,1,0.09090909090909091,0.8181818181818182,0.0,1.0,0.0,1.0,0.4,0.4,0.9090909090909091,0.875,0.675,1.0,0.7666666666666667,0.6444444444444445
4105,discriminative-attribute-number,yes,0,0.7272727272727273,0.5636363636363636,0.18181818181818182,0.6727272727272727,1.0,1.0,0.0,1.0,0.4805194805194805,0.675,0.4666666666666667,0.475,0.7666666666666667,0.4444444444444444
4107,discriminative-attribute-state,yes,0,1.0,1.0,0.0,1.0,1.0,1.0,0.0,1.0,0.47619047619047616,1.0,0.5416666666666666,0.5416666666666666,1.0,0.4444444444444444
4109,discriminative-attribute-state,yes,0,1.0,1.0,0.09090909090909091,0.8181818181818182,1.0,1.0,0.0,1.0,0.4805194805194805,1.0,0.5416666666666666,0.5,0.875,0.4444444444444444
4111,discriminative-attribute-number,yes,0,1.0,1.0,0.5454545454545454,0.45454545454545453,1.0,1.0,0.8,0.6,0.6320346320346321,1.0,0.875,0.5416666666666666,0.5,0.8
4113,discriminative-attribute-action,yes,0,1.0,1.0,1.0,1.0,1.0,1.0,0.6,0.4,1.0,1.0,0.7666666666666667,1.0,0.7666666666666667,0.6444444444444445
4115,discriminative-attribute-number,yes,0,0.9090909090909091,0.8181818181818182,0.6363636363636364,0.4909090909090909,1.0,1.0,0.4,0.4,0.6320346320346321,0.875,0.6,0.6,0.475,0.5333333333333333
4117,discriminative-attribute-state,yes,0,0.7272727272727273,0.5636363636363636,0.0,1.0,1.0,1.0,0.0,1.0,0.5151515151515151,0.675,0.4666666666666667,0.5416666666666666,1.0,0.4444444444444444
4119,discriminative-attribute-state,yes,1,0.5454545454545454,0.45454545454545453,1.0,1.0,0.0,1.0,1.0,1.0,0.6320346320346321,0.5,0.5416666666666666,0.5416666666666666,1.0,0.4444444444444444
4121,discriminative-attribute-state,yes,1,0.36363636363636365,0.4909090909090909,0.9090909090909091,0.8181818181818182,0.6,0.4,1.0,1.0,0.5151515151515151,0.475,0.475,0.675,0.875,0.6444444444444445
4123,discriminative-attribute-state,yes,1,0.6363636363636364,0.4909090909090909,1.0,1.0,0.2,0.6,1.0,1.0,0.6883116883116883,0.4666666666666667,0.6,0.6,1.0,0.4666666666666667
4125,discriminative-attribute-state,yes,1,0.0,1.0,1.0,1.0,0.0,1.0,1.0,1.0,0.47619047619047616,1.0,0.5416666666666666,0.5416666666666666,1.0,0.4444444444444444
4127,discriminative-attribute-action,yes,0,1.0,1.0,0.0,1.0,1.0,1.0,0.2,0.6,0.47619047619047616,1.0,0.6,0.5416666666666666,0.875,0.4666666666666667
4129,discriminative-attribute-number,yes,0,1.0,1.0,0.09090909090909091,0.8181818181818182,1.0,1.0,0.4,0.4,0.4805194805194805,1.0,0.675,0.5,0.675,0.5333333333333333
4131,discriminative-attribute-state,yes,0,1.0,1.0,0.0,1.0,1.0,1.0,0.2,0.6,0.47619047619047616,1.0,0.6,0.5416666666666666,0.875,0.4666666666666667
4133,discriminative-attribute-number,yes,0,1.0,1.0,0.09090909090909091,0.8181818181818182,1.0,1.0,0.2,0.6,0.4805194805194805,1.0,0.6,0.5,0.7666666666666667,0.4666666666666667
4135,discriminative-attribute-state,yes,0,1.0,1.0,0.0,1.0,1.0,1.0,0.0,1.0,0.47619047619047616,1.0,0.5416666666666666,0.5416666666666666,1.0,0.4444444444444444
4137,discriminative-attribute-number,yes,0,1.0,1.0,0.18181818181818182,0.6727272727272727,1.0,1.0,0.4,0.4,0.4935064935064935,1.0,0.675,0.475,0.6,0.5333333333333333
4139,discriminative-attribute-number,yes,1,0.0,1.0,0.0,1.0,0.0,1.0,0.6,0.4,1.0,1.0,0.675,1.0,0.675,0.5333333333333333
4141,discriminative-attribute-state,yes,1,0.0,1.0,1.0,1.0,0.0,1.0,1.0,1.0,0.47619047619047616,1.0,0.5416666666666666,0.5416666666666666,1.0,0.4444444444444444
4143,discriminative-attribute-state,yes,0,1.0,1.0,0.0,1.0,0.6,0.4,0.2,0.6,0.47619047619047616,0.7666666666666667,0.6,0.675,0.875,0.4666666666666667
4145,discriminative-attribute-number,yes,0,1.0,1.0,1.0,1.0,1.0,1.0,0.6,0.4,1.0,1.0,0.7666666666666667,1.0,0.7666666666666667,0.6444444444444445
4147,discriminative-attribute-number,yes,0,1.0,1.0,0.5454545454545454,0.45454545454545453,1.0,1.0,0.8,0.6,0.6320346320346321,1.0,0.875,0.5416666666666666,0.5,0.8
4149,discriminative-attribute-state,yes,0,1.0,1.0,0.0,1.0,1.0,1.0,0.0,1.0,0.47619047619047616,1.0,0.5416666666666666,0.5416666666666666,1.0,0.4444444444444444
4151,discriminative-attribute-number,yes,0,1.0,1.0,0.0,1.0,1.0,1.0,0.0,1.0,0.47619047619047616,1.0,0.5416666666666666,0.5416666666666666,1.0,0.4444444444444444
4153,discriminative-attribute-state,yes,1,0.0,1.0,0.0,1.0,0.0,1.0,0.6,0.4,1.0,1.0,0.675,1.0,0.675,0.5333333333333333
4155,discriminative-attribute-state,yes,0,1.0,1.0,0.0,1.0,1.0,1.0,0.0,1.0,0.47619047619047616,1.0,0.5416666666666666,0.5416666666666666,1.0,0.4444444444444444
4157,discriminative-attribute-state,yes,0,0.9090909090909091,0.8181818181818182,0.0,1.0,1.0,1.0,0.0,1.0,0.4805194805194805,0.875,0.5,0.5416666666666666,1.0,0.4444444444444444
4159,discriminative-attribute-action,yes,0,1.0,1.0,1.0,1.0,1.0,1.0,0.4,0.4,1.0,1.0,0.675,1.0,0.675,0.5333333333333333
4161,discriminative-attribute-state,yes,1,0.09090909090909091,0.8181818181818182,0.6363636363636364,0.4909090909090909,0.0,1.0,0.8,0.6,0.5151515151515151,0.875,0.5416666666666666,0.475,0.5416666666666666,0.4666666666666667
4163,discriminative-attribute-state,yes,0,1.0,1.0,0.0,1.0,1.0,1.0,0.0,1.0,0.47619047619047616,1.0,0.5416666666666666,0.5416666666666666,1.0,0.4444444444444444
4165,discriminative-attribute-state,yes,0,1.0,1.0,0.0,1.0,1.0,1.0,0.2,0.6,0.47619047619047616,1.0,0.6,0.5416666666666666,0.875,0.4666666666666667
4167,discriminative-attribute-number,yes,0,1.0,1.0,0.09090909090909091,0.8181818181818182,1.0,1.0,0.4,0.4,0.4805194805194805,1.0,0.675,0.5,0.675,0.5333333333333333
4169,discriminative-attribute-state,yes,0,1.0,1.0,0.0,1.0,1.0,1.0,0.2,0.6,0.47619047619047616,1.0,0.6,0.5416666666666666,0.875,0.4666666666666667
4171,discriminative-attribute-state,yes,0,1.0,1.0,0.0,1.0,1.0,1.0,0.0,1.0,0.47619047619047616,1.0,0.5416666666666666,0.5416666666666666,1.0,0.4444444444444444
4173,discriminative-attribute-number,yes,0,1.0,1.0,0.0,1.0,1.0,1.0,0.0,1.0,0.47619047619047616,1.0,0.5416666666666666,0.5416666666666666,1.0,0.4444444444444444
4175,discriminative-attribute-number,yes,0,1.0,1.0,0.09090909090909091,0.8181818181818182,1.0,1.0,0.0,1.0,0.4805194805194805,1.0,0.5416666666666666,0.5,0.875,0.4444444444444444
4177,discriminative-attribute-number,yes,0,0.45454545454545453,0.45454545454545453,1.0,1.0,0.8,0.6,0.4,0.4,0.5844155844155844,0.475,0.475,0.875,0.675,0.4666666666666667
4179,discriminative-attribute-number,yes,0,1.0,1.0,0.2727272727272727,0.5636363636363636,1.0,1.0,0.2,0.6,0.5151515151515151,1.0,0.6,0.4666666666666667,0.6,0.4666666666666667
4181,discriminative-attribute-action,yes,0,1.0,1.0,0.0,1.0,1.0,1.0,0.0,1.0,0.47619047619047616,1.0,0.5416666666666666,0.5416666666666666,1.0,0.4444444444444444
4183,discriminative-attribute-number,yes,0,1.0,1.0,0.18181818181818182,0.6727272727272727,1.0,1.0,0.4,0.4,0.4935064935064935,1.0,0.675,0.475,0.6,0.5333333333333333
4185,discriminative-attribute-state,yes,0,1.0,1.0,0.0,1.0,1.0,1.0,0.0,1.0,0.47619047619047616,1.0,0.5416666666666666,0.5416666666666666,1.0,0.4444444444444444
4187,discriminative-attribute-state,yes,1,1.0,1.0,1.0,1.0,0.6,0.4,1.0,1.0,1.0,0.7666666666666667,1.0,0.7666666666666667,1.0,0.6444444444444445
4189,discriminative-attribute-state,yes,0,1.0,1.0,0.09090909090909091,0.8181818181818182,1.0,1.0,0.4,0.4,0.4805194805194805,1.0,0.675,0.5,0.675,0.5333333333333333
4191,discriminative-attribute-state,yes,0,1.0,1.0,0.0,1.0,1.0,1.0,0.0,1.0,0.47619047619047616,1.0,0.5416666666666666,0.5416666666666666,1.0,0.4444444444444444
4193,discriminative-attribute-state,yes,0,0.5454545454545454,0.45454545454545453,0.0,1.0,1.0,1.0,0.0,1.0,0.5844155844155844,0.5416666666666666,0.5,0.5416666666666666,1.0,0.4444444444444444
4195,discriminative-attribute-state,yes,0,1.0,1.0,0.09090909090909091,0.8181818181818182,1.0,1.0,0.2,0.6,0.4805194805194805,1.0,0.6,0.5,0.7666666666666667,0.4666666666666667
4197,discriminative-attribute-number,yes,1,0.0,1.0,0.8181818181818182,0.6727272727272727,0.0,1.0,0.8,0.6,0.4935064935064935,1.0,0.6,0.475,0.675,0.4666666666666667
4199,discriminative-attribute-state,yes,1,0.0,1.0,1.0,1.0,0.0,1.0,1.0,1.0,0.47619047619047616,1.0,0.5416666666666666,0.5416666666666666,1.0,0.4444444444444444
4201,discriminative-attribute-action,yes,1,1.0,1.0,1.0,1.0,0.6,0.4,1.0,1.0,1.0,0.7666666666666667,1.0,0.7666666666666667,1.0,0.6444444444444445
4203,discriminative-attribute-state,yes,0,1.0,1.0,0.0,1.0,1.0,1.0,0.0,1.0,0.47619047619047616,1.0,0.5416666666666666,0.5416666666666666,1.0,0.4444444444444444
4205,discriminative-attribute-action,yes,1,0.9090909090909091,0.8181818181818182,0.7272727272727273,0.5636363636363636,0.2,0.6,0.8,0.6,0.6883116883116883,0.5416666666666666,0.7666666666666667,0.475,0.6,0.4444444444444444
4207,discriminative-attribute-number,yes,0,0.9090909090909091,0.8181818181818182,0.6363636363636364,0.4909090909090909,1.0,1.0,0.4,0.4,0.6320346320346321,0.875,0.6,0.6,0.475,0.5333333333333333
4209,discriminative-attribute-state,yes,1,0.0,1.0,0.8181818181818182,0.6727272727272727,0.0,1.0,0.8,0.6,0.4935064935064935,1.0,0.6,0.475,0.675,0.4666666666666667
4211,discriminative-attribute-state,yes,1,0.2727272727272727,0.5636363636363636,1.0,1.0,0.2,0.6,1.0,1.0,0.5151515151515151,0.6,0.4666666666666667,0.6,1.0,0.4666666666666667
4213,discriminative-attribute-state,yes,1,0.18181818181818182,0.6727272727272727,1.0,1.0,0.0,1.0,1.0,1.0,0.4935064935064935,0.7666666666666667,0.475,0.5416666666666666,1.0,0.4444444444444444
4215,discriminative-attribute-state,yes,0,1.0,1.0,0.09090909090909091,0.8181818181818182,1.0,1.0,0.0,1.0,0.4805194805194805,1.0,0.5416666666666666,0.5,0.875,0.4444444444444444
4217,discriminative-attribute-state,yes,0,1.0,1.0,0.0,1.0,1.0,1.0,0.0,1.0,0.47619047619047616,1.0,0.5416666666666666,0.5416666666666666,1.0,0.4444444444444444
4219,discriminative-attribute-state,yes,0,0.9090909090909091,0.8181818181818182,0.18181818181818182,0.6727272727272727,1.0,1.0,0.0,1.0,0.4805194805194805,0.875,0.5,0.475,0.7666666666666667,0.4444444444444444
4221,discriminative-attribute-state,yes,1,0.0,1.0,1.0,1.0,0.0,1.0,1.0,1.0,0.47619047619047616,1.0,0.5416666666666666,0.5416666666666666,1.0,0.4444444444444444
4223,discriminative-attribute-number,yes,0,1.0,1.0,0.7272727272727273,0.5636363636363636,1.0,1.0,0.4,0.4,0.7532467532467533,1.0,0.675,0.675,0.5,0.5333333333333333
4225,discriminative-attribute-state,yes,0,1.0,1.0,0.09090909090909091,0.8181818181818182,1.0,1.0,0.0,1.0,0.4805194805194805,1.0,0.5416666666666666,0.5,0.875,0.4444444444444444
4227,discriminative-attribute-action,yes,0,1.0,1.0,0.9090909090909091,0.8181818181818182,1.0,1.0,0.8,0.6,0.9090909090909091,1.0,0.875,0.875,0.7666666666666667,0.8
4229,discriminative-attribute-number,yes,0,1.0,1.0,1.0,1.0,1.0,1.0,1.0,1.0,1.0,1.0,1.0,1.0,1.0,1.0
4231,discriminative-attribute-state,yes,0,0.9090909090909091,0.8181818181818182,0.09090909090909091,0.8181818181818182,1.0,1.0,0.0,1.0,0.47619047619047616,0.875,0.5,0.5,0.875,0.4444444444444444
4233,discriminative-attribute-action,yes,0,1.0,1.0,0.2727272727272727,0.5636363636363636,1.0,1.0,0.0,1.0,0.5151515151515151,1.0,0.5416666666666666,0.4666666666666667,0.675,0.4444444444444444
4235,discriminative-attribute-number,yes,0,1.0,1.0,0.5454545454545454,0.45454545454545453,1.0,1.0,0.2,0.6,0.6320346320346321,1.0,0.6,0.5416666666666666,0.475,0.4666666666666667
4237,discriminative-attribute-state,yes,1,0.0,1.0,1.0,1.0,0.0,1.0,0.8,0.6,0.47619047619047616,1.0,0.6,0.5416666666666666,0.875,0.4666666666666667
4239,discriminative-attribute-state,yes,0,1.0,1.0,0.36363636363636365,0.4909090909090909,1.0,1.0,0.0,1.0,0.5454545454545454,1.0,0.5416666666666666,0.475,0.6,0.4444444444444444
4241,discriminative-attribute-state,yes,0,1.0,1.0,0.0,1.0,1.0,1.0,0.2,0.6,0.47619047619047616,1.0,0.6,0.5416666666666666,0.875,0.4666666666666667
4243,discriminative-attribute-action,yes,0,1.0,1.0,0.18181818181818182,0.6727272727272727,1.0,1.0,0.2,0.6,0.4935064935064935,1.0,0.6,0.475,0.675,0.4666666666666667
4245,discriminative-attribute-number,yes,0,0.9090909090909091,0.8181818181818182,0.5454545454545454,0.45454545454545453,1.0,1.0,0.4,0.4,0.5844155844155844,0.875,0.6,0.5416666666666666,0.4666666666666667,0.5333333333333333
4247,discriminative-attribute-state,yes,1,0.45454545454545453,0.45454545454545453,0.9090909090909091,0.8181818181818182,0.0,1.0,0.8,0.6,0.5454545454545454,0.5416666666666666,0.475,0.5,0.7666666666666667,0.4666666666666667
4249,discriminative-attribute-action,yes,0,1.0,1.0,0.09090909090909091,0.8181818181818182,1.0,1.0,0.0,1.0,0.4805194805194805,1.0,0.5416666666666666,0.5,0.875,0.4444444444444444
4251,discriminative-attribute-state,yes,0,1.0,1.0,0.0,1.0,1.0,1.0,0.0,1.0,0.47619047619047616,1.0,0.5416666666666666,0.5416666666666666,1.0,0.4444444444444444
4253,discriminative-attribute-number,yes,0,1.0,1.0,0.09090909090909091,0.8181818181818182,1.0,1.0,0.0,1.0,0.4805194805194805,1.0,0.5416666666666666,0.5,0.875,0.4444444444444444
4255,discriminative-attribute-state,yes,0,0.7272727272727273,0.5636363636363636,0.0,1.0,1.0,1.0,0.0,1.0,0.5151515151515151,0.675,0.4666666666666667,0.5416666666666666,1.0,0.4444444444444444
4257,discriminative-attribute-state,yes,0,1.0,1.0,0.0,1.0,1.0,1.0,0.0,1.0,0.47619047619047616,1.0,0.5416666666666666,0.5416666666666666,1.0,0.4444444444444444
4259,discriminative-attribute-state,yes,0,1.0,1.0,0.0,1.0,1.0,1.0,0.0,1.0,0.47619047619047616,1.0,0.5416666666666666,0.5416666666666666,1.0,0.4444444444444444
4261,discriminative-attribute-state,yes,0,1.0,1.0,0.36363636363636365,0.4909090909090909,1.0,1.0,0.0,1.0,0.5454545454545454,1.0,0.5416666666666666,0.475,0.6,0.4444444444444444
4263,discriminative-attribute-state,yes,1,0.5454545454545454,0.45454545454545453,1.0,1.0,0.0,1.0,1.0,1.0,0.6320346320346321,0.5,0.5416666666666666,0.5416666666666666,1.0,0.4444444444444444
4265,discriminative-attribute-state,yes,1,0.0,1.0,1.0,1.0,0.0,1.0,1.0,1.0,0.47619047619047616,1.0,0.5416666666666666,0.5416666666666666,1.0,0.4444444444444444
4267,discriminative-attribute-action,yes,0,1.0,1.0,0.09090909090909091,0.8181818181818182,1.0,1.0,0.0,1.0,0.4805194805194805,1.0,0.5416666666666666,0.5,0.875,0.4444444444444444
4269,discriminative-attribute-state,yes,0,1.0,1.0,0.0,1.0,1.0,1.0,0.0,1.0,0.47619047619047616,1.0,0.5416666666666666,0.5416666666666666,1.0,0.4444444444444444
4271,discriminative-attribute-state,yes,0,0.9090909090909091,0.8181818181818182,0.36363636363636365,0.4909090909090909,0.6,0.4,0.4,0.4,0.5151515151515151,0.675,0.6,0.475,0.5,0.4444444444444444
4273,discriminative-attribute-state,yes,1,1.0,1.0,1.0,1.0,0.6,0.4,1.0,1.0,1.0,0.7666666666666667,1.0,0.7666666666666667,1.0,0.6444444444444445
4275,discriminative-attribute-state,yes,1,0.6363636363636364,0.4909090909090909,0.6363636363636364,0.4909090909090909,0.2,0.6,0.8,0.6,0.5151515151515151,0.4666666666666667,0.5416666666666666,0.4666666666666667,0.5416666666666666,0.4444444444444444
4277,discriminative-attribute-number,yes,0,1.0,1.0,1.0,1.0,1.0,1.0,0.6,0.4,1.0,1.0,0.7666666666666667,1.0,0.7666666666666667,0.6444444444444445
4279,discriminative-attribute-number,yes,0,1.0,1.0,0.18181818181818182,0.6727272727272727,1.0,1.0,0.2,0.6,0.4935064935064935,1.0,0.6,0.475,0.675,0.4666666666666667
4281,discriminative-attribute-state,yes,0,1.0,1.0,0.09090909090909091,0.8181818181818182,1.0,1.0,0.2,0.6,0.4805194805194805,1.0,0.6,0.5,0.7666666666666667,0.4666666666666667
4283,discriminative-attribute-state,yes,0,0.7272727272727273,0.5636363636363636,0.18181818181818182,0.6727272727272727,1.0,1.0,0.0,1.0,0.4805194805194805,0.675,0.4666666666666667,0.475,0.7666666666666667,0.4444444444444444
4285,discriminative-attribute-number,yes,0,1.0,1.0,0.8181818181818182,0.6727272727272727,1.0,1.0,1.0,1.0,0.8268398268398268,1.0,1.0,0.7666666666666667,0.7666666666666667,1.0
4287,discriminative-attribute-number,yes,1,0.2727272727272727,0.5636363636363636,0.0,1.0,0.2,0.6,0.0,1.0,0.7532467532467533,0.6,0.675,0.875,1.0,0.8
4289,discriminative-attribute-state,yes,1,0.8181818181818182,0.6727272727272727,1.0,1.0,0.2,0.6,1.0,1.0,0.8268398268398268,0.5,0.7666666666666667,0.6,1.0,0.4666666666666667
4291,discriminative-attribute-action,yes,0,1.0,1.0,0.09090909090909091,0.8181818181818182,1.0,1.0,0.0,1.0,0.4805194805194805,1.0,0.5416666666666666,0.5,0.875,0.4444444444444444
4293,discriminative-attribute-number,yes,1,0.0,1.0,0.36363636363636365,0.4909090909090909,0.0,1.0,0.6,0.4,0.6883116883116883,1.0,0.675,0.6,0.475,0.5333333333333333
4295,discriminative-attribute-state,yes,0,1.0,1.0,0.0,1.0,1.0,1.0,0.0,1.0,0.47619047619047616,1.0,0.5416666666666666,0.5416666666666666,1.0,0.4444444444444444
4297,discriminative-attribute-state,yes,0,1.0,1.0,0.2727272727272727,0.5636363636363636,1.0,1.0,0.4,0.4,0.5151515151515151,1.0,0.675,0.4666666666666667,0.5416666666666666,0.5333333333333333
4299,discriminative-attribute-state,yes,0,1.0,1.0,0.0,1.0,1.0,1.0,0.0,1.0,0.47619047619047616,1.0,0.5416666666666666,0.5416666666666666,1.0,0.4444444444444444
4301,discriminative-attribute-number,yes,0,0.8181818181818182,0.6727272727272727,0.18181818181818182,0.6727272727272727,1.0,1.0,0.0,1.0,0.47619047619047616,0.7666666666666667,0.475,0.475,0.7666666666666667,0.4444444444444444
4303,discriminative-attribute-state,yes,1,0.0,1.0,1.0,1.0,0.0,1.0,1.0,1.0,0.47619047619047616,1.0,0.5416666666666666,0.5416666666666666,1.0,0.4444444444444444
4305,discriminative-attribute-state,yes,0,1.0,1.0,0.0,1.0,1.0,1.0,0.0,1.0,0.47619047619047616,1.0,0.5416666666666666,0.5416666666666666,1.0,0.4444444444444444
4307,discriminative-attribute-number,yes,0,1.0,1.0,0.09090909090909091,0.8181818181818182,1.0,1.0,0.0,1.0,0.4805194805194805,1.0,0.5416666666666666,0.5,0.875,0.4444444444444444
4309,discriminative-attribute-state,yes,1,0.0,1.0,1.0,1.0,0.0,1.0,1.0,1.0,0.47619047619047616,1.0,0.5416666666666666,0.5416666666666666,1.0,0.4444444444444444
4311,discriminative-attribute-number,yes,0,1.0,1.0,0.0,1.0,1.0,1.0,0.4,0.4,0.47619047619047616,1.0,0.675,0.5416666666666666,0.7666666666666667,0.5333333333333333
4313,discriminative-attribute-state,yes,1,1.0,1.0,1.0,1.0,0.6,0.4,0.8,0.6,1.0,0.7666666666666667,0.875,0.7666666666666667,0.875,0.5333333333333333
4315,discriminative-attribute-state,yes,0,1.0,1.0,0.09090909090909091,0.8181818181818182,1.0,1.0,0.0,1.0,0.4805194805194805,1.0,0.5416666666666666,0.5,0.875,0.4444444444444444
4317,discriminative-attribute-state,yes,0,1.0,1.0,0.0,1.0,0.6,0.4,0.0,1.0,0.47619047619047616,0.7666666666666667,0.5416666666666666,0.675,1.0,0.5333333333333333
4319,discriminative-attribute-state,yes,1,1.0,1.0,0.9090909090909091,0.8181818181818182,1.0,1.0,1.0,1.0,0.9090909090909091,1.0,1.0,0.875,0.875,1.0
4321,discriminative-attribute-state,yes,1,0.0,1.0,0.45454545454545453,0.45454545454545453,0.0,1.0,0.4,0.4,0.6320346320346321,1.0,0.7666666666666667,0.5416666666666666,0.475,0.6444444444444445
4323,discriminative-attribute-state,yes,1,0.7272727272727273,0.5636363636363636,1.0,1.0,0.6,0.4,0.8,0.6,0.7532467532467533,0.5416666666666666,0.6,0.7666666666666667,0.875,0.5333333333333333
4325,discriminative-attribute-state,yes,0,1.0,1.0,0.0,1.0,1.0,1.0,0.0,1.0,0.47619047619047616,1.0,0.5416666666666666,0.5416666666666666,1.0,0.4444444444444444
4327,discriminative-attribute-state,yes,1,0.09090909090909091,0.8181818181818182,0.9090909090909091,0.8181818181818182,0.0,1.0,1.0,1.0,0.47619047619047616,0.875,0.5,0.5,0.875,0.4444444444444444
4329,discriminative-attribute-state,yes,0,1.0,1.0,0.0,1.0,1.0,1.0,0.0,1.0,0.47619047619047616,1.0,0.5416666666666666,0.5416666666666666,1.0,0.4444444444444444
4331,discriminative-attribute-state,yes,0,1.0,1.0,0.0,1.0,1.0,1.0,0.0,1.0,0.47619047619047616,1.0,0.5416666666666666,0.5416666666666666,1.0,0.4444444444444444
4333,discriminative-attribute-action,yes,0,1.0,1.0,0.0,1.0,1.0,1.0,0.0,1.0,0.47619047619047616,1.0,0.5416666666666666,0.5416666666666666,1.0,0.4444444444444444
4335,discriminative-attribute-number,yes,1,0.0,1.0,0.9090909090909091,0.8181818181818182,0.0,1.0,1.0,1.0,0.4805194805194805,1.0,0.5416666666666666,0.5,0.875,0.4444444444444444
4337,discriminative-attribute-state,yes,1,1.0,1.0,1.0,1.0,0.2,0.6,1.0,1.0,1.0,0.6,1.0,0.6,1.0,0.4666666666666667
4339,discriminative-attribute-number,yes,1,0.0,1.0,0.6363636363636364,0.4909090909090909,0.0,1.0,0.4,0.4,0.5454545454545454,1.0,0.7666666666666667,0.475,0.475,0.6444444444444445
4341,discriminative-attribute-state,yes,1,0.18181818181818182,0.6727272727272727,0.0,1.0,0.2,0.6,0.2,0.6,0.8268398268398268,0.675,0.675,0.875,0.875,0.6444444444444445
4343,discriminative-attribute-state,yes,0,1.0,1.0,0.0,1.0,1.0,1.0,0.4,0.4,0.47619047619047616,1.0,0.675,0.5416666666666666,0.7666666666666667,0.5333333333333333
4345,discriminative-attribute-state,yes,0,0.9090909090909091,0.8181818181818182,0.2727272727272727,0.5636363636363636,1.0,1.0,0.0,1.0,0.4935064935064935,0.875,0.5,0.4666666666666667,0.675,0.4444444444444444
4347,discriminative-attribute-state,yes,0,0.7272727272727273,0.5636363636363636,0.0,1.0,1.0,1.0,0.0,1.0,0.5151515151515151,0.675,0.4666666666666667,0.5416666666666666,1.0,0.4444444444444444
4349,discriminative-attribute-state,yes,0,0.5454545454545454,0.45454545454545453,0.0,1.0,1.0,1.0,0.0,1.0,0.5844155844155844,0.5416666666666666,0.5,0.5416666666666666,1.0,0.4444444444444444
4351,discriminative-attribute-action,yes,0,1.0,1.0,0.0,1.0,1.0,1.0,0.0,1.0,0.47619047619047616,1.0,0.5416666666666666,0.5416666666666666,1.0,0.4444444444444444
4353,discriminative-attribute-number,yes,1,0.8181818181818182,0.6727272727272727,0.0,1.0,0.4,0.4,0.0,1.0,0.4935064935064935,0.5416666666666666,0.475,0.7666666666666667,1.0,0.6444444444444445
4355,discriminative-attribute-state,yes,0,1.0,1.0,0.36363636363636365,0.4909090909090909,1.0,1.0,0.4,0.4,0.5454545454545454,1.0,0.675,0.475,0.5,0.5333333333333333
4357,discriminative-attribute-action,yes,0,1.0,1.0,0.2727272727272727,0.5636363636363636,1.0,1.0,0.2,0.6,0.5151515151515151,1.0,0.6,0.4666666666666667,0.6,0.4666666666666667
4359,discriminative-attribute-number,yes,1,1.0,1.0,0.0,1.0,0.8,0.6,0.2,0.6,0.47619047619047616,0.875,0.6,0.6,0.875,0.4444444444444444
4361,discriminative-attribute-state,yes,1,1.0,1.0,0.9090909090909091,0.8181818181818182,0.2,0.6,1.0,1.0,0.9090909090909091,0.6,1.0,0.5416666666666666,0.875,0.4666666666666667
4363,discriminative-attribute-number,yes,0,1.0,1.0,1.0,1.0,0.8,0.6,1.0,1.0,1.0,0.875,1.0,0.875,1.0,0.8
4365,discriminative-attribute-action,yes,1,0.0,1.0,0.8181818181818182,0.6727272727272727,0.0,1.0,0.6,0.4,0.4935064935064935,1.0,0.675,0.475,0.6,0.5333333333333333
4367,discriminative-attribute-state,yes,0,0.5454545454545454,0.45454545454545453,0.0,1.0,1.0,1.0,0.0,1.0,0.5844155844155844,0.5416666666666666,0.5,0.5416666666666666,1.0,0.4444444444444444
4371,discriminative-attribute-action,yes,0,1.0,1.0,0.5454545454545454,0.45454545454545453,1.0,1.0,0.0,1.0,0.6320346320346321,1.0,0.5416666666666666,0.5416666666666666,0.5,0.4444444444444444
4373,discriminative-attribute-number,yes,0,1.0,1.0,1.0,1.0,1.0,1.0,0.8,0.6,1.0,1.0,0.875,1.0,0.875,0.8
4375,discriminative-attribute-state,yes,0,1.0,1.0,0.7272727272727273,0.5636363636363636,1.0,1.0,0.6,0.4,0.7532467532467533,1.0,0.7666666666666667,0.675,0.5416666666666666,0.6444444444444445
4377,discriminative-attribute-number,yes,0,1.0,1.0,0.6363636363636364,0.4909090909090909,1.0,1.0,1.0,1.0,0.6883116883116883,1.0,1.0,0.6,0.6,1.0
4379,discriminative-attribute-state,yes,0,1.0,1.0,0.0,1.0,1.0,1.0,0.0,1.0,0.47619047619047616,1.0,0.5416666666666666,0.5416666666666666,1.0,0.4444444444444444
4381,discriminative-attribute-state,yes,0,1.0,1.0,1.0,1.0,1.0,1.0,1.0,1.0,1.0,1.0,1.0,1.0,1.0,1.0
4383,discriminative-attribute-state,yes,0,1.0,1.0,0.0,1.0,1.0,1.0,0.0,1.0,0.47619047619047616,1.0,0.5416666666666666,0.5416666666666666,1.0,0.4444444444444444
4385,discriminative-attribute-state,yes,0,0.7272727272727273,0.5636363636363636,0.18181818181818182,0.6727272727272727,1.0,1.0,0.0,1.0,0.4805194805194805,0.675,0.4666666666666667,0.475,0.7666666666666667,0.4444444444444444
4387,discriminative-attribute-state,yes,0,1.0,1.0,0.18181818181818182,0.6727272727272727,1.0,1.0,0.0,1.0,0.4935064935064935,1.0,0.5416666666666666,0.475,0.7666666666666667,0.4444444444444444
4389,discriminative-attribute-action,yes,0,1.0,1.0,0.09090909090909091,0.8181818181818182,1.0,1.0,0.2,0.6,0.4805194805194805,1.0,0.6,0.5,0.7666666666666667,0.4666666666666667
4391,discriminative-attribute-number,yes,0,1.0,1.0,1.0,1.0,1.0,1.0,1.0,1.0,1.0,1.0,1.0,1.0,1.0,1.0
4393,discriminative-attribute-state,yes,1,0.2727272727272727,0.5636363636363636,0.9090909090909091,0.8181818181818182,0.0,1.0,1.0,1.0,0.4935064935064935,0.675,0.4666666666666667,0.5,0.875,0.4444444444444444
4395,discriminative-attribute-state,yes,0,1.0,1.0,0.0,1.0,1.0,1.0,0.0,1.0,0.47619047619047616,1.0,0.5416666666666666,0.5416666666666666,1.0,0.4444444444444444
4397,discriminative-attribute-state,yes,0,1.0,1.0,0.0,1.0,1.0,1.0,0.0,1.0,0.47619047619047616,1.0,0.5416666666666666,0.5416666666666666,1.0,0.4444444444444444
4399,discriminative-attribute-state,yes,1,0.5454545454545454,0.45454545454545453,1.0,1.0,0.0,1.0,1.0,1.0,0.6320346320346321,0.5,0.5416666666666666,0.5416666666666666,1.0,0.4444444444444444
4401,discriminative-attribute-state,yes,1,0.2727272727272727,0.5636363636363636,0.09090909090909091,0.8181818181818182,0.0,1.0,0.6,0.4,0.6883116883116883,0.675,0.5,0.875,0.6,0.5333333333333333
4403,discriminative-attribute-number,yes,0,1.0,1.0,0.0,1.0,1.0,1.0,0.0,1.0,0.47619047619047616,1.0,0.5416666666666666,0.5416666666666666,1.0,0.4444444444444444
4405,discriminative-attribute-state,yes,0,1.0,1.0,0.0,1.0,1.0,1.0,0.0,1.0,0.47619047619047616,1.0,0.5416666666666666,0.5416666666666666,1.0,0.4444444444444444
4407,discriminative-attribute-number,yes,0,1.0,1.0,0.09090909090909091,0.8181818181818182,1.0,1.0,0.0,1.0,0.4805194805194805,1.0,0.5416666666666666,0.5,0.875,0.4444444444444444
4409,discriminative-attribute-number,yes,1,0.0,1.0,1.0,1.0,0.0,1.0,1.0,1.0,0.47619047619047616,1.0,0.5416666666666666,0.5416666666666666,1.0,0.4444444444444444
4411,discriminative-attribute-state,yes,1,0.0,1.0,1.0,1.0,0.0,1.0,1.0,1.0,0.47619047619047616,1.0,0.5416666666666666,0.5416666666666666,1.0,0.4444444444444444
4413,discriminative-attribute-state,yes,1,0.2727272727272727,0.5636363636363636,0.6363636363636364,0.4909090909090909,0.0,1.0,1.0,1.0,0.4805194805194805,0.675,0.4666666666666667,0.475,0.6,0.4444444444444444
4415,discriminative-attribute-action,yes,0,1.0,1.0,0.0,1.0,1.0,1.0,0.0,1.0,0.47619047619047616,1.0,0.5416666666666666,0.5416666666666666,1.0,0.4444444444444444
4419,discriminative-attribute-state,yes,0,1.0,1.0,0.0,1.0,1.0,1.0,0.0,1.0,0.47619047619047616,1.0,0.5416666666666666,0.5416666666666666,1.0,0.4444444444444444
4421,discriminative-attribute-state,yes,1,0.9090909090909091,0.8181818181818182,1.0,1.0,0.4,0.4,1.0,1.0,0.9090909090909091,0.6,0.875,0.675,1.0,0.5333333333333333
4423,discriminative-attribute-action,yes,0,0.8181818181818182,0.6727272727272727,0.36363636363636365,0.4909090909090909,1.0,1.0,0.6,0.4,0.4935064935064935,0.7666666666666667,0.6,0.475,0.475,0.6444444444444445
4425,discriminative-attribute-action,yes,1,0.8181818181818182,0.6727272727272727,1.0,1.0,0.4,0.4,1.0,1.0,0.8268398268398268,0.5416666666666666,0.7666666666666667,0.675,1.0,0.5333333333333333
4427,discriminative-attribute-number,yes,0,1.0,1.0,1.0,1.0,1.0,1.0,0.8,0.6,1.0,1.0,0.875,1.0,0.875,0.8
4429,discriminative-attribute-number,yes,0,1.0,1.0,0.9090909090909091,0.8181818181818182,1.0,1.0,1.0,1.0,0.9090909090909091,1.0,1.0,0.875,0.875,1.0
4431,discriminative-attribute-action,yes,1,0.5454545454545454,0.45454545454545453,0.09090909090909091,0.8181818181818182,0.4,0.4,0.2,0.6,0.5454545454545454,0.4666666666666667,0.475,0.675,0.7666666666666667,0.5333333333333333
4433,discriminative-attribute-action,yes,0,1.0,1.0,0.2727272727272727,0.5636363636363636,1.0,1.0,0.0,1.0,0.5151515151515151,1.0,0.5416666666666666,0.4666666666666667,0.675,0.4444444444444444
4435,discriminative-attribute-number,yes,0,1.0,1.0,0.2727272727272727,0.5636363636363636,1.0,1.0,0.0,1.0,0.5151515151515151,1.0,0.5416666666666666,0.4666666666666667,0.675,0.4444444444444444
4437,discriminative-attribute-state,yes,1,0.0,1.0,1.0,1.0,0.0,1.0,1.0,1.0,0.47619047619047616,1.0,0.5416666666666666,0.5416666666666666,1.0,0.4444444444444444
4439,discriminative-attribute-action,yes,0,0.8181818181818182,0.6727272727272727,0.0,1.0,1.0,1.0,0.0,1.0,0.4935064935064935,0.7666666666666667,0.475,0.5416666666666666,1.0,0.4444444444444444
4441,discriminative-attribute-state,yes,0,1.0,1.0,0.0,1.0,1.0,1.0,0.0,1.0,0.47619047619047616,1.0,0.5416666666666666,0.5416666666666666,1.0,0.4444444444444444
4445,discriminative-attribute-state,yes,0,1.0,1.0,1.0,1.0,1.0,1.0,0.4,0.4,1.0,1.0,0.675,1.0,0.675,0.5333333333333333
4447,discriminative-attribute-number,yes,0,1.0,1.0,1.0,1.0,1.0,1.0,1.0,1.0,1.0,1.0,1.0,1.0,1.0,1.0
4449,discriminative-attribute-state,yes,0,0.6363636363636364,0.4909090909090909,1.0,1.0,1.0,1.0,0.4,0.4,0.6883116883116883,0.6,0.475,1.0,0.675,0.5333333333333333
4451,discriminative-attribute-state,yes,0,1.0,1.0,0.8181818181818182,0.6727272727272727,1.0,1.0,0.8,0.6,0.8268398268398268,1.0,0.875,0.7666666666666667,0.675,0.8
4453,discriminative-attribute-action,yes,1,0.0,1.0,0.0,1.0,0.0,1.0,0.4,0.4,1.0,1.0,0.7666666666666667,1.0,0.7666666666666667,0.6444444444444445
4455,discriminative-attribute-state,yes,0,1.0,1.0,0.2727272727272727,0.5636363636363636,1.0,1.0,0.0,1.0,0.5151515151515151,1.0,0.5416666666666666,0.4666666666666667,0.675,0.4444444444444444
4457,discriminative-attribute-state,yes,1,0.09090909090909091,0.8181818181818182,1.0,1.0,0.0,1.0,1.0,1.0,0.4805194805194805,0.875,0.5,0.5416666666666666,1.0,0.4444444444444444
4459,discriminative-attribute-state,yes,0,1.0,1.0,0.0,1.0,1.0,1.0,0.4,0.4,0.47619047619047616,1.0,0.675,0.5416666666666666,0.7666666666666667,0.5333333333333333
4461,discriminative-attribute-number,yes,0,1.0,1.0,1.0,1.0,1.0,1.0,1.0,1.0,1.0,1.0,1.0,1.0,1.0,1.0
4463,discriminative-attribute-state,yes,0,1.0,1.0,0.09090909090909091,0.8181818181818182,1.0,1.0,0.0,1.0,0.4805194805194805,1.0,0.5416666666666666,0.5,0.875,0.4444444444444444
4465,discriminative-attribute-state,yes,0,1.0,1.0,0.0,1.0,1.0,1.0,0.0,1.0,0.47619047619047616,1.0,0.5416666666666666,0.5416666666666666,1.0,0.4444444444444444
4467,discriminative-attribute-state,yes,1,0.0,1.0,1.0,1.0,0.0,1.0,1.0,1.0,0.47619047619047616,1.0,0.5416666666666666,0.5416666666666666,1.0,0.4444444444444444
4469,discriminative-attribute-number,yes,0,1.0,1.0,1.0,1.0,1.0,1.0,0.8,0.6,1.0,1.0,0.875,1.0,0.875,0.8
4471,discriminative-attribute-number,yes,1,0.0,1.0,0.8181818181818182,0.6727272727272727,0.0,1.0,0.6,0.4,0.4935064935064935,1.0,0.675,0.475,0.6,0.5333333333333333
4473,discriminative-attribute-number,yes,1,0.0,1.0,0.0,1.0,0.0,1.0,0.6,0.4,1.0,1.0,0.675,1.0,0.675,0.5333333333333333
4475,discriminative-attribute-state,yes,1,0.36363636363636365,0.4909090909090909,1.0,1.0,0.0,1.0,1.0,1.0,0.5454545454545454,0.6,0.475,0.5416666666666666,1.0,0.4444444444444444
4477,discriminative-attribute-state,yes,1,0.0,1.0,1.0,1.0,0.0,1.0,1.0,1.0,0.47619047619047616,1.0,0.5416666666666666,0.5416666666666666,1.0,0.4444444444444444
4479,discriminative-attribute-action,yes,0,1.0,1.0,0.0,1.0,1.0,1.0,0.0,1.0,0.47619047619047616,1.0,0.5416666666666666,0.5416666666666666,1.0,0.4444444444444444
4481,discriminative-attribute-state,yes,0,0.7272727272727273,0.5636363636363636,0.09090909090909091,0.8181818181818182,1.0,1.0,0.0,1.0,0.4935064935064935,0.675,0.4666666666666667,0.5,0.875,0.4444444444444444
4483,discriminative-attribute-state,yes,1,0.9090909090909091,0.8181818181818182,1.0,1.0,0.6,0.4,1.0,1.0,0.9090909090909091,0.675,0.875,0.7666666666666667,1.0,0.6444444444444445
4487,discriminative-attribute-number,yes,0,1.0,1.0,0.18181818181818182,0.6727272727272727,1.0,1.0,0.6,0.4,0.4935064935064935,1.0,0.7666666666666667,0.475,0.5416666666666666,0.6444444444444445
4489,discriminative-attribute-state,yes,0,1.0,1.0,0.09090909090909091,0.8181818181818182,1.0,1.0,0.0,1.0,0.4805194805194805,1.0,0.5416666666666666,0.5,0.875,0.4444444444444444
4491,discriminative-attribute-state,yes,0,1.0,1.0,0.0,1.0,1.0,1.0,0.0,1.0,0.47619047619047616,1.0,0.5416666666666666,0.5416666666666666,1.0,0.4444444444444444
4493,discriminative-attribute-state,yes,1,0.0,1.0,1.0,1.0,0.0,1.0,0.8,0.6,0.47619047619047616,1.0,0.6,0.5416666666666666,0.875,0.4666666666666667
4495,discriminative-attribute-state,yes,0,1.0,1.0,0.0,1.0,1.0,1.0,0.0,1.0,0.47619047619047616,1.0,0.5416666666666666,0.5416666666666666,1.0,0.4444444444444444
4497,discriminative-attribute-state,yes,1,0.18181818181818182,0.6727272727272727,1.0,1.0,0.0,1.0,1.0,1.0,0.4935064935064935,0.7666666666666667,0.475,0.5416666666666666,1.0,0.4444444444444444
4499,discriminative-attribute-action,yes,0,1.0,1.0,0.0,1.0,1.0,1.0,0.0,1.0,0.47619047619047616,1.0,0.5416666666666666,0.5416666666666666,1.0,0.4444444444444444
4501,discriminative-attribute-state,yes,1,0.8181818181818182,0.6727272727272727,1.0,1.0,0.2,0.6,1.0,1.0,0.8268398268398268,0.5,0.7666666666666667,0.6,1.0,0.4666666666666667
4505,discriminative-attribute-state,yes,1,0.0,1.0,1.0,1.0,0.0,1.0,1.0,1.0,0.47619047619047616,1.0,0.5416666666666666,0.5416666666666666,1.0,0.4444444444444444
4507,discriminative-attribute-state,yes,1,0.5454545454545454,0.45454545454545453,1.0,1.0,0.2,0.6,1.0,1.0,0.6320346320346321,0.475,0.5416666666666666,0.6,1.0,0.4666666666666667
4509,discriminative-attribute-number,yes,0,0.8181818181818182,0.6727272727272727,0.9090909090909091,0.8181818181818182,0.8,0.6,0.2,0.6,0.7532467532467533,0.675,0.5,0.7666666666666667,0.5416666666666666,0.4444444444444444
4511,discriminative-attribute-state,yes,1,0.9090909090909091,0.8181818181818182,0.7272727272727273,0.5636363636363636,1.0,1.0,0.8,0.6,0.6883116883116883,0.875,0.7666666666666667,0.675,0.6,0.8
4513,discriminative-attribute-state,yes,1,1.0,1.0,0.0,1.0,1.0,1.0,0.0,1.0,0.47619047619047616,1.0,0.5416666666666666,0.5416666666666666,1.0,0.4444444444444444
4515,discriminative-attribute-state,yes,1,0.0,1.0,0.9090909090909091,0.8181818181818182,0.0,1.0,0.8,0.6,0.4805194805194805,1.0,0.6,0.5,0.7666666666666667,0.4666666666666667
4517,discriminative-attribute-state,yes,1,0.0,1.0,1.0,1.0,0.0,1.0,1.0,1.0,0.47619047619047616,1.0,0.5416666666666666,0.5416666666666666,1.0,0.4444444444444444
4519,discriminative-attribute-state,yes,1,0.0,1.0,1.0,1.0,0.0,1.0,1.0,1.0,0.47619047619047616,1.0,0.5416666666666666,0.5416666666666666,1.0,0.4444444444444444
4521,discriminative-attribute-action,yes,0,1.0,1.0,0.0,1.0,1.0,1.0,0.0,1.0,0.47619047619047616,1.0,0.5416666666666666,0.5416666666666666,1.0,0.4444444444444444
4523,discriminative-attribute-number,yes,1,0.0,1.0,0.0,1.0,0.0,1.0,0.2,0.6,1.0,1.0,0.875,1.0,0.875,0.8
4525,discriminative-attribute-action,yes,0,1.0,1.0,1.0,1.0,1.0,1.0,0.6,0.4,1.0,1.0,0.7666666666666667,1.0,0.7666666666666667,0.6444444444444445
4527,discriminative-attribute-state,yes,0,0.7272727272727273,0.5636363636363636,0.0,1.0,1.0,1.0,0.0,1.0,0.5151515151515151,0.675,0.4666666666666667,0.5416666666666666,1.0,0.4444444444444444
4529,discriminative-attribute-action,yes,0,1.0,1.0,0.09090909090909091,0.8181818181818182,1.0,1.0,0.0,1.0,0.4805194805194805,1.0,0.5416666666666666,0.5,0.875,0.4444444444444444
4531,discriminative-attribute-number,yes,0,1.0,1.0,0.09090909090909091,0.8181818181818182,1.0,1.0,0.0,1.0,0.4805194805194805,1.0,0.5416666666666666,0.5,0.875,0.4444444444444444
4533,discriminative-attribute-state,yes,0,0.9090909090909091,0.8181818181818182,0.0,1.0,1.0,1.0,0.0,1.0,0.4805194805194805,0.875,0.5,0.5416666666666666,1.0,0.4444444444444444
4535,discriminative-attribute-state,yes,0,1.0,1.0,0.0,1.0,1.0,1.0,0.0,1.0,0.47619047619047616,1.0,0.5416666666666666,0.5416666666666666,1.0,0.4444444444444444
4537,discriminative-attribute-action,yes,0,0.0,1.0,1.0,1.0,0.8,0.6,0.8,0.6,0.47619047619047616,0.6,0.6,0.875,0.875,0.6444444444444445
4539,discriminative-attribute-state,yes,0,1.0,1.0,0.0,1.0,1.0,1.0,0.2,0.6,0.47619047619047616,1.0,0.6,0.5416666666666666,0.875,0.4666666666666667
4541,discriminative-attribute-number,yes,0,1.0,1.0,1.0,1.0,0.8,0.6,0.4,0.4,1.0,0.875,0.675,0.875,0.675,0.4666666666666667
4545,discriminative-attribute-state,yes,0,1.0,1.0,0.0,1.0,1.0,1.0,0.6,0.4,0.47619047619047616,1.0,0.7666666666666667,0.5416666666666666,0.675,0.6444444444444445
4547,discriminative-attribute-state,yes,1,0.0,1.0,1.0,1.0,0.0,1.0,0.8,0.6,0.47619047619047616,1.0,0.6,0.5416666666666666,0.875,0.4666666666666667
4549,discriminative-attribute-state,yes,0,1.0,1.0,0.0,1.0,1.0,1.0,0.0,1.0,0.47619047619047616,1.0,0.5416666666666666,0.5416666666666666,1.0,0.4444444444444444
4551,discriminative-attribute-state,yes,0,1.0,1.0,0.0,1.0,1.0,1.0,0.0,1.0,0.47619047619047616,1.0,0.5416666666666666,0.5416666666666666,1.0,0.4444444444444444
4553,discriminative-attribute-number,yes,0,1.0,1.0,0.09090909090909091,0.8181818181818182,1.0,1.0,0.0,1.0,0.4805194805194805,1.0,0.5416666666666666,0.5,0.875,0.4444444444444444
4555,discriminative-attribute-action,yes,0,1.0,1.0,0.0,1.0,1.0,1.0,0.0,1.0,0.47619047619047616,1.0,0.5416666666666666,0.5416666666666666,1.0,0.4444444444444444
4557,discriminative-attribute-state,yes,0,0.6363636363636364,0.4909090909090909,0.09090909090909091,0.8181818181818182,1.0,1.0,0.2,0.6,0.5151515151515151,0.6,0.4666666666666667,0.5,0.7666666666666667,0.4666666666666667
4559,discriminative-attribute-state,yes,0,1.0,1.0,0.0,1.0,1.0,1.0,0.0,1.0,0.47619047619047616,1.0,0.5416666666666666,0.5416666666666666,1.0,0.4444444444444444
4561,discriminative-attribute-state,yes,0,1.0,1.0,0.9090909090909091,0.8181818181818182,1.0,1.0,0.2,0.6,0.9090909090909091,1.0,0.6,0.875,0.5416666666666666,0.4666666666666667
4563,discriminative-attribute-state,yes,0,1.0,1.0,0.09090909090909091,0.8181818181818182,1.0,1.0,0.0,1.0,0.4805194805194805,1.0,0.5416666666666666,0.5,0.875,0.4444444444444444
4565,discriminative-attribute-number,yes,0,1.0,1.0,0.18181818181818182,0.6727272727272727,1.0,1.0,0.0,1.0,0.4935064935064935,1.0,0.5416666666666666,0.475,0.7666666666666667,0.4444444444444444
4567,discriminative-attribute-state,yes,1,0.09090909090909091,0.8181818181818182,1.0,1.0,0.0,1.0,1.0,1.0,0.4805194805194805,0.875,0.5,0.5416666666666666,1.0,0.4444444444444444
4569,discriminative-attribute-state,yes,0,1.0,1.0,0.0,1.0,1.0,1.0,0.0,1.0,0.47619047619047616,1.0,0.5416666666666666,0.5416666666666666,1.0,0.4444444444444444
4571,discriminative-attribute-number,yes,1,0.0,1.0,1.0,1.0,0.0,1.0,0.6,0.4,0.47619047619047616,1.0,0.675,0.5416666666666666,0.7666666666666667,0.5333333333333333
4573,discriminative-attribute-state,yes,0,1.0,1.0,0.0,1.0,1.0,1.0,0.0,1.0,0.47619047619047616,1.0,0.5416666666666666,0.5416666666666666,1.0,0.4444444444444444
4575,discriminative-attribute-state,yes,0,1.0,1.0,0.0,1.0,1.0,1.0,0.0,1.0,0.47619047619047616,1.0,0.5416666666666666,0.5416666666666666,1.0,0.4444444444444444
4577,discriminative-attribute-state,yes,0,0.7272727272727273,0.5636363636363636,0.0,1.0,1.0,1.0,0.0,1.0,0.5151515151515151,0.675,0.4666666666666667,0.5416666666666666,1.0,0.4444444444444444
4579,discriminative-attribute-number,yes,0,1.0,1.0,0.45454545454545453,0.45454545454545453,1.0,1.0,0.0,1.0,0.5844155844155844,1.0,0.5416666666666666,0.5,0.5416666666666666,0.4444444444444444
4581,discriminative-attribute-state,yes,0,0.7272727272727273,0.5636363636363636,0.09090909090909091,0.8181818181818182,1.0,1.0,0.0,1.0,0.4935064935064935,0.675,0.4666666666666667,0.5,0.875,0.4444444444444444
4583,discriminative-attribute-state,yes,0,1.0,1.0,0.0,1.0,1.0,1.0,0.0,1.0,0.47619047619047616,1.0,0.5416666666666666,0.5416666666666666,1.0,0.4444444444444444
4585,discriminative-attribute-state,yes,0,0.7272727272727273,0.5636363636363636,0.0,1.0,1.0,1.0,0.0,1.0,0.5151515151515151,0.675,0.4666666666666667,0.5416666666666666,1.0,0.4444444444444444
4587,discriminative-attribute-state,yes,0,1.0,1.0,0.0,1.0,1.0,1.0,0.0,1.0,0.47619047619047616,1.0,0.5416666666666666,0.5416666666666666,1.0,0.4444444444444444
4589,discriminative-attribute-state,yes,0,1.0,1.0,0.0,1.0,1.0,1.0,0.4,0.4,0.47619047619047616,1.0,0.675,0.5416666666666666,0.7666666666666667,0.5333333333333333
4591,discriminative-attribute-state,yes,1,0.0,1.0,1.0,1.0,0.0,1.0,1.0,1.0,0.47619047619047616,1.0,0.5416666666666666,0.5416666666666666,1.0,0.4444444444444444
4593,discriminative-attribute-state,yes,0,1.0,1.0,0.0,1.0,1.0,1.0,0.2,0.6,0.47619047619047616,1.0,0.6,0.5416666666666666,0.875,0.4666666666666667
4595,discriminative-attribute-state,yes,1,0.6363636363636364,0.4909090909090909,1.0,1.0,0.6,0.4,1.0,1.0,0.6883116883116883,0.5,0.6,0.7666666666666667,1.0,0.6444444444444445
4597,discriminative-attribute-number,yes,1,0.5454545454545454,0.45454545454545453,0.2727272727272727,0.5636363636363636,0.0,1.0,1.0,1.0,0.4935064935064935,0.5,0.5416666666666666,0.675,0.4666666666666667,0.4444444444444444
4599,discriminative-attribute-action,yes,0,0.9090909090909091,0.8181818181818182,0.36363636363636365,0.4909090909090909,1.0,1.0,0.4,0.4,0.5151515151515151,0.875,0.6,0.475,0.5,0.5333333333333333
4601,discriminative-attribute-state,yes,0,1.0,1.0,0.09090909090909091,0.8181818181818182,1.0,1.0,0.0,1.0,0.4805194805194805,1.0,0.5416666666666666,0.5,0.875,0.4444444444444444
4603,discriminative-attribute-state,yes,0,1.0,1.0,0.09090909090909091,0.8181818181818182,1.0,1.0,0.0,1.0,0.4805194805194805,1.0,0.5416666666666666,0.5,0.875,0.4444444444444444
4605,discriminative-attribute-state,yes,0,0.8181818181818182,0.6727272727272727,0.0,1.0,1.0,1.0,0.0,1.0,0.4935064935064935,0.7666666666666667,0.475,0.5416666666666666,1.0,0.4444444444444444
4607,discriminative-attribute-state,yes,0,0.8181818181818182,0.6727272727272727,0.0,1.0,1.0,1.0,0.0,1.0,0.4935064935064935,0.7666666666666667,0.475,0.5416666666666666,1.0,0.4444444444444444
4609,discriminative-attribute-state,yes,0,0.9090909090909091,0.8181818181818182,0.0,1.0,1.0,1.0,0.0,1.0,0.4805194805194805,0.875,0.5,0.5416666666666666,1.0,0.4444444444444444
4611,discriminative-attribute-state,yes,1,0.2727272727272727,0.5636363636363636,0.0,1.0,0.4,0.4,0.4,0.4,0.7532467532467533,0.5416666666666666,0.5416666666666666,0.7666666666666667,0.7666666666666667,0.4666666666666667
4613,discriminative-attribute-number,yes,0,1.0,1.0,0.09090909090909091,0.8181818181818182,1.0,1.0,0.2,0.6,0.4805194805194805,1.0,0.6,0.5,0.7666666666666667,0.4666666666666667
4615,discriminative-attribute-number,yes,0,1.0,1.0,0.5454545454545454,0.45454545454545453,1.0,1.0,0.2,0.6,0.6320346320346321,1.0,0.6,0.5416666666666666,0.475,0.4666666666666667
4617,discriminative-attribute-number,yes,0,1.0,1.0,0.18181818181818182,0.6727272727272727,1.0,1.0,0.0,1.0,0.4935064935064935,1.0,0.5416666666666666,0.475,0.7666666666666667,0.4444444444444444
4619,discriminative-attribute-state,yes,0,0.9090909090909091,0.8181818181818182,0.0,1.0,1.0,1.0,0.0,1.0,0.4805194805194805,0.875,0.5,0.5416666666666666,1.0,0.4444444444444444
4621,discriminative-attribute-number,yes,1,0.0,1.0,0.0,1.0,0.0,1.0,0.6,0.4,1.0,1.0,0.675,1.0,0.675,0.5333333333333333
4623,discriminative-attribute-state,yes,0,0.7272727272727273,0.5636363636363636,0.7272727272727273,0.5636363636363636,1.0,1.0,0.6,0.4,0.5844155844155844,0.675,0.5416666666666666,0.675,0.5416666666666666,0.6444444444444445
4625,discriminative-attribute-state,yes,0,0.6363636363636364,0.4909090909090909,0.0,1.0,1.0,1.0,0.0,1.0,0.5454545454545454,0.6,0.475,0.5416666666666666,1.0,0.4444444444444444
4627,discriminative-attribute-number,yes,0,1.0,1.0,0.09090909090909091,0.8181818181818182,1.0,1.0,0.4,0.4,0.4805194805194805,1.0,0.675,0.5,0.675,0.5333333333333333
4629,discriminative-attribute-state,yes,0,1.0,1.0,0.0,1.0,1.0,1.0,0.0,1.0,0.47619047619047616,1.0,0.5416666666666666,0.5416666666666666,1.0,0.4444444444444444
4631,discriminative-attribute-number,yes,0,1.0,1.0,0.45454545454545453,0.45454545454545453,1.0,1.0,0.0,1.0,0.5844155844155844,1.0,0.5416666666666666,0.5,0.5416666666666666,0.4444444444444444
4633,discriminative-attribute-number,yes,0,0.6363636363636364,0.4909090909090909,1.0,1.0,1.0,1.0,0.2,0.6,0.6883116883116883,0.6,0.4666666666666667,1.0,0.6,0.4666666666666667
4635,discriminative-attribute-state,yes,0,0.9090909090909091,0.8181818181818182,0.0,1.0,1.0,1.0,0.0,1.0,0.4805194805194805,0.875,0.5,0.5416666666666666,1.0,0.4444444444444444
4637,discriminative-attribute-number,yes,0,1.0,1.0,0.09090909090909091,0.8181818181818182,1.0,1.0,0.4,0.4,0.4805194805194805,1.0,0.675,0.5,0.675,0.5333333333333333
4639,discriminative-attribute-number,yes,0,1.0,1.0,1.0,1.0,1.0,1.0,0.4,0.4,1.0,1.0,0.675,1.0,0.675,0.5333333333333333
4641,discriminative-attribute-state,yes,0,1.0,1.0,0.0,1.0,1.0,1.0,0.0,1.0,0.47619047619047616,1.0,0.5416666666666666,0.5416666666666666,1.0,0.4444444444444444
4643,discriminative-attribute-number,yes,0,1.0,1.0,0.8181818181818182,0.6727272727272727,1.0,1.0,0.6,0.4,0.8268398268398268,1.0,0.7666666666666667,0.7666666666666667,0.6,0.6444444444444445
4645,discriminative-attribute-state,yes,0,1.0,1.0,0.09090909090909091,0.8181818181818182,1.0,1.0,0.0,1.0,0.4805194805194805,1.0,0.5416666666666666,0.5,0.875,0.4444444444444444
4647,discriminative-attribute-state,yes,0,0.7272727272727273,0.5636363636363636,0.0,1.0,1.0,1.0,0.0,1.0,0.5151515151515151,0.675,0.4666666666666667,0.5416666666666666,1.0,0.4444444444444444
4649,discriminative-attribute-state,yes,0,1.0,1.0,0.0,1.0,1.0,1.0,0.0,1.0,0.47619047619047616,1.0,0.5416666666666666,0.5416666666666666,1.0,0.4444444444444444
4651,discriminative-attribute-state,yes,0,1.0,1.0,0.0,1.0,1.0,1.0,0.0,1.0,0.47619047619047616,1.0,0.5416666666666666,0.5416666666666666,1.0,0.4444444444444444
4653,discriminative-attribute-state,yes,1,0.2727272727272727,0.5636363636363636,1.0,1.0,0.0,1.0,1.0,1.0,0.5151515151515151,0.675,0.4666666666666667,0.5416666666666666,1.0,0.4444444444444444
4655,discriminative-attribute-action,yes,1,0.0,1.0,1.0,1.0,0.0,1.0,1.0,1.0,0.47619047619047616,1.0,0.5416666666666666,0.5416666666666666,1.0,0.4444444444444444
4657,discriminative-attribute-state,yes,0,1.0,1.0,0.0,1.0,1.0,1.0,0.0,1.0,0.47619047619047616,1.0,0.5416666666666666,0.5416666666666666,1.0,0.4444444444444444
4659,discriminative-attribute-state,yes,1,0.45454545454545453,0.45454545454545453,1.0,1.0,0.6,0.4,1.0,1.0,0.5844155844155844,0.4666666666666667,0.5,0.7666666666666667,1.0,0.6444444444444445
4661,discriminative-attribute-state,yes,0,1.0,1.0,0.0,1.0,1.0,1.0,0.0,1.0,0.47619047619047616,1.0,0.5416666666666666,0.5416666666666666,1.0,0.4444444444444444
4663,discriminative-attribute-number,yes,0,1.0,1.0,0.0,1.0,1.0,1.0,0.0,1.0,0.47619047619047616,1.0,0.5416666666666666,0.5416666666666666,1.0,0.4444444444444444
4665,discriminative-attribute-state,yes,0,1.0,1.0,0.0,1.0,1.0,1.0,0.0,1.0,0.47619047619047616,1.0,0.5416666666666666,0.5416666666666666,1.0,0.4444444444444444
4667,discriminative-attribute-state,yes,0,0.7272727272727273,0.5636363636363636,0.45454545454545453,0.45454545454545453,1.0,1.0,0.2,0.6,0.4935064935064935,0.675,0.475,0.5,0.5,0.4666666666666667
4669,discriminative-attribute-state,yes,0,1.0,1.0,0.0,1.0,1.0,1.0,0.6,0.4,0.47619047619047616,1.0,0.7666666666666667,0.5416666666666666,0.675,0.6444444444444445
4671,discriminative-attribute-state,yes,0,1.0,1.0,0.0,1.0,1.0,1.0,0.0,1.0,0.47619047619047616,1.0,0.5416666666666666,0.5416666666666666,1.0,0.4444444444444444
4673,discriminative-attribute-number,yes,1,0.0,1.0,0.6363636363636364,0.4909090909090909,0.0,1.0,0.8,0.6,0.5454545454545454,1.0,0.6,0.475,0.5416666666666666,0.4666666666666667
4675,discriminative-attribute-action,yes,0,1.0,1.0,1.0,1.0,1.0,1.0,0.4,0.4,1.0,1.0,0.675,1.0,0.675,0.5333333333333333
4677,discriminative-attribute-state,yes,0,1.0,1.0,0.0,1.0,1.0,1.0,0.0,1.0,0.47619047619047616,1.0,0.5416666666666666,0.5416666666666666,1.0,0.4444444444444444
4679,discriminative-attribute-state,yes,0,1.0,1.0,0.0,1.0,1.0,1.0,0.0,1.0,0.47619047619047616,1.0,0.5416666666666666,0.5416666666666666,1.0,0.4444444444444444
4681,discriminative-attribute-state,yes,0,1.0,1.0,0.0,1.0,1.0,1.0,0.0,1.0,0.47619047619047616,1.0,0.5416666666666666,0.5416666666666666,1.0,0.4444444444444444
4683,discriminative-attribute-state,yes,0,1.0,1.0,0.0,1.0,1.0,1.0,0.0,1.0,0.47619047619047616,1.0,0.5416666666666666,0.5416666666666666,1.0,0.4444444444444444
4685,discriminative-attribute-number,yes,0,1.0,1.0,0.7272727272727273,0.5636363636363636,1.0,1.0,0.2,0.6,0.7532467532467533,1.0,0.6,0.675,0.475,0.4666666666666667
4687,discriminative-attribute-state,yes,0,1.0,1.0,0.0,1.0,1.0,1.0,0.0,1.0,0.47619047619047616,1.0,0.5416666666666666,0.5416666666666666,1.0,0.4444444444444444
4689,discriminative-attribute-number,yes,1,0.0,1.0,0.0,1.0,0.0,1.0,0.0,1.0,1.0,1.0,1.0,1.0,1.0,1.0
4691,discriminative-attribute-number,yes,1,0.0,1.0,0.0,1.0,0.0,1.0,0.0,1.0,1.0,1.0,1.0,1.0,1.0,1.0
4693,discriminative-attribute-state,yes,0,1.0,1.0,0.0,1.0,1.0,1.0,0.0,1.0,0.47619047619047616,1.0,0.5416666666666666,0.5416666666666666,1.0,0.4444444444444444
4695,discriminative-attribute-number,yes,1,0.09090909090909091,0.8181818181818182,0.09090909090909091,0.8181818181818182,0.0,1.0,0.4,0.4,0.8268398268398268,0.875,0.675,0.875,0.675,0.6444444444444445
4697,discriminative-attribute-state,yes,0,1.0,1.0,0.0,1.0,1.0,1.0,0.2,0.6,0.47619047619047616,1.0,0.6,0.5416666666666666,0.875,0.4666666666666667
4699,discriminative-attribute-state,yes,0,0.9090909090909091,0.8181818181818182,0.0,1.0,1.0,1.0,0.2,0.6,0.4805194805194805,0.875,0.5416666666666666,0.5416666666666666,0.875,0.4666666666666667
4701,discriminative-attribute-state,yes,0,1.0,1.0,0.0,1.0,1.0,1.0,0.0,1.0,0.47619047619047616,1.0,0.5416666666666666,0.5416666666666666,1.0,0.4444444444444444
4703,discriminative-attribute-state,yes,1,0.9090909090909091,0.8181818181818182,0.9090909090909091,0.8181818181818182,0.6,0.4,0.8,0.6,0.8268398268398268,0.675,0.7666666666666667,0.675,0.7666666666666667,0.5333333333333333
4705,discriminative-attribute-state,yes,0,0.7272727272727273,0.5636363636363636,0.09090909090909091,0.8181818181818182,1.0,1.0,0.0,1.0,0.4935064935064935,0.675,0.4666666666666667,0.5,0.875,0.4444444444444444
4707,discriminative-attribute-number,yes,1,0.36363636363636365,0.4909090909090909,0.0,1.0,0.0,1.0,0.6,0.4,0.6883116883116883,0.6,0.475,1.0,0.675,0.5333333333333333
4709,discriminative-attribute-state,yes,1,0.2727272727272727,0.5636363636363636,1.0,1.0,0.0,1.0,1.0,1.0,0.5151515151515151,0.675,0.4666666666666667,0.5416666666666666,1.0,0.4444444444444444
4711,discriminative-attribute-state,yes,0,1.0,1.0,0.0,1.0,1.0,1.0,0.0,1.0,0.47619047619047616,1.0,0.5416666666666666,0.5416666666666666,1.0,0.4444444444444444
4713,discriminative-attribute-state,yes,0,0.7272727272727273,0.5636363636363636,0.45454545454545453,0.45454545454545453,1.0,1.0,0.2,0.6,0.4935064935064935,0.675,0.475,0.5,0.5,0.4666666666666667
4715,discriminative-attribute-state,yes,0,0.8181818181818182,0.6727272727272727,0.0,1.0,1.0,1.0,0.0,1.0,0.4935064935064935,0.7666666666666667,0.475,0.5416666666666666,1.0,0.4444444444444444
4717,discriminative-attribute-action,yes,0,1.0,1.0,0.0,1.0,1.0,1.0,0.0,1.0,0.47619047619047616,1.0,0.5416666666666666,0.5416666666666666,1.0,0.4444444444444444
4719,discriminative-attribute-state,yes,1,1.0,1.0,0.9090909090909091,0.8181818181818182,1.0,1.0,1.0,1.0,0.9090909090909091,1.0,1.0,0.875,0.875,1.0
4721,discriminative-attribute-state,yes,1,0.45454545454545453,0.45454545454545453,1.0,1.0,0.0,1.0,1.0,1.0,0.5844155844155844,0.5416666666666666,0.5,0.5416666666666666,1.0,0.4444444444444444
4723,discriminative-attribute-state,yes,0,1.0,1.0,0.0,1.0,1.0,1.0,0.0,1.0,0.47619047619047616,1.0,0.5416666666666666,0.5416666666666666,1.0,0.4444444444444444
4725,discriminative-attribute-state,yes,0,0.8181818181818182,0.6727272727272727,0.09090909090909091,0.8181818181818182,1.0,1.0,0.0,1.0,0.4805194805194805,0.7666666666666667,0.475,0.5,0.875,0.4444444444444444
4727,discriminative-attribute-state,yes,0,1.0,1.0,0.45454545454545453,0.45454545454545453,1.0,1.0,0.0,1.0,0.5844155844155844,1.0,0.5416666666666666,0.5,0.5416666666666666,0.4444444444444444
4729,discriminative-attribute-state,yes,0,1.0,1.0,0.8181818181818182,0.6727272727272727,1.0,1.0,1.0,1.0,0.8268398268398268,1.0,1.0,0.7666666666666667,0.7666666666666667,1.0
4731,discriminative-attribute-state,yes,1,1.0,1.0,0.9090909090909091,0.8181818181818182,0.6,0.4,0.4,0.4,0.9090909090909091,0.7666666666666667,0.675,0.675,0.6,0.4444444444444444
4733,discriminative-attribute-state,yes,0,0.9090909090909091,0.8181818181818182,0.0,1.0,0.8,0.6,0.2,0.6,0.4805194805194805,0.7666666666666667,0.5416666666666666,0.6,0.875,0.4444444444444444
4735,discriminative-attribute-number,yes,0,1.0,1.0,1.0,1.0,0.8,0.6,0.8,0.6,1.0,0.875,0.875,0.875,0.875,0.6444444444444445
4737,discriminative-attribute-state,yes,0,1.0,1.0,0.0,1.0,1.0,1.0,0.0,1.0,0.47619047619047616,1.0,0.5416666666666666,0.5416666666666666,1.0,0.4444444444444444
4739,discriminative-attribute-state,yes,1,0.8181818181818182,0.6727272727272727,1.0,1.0,1.0,1.0,1.0,1.0,0.8268398268398268,0.7666666666666667,0.7666666666666667,1.0,1.0,1.0
4741,discriminative-attribute-number,yes,0,1.0,1.0,0.18181818181818182,0.6727272727272727,1.0,1.0,0.2,0.6,0.4935064935064935,1.0,0.6,0.475,0.675,0.4666666666666667
4743,discriminative-attribute-state,yes,0,1.0,1.0,0.0,1.0,1.0,1.0,0.2,0.6,0.47619047619047616,1.0,0.6,0.5416666666666666,0.875,0.4666666666666667
4745,discriminative-attribute-state,yes,0,1.0,1.0,0.0,1.0,1.0,1.0,0.0,1.0,0.47619047619047616,1.0,0.5416666666666666,0.5416666666666666,1.0,0.4444444444444444
4747,discriminative-attribute-state,yes,0,0.7272727272727273,0.5636363636363636,0.0,1.0,1.0,1.0,0.0,1.0,0.5151515151515151,0.675,0.4666666666666667,0.5416666666666666,1.0,0.4444444444444444
4749,discriminative-attribute-number,yes,0,1.0,1.0,0.0,1.0,1.0,1.0,0.2,0.6,0.47619047619047616,1.0,0.6,0.5416666666666666,0.875,0.4666666666666667
4751,discriminative-attribute-action,yes,0,1.0,1.0,0.0,1.0,1.0,1.0,0.0,1.0,0.47619047619047616,1.0,0.5416666666666666,0.5416666666666666,1.0,0.4444444444444444
4753,discriminative-attribute-state,yes,1,0.36363636363636365,0.4909090909090909,1.0,1.0,0.2,0.6,1.0,1.0,0.5454545454545454,0.5416666666666666,0.475,0.6,1.0,0.4666666666666667
4755,discriminative-attribute-state,yes,0,1.0,1.0,0.0,1.0,1.0,1.0,0.0,1.0,0.47619047619047616,1.0,0.5416666666666666,0.5416666666666666,1.0,0.4444444444444444
4757,discriminative-attribute-state,yes,0,0.8181818181818182,0.6727272727272727,0.0,1.0,1.0,1.0,0.0,1.0,0.4935064935064935,0.7666666666666667,0.475,0.5416666666666666,1.0,0.4444444444444444
4759,discriminative-attribute-number,yes,1,0.0,1.0,0.9090909090909091,0.8181818181818182,0.0,1.0,1.0,1.0,0.4805194805194805,1.0,0.5416666666666666,0.5,0.875,0.4444444444444444
4761,discriminative-attribute-state,yes,0,1.0,1.0,0.09090909090909091,0.8181818181818182,1.0,1.0,0.0,1.0,0.4805194805194805,1.0,0.5416666666666666,0.5,0.875,0.4444444444444444
4763,discriminative-attribute-number,yes,0,1.0,1.0,0.45454545454545453,0.45454545454545453,1.0,1.0,0.4,0.4,0.5844155844155844,1.0,0.675,0.5,0.475,0.5333333333333333
4765,discriminative-attribute-number,yes,1,0.45454545454545453,0.45454545454545453,0.0,1.0,0.0,1.0,0.4,0.4,0.6320346320346321,0.5416666666666666,0.475,1.0,0.7666666666666667,0.6444444444444445
4767,discriminative-attribute-number,yes,0,1.0,1.0,1.0,1.0,0.8,0.6,0.4,0.4,1.0,0.875,0.675,0.875,0.675,0.4666666666666667
4769,discriminative-attribute-state,yes,0,0.09090909090909091,0.8181818181818182,0.09090909090909091,0.8181818181818182,0.8,0.6,0.0,1.0,0.8268398268398268,0.5416666666666666,0.875,0.5416666666666666,0.875,0.4666666666666667
4771,discriminative-attribute-state,yes,1,0.0,1.0,1.0,1.0,0.0,1.0,1.0,1.0,0.47619047619047616,1.0,0.5416666666666666,0.5416666666666666,1.0,0.4444444444444444
4773,discriminative-attribute-action,yes,0,1.0,1.0,0.45454545454545453,0.45454545454545453,1.0,1.0,0.0,1.0,0.5844155844155844,1.0,0.5416666666666666,0.5,0.5416666666666666,0.4444444444444444
4775,discriminative-attribute-state,yes,0,1.0,1.0,0.0,1.0,1.0,1.0,0.0,1.0,0.47619047619047616,1.0,0.5416666666666666,0.5416666666666666,1.0,0.4444444444444444
4777,discriminative-attribute-state,yes,0,1.0,1.0,0.09090909090909091,0.8181818181818182,1.0,1.0,0.0,1.0,0.4805194805194805,1.0,0.5416666666666666,0.5,0.875,0.4444444444444444
4779,discriminative-attribute-number,yes,0,1.0,1.0,0.09090909090909091,0.8181818181818182,1.0,1.0,0.2,0.6,0.4805194805194805,1.0,0.6,0.5,0.7666666666666667,0.4666666666666667
4781,discriminative-attribute-state,yes,0,1.0,1.0,0.0,1.0,1.0,1.0,0.0,1.0,0.47619047619047616,1.0,0.5416666666666666,0.5416666666666666,1.0,0.4444444444444444
4783,discriminative-attribute-state,yes,0,1.0,1.0,0.6363636363636364,0.4909090909090909,1.0,1.0,0.4,0.4,0.6883116883116883,1.0,0.675,0.6,0.475,0.5333333333333333
4785,discriminative-attribute-state,yes,1,0.6363636363636364,0.4909090909090909,0.0,1.0,0.4,0.4,0.0,1.0,0.5454545454545454,0.475,0.475,0.7666666666666667,1.0,0.6444444444444445
4787,discriminative-attribute-state,yes,1,0.9090909090909091,0.8181818181818182,1.0,1.0,0.2,0.6,1.0,1.0,0.9090909090909091,0.5416666666666666,0.875,0.6,1.0,0.4666666666666667
4789,discriminative-attribute-state,yes,1,0.36363636363636365,0.4909090909090909,0.0,1.0,1.0,1.0,0.4,0.4,0.6883116883116883,0.475,0.5,0.5416666666666666,0.7666666666666667,0.5333333333333333
4793,discriminative-attribute-state,yes,0,0.7272727272727273,0.5636363636363636,0.09090909090909091,0.8181818181818182,1.0,1.0,0.2,0.6,0.4935064935064935,0.675,0.475,0.5,0.7666666666666667,0.4666666666666667
4795,discriminative-attribute-state,yes,0,0.9090909090909091,0.8181818181818182,0.0,1.0,1.0,1.0,0.0,1.0,0.4805194805194805,0.875,0.5,0.5416666666666666,1.0,0.4444444444444444
4797,discriminative-attribute-state,yes,0,0.7272727272727273,0.5636363636363636,0.0,1.0,1.0,1.0,0.0,1.0,0.5151515151515151,0.675,0.4666666666666667,0.5416666666666666,1.0,0.4444444444444444
4799,discriminative-attribute-action,yes,0,1.0,1.0,0.9090909090909091,0.8181818181818182,1.0,1.0,0.6,0.4,0.9090909090909091,1.0,0.7666666666666667,0.875,0.675,0.6444444444444445
4801,discriminative-attribute-state,yes,0,1.0,1.0,0.09090909090909091,0.8181818181818182,1.0,1.0,0.0,1.0,0.4805194805194805,1.0,0.5416666666666666,0.5,0.875,0.4444444444444444
4803,discriminative-attribute-state,yes,1,0.09090909090909091,0.8181818181818182,0.9090909090909091,0.8181818181818182,0.0,1.0,1.0,1.0,0.47619047619047616,0.875,0.5,0.5,0.875,0.4444444444444444
4805,discriminative-attribute-state,yes,1,0.36363636363636365,0.4909090909090909,1.0,1.0,0.0,1.0,1.0,1.0,0.5454545454545454,0.6,0.475,0.5416666666666666,1.0,0.4444444444444444
4807,discriminative-attribute-state,yes,1,0.2727272727272727,0.5636363636363636,0.0,1.0,0.6,0.4,0.4,0.4,0.7532467532467533,0.5,0.5416666666666666,0.675,0.7666666666666667,0.4444444444444444
4811,discriminative-attribute-state,yes,0,1.0,1.0,0.09090909090909091,0.8181818181818182,1.0,1.0,0.2,0.6,0.4805194805194805,1.0,0.6,0.5,0.7666666666666667,0.4666666666666667
4813,discriminative-attribute-number,yes,0,1.0,1.0,1.0,1.0,1.0,1.0,0.4,0.4,1.0,1.0,0.675,1.0,0.675,0.5333333333333333
4815,discriminative-attribute-number,yes,1,0.09090909090909091,0.8181818181818182,0.2727272727272727,0.5636363636363636,0.0,1.0,0.8,0.6,0.6883116883116883,0.875,0.5416666666666666,0.675,0.475,0.4666666666666667
4817,discriminative-attribute-state,yes,1,0.0,1.0,1.0,1.0,0.0,1.0,1.0,1.0,0.47619047619047616,1.0,0.5416666666666666,0.5416666666666666,1.0,0.4444444444444444
4819,discriminative-attribute-state,yes,0,1.0,1.0,0.0,1.0,1.0,1.0,0.0,1.0,0.47619047619047616,1.0,0.5416666666666666,0.5416666666666666,1.0,0.4444444444444444
4821,discriminative-attribute-state,yes,0,1.0,1.0,0.0,1.0,1.0,1.0,0.0,1.0,0.47619047619047616,1.0,0.5416666666666666,0.5416666666666666,1.0,0.4444444444444444
4823,discriminative-attribute-number,yes,1,0.0,1.0,0.5454545454545454,0.45454545454545453,0.0,1.0,0.8,0.6,0.5844155844155844,1.0,0.6,0.5,0.5,0.4666666666666667
4825,discriminative-attribute-action,yes,0,1.0,1.0,0.09090909090909091,0.8181818181818182,1.0,1.0,0.6,0.4,0.4805194805194805,1.0,0.7666666666666667,0.5,0.6,0.6444444444444445
4827,discriminative-attribute-state,yes,1,0.5454545454545454,0.45454545454545453,1.0,1.0,0.2,0.6,1.0,1.0,0.6320346320346321,0.475,0.5416666666666666,0.6,1.0,0.4666666666666667
4829,discriminative-attribute-state,yes,1,1.0,1.0,1.0,1.0,0.6,0.4,1.0,1.0,1.0,0.7666666666666667,1.0,0.7666666666666667,1.0,0.6444444444444445
4831,discriminative-attribute-state,yes,0,0.7272727272727273,0.5636363636363636,0.0,1.0,1.0,1.0,0.2,0.6,0.5151515151515151,0.675,0.475,0.5416666666666666,0.875,0.4666666666666667
4833,discriminative-attribute-state,yes,0,1.0,1.0,0.0,1.0,1.0,1.0,0.6,0.4,0.47619047619047616,1.0,0.7666666666666667,0.5416666666666666,0.675,0.6444444444444445
4835,discriminative-attribute-state,yes,0,0.7272727272727273,0.5636363636363636,0.2727272727272727,0.5636363636363636,1.0,1.0,0.2,0.6,0.47619047619047616,0.675,0.475,0.4666666666666667,0.6,0.4666666666666667
4837,discriminative-attribute-state,yes,1,0.0,1.0,0.9090909090909091,0.8181818181818182,0.0,1.0,0.6,0.4,0.4805194805194805,1.0,0.675,0.5,0.675,0.5333333333333333
4839,discriminative-attribute-state,yes,1,0.5454545454545454,0.45454545454545453,0.7272727272727273,0.5636363636363636,0.0,1.0,1.0,1.0,0.5151515151515151,0.5,0.5416666666666666,0.4666666666666667,0.675,0.4444444444444444
4841,discriminative-attribute-state,yes,0,1.0,1.0,0.0,1.0,1.0,1.0,0.0,1.0,0.47619047619047616,1.0,0.5416666666666666,0.5416666666666666,1.0,0.4444444444444444
4843,discriminative-attribute-state,yes,0,1.0,1.0,0.09090909090909091,0.8181818181818182,1.0,1.0,0.2,0.6,0.4805194805194805,1.0,0.6,0.5,0.7666666666666667,0.4666666666666667
4847,discriminative-attribute-state,yes,1,0.5454545454545454,0.45454545454545453,0.2727272727272727,0.5636363636363636,0.6,0.4,0.8,0.6,0.4935064935064935,0.475,0.5,0.5,0.475,0.5333333333333333
4849,discriminative-attribute-number,yes,0,1.0,1.0,0.09090909090909091,0.8181818181818182,1.0,1.0,0.0,1.0,0.4805194805194805,1.0,0.5416666666666666,0.5,0.875,0.4444444444444444
4851,discriminative-attribute-state,yes,0,1.0,1.0,0.0,1.0,1.0,1.0,0.0,1.0,0.47619047619047616,1.0,0.5416666666666666,0.5416666666666666,1.0,0.4444444444444444
4853,discriminative-attribute-state,yes,0,1.0,1.0,0.0,1.0,1.0,1.0,0.0,1.0,0.47619047619047616,1.0,0.5416666666666666,0.5416666666666666,1.0,0.4444444444444444
4855,discriminative-attribute-number,yes,0,1.0,1.0,0.09090909090909091,0.8181818181818182,1.0,1.0,0.0,1.0,0.4805194805194805,1.0,0.5416666666666666,0.5,0.875,0.4444444444444444
4857,discriminative-attribute-state,yes,0,1.0,1.0,0.0,1.0,1.0,1.0,0.0,1.0,0.47619047619047616,1.0,0.5416666666666666,0.5416666666666666,1.0,0.4444444444444444
4859,discriminative-attribute-state,yes,1,0.2727272727272727,0.5636363636363636,0.2727272727272727,0.5636363636363636,0.0,1.0,0.4,0.4,0.5844155844155844,0.675,0.5416666666666666,0.675,0.5416666666666666,0.6444444444444445
4863,discriminative-attribute-state,yes,0,0.9090909090909091,0.8181818181818182,0.0,1.0,1.0,1.0,0.0,1.0,0.4805194805194805,0.875,0.5,0.5416666666666666,1.0,0.4444444444444444
4865,discriminative-attribute-state,yes,1,0.0,1.0,1.0,1.0,0.0,1.0,0.8,0.6,0.47619047619047616,1.0,0.6,0.5416666666666666,0.875,0.4666666666666667
4867,discriminative-attribute-state,yes,0,0.7272727272727273,0.5636363636363636,0.0,1.0,1.0,1.0,0.0,1.0,0.5151515151515151,0.675,0.4666666666666667,0.5416666666666666,1.0,0.4444444444444444
4869,discriminative-attribute-state,yes,1,0.36363636363636365,0.4909090909090909,0.9090909090909091,0.8181818181818182,0.2,0.6,0.6,0.4,0.5151515151515151,0.5416666666666666,0.475,0.5416666666666666,0.675,0.4666666666666667
4871,discriminative-attribute-number,yes,0,1.0,1.0,0.2727272727272727,0.5636363636363636,1.0,1.0,0.2,0.6,0.5151515151515151,1.0,0.6,0.4666666666666667,0.6,0.4666666666666667
4873,discriminative-attribute-state,yes,0,1.0,1.0,0.18181818181818182,0.6727272727272727,1.0,1.0,0.2,0.6,0.4935064935064935,1.0,0.6,0.475,0.675,0.4666666666666667
4875,discriminative-attribute-state,yes,1,0.0,1.0,0.8181818181818182,0.6727272727272727,0.0,1.0,1.0,1.0,0.4935064935064935,1.0,0.5416666666666666,0.475,0.7666666666666667,0.4444444444444444
4877,discriminative-attribute-number,yes,1,0.0,1.0,0.09090909090909091,0.8181818181818182,0.0,1.0,0.8,0.6,0.9090909090909091,1.0,0.6,0.875,0.5416666666666666,0.4666666666666667
4879,discriminative-attribute-number,yes,1,0.18181818181818182,0.6727272727272727,0.0,1.0,0.0,1.0,0.8,0.6,0.8268398268398268,0.7666666666666667,0.5,1.0,0.6,0.4666666666666667
4881,discriminative-attribute-state,yes,0,1.0,1.0,0.2727272727272727,0.5636363636363636,1.0,1.0,0.0,1.0,0.5151515151515151,1.0,0.5416666666666666,0.4666666666666667,0.675,0.4444444444444444
4883,discriminative-attribute-state,yes,1,0.18181818181818182,0.6727272727272727,0.8181818181818182,0.6727272727272727,0.0,1.0,1.0,1.0,0.47619047619047616,0.7666666666666667,0.475,0.475,0.7666666666666667,0.4444444444444444
4885,discriminative-attribute-action,yes,0,1.0,1.0,0.0,1.0,1.0,1.0,0.0,1.0,0.47619047619047616,1.0,0.5416666666666666,0.5416666666666666,1.0,0.4444444444444444
4887,discriminative-attribute-action,yes,0,1.0,1.0,0.18181818181818182,0.6727272727272727,1.0,1.0,0.0,1.0,0.4935064935064935,1.0,0.5416666666666666,0.475,0.7666666666666667,0.4444444444444444
4889,discriminative-attribute-number,yes,0,1.0,1.0,0.18181818181818182,0.6727272727272727,1.0,1.0,0.8,0.6,0.4935064935064935,1.0,0.875,0.475,0.5,0.8
4891,discriminative-attribute-state,yes,0,1.0,1.0,0.0,1.0,1.0,1.0,0.0,1.0,0.47619047619047616,1.0,0.5416666666666666,0.5416666666666666,1.0,0.4444444444444444
4893,discriminative-attribute-state,yes,0,1.0,1.0,0.09090909090909091,0.8181818181818182,1.0,1.0,0.6,0.4,0.4805194805194805,1.0,0.7666666666666667,0.5,0.6,0.6444444444444445
4895,discriminative-attribute-state,yes,1,0.18181818181818182,0.6727272727272727,1.0,1.0,0.0,1.0,1.0,1.0,0.4935064935064935,0.7666666666666667,0.475,0.5416666666666666,1.0,0.4444444444444444
4897,discriminative-attribute-action,yes,1,0.09090909090909091,0.8181818181818182,1.0,1.0,0.0,1.0,0.8,0.6,0.4805194805194805,0.875,0.5416666666666666,0.5416666666666666,0.875,0.4666666666666667
4899,discriminative-attribute-number,yes,0,1.0,1.0,0.18181818181818182,0.6727272727272727,1.0,1.0,0.0,1.0,0.4935064935064935,1.0,0.5416666666666666,0.475,0.7666666666666667,0.4444444444444444
4901,discriminative-attribute-state,yes,1,0.0,1.0,1.0,1.0,0.0,1.0,1.0,1.0,0.47619047619047616,1.0,0.5416666666666666,0.5416666666666666,1.0,0.4444444444444444
4903,discriminative-attribute-state,yes,0,0.7272727272727273,0.5636363636363636,0.0,1.0,1.0,1.0,0.0,1.0,0.5151515151515151,0.675,0.4666666666666667,0.5416666666666666,1.0,0.4444444444444444
4905,discriminative-attribute-state,yes,1,0.36363636363636365,0.4909090909090909,1.0,1.0,0.0,1.0,1.0,1.0,0.5454545454545454,0.6,0.475,0.5416666666666666,1.0,0.4444444444444444
4907,discriminative-attribute-state,yes,1,0.0,1.0,1.0,1.0,0.0,1.0,1.0,1.0,0.47619047619047616,1.0,0.5416666666666666,0.5416666666666666,1.0,0.4444444444444444
4909,discriminative-attribute-state,yes,0,1.0,1.0,0.0,1.0,1.0,1.0,0.4,0.4,0.47619047619047616,1.0,0.675,0.5416666666666666,0.7666666666666667,0.5333333333333333
4911,discriminative-attribute-state,yes,0,1.0,1.0,0.09090909090909091,0.8181818181818182,1.0,1.0,0.0,1.0,0.4805194805194805,1.0,0.5416666666666666,0.5,0.875,0.4444444444444444
4913,discriminative-attribute-state,yes,0,1.0,1.0,0.0,1.0,1.0,1.0,0.0,1.0,0.47619047619047616,1.0,0.5416666666666666,0.5416666666666666,1.0,0.4444444444444444
4915,discriminative-attribute-action,yes,1,0.0,1.0,1.0,1.0,0.0,1.0,1.0,1.0,0.47619047619047616,1.0,0.5416666666666666,0.5416666666666666,1.0,0.4444444444444444
4917,discriminative-attribute-state,yes,1,1.0,1.0,1.0,1.0,0.6,0.4,1.0,1.0,1.0,0.7666666666666667,1.0,0.7666666666666667,1.0,0.6444444444444445
4919,discriminative-attribute-number,yes,0,1.0,1.0,1.0,1.0,1.0,1.0,0.8,0.6,1.0,1.0,0.875,1.0,0.875,0.8
4921,discriminative-attribute-action,yes,1,0.0,1.0,0.0,1.0,0.0,1.0,0.2,0.6,1.0,1.0,0.875,1.0,0.875,0.8
4923,discriminative-attribute-number,yes,0,0.7272727272727273,0.5636363636363636,1.0,1.0,0.6,0.4,0.8,0.6,0.7532467532467533,0.5416666666666666,0.6,0.7666666666666667,0.875,0.5333333333333333
4925,discriminative-attribute-state,yes,0,0.5454545454545454,0.45454545454545453,1.0,1.0,0.8,0.6,0.4,0.4,0.6320346320346321,0.5,0.4666666666666667,0.875,0.675,0.4666666666666667
4927,discriminative-attribute-number,yes,0,1.0,1.0,1.0,1.0,1.0,1.0,0.8,0.6,1.0,1.0,0.875,1.0,0.875,0.8
4929,discriminative-attribute-action,yes,0,1.0,1.0,0.09090909090909091,0.8181818181818182,1.0,1.0,0.4,0.4,0.4805194805194805,1.0,0.675,0.5,0.675,0.5333333333333333
4931,discriminative-attribute-state,yes,0,1.0,1.0,0.0,1.0,1.0,1.0,0.0,1.0,0.47619047619047616,1.0,0.5416666666666666,0.5416666666666666,1.0,0.4444444444444444
4935,discriminative-attribute-state,yes,0,1.0,1.0,0.0,1.0,1.0,1.0,0.0,1.0,0.47619047619047616,1.0,0.5416666666666666,0.5416666666666666,1.0,0.4444444444444444
4937,discriminative-attribute-state,yes,0,1.0,1.0,0.0,1.0,1.0,1.0,0.0,1.0,0.47619047619047616,1.0,0.5416666666666666,0.5416666666666666,1.0,0.4444444444444444
4939,discriminative-attribute-state,yes,0,1.0,1.0,0.0,1.0,0.6,0.4,0.0,1.0,0.47619047619047616,0.7666666666666667,0.5416666666666666,0.675,1.0,0.5333333333333333
4941,discriminative-attribute-number,yes,0,1.0,1.0,0.09090909090909091,0.8181818181818182,1.0,1.0,0.4,0.4,0.4805194805194805,1.0,0.675,0.5,0.675,0.5333333333333333
4943,discriminative-attribute-action,yes,0,1.0,1.0,0.0,1.0,1.0,1.0,0.0,1.0,0.47619047619047616,1.0,0.5416666666666666,0.5416666666666666,1.0,0.4444444444444444
4945,discriminative-attribute-state,yes,0,1.0,1.0,0.0,1.0,1.0,1.0,0.0,1.0,0.47619047619047616,1.0,0.5416666666666666,0.5416666666666666,1.0,0.4444444444444444
4947,discriminative-attribute-state,yes,0,1.0,1.0,0.0,1.0,1.0,1.0,0.0,1.0,0.47619047619047616,1.0,0.5416666666666666,0.5416666666666666,1.0,0.4444444444444444
4949,discriminative-attribute-number,yes,0,1.0,1.0,0.09090909090909091,0.8181818181818182,1.0,1.0,0.6,0.4,0.4805194805194805,1.0,0.7666666666666667,0.5,0.6,0.6444444444444445
4953,discriminative-attribute-action,yes,0,1.0,1.0,0.36363636363636365,0.4909090909090909,1.0,1.0,0.2,0.6,0.5454545454545454,1.0,0.6,0.475,0.5416666666666666,0.4666666666666667
4955,discriminative-attribute-number,yes,0,1.0,1.0,0.36363636363636365,0.4909090909090909,1.0,1.0,0.2,0.6,0.5454545454545454,1.0,0.6,0.475,0.5416666666666666,0.4666666666666667
4957,discriminative-attribute-state,yes,0,1.0,1.0,0.45454545454545453,0.45454545454545453,1.0,1.0,0.2,0.6,0.5844155844155844,1.0,0.6,0.5,0.5,0.4666666666666667
4959,discriminative-attribute-number,yes,0,1.0,1.0,0.45454545454545453,0.45454545454545453,1.0,1.0,0.4,0.4,0.5844155844155844,1.0,0.675,0.5,0.475,0.5333333333333333
4961,discriminative-attribute-number,yes,0,1.0,1.0,0.0,1.0,1.0,1.0,0.0,1.0,0.47619047619047616,1.0,0.5416666666666666,0.5416666666666666,1.0,0.4444444444444444
4963,discriminative-attribute-state,yes,0,1.0,1.0,0.0,1.0,1.0,1.0,0.0,1.0,0.47619047619047616,1.0,0.5416666666666666,0.5416666666666666,1.0,0.4444444444444444
4965,discriminative-attribute-action,yes,0,1.0,1.0,0.0,1.0,1.0,1.0,0.0,1.0,0.47619047619047616,1.0,0.5416666666666666,0.5416666666666666,1.0,0.4444444444444444
4967,discriminative-attribute-state,yes,0,1.0,1.0,0.0,1.0,1.0,1.0,0.0,1.0,0.47619047619047616,1.0,0.5416666666666666,0.5416666666666666,1.0,0.4444444444444444
4969,discriminative-attribute-number,yes,0,1.0,1.0,0.09090909090909091,0.8181818181818182,1.0,1.0,0.0,1.0,0.4805194805194805,1.0,0.5416666666666666,0.5,0.875,0.4444444444444444
4971,discriminative-attribute-action,yes,0,1.0,1.0,0.36363636363636365,0.4909090909090909,1.0,1.0,0.0,1.0,0.5454545454545454,1.0,0.5416666666666666,0.475,0.6,0.4444444444444444
4973,discriminative-attribute-number,yes,1,0.0,1.0,0.6363636363636364,0.4909090909090909,0.0,1.0,1.0,1.0,0.5454545454545454,1.0,0.5416666666666666,0.475,0.6,0.4444444444444444
4975,discriminative-attribute-state,yes,0,0.9090909090909091,0.8181818181818182,0.0,1.0,1.0,1.0,0.0,1.0,0.4805194805194805,0.875,0.5,0.5416666666666666,1.0,0.4444444444444444
4977,discriminative-attribute-state,yes,0,1.0,1.0,0.09090909090909091,0.8181818181818182,0.6,0.4,0.0,1.0,0.4805194805194805,0.7666666666666667,0.5416666666666666,0.6,0.875,0.5333333333333333
4979,discriminative-attribute-number,yes,1,0.09090909090909091,0.8181818181818182,0.0,1.0,0.0,1.0,0.4,0.4,0.9090909090909091,0.875,0.675,1.0,0.7666666666666667,0.6444444444444445
4981,discriminative-attribute-state,yes,0,1.0,1.0,0.09090909090909091,0.8181818181818182,1.0,1.0,0.0,1.0,0.4805194805194805,1.0,0.5416666666666666,0.5,0.875,0.4444444444444444
4983,discriminative-attribute-state,yes,1,0.7272727272727273,0.5636363636363636,1.0,1.0,0.0,1.0,1.0,1.0,0.7532467532467533,0.4666666666666667,0.675,0.5416666666666666,1.0,0.4444444444444444
4985,discriminative-attribute-number,yes,0,1.0,1.0,0.0,1.0,1.0,1.0,0.4,0.4,0.47619047619047616,1.0,0.675,0.5416666666666666,0.7666666666666667,0.5333333333333333
4987,discriminative-attribute-action,yes,0,1.0,1.0,0.0,1.0,1.0,1.0,0.0,1.0,0.47619047619047616,1.0,0.5416666666666666,0.5416666666666666,1.0,0.4444444444444444
4989,discriminative-attribute-state,yes,0,1.0,1.0,0.0,1.0,1.0,1.0,0.2,0.6,0.47619047619047616,1.0,0.6,0.5416666666666666,0.875,0.4666666666666667
4991,discriminative-attribute-state,yes,0,1.0,1.0,0.0,1.0,1.0,1.0,0.0,1.0,0.47619047619047616,1.0,0.5416666666666666,0.5416666666666666,1.0,0.4444444444444444
4993,discriminative-attribute-state,yes,1,0.2727272727272727,0.5636363636363636,0.9090909090909091,0.8181818181818182,0.2,0.6,1.0,1.0,0.4935064935064935,0.6,0.4666666666666667,0.5416666666666666,0.875,0.4666666666666667
4995,discriminative-attribute-number,yes,0,1.0,1.0,0.18181818181818182,0.6727272727272727,1.0,1.0,0.8,0.6,0.4935064935064935,1.0,0.875,0.475,0.5,0.8
4997,discriminative-attribute-state,yes,0,1.0,1.0,0.0,1.0,1.0,1.0,0.0,1.0,0.47619047619047616,1.0,0.5416666666666666,0.5416666666666666,1.0,0.4444444444444444
4999,discriminative-attribute-number,yes,0,1.0,1.0,0.0,1.0,1.0,1.0,0.2,0.6,0.47619047619047616,1.0,0.6,0.5416666666666666,0.875,0.4666666666666667
5001,discriminative-attribute-state,yes,0,1.0,1.0,0.0,1.0,1.0,1.0,0.0,1.0,0.47619047619047616,1.0,0.5416666666666666,0.5416666666666666,1.0,0.4444444444444444
5003,discriminative-attribute-state,yes,0,0.8181818181818182,0.6727272727272727,0.0,1.0,1.0,1.0,0.0,1.0,0.4935064935064935,0.7666666666666667,0.475,0.5416666666666666,1.0,0.4444444444444444
5005,discriminative-attribute-number,yes,0,1.0,1.0,0.18181818181818182,0.6727272727272727,1.0,1.0,0.0,1.0,0.4935064935064935,1.0,0.5416666666666666,0.475,0.7666666666666667,0.4444444444444444
5007,discriminative-attribute-number,yes,0,1.0,1.0,0.36363636363636365,0.4909090909090909,1.0,1.0,0.4,0.4,0.5454545454545454,1.0,0.675,0.475,0.5,0.5333333333333333
5009,discriminative-attribute-state,yes,0,1.0,1.0,0.0,1.0,1.0,1.0,0.0,1.0,0.47619047619047616,1.0,0.5416666666666666,0.5416666666666666,1.0,0.4444444444444444
5013,discriminative-attribute-number,yes,0,1.0,1.0,0.0,1.0,1.0,1.0,0.0,1.0,0.47619047619047616,1.0,0.5416666666666666,0.5416666666666666,1.0,0.4444444444444444
5015,discriminative-attribute-state,yes,0,1.0,1.0,0.0,1.0,1.0,1.0,0.0,1.0,0.47619047619047616,1.0,0.5416666666666666,0.5416666666666666,1.0,0.4444444444444444
5017,discriminative-attribute-state,yes,0,1.0,1.0,0.0,1.0,1.0,1.0,0.0,1.0,0.47619047619047616,1.0,0.5416666666666666,0.5416666666666666,1.0,0.4444444444444444
5019,discriminative-attribute-state,yes,1,0.0,1.0,1.0,1.0,0.0,1.0,1.0,1.0,0.47619047619047616,1.0,0.5416666666666666,0.5416666666666666,1.0,0.4444444444444444
5021,discriminative-attribute-state,yes,0,1.0,1.0,0.0,1.0,1.0,1.0,0.0,1.0,0.47619047619047616,1.0,0.5416666666666666,0.5416666666666666,1.0,0.4444444444444444
5023,discriminative-attribute-number,yes,0,1.0,1.0,0.2727272727272727,0.5636363636363636,1.0,1.0,0.8,0.6,0.5151515151515151,1.0,0.875,0.4666666666666667,0.475,0.8
5025,discriminative-attribute-action,yes,0,1.0,1.0,0.0,1.0,1.0,1.0,0.0,1.0,0.47619047619047616,1.0,0.5416666666666666,0.5416666666666666,1.0,0.4444444444444444
5027,discriminative-attribute-state,yes,1,0.0,1.0,1.0,1.0,0.0,1.0,1.0,1.0,0.47619047619047616,1.0,0.5416666666666666,0.5416666666666666,1.0,0.4444444444444444
5029,discriminative-attribute-state,yes,0,1.0,1.0,0.0,1.0,1.0,1.0,0.0,1.0,0.47619047619047616,1.0,0.5416666666666666,0.5416666666666666,1.0,0.4444444444444444
5031,discriminative-attribute-state,yes,0,1.0,1.0,0.0,1.0,1.0,1.0,0.0,1.0,0.47619047619047616,1.0,0.5416666666666666,0.5416666666666666,1.0,0.4444444444444444
5033,discriminative-attribute-state,yes,1,0.5454545454545454,0.45454545454545453,0.18181818181818182,0.6727272727272727,0.0,1.0,0.4,0.4,0.5151515151515151,0.5,0.4666666666666667,0.7666666666666667,0.6,0.6444444444444445
5035,discriminative-attribute-action,yes,1,0.0,1.0,1.0,1.0,0.0,1.0,1.0,1.0,0.47619047619047616,1.0,0.5416666666666666,0.5416666666666666,1.0,0.4444444444444444
5037,discriminative-attribute-number,yes,0,0.9090909090909091,0.8181818181818182,0.09090909090909091,0.8181818181818182,1.0,1.0,0.0,1.0,0.47619047619047616,0.875,0.5,0.5,0.875,0.4444444444444444
5041,discriminative-attribute-state,yes,1,0.0,1.0,1.0,1.0,0.0,1.0,1.0,1.0,0.47619047619047616,1.0,0.5416666666666666,0.5416666666666666,1.0,0.4444444444444444
5043,discriminative-attribute-state,yes,0,0.9090909090909091,0.8181818181818182,0.09090909090909091,0.8181818181818182,1.0,1.0,0.0,1.0,0.47619047619047616,0.875,0.5,0.5,0.875,0.4444444444444444
5045,discriminative-attribute-state,yes,1,0.09090909090909091,0.8181818181818182,0.9090909090909091,0.8181818181818182,0.0,1.0,1.0,1.0,0.47619047619047616,0.875,0.5,0.5,0.875,0.4444444444444444
5047,discriminative-attribute-state,yes,0,1.0,1.0,0.0,1.0,1.0,1.0,0.0,1.0,0.47619047619047616,1.0,0.5416666666666666,0.5416666666666666,1.0,0.4444444444444444
5049,discriminative-attribute-number,yes,0,1.0,1.0,0.09090909090909091,0.8181818181818182,1.0,1.0,0.0,1.0,0.4805194805194805,1.0,0.5416666666666666,0.5,0.875,0.4444444444444444
5053,discriminative-attribute-number,yes,1,0.7272727272727273,0.5636363636363636,0.6363636363636364,0.4909090909090909,0.2,0.6,1.0,1.0,0.5454545454545454,0.475,0.675,0.4666666666666667,0.6,0.4666666666666667
5055,discriminative-attribute-action,yes,0,1.0,1.0,0.0,1.0,1.0,1.0,0.0,1.0,0.47619047619047616,1.0,0.5416666666666666,0.5416666666666666,1.0,0.4444444444444444
5057,discriminative-attribute-number,yes,0,1.0,1.0,0.18181818181818182,0.6727272727272727,1.0,1.0,0.2,0.6,0.4935064935064935,1.0,0.6,0.475,0.675,0.4666666666666667
5059,discriminative-attribute-state,yes,1,0.2727272727272727,0.5636363636363636,1.0,1.0,0.0,1.0,1.0,1.0,0.5151515151515151,0.675,0.4666666666666667,0.5416666666666666,1.0,0.4444444444444444
5061,discriminative-attribute-state,yes,0,1.0,1.0,0.09090909090909091,0.8181818181818182,1.0,1.0,0.0,1.0,0.4805194805194805,1.0,0.5416666666666666,0.5,0.875,0.4444444444444444
5063,discriminative-attribute-number,yes,0,1.0,1.0,0.09090909090909091,0.8181818181818182,1.0,1.0,0.4,0.4,0.4805194805194805,1.0,0.675,0.5,0.675,0.5333333333333333
5065,discriminative-attribute-state,yes,1,0.09090909090909091,0.8181818181818182,1.0,1.0,0.0,1.0,1.0,1.0,0.4805194805194805,0.875,0.5,0.5416666666666666,1.0,0.4444444444444444
5067,discriminative-attribute-state,yes,0,1.0,1.0,0.0,1.0,1.0,1.0,0.0,1.0,0.47619047619047616,1.0,0.5416666666666666,0.5416666666666666,1.0,0.4444444444444444
5069,discriminative-attribute-state,yes,1,0.18181818181818182,0.6727272727272727,1.0,1.0,0.0,1.0,1.0,1.0,0.4935064935064935,0.7666666666666667,0.475,0.5416666666666666,1.0,0.4444444444444444
5073,discriminative-attribute-state,yes,0,1.0,1.0,0.6363636363636364,0.4909090909090909,1.0,1.0,0.2,0.6,0.6883116883116883,1.0,0.6,0.6,0.4666666666666667,0.4666666666666667
5075,discriminative-attribute-state,yes,1,0.5454545454545454,0.45454545454545453,0.7272727272727273,0.5636363636363636,0.2,0.6,1.0,1.0,0.5151515151515151,0.475,0.5416666666666666,0.475,0.675,0.4666666666666667
5077,discriminative-attribute-number,yes,0,1.0,1.0,0.09090909090909091,0.8181818181818182,1.0,1.0,0.2,0.6,0.4805194805194805,1.0,0.6,0.5,0.7666666666666667,0.4666666666666667
5079,discriminative-attribute-state,yes,0,1.0,1.0,0.0,1.0,1.0,1.0,0.0,1.0,0.47619047619047616,1.0,0.5416666666666666,0.5416666666666666,1.0,0.4444444444444444
5081,discriminative-attribute-number,yes,0,1.0,1.0,0.0,1.0,1.0,1.0,0.2,0.6,0.47619047619047616,1.0,0.6,0.5416666666666666,0.875,0.4666666666666667
5083,discriminative-attribute-state,yes,0,1.0,1.0,0.09090909090909091,0.8181818181818182,1.0,1.0,0.2,0.6,0.4805194805194805,1.0,0.6,0.5,0.7666666666666667,0.4666666666666667
5085,discriminative-attribute-state,yes,1,0.09090909090909091,0.8181818181818182,1.0,1.0,0.0,1.0,1.0,1.0,0.4805194805194805,0.875,0.5,0.5416666666666666,1.0,0.4444444444444444
5087,discriminative-attribute-state,yes,0,1.0,1.0,0.0,1.0,1.0,1.0,0.2,0.6,0.47619047619047616,1.0,0.6,0.5416666666666666,0.875,0.4666666666666667
5089,discriminative-attribute-state,yes,1,0.2727272727272727,0.5636363636363636,1.0,1.0,0.0,1.0,1.0,1.0,0.5151515151515151,0.675,0.4666666666666667,0.5416666666666666,1.0,0.4444444444444444
5091,discriminative-attribute-state,yes,1,0.0,1.0,1.0,1.0,0.0,1.0,1.0,1.0,0.47619047619047616,1.0,0.5416666666666666,0.5416666666666666,1.0,0.4444444444444444
5093,discriminative-attribute-state,yes,0,0.7272727272727273,0.5636363636363636,0.0,1.0,1.0,1.0,0.2,0.6,0.5151515151515151,0.675,0.475,0.5416666666666666,0.875,0.4666666666666667
5095,discriminative-attribute-state,yes,0,1.0,1.0,0.0,1.0,1.0,1.0,0.0,1.0,0.47619047619047616,1.0,0.5416666666666666,0.5416666666666666,1.0,0.4444444444444444
5097,discriminative-attribute-action,yes,0,0.8181818181818182,0.6727272727272727,0.2727272727272727,0.5636363636363636,1.0,1.0,0.0,1.0,0.4805194805194805,0.7666666666666667,0.475,0.4666666666666667,0.675,0.4444444444444444
5099,discriminative-attribute-number,yes,0,1.0,1.0,0.36363636363636365,0.4909090909090909,1.0,1.0,0.2,0.6,0.5454545454545454,1.0,0.6,0.475,0.5416666666666666,0.4666666666666667
5101,discriminative-attribute-state,yes,1,0.18181818181818182,0.6727272727272727,1.0,1.0,0.0,1.0,1.0,1.0,0.4935064935064935,0.7666666666666667,0.475,0.5416666666666666,1.0,0.4444444444444444
5103,discriminative-attribute-state,yes,1,0.0,1.0,0.8181818181818182,0.6727272727272727,0.0,1.0,1.0,1.0,0.4935064935064935,1.0,0.5416666666666666,0.475,0.7666666666666667,0.4444444444444444
5105,discriminative-attribute-state,yes,1,0.09090909090909091,0.8181818181818182,1.0,1.0,0.0,1.0,1.0,1.0,0.4805194805194805,0.875,0.5,0.5416666666666666,1.0,0.4444444444444444
5107,discriminative-attribute-state,yes,0,1.0,1.0,0.0,1.0,1.0,1.0,0.2,0.6,0.47619047619047616,1.0,0.6,0.5416666666666666,0.875,0.4666666666666667
5109,discriminative-attribute-state,yes,0,0.7272727272727273,0.5636363636363636,0.0,1.0,1.0,1.0,0.0,1.0,0.5151515151515151,0.675,0.4666666666666667,0.5416666666666666,1.0,0.4444444444444444
5111,discriminative-attribute-state,yes,0,0.8181818181818182,0.6727272727272727,0.0,1.0,1.0,1.0,0.0,1.0,0.4935064935064935,0.7666666666666667,0.475,0.5416666666666666,1.0,0.4444444444444444
5113,discriminative-attribute-state,yes,1,0.36363636363636365,0.4909090909090909,0.0,1.0,0.4,0.4,0.4,0.4,0.6883116883116883,0.5,0.5,0.7666666666666667,0.7666666666666667,0.4666666666666667
5115,discriminative-attribute-number,yes,0,1.0,1.0,1.0,1.0,1.0,1.0,0.2,0.6,1.0,1.0,0.6,1.0,0.6,0.4666666666666667
5117,discriminative-attribute-number,yes,0,1.0,1.0,0.8181818181818182,0.6727272727272727,1.0,1.0,0.4,0.4,0.8268398268398268,1.0,0.675,0.7666666666666667,0.5416666666666666,0.5333333333333333
5119,discriminative-attribute-state,yes,1,0.09090909090909091,0.8181818181818182,1.0,1.0,0.0,1.0,1.0,1.0,0.4805194805194805,0.875,0.5,0.5416666666666666,1.0,0.4444444444444444
5121,discriminative-attribute-number,yes,0,1.0,1.0,0.09090909090909091,0.8181818181818182,1.0,1.0,0.0,1.0,0.4805194805194805,1.0,0.5416666666666666,0.5,0.875,0.4444444444444444
5123,discriminative-attribute-state,yes,0,1.0,1.0,0.0,1.0,1.0,1.0,0.0,1.0,0.47619047619047616,1.0,0.5416666666666666,0.5416666666666666,1.0,0.4444444444444444
5125,discriminative-attribute-state,yes,0,1.0,1.0,0.0,1.0,1.0,1.0,0.2,0.6,0.47619047619047616,1.0,0.6,0.5416666666666666,0.875,0.4666666666666667
5127,discriminative-attribute-state,yes,1,0.7272727272727273,0.5636363636363636,0.9090909090909091,0.8181818181818182,0.4,0.4,0.8,0.6,0.6883116883116883,0.5,0.6,0.6,0.7666666666666667,0.4666666666666667
5129,discriminative-attribute-action,yes,0,1.0,1.0,0.0,1.0,1.0,1.0,0.0,1.0,0.47619047619047616,1.0,0.5416666666666666,0.5416666666666666,1.0,0.4444444444444444
5131,discriminative-attribute-state,yes,0,1.0,1.0,0.6363636363636364,0.4909090909090909,1.0,1.0,0.0,1.0,0.6883116883116883,1.0,0.5416666666666666,0.6,0.475,0.4444444444444444
5133,discriminative-attribute-state,yes,0,1.0,1.0,0.0,1.0,1.0,1.0,0.0,1.0,0.47619047619047616,1.0,0.5416666666666666,0.5416666666666666,1.0,0.4444444444444444
5135,discriminative-attribute-state,yes,0,1.0,1.0,0.0,1.0,1.0,1.0,0.0,1.0,0.47619047619047616,1.0,0.5416666666666666,0.5416666666666666,1.0,0.4444444444444444
5137,discriminative-attribute-state,yes,0,1.0,1.0,0.09090909090909091,0.8181818181818182,1.0,1.0,0.0,1.0,0.4805194805194805,1.0,0.5416666666666666,0.5,0.875,0.4444444444444444
5139,discriminative-attribute-state,yes,0,1.0,1.0,0.0,1.0,1.0,1.0,0.0,1.0,0.47619047619047616,1.0,0.5416666666666666,0.5416666666666666,1.0,0.4444444444444444
5141,discriminative-attribute-action,yes,0,1.0,1.0,0.0,1.0,1.0,1.0,0.0,1.0,0.47619047619047616,1.0,0.5416666666666666,0.5416666666666666,1.0,0.4444444444444444
5143,discriminative-attribute-state,yes,0,1.0,1.0,0.0,1.0,1.0,1.0,0.0,1.0,0.47619047619047616,1.0,0.5416666666666666,0.5416666666666666,1.0,0.4444444444444444
5145,discriminative-attribute-state,yes,1,0.0,1.0,1.0,1.0,0.0,1.0,1.0,1.0,0.47619047619047616,1.0,0.5416666666666666,0.5416666666666666,1.0,0.4444444444444444
5147,discriminative-attribute-state,yes,0,1.0,1.0,0.0,1.0,1.0,1.0,0.0,1.0,0.47619047619047616,1.0,0.5416666666666666,0.5416666666666666,1.0,0.4444444444444444
5149,discriminative-attribute-state,yes,1,0.0,1.0,0.0,1.0,0.0,1.0,0.4,0.4,1.0,1.0,0.7666666666666667,1.0,0.7666666666666667,0.6444444444444445
5151,discriminative-attribute-state,yes,0,0.7272727272727273,0.5636363636363636,0.09090909090909091,0.8181818181818182,1.0,1.0,0.2,0.6,0.4935064935064935,0.675,0.475,0.5,0.7666666666666667,0.4666666666666667
5153,discriminative-attribute-state,yes,0,1.0,1.0,0.0,1.0,1.0,1.0,0.0,1.0,0.47619047619047616,1.0,0.5416666666666666,0.5416666666666666,1.0,0.4444444444444444
5155,discriminative-attribute-action,yes,1,0.0,1.0,1.0,1.0,0.0,1.0,1.0,1.0,0.47619047619047616,1.0,0.5416666666666666,0.5416666666666666,1.0,0.4444444444444444
5157,discriminative-attribute-state,yes,1,0.0,1.0,1.0,1.0,0.0,1.0,1.0,1.0,0.47619047619047616,1.0,0.5416666666666666,0.5416666666666666,1.0,0.4444444444444444
5159,discriminative-attribute-state,yes,0,1.0,1.0,0.0,1.0,1.0,1.0,0.0,1.0,0.47619047619047616,1.0,0.5416666666666666,0.5416666666666666,1.0,0.4444444444444444
5161,discriminative-attribute-state,yes,1,0.0,1.0,1.0,1.0,0.0,1.0,1.0,1.0,0.47619047619047616,1.0,0.5416666666666666,0.5416666666666666,1.0,0.4444444444444444
5163,discriminative-attribute-state,yes,0,1.0,1.0,0.0,1.0,1.0,1.0,0.0,1.0,0.47619047619047616,1.0,0.5416666666666666,0.5416666666666666,1.0,0.4444444444444444
5165,discriminative-attribute-state,yes,0,1.0,1.0,0.0,1.0,1.0,1.0,0.2,0.6,0.47619047619047616,1.0,0.6,0.5416666666666666,0.875,0.4666666666666667
5167,discriminative-attribute-state,yes,0,0.5454545454545454,0.45454545454545453,0.0,1.0,0.8,0.6,0.0,1.0,0.5844155844155844,0.5,0.5,0.6,1.0,0.4666666666666667
5169,discriminative-attribute-number,yes,0,1.0,1.0,0.8181818181818182,0.6727272727272727,1.0,1.0,0.6,0.4,0.8268398268398268,1.0,0.7666666666666667,0.7666666666666667,0.6,0.6444444444444445
5171,discriminative-attribute-state,yes,0,1.0,1.0,0.09090909090909091,0.8181818181818182,1.0,1.0,0.2,0.6,0.4805194805194805,1.0,0.6,0.5,0.7666666666666667,0.4666666666666667
5173,discriminative-attribute-action,yes,0,1.0,1.0,0.0,1.0,1.0,1.0,0.0,1.0,0.47619047619047616,1.0,0.5416666666666666,0.5416666666666666,1.0,0.4444444444444444
5175,discriminative-attribute-number,yes,0,1.0,1.0,0.36363636363636365,0.4909090909090909,1.0,1.0,0.0,1.0,0.5454545454545454,1.0,0.5416666666666666,0.475,0.6,0.4444444444444444
5177,discriminative-attribute-state,yes,0,1.0,1.0,0.0,1.0,1.0,1.0,0.0,1.0,0.47619047619047616,1.0,0.5416666666666666,0.5416666666666666,1.0,0.4444444444444444
5179,discriminative-attribute-state,yes,0,0.7272727272727273,0.5636363636363636,0.18181818181818182,0.6727272727272727,1.0,1.0,0.0,1.0,0.4805194805194805,0.675,0.4666666666666667,0.475,0.7666666666666667,0.4444444444444444
5181,discriminative-attribute-state,yes,1,0.8181818181818182,0.6727272727272727,1.0,1.0,0.0,1.0,1.0,1.0,0.8268398268398268,0.475,0.7666666666666667,0.5416666666666666,1.0,0.4444444444444444
5183,discriminative-attribute-state,yes,1,0.36363636363636365,0.4909090909090909,0.45454545454545453,0.45454545454545453,0.0,1.0,1.0,1.0,0.4935064935064935,0.6,0.475,0.5416666666666666,0.5,0.4444444444444444
5185,discriminative-attribute-state,yes,0,1.0,1.0,0.0,1.0,1.0,1.0,0.0,1.0,0.47619047619047616,1.0,0.5416666666666666,0.5416666666666666,1.0,0.4444444444444444
5187,discriminative-attribute-action,yes,0,1.0,1.0,0.18181818181818182,0.6727272727272727,1.0,1.0,0.2,0.6,0.4935064935064935,1.0,0.6,0.475,0.675,0.4666666666666667
5189,discriminative-attribute-number,yes,0,1.0,1.0,0.9090909090909091,0.8181818181818182,1.0,1.0,0.2,0.6,0.9090909090909091,1.0,0.6,0.875,0.5416666666666666,0.4666666666666667
5191,discriminative-attribute-state,yes,1,0.0,1.0,1.0,1.0,0.0,1.0,1.0,1.0,0.47619047619047616,1.0,0.5416666666666666,0.5416666666666666,1.0,0.4444444444444444
5193,discriminative-attribute-action,yes,0,1.0,1.0,0.0,1.0,1.0,1.0,0.0,1.0,0.47619047619047616,1.0,0.5416666666666666,0.5416666666666666,1.0,0.4444444444444444
5195,discriminative-attribute-state,yes,0,1.0,1.0,0.0,1.0,1.0,1.0,0.0,1.0,0.47619047619047616,1.0,0.5416666666666666,0.5416666666666666,1.0,0.4444444444444444
5197,discriminative-attribute-state,yes,1,0.09090909090909091,0.8181818181818182,1.0,1.0,0.0,1.0,1.0,1.0,0.4805194805194805,0.875,0.5,0.5416666666666666,1.0,0.4444444444444444
5199,discriminative-attribute-state,yes,0,0.9090909090909091,0.8181818181818182,0.0,1.0,1.0,1.0,0.0,1.0,0.4805194805194805,0.875,0.5,0.5416666666666666,1.0,0.4444444444444444
5201,discriminative-attribute-state,yes,0,1.0,1.0,0.0,1.0,1.0,1.0,0.0,1.0,0.47619047619047616,1.0,0.5416666666666666,0.5416666666666666,1.0,0.4444444444444444
5203,discriminative-attribute-number,yes,0,0.9090909090909091,0.8181818181818182,1.0,1.0,1.0,1.0,0.4,0.4,0.9090909090909091,0.875,0.6,1.0,0.675,0.5333333333333333
5205,discriminative-attribute-number,yes,0,0.7272727272727273,0.5636363636363636,0.36363636363636365,0.4909090909090909,1.0,1.0,0.4,0.4,0.4805194805194805,0.675,0.5,0.475,0.5,0.5333333333333333
5207,discriminative-attribute-state,yes,0,1.0,1.0,1.0,1.0,1.0,1.0,0.6,0.4,1.0,1.0,0.7666666666666667,1.0,0.7666666666666667,0.6444444444444445
5209,discriminative-attribute-state,yes,0,1.0,1.0,0.0,1.0,1.0,1.0,0.0,1.0,0.47619047619047616,1.0,0.5416666666666666,0.5416666666666666,1.0,0.4444444444444444
5211,discriminative-attribute-number,yes,0,1.0,1.0,0.09090909090909091,0.8181818181818182,1.0,1.0,0.4,0.4,0.4805194805194805,1.0,0.675,0.5,0.675,0.5333333333333333
5213,discriminative-attribute-state,yes,0,1.0,1.0,0.0,1.0,1.0,1.0,0.0,1.0,0.47619047619047616,1.0,0.5416666666666666,0.5416666666666666,1.0,0.4444444444444444
5215,discriminative-attribute-state,yes,0,1.0,1.0,0.0,1.0,1.0,1.0,0.0,1.0,0.47619047619047616,1.0,0.5416666666666666,0.5416666666666666,1.0,0.4444444444444444
5217,discriminative-attribute-state,yes,0,1.0,1.0,0.0,1.0,1.0,1.0,0.0,1.0,0.47619047619047616,1.0,0.5416666666666666,0.5416666666666666,1.0,0.4444444444444444
5219,discriminative-attribute-state,yes,1,0.0,1.0,1.0,1.0,0.0,1.0,1.0,1.0,0.47619047619047616,1.0,0.5416666666666666,0.5416666666666666,1.0,0.4444444444444444
5221,discriminative-attribute-state,yes,1,0.09090909090909091,0.8181818181818182,1.0,1.0,0.0,1.0,1.0,1.0,0.4805194805194805,0.875,0.5,0.5416666666666666,1.0,0.4444444444444444
5225,discriminative-attribute-state,yes,0,1.0,1.0,0.0,1.0,1.0,1.0,0.0,1.0,0.47619047619047616,1.0,0.5416666666666666,0.5416666666666666,1.0,0.4444444444444444
5227,discriminative-attribute-state,yes,1,0.09090909090909091,0.8181818181818182,0.9090909090909091,0.8181818181818182,0.0,1.0,1.0,1.0,0.47619047619047616,0.875,0.5,0.5,0.875,0.4444444444444444
5231,discriminative-attribute-state,yes,0,1.0,1.0,0.2727272727272727,0.5636363636363636,1.0,1.0,0.2,0.6,0.5151515151515151,1.0,0.6,0.4666666666666667,0.6,0.4666666666666667
5233,discriminative-attribute-state,yes,0,1.0,1.0,0.0,1.0,1.0,1.0,0.2,0.6,0.47619047619047616,1.0,0.6,0.5416666666666666,0.875,0.4666666666666667
5235,discriminative-attribute-state,yes,1,0.45454545454545453,0.45454545454545453,1.0,1.0,0.2,0.6,1.0,1.0,0.5844155844155844,0.5,0.5,0.6,1.0,0.4666666666666667
5237,discriminative-attribute-number,yes,0,1.0,1.0,0.09090909090909091,0.8181818181818182,1.0,1.0,0.2,0.6,0.4805194805194805,1.0,0.6,0.5,0.7666666666666667,0.4666666666666667
5239,discriminative-attribute-number,yes,0,1.0,1.0,0.09090909090909091,0.8181818181818182,1.0,1.0,0.0,1.0,0.4805194805194805,1.0,0.5416666666666666,0.5,0.875,0.4444444444444444
5241,discriminative-attribute-action,yes,0,1.0,1.0,0.0,1.0,1.0,1.0,0.0,1.0,0.47619047619047616,1.0,0.5416666666666666,0.5416666666666666,1.0,0.4444444444444444
5243,discriminative-attribute-state,yes,1,0.0,1.0,0.0,1.0,0.4,0.4,0.4,0.4,1.0,0.7666666666666667,0.7666666666666667,0.7666666666666667,0.7666666666666667,0.4666666666666667
5245,discriminative-attribute-state,yes,0,1.0,1.0,0.0,1.0,1.0,1.0,0.0,1.0,0.47619047619047616,1.0,0.5416666666666666,0.5416666666666666,1.0,0.4444444444444444
5247,discriminative-attribute-state,yes,0,1.0,1.0,0.09090909090909091,0.8181818181818182,1.0,1.0,0.0,1.0,0.4805194805194805,1.0,0.5416666666666666,0.5,0.875,0.4444444444444444
5249,discriminative-attribute-number,yes,0,0.9090909090909091,0.8181818181818182,1.0,1.0,1.0,1.0,0.4,0.4,0.9090909090909091,0.875,0.6,1.0,0.675,0.5333333333333333
5251,discriminative-attribute-number,yes,0,0.7272727272727273,0.5636363636363636,1.0,1.0,1.0,1.0,0.8,0.6,0.7532467532467533,0.675,0.6,1.0,0.875,0.8
5253,discriminative-attribute-state,yes,0,1.0,1.0,0.0,1.0,1.0,1.0,0.0,1.0,0.47619047619047616,1.0,0.5416666666666666,0.5416666666666666,1.0,0.4444444444444444
5255,discriminative-attribute-state,yes,0,0.8181818181818182,0.6727272727272727,0.0,1.0,0.6,0.4,0.0,1.0,0.4935064935064935,0.6,0.475,0.675,1.0,0.5333333333333333
5257,discriminative-attribute-number,yes,1,0.0,1.0,0.09090909090909091,0.8181818181818182,0.0,1.0,0.2,0.6,0.9090909090909091,1.0,0.875,0.875,0.7666666666666667,0.8
5259,discriminative-attribute-state,yes,1,0.45454545454545453,0.45454545454545453,1.0,1.0,0.0,1.0,1.0,1.0,0.5844155844155844,0.5416666666666666,0.5,0.5416666666666666,1.0,0.4444444444444444
5261,discriminative-attribute-state,yes,1,0.0,1.0,1.0,1.0,0.0,1.0,1.0,1.0,0.47619047619047616,1.0,0.5416666666666666,0.5416666666666666,1.0,0.4444444444444444
5263,discriminative-attribute-action,yes,0,1.0,1.0,0.0,1.0,1.0,1.0,0.0,1.0,0.47619047619047616,1.0,0.5416666666666666,0.5416666666666666,1.0,0.4444444444444444
5265,discriminative-attribute-number,yes,0,1.0,1.0,0.0,1.0,1.0,1.0,0.0,1.0,0.47619047619047616,1.0,0.5416666666666666,0.5416666666666666,1.0,0.4444444444444444
5267,discriminative-attribute-state,yes,1,0.0,1.0,1.0,1.0,0.0,1.0,1.0,1.0,0.47619047619047616,1.0,0.5416666666666666,0.5416666666666666,1.0,0.4444444444444444
5269,discriminative-attribute-state,yes,0,1.0,1.0,0.0,1.0,1.0,1.0,0.0,1.0,0.47619047619047616,1.0,0.5416666666666666,0.5416666666666666,1.0,0.4444444444444444
5271,discriminative-attribute-state,yes,0,1.0,1.0,0.0,1.0,1.0,1.0,0.0,1.0,0.47619047619047616,1.0,0.5416666666666666,0.5416666666666666,1.0,0.4444444444444444
5273,discriminative-attribute-state,yes,0,0.7272727272727273,0.5636363636363636,0.0,1.0,1.0,1.0,0.0,1.0,0.5151515151515151,0.675,0.4666666666666667,0.5416666666666666,1.0,0.4444444444444444
5275,discriminative-attribute-number,yes,0,1.0,1.0,0.0,1.0,1.0,1.0,0.2,0.6,0.47619047619047616,1.0,0.6,0.5416666666666666,0.875,0.4666666666666667
5277,discriminative-attribute-number,yes,0,1.0,1.0,0.09090909090909091,0.8181818181818182,1.0,1.0,0.0,1.0,0.4805194805194805,1.0,0.5416666666666666,0.5,0.875,0.4444444444444444
5279,discriminative-attribute-state,yes,1,0.09090909090909091,0.8181818181818182,1.0,1.0,0.0,1.0,1.0,1.0,0.4805194805194805,0.875,0.5,0.5416666666666666,1.0,0.4444444444444444
5281,discriminative-attribute-number,yes,0,1.0,1.0,1.0,1.0,1.0,1.0,0.4,0.4,1.0,1.0,0.675,1.0,0.675,0.5333333333333333
5283,discriminative-attribute-number,yes,1,0.0,1.0,0.0,1.0,0.2,0.6,0.6,0.4,1.0,0.875,0.675,0.875,0.675,0.4666666666666667
5285,discriminative-attribute-state,yes,0,1.0,1.0,0.0,1.0,0.6,0.4,0.0,1.0,0.47619047619047616,0.7666666666666667,0.5416666666666666,0.675,1.0,0.5333333333333333
5287,discriminative-attribute-state,yes,0,1.0,1.0,0.0,1.0,1.0,1.0,0.0,1.0,0.47619047619047616,1.0,0.5416666666666666,0.5416666666666666,1.0,0.4444444444444444
5289,discriminative-attribute-state,yes,0,1.0,1.0,0.09090909090909091,0.8181818181818182,1.0,1.0,0.0,1.0,0.4805194805194805,1.0,0.5416666666666666,0.5,0.875,0.4444444444444444
5291,discriminative-attribute-action,yes,0,1.0,1.0,0.09090909090909091,0.8181818181818182,1.0,1.0,0.4,0.4,0.4805194805194805,1.0,0.675,0.5,0.675,0.5333333333333333
5293,discriminative-attribute-state,yes,0,1.0,1.0,0.0,1.0,1.0,1.0,0.0,1.0,0.47619047619047616,1.0,0.5416666666666666,0.5416666666666666,1.0,0.4444444444444444
5295,discriminative-attribute-state,yes,0,0.9090909090909091,0.8181818181818182,0.0,1.0,1.0,1.0,0.0,1.0,0.4805194805194805,0.875,0.5,0.5416666666666666,1.0,0.4444444444444444
5297,discriminative-attribute-action,yes,0,1.0,1.0,0.6363636363636364,0.4909090909090909,1.0,1.0,0.2,0.6,0.6883116883116883,1.0,0.6,0.6,0.4666666666666667,0.4666666666666667
5299,discriminative-attribute-number,yes,0,1.0,1.0,0.09090909090909091,0.8181818181818182,1.0,1.0,0.2,0.6,0.4805194805194805,1.0,0.6,0.5,0.7666666666666667,0.4666666666666667
5301,discriminative-attribute-number,yes,0,1.0,1.0,0.09090909090909091,0.8181818181818182,1.0,1.0,0.4,0.4,0.4805194805194805,1.0,0.675,0.5,0.675,0.5333333333333333
5303,discriminative-attribute-state,yes,0,1.0,1.0,0.0,1.0,1.0,1.0,0.0,1.0,0.47619047619047616,1.0,0.5416666666666666,0.5416666666666666,1.0,0.4444444444444444
5305,discriminative-attribute-state,yes,0,1.0,1.0,0.18181818181818182,0.6727272727272727,1.0,1.0,0.0,1.0,0.4935064935064935,1.0,0.5416666666666666,0.475,0.7666666666666667,0.4444444444444444
5307,discriminative-attribute-state,yes,0,1.0,1.0,0.0,1.0,1.0,1.0,0.0,1.0,0.47619047619047616,1.0,0.5416666666666666,0.5416666666666666,1.0,0.4444444444444444
5309,discriminative-attribute-number,yes,0,1.0,1.0,0.09090909090909091,0.8181818181818182,1.0,1.0,0.0,1.0,0.4805194805194805,1.0,0.5416666666666666,0.5,0.875,0.4444444444444444
5311,discriminative-attribute-state,yes,1,0.0,1.0,1.0,1.0,0.0,1.0,1.0,1.0,0.47619047619047616,1.0,0.5416666666666666,0.5416666666666666,1.0,0.4444444444444444
5313,discriminative-attribute-state,yes,0,0.9090909090909091,0.8181818181818182,0.0,1.0,1.0,1.0,0.0,1.0,0.4805194805194805,0.875,0.5,0.5416666666666666,1.0,0.4444444444444444
5315,discriminative-attribute-state,yes,0,1.0,1.0,0.0,1.0,1.0,1.0,0.0,1.0,0.47619047619047616,1.0,0.5416666666666666,0.5416666666666666,1.0,0.4444444444444444
5317,discriminative-attribute-state,yes,0,1.0,1.0,0.09090909090909091,0.8181818181818182,1.0,1.0,0.0,1.0,0.4805194805194805,1.0,0.5416666666666666,0.5,0.875,0.4444444444444444
5319,discriminative-attribute-number,yes,0,1.0,1.0,0.0,1.0,0.8,0.6,0.2,0.6,0.47619047619047616,0.875,0.6,0.6,0.875,0.4444444444444444
5321,discriminative-attribute-state,yes,0,0.9090909090909091,0.8181818181818182,0.0,1.0,0.8,0.6,0.0,1.0,0.4805194805194805,0.7666666666666667,0.5,0.6,1.0,0.4666666666666667
5323,discriminative-attribute-state,yes,0,0.8181818181818182,0.6727272727272727,0.0,1.0,1.0,1.0,0.0,1.0,0.4935064935064935,0.7666666666666667,0.475,0.5416666666666666,1.0,0.4444444444444444
5325,discriminative-attribute-state,yes,0,0.5454545454545454,0.45454545454545453,0.0,1.0,1.0,1.0,0.0,1.0,0.5844155844155844,0.5416666666666666,0.5,0.5416666666666666,1.0,0.4444444444444444
5327,discriminative-attribute-state,yes,0,1.0,1.0,0.0,1.0,1.0,1.0,0.0,1.0,0.47619047619047616,1.0,0.5416666666666666,0.5416666666666666,1.0,0.4444444444444444
5329,discriminative-attribute-state,yes,0,1.0,1.0,0.0,1.0,1.0,1.0,0.0,1.0,0.47619047619047616,1.0,0.5416666666666666,0.5416666666666666,1.0,0.4444444444444444
5331,discriminative-attribute-state,yes,0,1.0,1.0,0.09090909090909091,0.8181818181818182,1.0,1.0,0.0,1.0,0.4805194805194805,1.0,0.5416666666666666,0.5,0.875,0.4444444444444444
5333,discriminative-attribute-number,yes,0,1.0,1.0,0.09090909090909091,0.8181818181818182,1.0,1.0,0.2,0.6,0.4805194805194805,1.0,0.6,0.5,0.7666666666666667,0.4666666666666667
5335,discriminative-attribute-state,yes,0,1.0,1.0,0.0,1.0,1.0,1.0,0.0,1.0,0.47619047619047616,1.0,0.5416666666666666,0.5416666666666666,1.0,0.4444444444444444
5337,discriminative-attribute-state,yes,1,0.36363636363636365,0.4909090909090909,1.0,1.0,0.0,1.0,1.0,1.0,0.5454545454545454,0.6,0.475,0.5416666666666666,1.0,0.4444444444444444
5339,discriminative-attribute-state,yes,1,0.0,1.0,1.0,1.0,0.0,1.0,1.0,1.0,0.47619047619047616,1.0,0.5416666666666666,0.5416666666666666,1.0,0.4444444444444444
5341,discriminative-attribute-number,yes,0,1.0,1.0,0.45454545454545453,0.45454545454545453,1.0,1.0,1.0,1.0,0.5844155844155844,1.0,1.0,0.5,0.5,1.0
5343,discriminative-attribute-state,yes,0,0.9090909090909091,0.8181818181818182,0.0,1.0,1.0,1.0,0.0,1.0,0.4805194805194805,0.875,0.5,0.5416666666666666,1.0,0.4444444444444444
5345,discriminative-attribute-state,yes,0,1.0,1.0,1.0,1.0,1.0,1.0,1.0,1.0,1.0,1.0,1.0,1.0,1.0,1.0
5347,discriminative-attribute-state,yes,0,1.0,1.0,0.0,1.0,1.0,1.0,0.0,1.0,0.47619047619047616,1.0,0.5416666666666666,0.5416666666666666,1.0,0.4444444444444444
5349,discriminative-attribute-state,yes,0,1.0,1.0,1.0,1.0,1.0,1.0,1.0,1.0,1.0,1.0,1.0,1.0,1.0,1.0
5351,discriminative-attribute-number,yes,0,1.0,1.0,0.36363636363636365,0.4909090909090909,1.0,1.0,0.4,0.4,0.5454545454545454,1.0,0.675,0.475,0.5,0.5333333333333333
5353,discriminative-attribute-number,yes,0,1.0,1.0,0.09090909090909091,0.8181818181818182,1.0,1.0,0.0,1.0,0.4805194805194805,1.0,0.5416666666666666,0.5,0.875,0.4444444444444444
5355,discriminative-attribute-state,yes,0,1.0,1.0,0.5454545454545454,0.45454545454545453,1.0,1.0,0.6,0.4,0.6320346320346321,1.0,0.7666666666666667,0.5416666666666666,0.475,0.6444444444444445
5357,discriminative-attribute-state,yes,0,0.8181818181818182,0.6727272727272727,0.0,1.0,1.0,1.0,0.0,1.0,0.4935064935064935,0.7666666666666667,0.475,0.5416666666666666,1.0,0.4444444444444444
5359,discriminative-attribute-state,yes,0,0.7272727272727273,0.5636363636363636,0.09090909090909091,0.8181818181818182,1.0,1.0,0.0,1.0,0.4935064935064935,0.675,0.4666666666666667,0.5,0.875,0.4444444444444444
5361,discriminative-attribute-number,yes,0,1.0,1.0,0.0,1.0,1.0,1.0,0.4,0.4,0.47619047619047616,1.0,0.675,0.5416666666666666,0.7666666666666667,0.5333333333333333
5363,discriminative-attribute-state,yes,1,0.0,1.0,1.0,1.0,0.0,1.0,1.0,1.0,0.47619047619047616,1.0,0.5416666666666666,0.5416666666666666,1.0,0.4444444444444444
5365,discriminative-attribute-state,yes,0,1.0,1.0,0.0,1.0,1.0,1.0,0.0,1.0,0.47619047619047616,1.0,0.5416666666666666,0.5416666666666666,1.0,0.4444444444444444
5367,discriminative-attribute-action,yes,0,1.0,1.0,0.0,1.0,1.0,1.0,0.0,1.0,0.47619047619047616,1.0,0.5416666666666666,0.5416666666666666,1.0,0.4444444444444444
5369,discriminative-attribute-state,yes,1,0.9090909090909091,0.8181818181818182,0.7272727272727273,0.5636363636363636,0.2,0.6,1.0,1.0,0.6883116883116883,0.5416666666666666,0.875,0.475,0.675,0.4666666666666667
5371,discriminative-attribute-state,yes,0,1.0,1.0,0.0,1.0,1.0,1.0,0.0,1.0,0.47619047619047616,1.0,0.5416666666666666,0.5416666666666666,1.0,0.4444444444444444
5373,discriminative-attribute-state,yes,0,0.5454545454545454,0.45454545454545453,0.0,1.0,1.0,1.0,0.0,1.0,0.5844155844155844,0.5416666666666666,0.5,0.5416666666666666,1.0,0.4444444444444444
5375,discriminative-attribute-state,yes,1,1.0,1.0,1.0,1.0,0.6,0.4,1.0,1.0,1.0,0.7666666666666667,1.0,0.7666666666666667,1.0,0.6444444444444445
5379,discriminative-attribute-state,yes,1,0.0,1.0,0.36363636363636365,0.4909090909090909,0.0,1.0,0.8,0.6,0.6883116883116883,1.0,0.6,0.6,0.4666666666666667,0.4666666666666667
5381,discriminative-attribute-state,yes,1,0.0,1.0,1.0,1.0,0.2,0.6,1.0,1.0,0.47619047619047616,0.875,0.5416666666666666,0.6,1.0,0.4666666666666667
5383,discriminative-attribute-state,yes,1,0.18181818181818182,0.6727272727272727,1.0,1.0,0.0,1.0,0.8,0.6,0.4935064935064935,0.7666666666666667,0.5,0.5416666666666666,0.875,0.4666666666666667
5385,discriminative-attribute-state,yes,0,1.0,1.0,0.0,1.0,0.6,0.4,0.0,1.0,0.47619047619047616,0.7666666666666667,0.5416666666666666,0.675,1.0,0.5333333333333333
5387,discriminative-attribute-action,yes,0,1.0,1.0,0.18181818181818182,0.6727272727272727,1.0,1.0,0.0,1.0,0.4935064935064935,1.0,0.5416666666666666,0.475,0.7666666666666667,0.4444444444444444
5391,discriminative-attribute-number,yes,1,0.0,1.0,1.0,1.0,0.0,1.0,1.0,1.0,0.47619047619047616,1.0,0.5416666666666666,0.5416666666666666,1.0,0.4444444444444444
5393,discriminative-attribute-number,yes,0,1.0,1.0,0.0,1.0,1.0,1.0,0.0,1.0,0.47619047619047616,1.0,0.5416666666666666,0.5416666666666666,1.0,0.4444444444444444
5395,discriminative-attribute-state,yes,0,0.7272727272727273,0.5636363636363636,0.0,1.0,1.0,1.0,0.0,1.0,0.5151515151515151,0.675,0.4666666666666667,0.5416666666666666,1.0,0.4444444444444444
5397,discriminative-attribute-number,yes,0,1.0,1.0,0.18181818181818182,0.6727272727272727,1.0,1.0,0.6,0.4,0.4935064935064935,1.0,0.7666666666666667,0.475,0.5416666666666666,0.6444444444444445
5399,discriminative-attribute-state,yes,1,0.0,1.0,1.0,1.0,0.0,1.0,1.0,1.0,0.47619047619047616,1.0,0.5416666666666666,0.5416666666666666,1.0,0.4444444444444444
5401,discriminative-attribute-state,yes,1,0.0,1.0,1.0,1.0,0.0,1.0,1.0,1.0,0.47619047619047616,1.0,0.5416666666666666,0.5416666666666666,1.0,0.4444444444444444
5403,discriminative-attribute-state,yes,0,1.0,1.0,0.0,1.0,1.0,1.0,0.0,1.0,0.47619047619047616,1.0,0.5416666666666666,0.5416666666666666,1.0,0.4444444444444444
5405,discriminative-attribute-state,yes,0,1.0,1.0,0.0,1.0,1.0,1.0,0.4,0.4,0.47619047619047616,1.0,0.675,0.5416666666666666,0.7666666666666667,0.5333333333333333
5407,discriminative-attribute-number,yes,0,1.0,1.0,0.2727272727272727,0.5636363636363636,1.0,1.0,0.0,1.0,0.5151515151515151,1.0,0.5416666666666666,0.4666666666666667,0.675,0.4444444444444444
5409,discriminative-attribute-state,yes,1,1.0,1.0,0.09090909090909091,0.8181818181818182,0.2,0.6,0.6,0.4,0.4805194805194805,0.6,0.7666666666666667,0.7666666666666667,0.6,0.4666666666666667
5411,discriminative-attribute-action,yes,0,1.0,1.0,0.0,1.0,1.0,1.0,0.0,1.0,0.47619047619047616,1.0,0.5416666666666666,0.5416666666666666,1.0,0.4444444444444444
5413,discriminative-attribute-state,yes,0,1.0,1.0,0.2727272727272727,0.5636363636363636,1.0,1.0,0.0,1.0,0.5151515151515151,1.0,0.5416666666666666,0.4666666666666667,0.675,0.4444444444444444
5415,discriminative-attribute-state,yes,0,1.0,1.0,0.0,1.0,1.0,1.0,0.0,1.0,0.47619047619047616,1.0,0.5416666666666666,0.5416666666666666,1.0,0.4444444444444444
5417,discriminative-attribute-state,yes,0,0.9090909090909091,0.8181818181818182,0.0,1.0,1.0,1.0,0.0,1.0,0.4805194805194805,0.875,0.5,0.5416666666666666,1.0,0.4444444444444444
5419,discriminative-attribute-state,yes,1,0.09090909090909091,0.8181818181818182,1.0,1.0,0.2,0.6,1.0,1.0,0.4805194805194805,0.7666666666666667,0.5,0.6,1.0,0.4666666666666667
5421,discriminative-attribute-number,yes,1,0.09090909090909091,0.8181818181818182,0.9090909090909091,0.8181818181818182,0.0,1.0,1.0,1.0,0.47619047619047616,0.875,0.5,0.5,0.875,0.4444444444444444
5423,discriminative-attribute-state,yes,0,1.0,1.0,0.0,1.0,1.0,1.0,0.0,1.0,0.47619047619047616,1.0,0.5416666666666666,0.5416666666666666,1.0,0.4444444444444444
5425,discriminative-attribute-state,yes,0,1.0,1.0,0.0,1.0,1.0,1.0,0.0,1.0,0.47619047619047616,1.0,0.5416666666666666,0.5416666666666666,1.0,0.4444444444444444
5427,discriminative-attribute-state,yes,0,1.0,1.0,0.0,1.0,0.8,0.6,0.0,1.0,0.47619047619047616,0.875,0.5416666666666666,0.6,1.0,0.4666666666666667
5429,discriminative-attribute-number,yes,0,0.36363636363636365,0.4909090909090909,1.0,1.0,0.8,0.6,0.2,0.6,0.5454545454545454,0.4666666666666667,0.5416666666666666,0.875,0.6,0.4444444444444444
5431,discriminative-attribute-state,yes,0,0.7272727272727273,0.5636363636363636,0.0,1.0,1.0,1.0,0.0,1.0,0.5151515151515151,0.675,0.4666666666666667,0.5416666666666666,1.0,0.4444444444444444
5433,discriminative-attribute-state,yes,1,0.0,1.0,1.0,1.0,0.0,1.0,1.0,1.0,0.47619047619047616,1.0,0.5416666666666666,0.5416666666666666,1.0,0.4444444444444444
5435,discriminative-attribute-state,yes,0,0.8181818181818182,0.6727272727272727,0.0,1.0,1.0,1.0,0.0,1.0,0.4935064935064935,0.7666666666666667,0.475,0.5416666666666666,1.0,0.4444444444444444
5437,discriminative-attribute-number,yes,0,1.0,1.0,0.09090909090909091,0.8181818181818182,1.0,1.0,0.2,0.6,0.4805194805194805,1.0,0.6,0.5,0.7666666666666667,0.4666666666666667
5439,discriminative-attribute-state,yes,0,1.0,1.0,0.0,1.0,1.0,1.0,0.0,1.0,0.47619047619047616,1.0,0.5416666666666666,0.5416666666666666,1.0,0.4444444444444444
5441,discriminative-attribute-state,yes,1,0.45454545454545453,0.45454545454545453,1.0,1.0,0.6,0.4,1.0,1.0,0.5844155844155844,0.4666666666666667,0.5,0.7666666666666667,1.0,0.6444444444444445
5443,discriminative-attribute-state,yes,0,1.0,1.0,0.0,1.0,1.0,1.0,0.0,1.0,0.47619047619047616,1.0,0.5416666666666666,0.5416666666666666,1.0,0.4444444444444444
5445,discriminative-attribute-state,yes,1,0.6363636363636364,0.4909090909090909,1.0,1.0,0.0,1.0,1.0,1.0,0.6883116883116883,0.475,0.6,0.5416666666666666,1.0,0.4444444444444444
5447,discriminative-attribute-state,yes,1,0.0,1.0,1.0,1.0,0.0,1.0,1.0,1.0,0.47619047619047616,1.0,0.5416666666666666,0.5416666666666666,1.0,0.4444444444444444
5451,discriminative-attribute-state,yes,0,1.0,1.0,0.0,1.0,1.0,1.0,0.0,1.0,0.47619047619047616,1.0,0.5416666666666666,0.5416666666666666,1.0,0.4444444444444444
5453,discriminative-attribute-action,yes,0,1.0,1.0,0.09090909090909091,0.8181818181818182,1.0,1.0,0.4,0.4,0.4805194805194805,1.0,0.675,0.5,0.675,0.5333333333333333
5455,discriminative-attribute-state,yes,0,1.0,1.0,0.0,1.0,1.0,1.0,0.2,0.6,0.47619047619047616,1.0,0.6,0.5416666666666666,0.875,0.4666666666666667
5457,discriminative-attribute-state,yes,0,0.2727272727272727,0.5636363636363636,0.09090909090909091,0.8181818181818182,0.6,0.4,0.0,1.0,0.6883116883116883,0.5,0.675,0.6,0.875,0.5333333333333333
5459,discriminative-attribute-number,yes,0,1.0,1.0,0.09090909090909091,0.8181818181818182,1.0,1.0,0.0,1.0,0.4805194805194805,1.0,0.5416666666666666,0.5,0.875,0.4444444444444444
5461,discriminative-attribute-state,yes,0,1.0,1.0,0.09090909090909091,0.8181818181818182,1.0,1.0,0.0,1.0,0.4805194805194805,1.0,0.5416666666666666,0.5,0.875,0.4444444444444444
5463,discriminative-attribute-state,yes,0,1.0,1.0,0.2727272727272727,0.5636363636363636,1.0,1.0,0.0,1.0,0.5151515151515151,1.0,0.5416666666666666,0.4666666666666667,0.675,0.4444444444444444
5465,discriminative-attribute-number,yes,0,1.0,1.0,0.0,1.0,1.0,1.0,0.2,0.6,0.47619047619047616,1.0,0.6,0.5416666666666666,0.875,0.4666666666666667
5467,discriminative-attribute-state,yes,0,1.0,1.0,0.0,1.0,1.0,1.0,0.0,1.0,0.47619047619047616,1.0,0.5416666666666666,0.5416666666666666,1.0,0.4444444444444444
5469,discriminative-attribute-state,yes,1,0.7272727272727273,0.5636363636363636,1.0,1.0,0.6,0.4,1.0,1.0,0.7532467532467533,0.5416666666666666,0.675,0.7666666666666667,1.0,0.6444444444444445
5471,discriminative-attribute-state,yes,0,1.0,1.0,0.0,1.0,1.0,1.0,0.0,1.0,0.47619047619047616,1.0,0.5416666666666666,0.5416666666666666,1.0,0.4444444444444444
5473,discriminative-attribute-action,yes,0,1.0,1.0,0.0,1.0,1.0,1.0,0.0,1.0,0.47619047619047616,1.0,0.5416666666666666,0.5416666666666666,1.0,0.4444444444444444
5475,discriminative-attribute-number,yes,0,1.0,1.0,0.18181818181818182,0.6727272727272727,1.0,1.0,0.0,1.0,0.4935064935064935,1.0,0.5416666666666666,0.475,0.7666666666666667,0.4444444444444444
5477,discriminative-attribute-state,yes,0,0.9090909090909091,0.8181818181818182,0.0,1.0,1.0,1.0,0.0,1.0,0.4805194805194805,0.875,0.5,0.5416666666666666,1.0,0.4444444444444444
5479,discriminative-attribute-action,yes,0,1.0,1.0,0.09090909090909091,0.8181818181818182,1.0,1.0,0.4,0.4,0.4805194805194805,1.0,0.675,0.5,0.675,0.5333333333333333
5481,discriminative-attribute-number,yes,0,1.0,1.0,0.18181818181818182,0.6727272727272727,1.0,1.0,0.2,0.6,0.4935064935064935,1.0,0.6,0.475,0.675,0.4666666666666667
5483,discriminative-attribute-state,yes,0,1.0,1.0,0.0,1.0,1.0,1.0,0.0,1.0,0.47619047619047616,1.0,0.5416666666666666,0.5416666666666666,1.0,0.4444444444444444
5485,discriminative-attribute-action,yes,0,1.0,1.0,0.0,1.0,1.0,1.0,0.0,1.0,0.47619047619047616,1.0,0.5416666666666666,0.5416666666666666,1.0,0.4444444444444444
5487,discriminative-attribute-number,yes,0,1.0,1.0,0.09090909090909091,0.8181818181818182,1.0,1.0,0.0,1.0,0.4805194805194805,1.0,0.5416666666666666,0.5,0.875,0.4444444444444444
5489,discriminative-attribute-state,yes,0,0.9090909090909091,0.8181818181818182,0.09090909090909091,0.8181818181818182,1.0,1.0,0.0,1.0,0.47619047619047616,0.875,0.5,0.5,0.875,0.4444444444444444
5491,discriminative-attribute-state,yes,1,0.2727272727272727,0.5636363636363636,1.0,1.0,0.0,1.0,1.0,1.0,0.5151515151515151,0.675,0.4666666666666667,0.5416666666666666,1.0,0.4444444444444444
5493,discriminative-attribute-state,yes,1,0.09090909090909091,0.8181818181818182,1.0,1.0,0.2,0.6,1.0,1.0,0.4805194805194805,0.7666666666666667,0.5,0.6,1.0,0.4666666666666667
5495,discriminative-attribute-state,yes,0,1.0,1.0,0.36363636363636365,0.4909090909090909,1.0,1.0,0.0,1.0,0.5454545454545454,1.0,0.5416666666666666,0.475,0.6,0.4444444444444444
5497,discriminative-attribute-number,yes,0,1.0,1.0,0.45454545454545453,0.45454545454545453,1.0,1.0,0.6,0.4,0.5844155844155844,1.0,0.7666666666666667,0.5,0.4666666666666667,0.6444444444444445
5499,discriminative-attribute-action,yes,0,1.0,1.0,0.0,1.0,1.0,1.0,0.0,1.0,0.47619047619047616,1.0,0.5416666666666666,0.5416666666666666,1.0,0.4444444444444444
5501,discriminative-attribute-state,yes,0,1.0,1.0,0.0,1.0,0.8,0.6,0.0,1.0,0.47619047619047616,0.875,0.5416666666666666,0.6,1.0,0.4666666666666667
5503,discriminative-attribute-number,yes,0,1.0,1.0,0.18181818181818182,0.6727272727272727,1.0,1.0,0.0,1.0,0.4935064935064935,1.0,0.5416666666666666,0.475,0.7666666666666667,0.4444444444444444
5505,discriminative-attribute-state,yes,0,1.0,1.0,0.0,1.0,1.0,1.0,0.0,1.0,0.47619047619047616,1.0,0.5416666666666666,0.5416666666666666,1.0,0.4444444444444444
5507,discriminative-attribute-state,yes,0,1.0,1.0,0.36363636363636365,0.4909090909090909,1.0,1.0,0.0,1.0,0.5454545454545454,1.0,0.5416666666666666,0.475,0.6,0.4444444444444444
5509,discriminative-attribute-number,yes,0,0.9090909090909091,0.8181818181818182,1.0,1.0,1.0,1.0,0.2,0.6,0.9090909090909091,0.875,0.5416666666666666,1.0,0.6,0.4666666666666667
5511,discriminative-attribute-number,yes,0,1.0,1.0,0.9090909090909091,0.8181818181818182,1.0,1.0,0.6,0.4,0.9090909090909091,1.0,0.7666666666666667,0.875,0.675,0.6444444444444445
5513,discriminative-attribute-state,yes,0,0.5454545454545454,0.45454545454545453,0.6363636363636364,0.4909090909090909,1.0,1.0,0.2,0.6,0.4935064935064935,0.5416666666666666,0.475,0.6,0.4666666666666667,0.4666666666666667
5515,discriminative-attribute-state,yes,0,1.0,1.0,1.0,1.0,1.0,1.0,0.8,0.6,1.0,1.0,0.875,1.0,0.875,0.8
5517,discriminative-attribute-state,yes,1,0.36363636363636365,0.4909090909090909,1.0,1.0,0.0,1.0,1.0,1.0,0.5454545454545454,0.6,0.475,0.5416666666666666,1.0,0.4444444444444444
5519,discriminative-attribute-state,yes,0,1.0,1.0,0.09090909090909091,0.8181818181818182,1.0,1.0,0.2,0.6,0.4805194805194805,1.0,0.6,0.5,0.7666666666666667,0.4666666666666667
5521,discriminative-attribute-state,yes,0,1.0,1.0,0.09090909090909091,0.8181818181818182,1.0,1.0,0.0,1.0,0.4805194805194805,1.0,0.5416666666666666,0.5,0.875,0.4444444444444444
5523,discriminative-attribute-number,yes,0,1.0,1.0,0.18181818181818182,0.6727272727272727,1.0,1.0,0.2,0.6,0.4935064935064935,1.0,0.6,0.475,0.675,0.4666666666666667
5525,discriminative-attribute-state,yes,0,1.0,1.0,0.0,1.0,1.0,1.0,0.0,1.0,0.47619047619047616,1.0,0.5416666666666666,0.5416666666666666,1.0,0.4444444444444444
5527,discriminative-attribute-number,yes,0,1.0,1.0,0.9090909090909091,0.8181818181818182,1.0,1.0,0.8,0.6,0.9090909090909091,1.0,0.875,0.875,0.7666666666666667,0.8
5529,discriminative-attribute-number,yes,0,0.8181818181818182,0.6727272727272727,1.0,1.0,1.0,1.0,0.2,0.6,0.8268398268398268,0.7666666666666667,0.5,1.0,0.6,0.4666666666666667
5531,discriminative-attribute-number,yes,0,0.6363636363636364,0.4909090909090909,1.0,1.0,1.0,1.0,0.2,0.6,0.6883116883116883,0.6,0.4666666666666667,1.0,0.6,0.4666666666666667
5533,discriminative-attribute-state,yes,0,0.8181818181818182,0.6727272727272727,0.18181818181818182,0.6727272727272727,1.0,1.0,0.2,0.6,0.47619047619047616,0.7666666666666667,0.5,0.475,0.675,0.4666666666666667
5535,discriminative-attribute-number,yes,0,1.0,1.0,1.0,1.0,1.0,1.0,1.0,1.0,1.0,1.0,1.0,1.0,1.0,1.0
5537,discriminative-attribute-number,yes,0,1.0,1.0,1.0,1.0,1.0,1.0,0.2,0.6,1.0,1.0,0.6,1.0,0.6,0.4666666666666667
5539,discriminative-attribute-state,yes,0,0.8181818181818182,0.6727272727272727,0.18181818181818182,0.6727272727272727,1.0,1.0,0.0,1.0,0.47619047619047616,0.7666666666666667,0.475,0.475,0.7666666666666667,0.4444444444444444
5541,discriminative-attribute-state,yes,0,0.6363636363636364,0.4909090909090909,0.0,1.0,1.0,1.0,0.0,1.0,0.5454545454545454,0.6,0.475,0.5416666666666666,1.0,0.4444444444444444
5543,discriminative-attribute-number,yes,0,1.0,1.0,0.45454545454545453,0.45454545454545453,1.0,1.0,0.6,0.4,0.5844155844155844,1.0,0.7666666666666667,0.5,0.4666666666666667,0.6444444444444445
5545,discriminative-attribute-state,yes,0,1.0,1.0,0.36363636363636365,0.4909090909090909,1.0,1.0,0.2,0.6,0.5454545454545454,1.0,0.6,0.475,0.5416666666666666,0.4666666666666667
5547,discriminative-attribute-state,yes,1,0.0,1.0,0.7272727272727273,0.5636363636363636,0.0,1.0,1.0,1.0,0.5151515151515151,1.0,0.5416666666666666,0.4666666666666667,0.675,0.4444444444444444
5549,discriminative-attribute-state,yes,0,1.0,1.0,0.0,1.0,1.0,1.0,0.6,0.4,0.47619047619047616,1.0,0.7666666666666667,0.5416666666666666,0.675,0.6444444444444445
5551,discriminative-attribute-state,yes,0,1.0,1.0,0.45454545454545453,0.45454545454545453,1.0,1.0,0.4,0.4,0.5844155844155844,1.0,0.675,0.5,0.475,0.5333333333333333
5553,discriminative-attribute-number,yes,0,1.0,1.0,1.0,1.0,1.0,1.0,1.0,1.0,1.0,1.0,1.0,1.0,1.0,1.0
5555,discriminative-attribute-state,yes,0,1.0,1.0,0.18181818181818182,0.6727272727272727,1.0,1.0,0.0,1.0,0.4935064935064935,1.0,0.5416666666666666,0.475,0.7666666666666667,0.4444444444444444
5557,discriminative-attribute-state,yes,1,0.0,1.0,1.0,1.0,0.0,1.0,1.0,1.0,0.47619047619047616,1.0,0.5416666666666666,0.5416666666666666,1.0,0.4444444444444444
5559,discriminative-attribute-state,yes,0,1.0,1.0,0.0,1.0,0.8,0.6,0.0,1.0,0.47619047619047616,0.875,0.5416666666666666,0.6,1.0,0.4666666666666667
5561,discriminative-attribute-number,yes,0,1.0,1.0,0.0,1.0,1.0,1.0,0.0,1.0,0.47619047619047616,1.0,0.5416666666666666,0.5416666666666666,1.0,0.4444444444444444
5563,discriminative-attribute-state,yes,0,1.0,1.0,0.0,1.0,1.0,1.0,0.2,0.6,0.47619047619047616,1.0,0.6,0.5416666666666666,0.875,0.4666666666666667
5565,discriminative-attribute-action,yes,0,0.8181818181818182,0.6727272727272727,0.7272727272727273,0.5636363636363636,1.0,1.0,0.2,0.6,0.6320346320346321,0.7666666666666667,0.5,0.675,0.475,0.4666666666666667
5567,discriminative-attribute-number,yes,0,1.0,1.0,1.0,1.0,1.0,1.0,0.6,0.4,1.0,1.0,0.7666666666666667,1.0,0.7666666666666667,0.6444444444444445
5569,discriminative-attribute-state,yes,0,1.0,1.0,0.09090909090909091,0.8181818181818182,1.0,1.0,0.2,0.6,0.4805194805194805,1.0,0.6,0.5,0.7666666666666667,0.4666666666666667
5571,discriminative-attribute-state,yes,0,0.9090909090909091,0.8181818181818182,0.09090909090909091,0.8181818181818182,1.0,1.0,0.2,0.6,0.47619047619047616,0.875,0.5416666666666666,0.5,0.7666666666666667,0.4666666666666667
5573,discriminative-attribute-state,yes,0,1.0,1.0,0.0,1.0,1.0,1.0,0.0,1.0,0.47619047619047616,1.0,0.5416666666666666,0.5416666666666666,1.0,0.4444444444444444
5575,discriminative-attribute-state,yes,1,0.0,1.0,1.0,1.0,0.0,1.0,1.0,1.0,0.47619047619047616,1.0,0.5416666666666666,0.5416666666666666,1.0,0.4444444444444444
5577,discriminative-attribute-number,yes,0,1.0,1.0,0.09090909090909091,0.8181818181818182,1.0,1.0,0.4,0.4,0.4805194805194805,1.0,0.675,0.5,0.675,0.5333333333333333
5579,discriminative-attribute-state,yes,1,0.0,1.0,1.0,1.0,0.0,1.0,1.0,1.0,0.47619047619047616,1.0,0.5416666666666666,0.5416666666666666,1.0,0.4444444444444444
5581,discriminative-attribute-state,yes,0,1.0,1.0,0.0,1.0,1.0,1.0,0.0,1.0,0.47619047619047616,1.0,0.5416666666666666,0.5416666666666666,1.0,0.4444444444444444
5583,discriminative-attribute-state,yes,0,1.0,1.0,0.0,1.0,1.0,1.0,0.0,1.0,0.47619047619047616,1.0,0.5416666666666666,0.5416666666666666,1.0,0.4444444444444444
5585,discriminative-attribute-state,yes,0,1.0,1.0,0.0,1.0,1.0,1.0,0.0,1.0,0.47619047619047616,1.0,0.5416666666666666,0.5416666666666666,1.0,0.4444444444444444
5587,discriminative-attribute-number,yes,0,1.0,1.0,0.09090909090909091,0.8181818181818182,1.0,1.0,0.4,0.4,0.4805194805194805,1.0,0.675,0.5,0.675,0.5333333333333333
5589,discriminative-attribute-state,yes,1,0.0,1.0,1.0,1.0,0.0,1.0,1.0,1.0,0.47619047619047616,1.0,0.5416666666666666,0.5416666666666666,1.0,0.4444444444444444
5591,discriminative-attribute-state,yes,0,1.0,1.0,0.0,1.0,1.0,1.0,0.0,1.0,0.47619047619047616,1.0,0.5416666666666666,0.5416666666666666,1.0,0.4444444444444444
5593,discriminative-attribute-state,yes,0,1.0,1.0,0.0,1.0,1.0,1.0,0.0,1.0,0.47619047619047616,1.0,0.5416666666666666,0.5416666666666666,1.0,0.4444444444444444
5595,discriminative-attribute-number,yes,1,0.0,1.0,1.0,1.0,0.0,1.0,0.6,0.4,0.47619047619047616,1.0,0.675,0.5416666666666666,0.7666666666666667,0.5333333333333333
5597,discriminative-attribute-number,yes,1,0.0,1.0,0.0,1.0,0.0,1.0,0.4,0.4,1.0,1.0,0.7666666666666667,1.0,0.7666666666666667,0.6444444444444445
5599,discriminative-attribute-state,yes,1,0.0,1.0,1.0,1.0,0.0,1.0,1.0,1.0,0.47619047619047616,1.0,0.5416666666666666,0.5416666666666666,1.0,0.4444444444444444
5601,discriminative-attribute-state,yes,0,1.0,1.0,0.0,1.0,1.0,1.0,0.0,1.0,0.47619047619047616,1.0,0.5416666666666666,0.5416666666666666,1.0,0.4444444444444444
5603,discriminative-attribute-number,yes,0,1.0,1.0,1.0,1.0,1.0,1.0,0.8,0.6,1.0,1.0,0.875,1.0,0.875,0.8
5605,discriminative-attribute-state,yes,0,0.7272727272727273,0.5636363636363636,0.36363636363636365,0.4909090909090909,1.0,1.0,0.0,1.0,0.4805194805194805,0.675,0.4666666666666667,0.475,0.6,0.4444444444444444
5607,discriminative-attribute-state,yes,1,0.8181818181818182,0.6727272727272727,1.0,1.0,0.2,0.6,1.0,1.0,0.8268398268398268,0.5,0.7666666666666667,0.6,1.0,0.4666666666666667
5609,discriminative-attribute-state,yes,0,1.0,1.0,0.0,1.0,1.0,1.0,0.0,1.0,0.47619047619047616,1.0,0.5416666666666666,0.5416666666666666,1.0,0.4444444444444444
5611,discriminative-attribute-state,yes,0,1.0,1.0,0.8181818181818182,0.6727272727272727,1.0,1.0,0.2,0.6,0.8268398268398268,1.0,0.6,0.7666666666666667,0.5,0.4666666666666667
5615,discriminative-attribute-action,yes,0,0.9090909090909091,0.8181818181818182,1.0,1.0,1.0,1.0,0.8,0.6,0.9090909090909091,0.875,0.7666666666666667,1.0,0.875,0.8
5617,discriminative-attribute-state,yes,0,1.0,1.0,0.0,1.0,0.8,0.6,0.0,1.0,0.47619047619047616,0.875,0.5416666666666666,0.6,1.0,0.4666666666666667
5619,discriminative-attribute-number,yes,0,1.0,1.0,0.0,1.0,1.0,1.0,0.0,1.0,0.47619047619047616,1.0,0.5416666666666666,0.5416666666666666,1.0,0.4444444444444444
5621,discriminative-attribute-number,yes,0,1.0,1.0,0.0,1.0,1.0,1.0,0.0,1.0,0.47619047619047616,1.0,0.5416666666666666,0.5416666666666666,1.0,0.4444444444444444
5623,discriminative-attribute-state,yes,1,0.18181818181818182,0.6727272727272727,1.0,1.0,0.2,0.6,1.0,1.0,0.4935064935064935,0.675,0.475,0.6,1.0,0.4666666666666667
5625,discriminative-attribute-state,yes,0,1.0,1.0,0.6363636363636364,0.4909090909090909,1.0,1.0,0.8,0.6,0.6883116883116883,1.0,0.875,0.6,0.5416666666666666,0.8
5627,discriminative-attribute-state,yes,0,1.0,1.0,0.0,1.0,1.0,1.0,0.0,1.0,0.47619047619047616,1.0,0.5416666666666666,0.5416666666666666,1.0,0.4444444444444444
5629,discriminative-attribute-state,yes,0,1.0,1.0,0.0,1.0,1.0,1.0,0.2,0.6,0.47619047619047616,1.0,0.6,0.5416666666666666,0.875,0.4666666666666667
5631,discriminative-attribute-state,yes,0,1.0,1.0,0.0,1.0,0.8,0.6,0.0,1.0,0.47619047619047616,0.875,0.5416666666666666,0.6,1.0,0.4666666666666667
5633,discriminative-attribute-action,yes,0,1.0,1.0,0.36363636363636365,0.4909090909090909,1.0,1.0,0.8,0.6,0.5454545454545454,1.0,0.875,0.475,0.4666666666666667,0.8
5635,discriminative-attribute-state,yes,0,0.9090909090909091,0.8181818181818182,0.09090909090909091,0.8181818181818182,1.0,1.0,0.2,0.6,0.47619047619047616,0.875,0.5416666666666666,0.5,0.7666666666666667,0.4666666666666667
5637,discriminative-attribute-number,yes,0,1.0,1.0,0.09090909090909091,0.8181818181818182,1.0,1.0,0.6,0.4,0.4805194805194805,1.0,0.7666666666666667,0.5,0.6,0.6444444444444445
5639,discriminative-attribute-number,yes,0,1.0,1.0,0.18181818181818182,0.6727272727272727,1.0,1.0,0.6,0.4,0.4935064935064935,1.0,0.7666666666666667,0.475,0.5416666666666666,0.6444444444444445
5641,discriminative-attribute-state,yes,0,1.0,1.0,0.0,1.0,1.0,1.0,0.2,0.6,0.47619047619047616,1.0,0.6,0.5416666666666666,0.875,0.4666666666666667
5645,discriminative-attribute-state,yes,1,0.18181818181818182,0.6727272727272727,1.0,1.0,0.0,1.0,1.0,1.0,0.4935064935064935,0.7666666666666667,0.475,0.5416666666666666,1.0,0.4444444444444444
5647,discriminative-attribute-state,yes,0,1.0,1.0,0.8181818181818182,0.6727272727272727,1.0,1.0,0.4,0.4,0.8268398268398268,1.0,0.675,0.7666666666666667,0.5416666666666666,0.5333333333333333
5649,discriminative-attribute-number,yes,0,1.0,1.0,0.45454545454545453,0.45454545454545453,1.0,1.0,0.6,0.4,0.5844155844155844,1.0,0.7666666666666667,0.5,0.4666666666666667,0.6444444444444445
5651,discriminative-attribute-action,yes,0,0.45454545454545453,0.45454545454545453,1.0,1.0,0.8,0.6,0.4,0.4,0.5844155844155844,0.475,0.475,0.875,0.675,0.4666666666666667
5653,discriminative-attribute-action,yes,0,0.6363636363636364,0.4909090909090909,0.36363636363636365,0.4909090909090909,0.8,0.6,0.2,0.6,0.47619047619047616,0.5416666666666666,0.4666666666666667,0.4666666666666667,0.5416666666666666,0.4444444444444444
5655,discriminative-attribute-state,yes,0,0.6363636363636364,0.4909090909090909,0.0,1.0,0.6,0.4,0.0,1.0,0.5454545454545454,0.5,0.475,0.675,1.0,0.5333333333333333
5657,discriminative-attribute-state,yes,0,1.0,1.0,0.0,1.0,1.0,1.0,0.0,1.0,0.47619047619047616,1.0,0.5416666666666666,0.5416666666666666,1.0,0.4444444444444444
5659,discriminative-attribute-state,yes,0,1.0,1.0,0.0,1.0,1.0,1.0,0.0,1.0,0.47619047619047616,1.0,0.5416666666666666,0.5416666666666666,1.0,0.4444444444444444
5661,discriminative-attribute-action,yes,0,1.0,1.0,0.0,1.0,1.0,1.0,0.0,1.0,0.47619047619047616,1.0,0.5416666666666666,0.5416666666666666,1.0,0.4444444444444444
5663,discriminative-attribute-state,yes,1,0.8181818181818182,0.6727272727272727,0.9090909090909091,0.8181818181818182,0.2,0.6,1.0,1.0,0.7532467532467533,0.5,0.7666666666666667,0.5416666666666666,0.875,0.4666666666666667
5665,discriminative-attribute-state,yes,1,0.8181818181818182,0.6727272727272727,1.0,1.0,0.2,0.6,1.0,1.0,0.8268398268398268,0.5,0.7666666666666667,0.6,1.0,0.4666666666666667
5667,discriminative-attribute-number,yes,1,0.0,1.0,0.9090909090909091,0.8181818181818182,0.0,1.0,0.2,0.6,0.4805194805194805,1.0,0.875,0.5,0.5416666666666666,0.8
5669,discriminative-attribute-state,yes,0,1.0,1.0,0.0,1.0,1.0,1.0,0.2,0.6,0.47619047619047616,1.0,0.6,0.5416666666666666,0.875,0.4666666666666667
5671,discriminative-attribute-state,yes,0,1.0,1.0,0.0,1.0,1.0,1.0,0.0,1.0,0.47619047619047616,1.0,0.5416666666666666,0.5416666666666666,1.0,0.4444444444444444
5673,discriminative-attribute-state,yes,0,1.0,1.0,0.7272727272727273,0.5636363636363636,1.0,1.0,0.2,0.6,0.7532467532467533,1.0,0.6,0.675,0.475,0.4666666666666667
5675,discriminative-attribute-state,yes,0,1.0,1.0,0.0,1.0,1.0,1.0,0.0,1.0,0.47619047619047616,1.0,0.5416666666666666,0.5416666666666666,1.0,0.4444444444444444
5677,discriminative-attribute-number,yes,0,1.0,1.0,0.0,1.0,0.8,0.6,0.0,1.0,0.47619047619047616,0.875,0.5416666666666666,0.6,1.0,0.4666666666666667
5679,discriminative-attribute-number,yes,0,1.0,1.0,0.0,1.0,1.0,1.0,0.0,1.0,0.47619047619047616,1.0,0.5416666666666666,0.5416666666666666,1.0,0.4444444444444444
5681,discriminative-attribute-state,yes,1,0.0,1.0,1.0,1.0,0.2,0.6,1.0,1.0,0.47619047619047616,0.875,0.5416666666666666,0.6,1.0,0.4666666666666667
5683,discriminative-attribute-state,yes,0,1.0,1.0,0.0,1.0,1.0,1.0,0.0,1.0,0.47619047619047616,1.0,0.5416666666666666,0.5416666666666666,1.0,0.4444444444444444
5685,discriminative-attribute-state,yes,1,0.0,1.0,0.9090909090909091,0.8181818181818182,0.0,1.0,1.0,1.0,0.4805194805194805,1.0,0.5416666666666666,0.5,0.875,0.4444444444444444
5687,discriminative-attribute-number,yes,1,0.0,1.0,0.9090909090909091,0.8181818181818182,0.0,1.0,0.8,0.6,0.4805194805194805,1.0,0.6,0.5,0.7666666666666667,0.4666666666666667
5689,discriminative-attribute-action,yes,0,1.0,1.0,0.0,1.0,1.0,1.0,0.0,1.0,0.47619047619047616,1.0,0.5416666666666666,0.5416666666666666,1.0,0.4444444444444444
5691,discriminative-attribute-action,yes,0,1.0,1.0,0.0,1.0,1.0,1.0,0.0,1.0,0.47619047619047616,1.0,0.5416666666666666,0.5416666666666666,1.0,0.4444444444444444
5693,discriminative-attribute-state,yes,0,1.0,1.0,0.0,1.0,1.0,1.0,0.0,1.0,0.47619047619047616,1.0,0.5416666666666666,0.5416666666666666,1.0,0.4444444444444444
5695,discriminative-attribute-state,yes,0,0.9090909090909091,0.8181818181818182,0.09090909090909091,0.8181818181818182,0.6,0.4,0.0,1.0,0.47619047619047616,0.675,0.5,0.6,0.875,0.5333333333333333
5697,discriminative-attribute-state,yes,1,0.18181818181818182,0.6727272727272727,0.5454545454545454,0.45454545454545453,0.0,1.0,0.6,0.4,0.5151515151515151,0.7666666666666667,0.5416666666666666,0.5,0.475,0.5333333333333333
5699,discriminative-attribute-state,yes,0,1.0,1.0,0.0,1.0,1.0,1.0,0.0,1.0,0.47619047619047616,1.0,0.5416666666666666,0.5416666666666666,1.0,0.4444444444444444
5701,discriminative-attribute-state,yes,0,1.0,1.0,0.0,1.0,1.0,1.0,0.0,1.0,0.47619047619047616,1.0,0.5416666666666666,0.5416666666666666,1.0,0.4444444444444444
5703,discriminative-attribute-state,yes,0,1.0,1.0,0.0,1.0,1.0,1.0,0.0,1.0,0.47619047619047616,1.0,0.5416666666666666,0.5416666666666666,1.0,0.4444444444444444
5705,discriminative-attribute-state,yes,1,0.18181818181818182,0.6727272727272727,1.0,1.0,0.0,1.0,0.8,0.6,0.4935064935064935,0.7666666666666667,0.5,0.5416666666666666,0.875,0.4666666666666667
5707,discriminative-attribute-number,yes,0,1.0,1.0,0.18181818181818182,0.6727272727272727,1.0,1.0,0.2,0.6,0.4935064935064935,1.0,0.6,0.475,0.675,0.4666666666666667
5709,discriminative-attribute-number,yes,1,0.0,1.0,0.0,1.0,0.0,1.0,0.4,0.4,1.0,1.0,0.7666666666666667,1.0,0.7666666666666667,0.6444444444444445
5711,discriminative-attribute-state,yes,0,1.0,1.0,0.0,1.0,1.0,1.0,0.0,1.0,0.47619047619047616,1.0,0.5416666666666666,0.5416666666666666,1.0,0.4444444444444444
5713,discriminative-attribute-state,yes,1,0.0,1.0,0.0,1.0,0.0,1.0,0.4,0.4,1.0,1.0,0.7666666666666667,1.0,0.7666666666666667,0.6444444444444445
5715,discriminative-attribute-number,yes,0,1.0,1.0,0.18181818181818182,0.6727272727272727,1.0,1.0,0.2,0.6,0.4935064935064935,1.0,0.6,0.475,0.675,0.4666666666666667
5717,discriminative-attribute-action,yes,0,1.0,1.0,0.0,1.0,1.0,1.0,0.0,1.0,0.47619047619047616,1.0,0.5416666666666666,0.5416666666666666,1.0,0.4444444444444444
5719,discriminative-attribute-state,yes,0,1.0,1.0,0.2727272727272727,0.5636363636363636,1.0,1.0,0.0,1.0,0.5151515151515151,1.0,0.5416666666666666,0.4666666666666667,0.675,0.4444444444444444
5721,discriminative-attribute-state,yes,0,0.7272727272727273,0.5636363636363636,0.0,1.0,1.0,1.0,0.0,1.0,0.5151515151515151,0.675,0.4666666666666667,0.5416666666666666,1.0,0.4444444444444444
5723,discriminative-attribute-state,yes,0,1.0,1.0,0.5454545454545454,0.45454545454545453,1.0,1.0,0.2,0.6,0.6320346320346321,1.0,0.6,0.5416666666666666,0.475,0.4666666666666667
5725,discriminative-attribute-number,yes,0,1.0,1.0,0.2727272727272727,0.5636363636363636,1.0,1.0,0.2,0.6,0.5151515151515151,1.0,0.6,0.4666666666666667,0.6,0.4666666666666667
5727,discriminative-attribute-action,yes,0,1.0,1.0,0.09090909090909091,0.8181818181818182,1.0,1.0,0.0,1.0,0.4805194805194805,1.0,0.5416666666666666,0.5,0.875,0.4444444444444444
5729,discriminative-attribute-state,yes,1,0.0,1.0,1.0,1.0,0.0,1.0,1.0,1.0,0.47619047619047616,1.0,0.5416666666666666,0.5416666666666666,1.0,0.4444444444444444
5731,discriminative-attribute-state,yes,0,1.0,1.0,0.0,1.0,1.0,1.0,0.0,1.0,0.47619047619047616,1.0,0.5416666666666666,0.5416666666666666,1.0,0.4444444444444444
5733,discriminative-attribute-action,yes,0,0.9090909090909091,0.8181818181818182,0.0,1.0,1.0,1.0,0.0,1.0,0.4805194805194805,0.875,0.5,0.5416666666666666,1.0,0.4444444444444444
5735,discriminative-attribute-number,yes,0,1.0,1.0,0.36363636363636365,0.4909090909090909,1.0,1.0,0.0,1.0,0.5454545454545454,1.0,0.5416666666666666,0.475,0.6,0.4444444444444444
5737,discriminative-attribute-state,yes,0,1.0,1.0,0.0,1.0,1.0,1.0,0.0,1.0,0.47619047619047616,1.0,0.5416666666666666,0.5416666666666666,1.0,0.4444444444444444
5739,discriminative-attribute-number,yes,0,1.0,1.0,0.09090909090909091,0.8181818181818182,1.0,1.0,0.0,1.0,0.4805194805194805,1.0,0.5416666666666666,0.5,0.875,0.4444444444444444
5741,discriminative-attribute-state,yes,0,1.0,1.0,0.0,1.0,1.0,1.0,0.6,0.4,0.47619047619047616,1.0,0.7666666666666667,0.5416666666666666,0.675,0.6444444444444445
5743,discriminative-attribute-state,yes,1,0.0,1.0,0.9090909090909091,0.8181818181818182,0.0,1.0,1.0,1.0,0.4805194805194805,1.0,0.5416666666666666,0.5,0.875,0.4444444444444444
5745,discriminative-attribute-state,yes,0,0.6363636363636364,0.4909090909090909,0.0,1.0,0.8,0.6,0.0,1.0,0.5454545454545454,0.5416666666666666,0.475,0.6,1.0,0.4666666666666667
5747,discriminative-attribute-state,yes,0,1.0,1.0,0.0,1.0,1.0,1.0,0.2,0.6,0.47619047619047616,1.0,0.6,0.5416666666666666,0.875,0.4666666666666667
5749,discriminative-attribute-state,yes,0,0.9090909090909091,0.8181818181818182,0.0,1.0,1.0,1.0,0.0,1.0,0.4805194805194805,0.875,0.5,0.5416666666666666,1.0,0.4444444444444444
5751,discriminative-attribute-state,yes,0,1.0,1.0,0.0,1.0,0.6,0.4,0.0,1.0,0.47619047619047616,0.7666666666666667,0.5416666666666666,0.675,1.0,0.5333333333333333
5753,discriminative-attribute-number,yes,0,1.0,1.0,0.09090909090909091,0.8181818181818182,1.0,1.0,0.4,0.4,0.4805194805194805,1.0,0.675,0.5,0.675,0.5333333333333333
5755,discriminative-attribute-state,yes,0,1.0,1.0,0.0,1.0,1.0,1.0,0.0,1.0,0.47619047619047616,1.0,0.5416666666666666,0.5416666666666666,1.0,0.4444444444444444
5757,discriminative-attribute-state,yes,0,1.0,1.0,0.0,1.0,1.0,1.0,0.0,1.0,0.47619047619047616,1.0,0.5416666666666666,0.5416666666666666,1.0,0.4444444444444444
5759,discriminative-attribute-state,yes,1,0.0,1.0,1.0,1.0,0.4,0.4,1.0,1.0,0.47619047619047616,0.7666666666666667,0.5416666666666666,0.675,1.0,0.5333333333333333
5763,discriminative-attribute-state,yes,0,1.0,1.0,0.0,1.0,1.0,1.0,0.0,1.0,0.47619047619047616,1.0,0.5416666666666666,0.5416666666666666,1.0,0.4444444444444444
5765,discriminative-attribute-action,yes,0,1.0,1.0,0.36363636363636365,0.4909090909090909,1.0,1.0,0.0,1.0,0.5454545454545454,1.0,0.5416666666666666,0.475,0.6,0.4444444444444444
5767,discriminative-attribute-state,yes,0,1.0,1.0,0.09090909090909091,0.8181818181818182,1.0,1.0,0.0,1.0,0.4805194805194805,1.0,0.5416666666666666,0.5,0.875,0.4444444444444444
5769,discriminative-attribute-state,yes,0,1.0,1.0,0.0,1.0,1.0,1.0,0.2,0.6,0.47619047619047616,1.0,0.6,0.5416666666666666,0.875,0.4666666666666667
5771,discriminative-attribute-state,yes,0,1.0,1.0,0.0,1.0,1.0,1.0,0.0,1.0,0.47619047619047616,1.0,0.5416666666666666,0.5416666666666666,1.0,0.4444444444444444
5773,discriminative-attribute-number,yes,0,1.0,1.0,0.0,1.0,1.0,1.0,0.0,1.0,0.47619047619047616,1.0,0.5416666666666666,0.5416666666666666,1.0,0.4444444444444444
5775,discriminative-attribute-state,yes,1,0.0,1.0,0.36363636363636365,0.4909090909090909,0.2,0.6,0.4,0.4,0.6883116883116883,0.875,0.7666666666666667,0.5416666666666666,0.5,0.5333333333333333
5777,discriminative-attribute-state,yes,1,0.18181818181818182,0.6727272727272727,0.0,1.0,0.0,1.0,0.4,0.4,0.8268398268398268,0.7666666666666667,0.6,1.0,0.7666666666666667,0.6444444444444445
5779,discriminative-attribute-state,yes,0,1.0,1.0,0.09090909090909091,0.8181818181818182,1.0,1.0,0.4,0.4,0.4805194805194805,1.0,0.675,0.5,0.675,0.5333333333333333
5781,discriminative-attribute-state,yes,1,1.0,1.0,1.0,1.0,0.6,0.4,1.0,1.0,1.0,0.7666666666666667,1.0,0.7666666666666667,1.0,0.6444444444444445
5783,discriminative-attribute-number,yes,0,1.0,1.0,0.9090909090909091,0.8181818181818182,1.0,1.0,1.0,1.0,0.9090909090909091,1.0,1.0,0.875,0.875,1.0
5785,discriminative-attribute-state,yes,0,1.0,1.0,0.0,1.0,1.0,1.0,0.0,1.0,0.47619047619047616,1.0,0.5416666666666666,0.5416666666666666,1.0,0.4444444444444444
5787,discriminative-attribute-state,yes,1,0.09090909090909091,0.8181818181818182,1.0,1.0,0.0,1.0,1.0,1.0,0.4805194805194805,0.875,0.5,0.5416666666666666,1.0,0.4444444444444444
5789,discriminative-attribute-action,yes,0,1.0,1.0,0.0,1.0,1.0,1.0,0.0,1.0,0.47619047619047616,1.0,0.5416666666666666,0.5416666666666666,1.0,0.4444444444444444
5791,discriminative-attribute-number,yes,0,1.0,1.0,0.0,1.0,1.0,1.0,0.0,1.0,0.47619047619047616,1.0,0.5416666666666666,0.5416666666666666,1.0,0.4444444444444444
5793,discriminative-attribute-number,yes,0,1.0,1.0,0.2727272727272727,0.5636363636363636,1.0,1.0,0.0,1.0,0.5151515151515151,1.0,0.5416666666666666,0.4666666666666667,0.675,0.4444444444444444
5795,discriminative-attribute-state,yes,1,0.0,1.0,1.0,1.0,0.0,1.0,1.0,1.0,0.47619047619047616,1.0,0.5416666666666666,0.5416666666666666,1.0,0.4444444444444444
5797,discriminative-attribute-number,yes,0,0.6363636363636364,0.4909090909090909,0.9090909090909091,0.8181818181818182,0.8,0.6,0.8,0.6,0.6320346320346321,0.5416666666666666,0.5416666666666666,0.7666666666666667,0.7666666666666667,0.6444444444444445
5799,discriminative-attribute-state,yes,0,0.7272727272727273,0.5636363636363636,0.0,1.0,1.0,1.0,0.0,1.0,0.5151515151515151,0.675,0.4666666666666667,0.5416666666666666,1.0,0.4444444444444444
5801,discriminative-attribute-state,yes,1,0.6363636363636364,0.4909090909090909,1.0,1.0,0.2,0.6,1.0,1.0,0.6883116883116883,0.4666666666666667,0.6,0.6,1.0,0.4666666666666667
5803,discriminative-attribute-state,yes,0,0.6363636363636364,0.4909090909090909,0.0,1.0,1.0,1.0,0.0,1.0,0.5454545454545454,0.6,0.475,0.5416666666666666,1.0,0.4444444444444444
5805,discriminative-attribute-state,yes,0,1.0,1.0,0.0,1.0,1.0,1.0,0.2,0.6,0.47619047619047616,1.0,0.6,0.5416666666666666,0.875,0.4666666666666667
5807,discriminative-attribute-number,yes,1,0.0,1.0,1.0,1.0,0.2,0.6,1.0,1.0,0.47619047619047616,0.875,0.5416666666666666,0.6,1.0,0.4666666666666667
5809,discriminative-attribute-action,yes,1,0.0,1.0,1.0,1.0,0.0,1.0,1.0,1.0,0.47619047619047616,1.0,0.5416666666666666,0.5416666666666666,1.0,0.4444444444444444
5811,discriminative-attribute-state,yes,0,1.0,1.0,0.0,1.0,1.0,1.0,0.0,1.0,0.47619047619047616,1.0,0.5416666666666666,0.5416666666666666,1.0,0.4444444444444444
5813,discriminative-attribute-action,yes,0,1.0,1.0,0.0,1.0,1.0,1.0,0.0,1.0,0.47619047619047616,1.0,0.5416666666666666,0.5416666666666666,1.0,0.4444444444444444
5815,discriminative-attribute-number,yes,0,1.0,1.0,0.5454545454545454,0.45454545454545453,1.0,1.0,0.0,1.0,0.6320346320346321,1.0,0.5416666666666666,0.5416666666666666,0.5,0.4444444444444444
5817,discriminative-attribute-state,yes,0,1.0,1.0,0.0,1.0,1.0,1.0,0.0,1.0,0.47619047619047616,1.0,0.5416666666666666,0.5416666666666666,1.0,0.4444444444444444
5819,discriminative-attribute-state,yes,0,1.0,1.0,0.0,1.0,1.0,1.0,0.0,1.0,0.47619047619047616,1.0,0.5416666666666666,0.5416666666666666,1.0,0.4444444444444444
5821,discriminative-attribute-number,yes,0,1.0,1.0,0.09090909090909091,0.8181818181818182,1.0,1.0,0.2,0.6,0.4805194805194805,1.0,0.6,0.5,0.7666666666666667,0.4666666666666667
5825,discriminative-attribute-state,yes,0,1.0,1.0,1.0,1.0,1.0,1.0,0.8,0.6,1.0,1.0,0.875,1.0,0.875,0.8
5827,discriminative-attribute-state,yes,0,0.7272727272727273,0.5636363636363636,0.0,1.0,0.8,0.6,0.0,1.0,0.5151515151515151,0.6,0.4666666666666667,0.6,1.0,0.4666666666666667
5829,discriminative-attribute-number,yes,0,1.0,1.0,1.0,1.0,0.8,0.6,0.6,0.4,1.0,0.875,0.7666666666666667,0.875,0.7666666666666667,0.5333333333333333
5831,discriminative-attribute-state,yes,1,0.6363636363636364,0.4909090909090909,0.0,1.0,0.0,1.0,0.0,1.0,0.5454545454545454,0.475,0.475,1.0,1.0,1.0
5833,discriminative-attribute-state,yes,0,1.0,1.0,0.09090909090909091,0.8181818181818182,1.0,1.0,0.0,1.0,0.4805194805194805,1.0,0.5416666666666666,0.5,0.875,0.4444444444444444
5835,discriminative-attribute-number,yes,0,1.0,1.0,0.0,1.0,1.0,1.0,0.2,0.6,0.47619047619047616,1.0,0.6,0.5416666666666666,0.875,0.4666666666666667
5837,discriminative-attribute-state,yes,1,0.0,1.0,0.0,1.0,0.0,1.0,0.4,0.4,1.0,1.0,0.7666666666666667,1.0,0.7666666666666667,0.6444444444444445
5839,discriminative-attribute-state,yes,0,1.0,1.0,0.0,1.0,1.0,1.0,0.0,1.0,0.47619047619047616,1.0,0.5416666666666666,0.5416666666666666,1.0,0.4444444444444444
5841,discriminative-attribute-number,yes,0,1.0,1.0,0.18181818181818182,0.6727272727272727,1.0,1.0,0.2,0.6,0.4935064935064935,1.0,0.6,0.475,0.675,0.4666666666666667
5843,discriminative-attribute-state,yes,0,1.0,1.0,0.0,1.0,1.0,1.0,0.0,1.0,0.47619047619047616,1.0,0.5416666666666666,0.5416666666666666,1.0,0.4444444444444444
5845,discriminative-attribute-state,yes,0,1.0,1.0,0.0,1.0,1.0,1.0,0.0,1.0,0.47619047619047616,1.0,0.5416666666666666,0.5416666666666666,1.0,0.4444444444444444
5847,discriminative-attribute-state,yes,1,0.0,1.0,1.0,1.0,0.0,1.0,1.0,1.0,0.47619047619047616,1.0,0.5416666666666666,0.5416666666666666,1.0,0.4444444444444444
5849,discriminative-attribute-state,yes,0,1.0,1.0,0.0,1.0,1.0,1.0,0.0,1.0,0.47619047619047616,1.0,0.5416666666666666,0.5416666666666666,1.0,0.4444444444444444
5851,discriminative-attribute-number,yes,0,1.0,1.0,0.18181818181818182,0.6727272727272727,0.8,0.6,0.2,0.6,0.4935064935064935,0.875,0.6,0.5,0.675,0.4444444444444444
5853,discriminative-attribute-state,yes,0,1.0,1.0,0.0,1.0,1.0,1.0,0.0,1.0,0.47619047619047616,1.0,0.5416666666666666,0.5416666666666666,1.0,0.4444444444444444
5855,discriminative-attribute-state,yes,0,0.9090909090909091,0.8181818181818182,0.0,1.0,1.0,1.0,0.0,1.0,0.4805194805194805,0.875,0.5,0.5416666666666666,1.0,0.4444444444444444
5857,discriminative-attribute-number,yes,1,0.0,1.0,0.8181818181818182,0.6727272727272727,0.0,1.0,1.0,1.0,0.4935064935064935,1.0,0.5416666666666666,0.475,0.7666666666666667,0.4444444444444444
5859,discriminative-attribute-number,yes,0,1.0,1.0,0.18181818181818182,0.6727272727272727,1.0,1.0,0.2,0.6,0.4935064935064935,1.0,0.6,0.475,0.675,0.4666666666666667
5861,discriminative-attribute-number,yes,0,0.8181818181818182,0.6727272727272727,1.0,1.0,1.0,1.0,1.0,1.0,0.8268398268398268,0.7666666666666667,0.7666666666666667,1.0,1.0,1.0
5863,discriminative-attribute-state,yes,0,1.0,1.0,0.09090909090909091,0.8181818181818182,1.0,1.0,0.0,1.0,0.4805194805194805,1.0,0.5416666666666666,0.5,0.875,0.4444444444444444
5865,discriminative-attribute-state,yes,1,0.0,1.0,1.0,1.0,0.0,1.0,1.0,1.0,0.47619047619047616,1.0,0.5416666666666666,0.5416666666666666,1.0,0.4444444444444444
5867,discriminative-attribute-state,yes,0,1.0,1.0,0.09090909090909091,0.8181818181818182,1.0,1.0,0.2,0.6,0.4805194805194805,1.0,0.6,0.5,0.7666666666666667,0.4666666666666667
5869,discriminative-attribute-number,yes,0,1.0,1.0,0.0,1.0,1.0,1.0,0.0,1.0,0.47619047619047616,1.0,0.5416666666666666,0.5416666666666666,1.0,0.4444444444444444
5871,discriminative-attribute-number,yes,0,1.0,1.0,0.2727272727272727,0.5636363636363636,1.0,1.0,0.2,0.6,0.5151515151515151,1.0,0.6,0.4666666666666667,0.6,0.4666666666666667
5873,discriminative-attribute-state,yes,0,1.0,1.0,0.0,1.0,1.0,1.0,0.2,0.6,0.47619047619047616,1.0,0.6,0.5416666666666666,0.875,0.4666666666666667
5875,discriminative-attribute-state,yes,0,1.0,1.0,0.0,1.0,1.0,1.0,0.0,1.0,0.47619047619047616,1.0,0.5416666666666666,0.5416666666666666,1.0,0.4444444444444444
5877,discriminative-attribute-state,yes,0,0.9090909090909091,0.8181818181818182,0.0,1.0,0.6,0.4,0.0,1.0,0.4805194805194805,0.675,0.5,0.675,1.0,0.5333333333333333
5881,discriminative-attribute-action,yes,0,1.0,1.0,0.2727272727272727,0.5636363636363636,1.0,1.0,0.0,1.0,0.5151515151515151,1.0,0.5416666666666666,0.4666666666666667,0.675,0.4444444444444444
5883,discriminative-attribute-state,yes,0,1.0,1.0,0.0,1.0,1.0,1.0,0.0,1.0,0.47619047619047616,1.0,0.5416666666666666,0.5416666666666666,1.0,0.4444444444444444
5885,discriminative-attribute-state,yes,1,0.0,1.0,1.0,1.0,0.0,1.0,1.0,1.0,0.47619047619047616,1.0,0.5416666666666666,0.5416666666666666,1.0,0.4444444444444444
5887,discriminative-attribute-state,yes,0,1.0,1.0,0.0,1.0,1.0,1.0,0.0,1.0,0.47619047619047616,1.0,0.5416666666666666,0.5416666666666666,1.0,0.4444444444444444
5889,discriminative-attribute-number,yes,0,1.0,1.0,0.45454545454545453,0.45454545454545453,1.0,1.0,0.0,1.0,0.5844155844155844,1.0,0.5416666666666666,0.5,0.5416666666666666,0.4444444444444444
5891,discriminative-attribute-number,yes,0,1.0,1.0,0.2727272727272727,0.5636363636363636,1.0,1.0,0.2,0.6,0.5151515151515151,1.0,0.6,0.4666666666666667,0.6,0.4666666666666667
5893,discriminative-attribute-number,yes,0,0.9090909090909091,0.8181818181818182,0.09090909090909091,0.8181818181818182,0.8,0.6,0.4,0.4,0.47619047619047616,0.7666666666666667,0.6,0.5416666666666666,0.675,0.4666666666666667
5895,discriminative-attribute-state,yes,0,1.0,1.0,0.09090909090909091,0.8181818181818182,1.0,1.0,0.0,1.0,0.4805194805194805,1.0,0.5416666666666666,0.5,0.875,0.4444444444444444
5897,discriminative-attribute-state,yes,0,1.0,1.0,0.2727272727272727,0.5636363636363636,1.0,1.0,0.2,0.6,0.5151515151515151,1.0,0.6,0.4666666666666667,0.6,0.4666666666666667
5899,discriminative-attribute-state,yes,0,1.0,1.0,0.5454545454545454,0.45454545454545453,1.0,1.0,0.0,1.0,0.6320346320346321,1.0,0.5416666666666666,0.5416666666666666,0.5,0.4444444444444444
5901,discriminative-attribute-number,yes,0,0.9090909090909091,0.8181818181818182,0.09090909090909091,0.8181818181818182,1.0,1.0,0.6,0.4,0.47619047619047616,0.875,0.675,0.5,0.6,0.6444444444444445
5903,discriminative-attribute-state,yes,0,1.0,1.0,0.0,1.0,1.0,1.0,0.0,1.0,0.47619047619047616,1.0,0.5416666666666666,0.5416666666666666,1.0,0.4444444444444444
5905,discriminative-attribute-number,yes,1,0.18181818181818182,0.6727272727272727,0.8181818181818182,0.6727272727272727,0.2,0.6,1.0,1.0,0.47619047619047616,0.675,0.475,0.5,0.7666666666666667,0.4666666666666667
5907,discriminative-attribute-number,yes,1,1.0,1.0,0.0,1.0,1.0,1.0,0.0,1.0,0.47619047619047616,1.0,0.5416666666666666,0.5416666666666666,1.0,0.4444444444444444
5909,discriminative-attribute-number,yes,0,0.6363636363636364,0.4909090909090909,1.0,1.0,0.8,0.6,0.8,0.6,0.6883116883116883,0.5416666666666666,0.5416666666666666,0.875,0.875,0.6444444444444445
5911,discriminative-attribute-state,yes,1,0.9090909090909091,0.8181818181818182,0.8181818181818182,0.6727272727272727,0.2,0.6,1.0,1.0,0.7532467532467533,0.5416666666666666,0.875,0.5,0.7666666666666667,0.4666666666666667
5913,discriminative-attribute-number,yes,0,1.0,1.0,0.0,1.0,1.0,1.0,0.2,0.6,0.47619047619047616,1.0,0.6,0.5416666666666666,0.875,0.4666666666666667
5915,discriminative-attribute-state,yes,0,1.0,1.0,0.0,1.0,1.0,1.0,0.0,1.0,0.47619047619047616,1.0,0.5416666666666666,0.5416666666666666,1.0,0.4444444444444444
5917,discriminative-attribute-state,yes,0,1.0,1.0,0.0,1.0,1.0,1.0,0.0,1.0,0.47619047619047616,1.0,0.5416666666666666,0.5416666666666666,1.0,0.4444444444444444
5919,discriminative-attribute-state,yes,0,0.7272727272727273,0.5636363636363636,0.09090909090909091,0.8181818181818182,1.0,1.0,0.0,1.0,0.4935064935064935,0.675,0.4666666666666667,0.5,0.875,0.4444444444444444
5921,discriminative-attribute-state,yes,0,0.9090909090909091,0.8181818181818182,0.0,1.0,1.0,1.0,0.0,1.0,0.4805194805194805,0.875,0.5,0.5416666666666666,1.0,0.4444444444444444
5923,discriminative-attribute-state,yes,0,1.0,1.0,0.0,1.0,1.0,1.0,0.0,1.0,0.47619047619047616,1.0,0.5416666666666666,0.5416666666666666,1.0,0.4444444444444444
5925,discriminative-attribute-action,yes,0,1.0,1.0,0.0,1.0,1.0,1.0,0.0,1.0,0.47619047619047616,1.0,0.5416666666666666,0.5416666666666666,1.0,0.4444444444444444
5927,discriminative-attribute-number,yes,0,1.0,1.0,1.0,1.0,1.0,1.0,0.6,0.4,1.0,1.0,0.7666666666666667,1.0,0.7666666666666667,0.6444444444444445
5929,discriminative-attribute-state,yes,1,0.0,1.0,0.5454545454545454,0.45454545454545453,0.0,1.0,1.0,1.0,0.5844155844155844,1.0,0.5416666666666666,0.5,0.5416666666666666,0.4444444444444444
5933,discriminative-attribute-state,yes,0,1.0,1.0,0.0,1.0,0.8,0.6,0.0,1.0,0.47619047619047616,0.875,0.5416666666666666,0.6,1.0,0.4666666666666667
5935,discriminative-attribute-state,yes,0,0.5454545454545454,0.45454545454545453,0.0,1.0,1.0,1.0,0.0,1.0,0.5844155844155844,0.5416666666666666,0.5,0.5416666666666666,1.0,0.4444444444444444
5937,discriminative-attribute-action,yes,1,0.0,1.0,0.9090909090909091,0.8181818181818182,0.0,1.0,0.8,0.6,0.4805194805194805,1.0,0.6,0.5,0.7666666666666667,0.4666666666666667
5939,discriminative-attribute-number,yes,1,0.0,1.0,1.0,1.0,0.0,1.0,1.0,1.0,0.47619047619047616,1.0,0.5416666666666666,0.5416666666666666,1.0,0.4444444444444444
5941,discriminative-attribute-state,yes,0,1.0,1.0,0.0,1.0,1.0,1.0,0.0,1.0,0.47619047619047616,1.0,0.5416666666666666,0.5416666666666666,1.0,0.4444444444444444
5943,discriminative-attribute-state,yes,0,0.7272727272727273,0.5636363636363636,0.0,1.0,0.6,0.4,0.0,1.0,0.5151515151515151,0.5416666666666666,0.4666666666666667,0.675,1.0,0.5333333333333333
5945,discriminative-attribute-number,yes,0,1.0,1.0,0.0,1.0,1.0,1.0,0.0,1.0,0.47619047619047616,1.0,0.5416666666666666,0.5416666666666666,1.0,0.4444444444444444
5947,discriminative-attribute-action,yes,0,1.0,1.0,0.0,1.0,1.0,1.0,0.0,1.0,0.47619047619047616,1.0,0.5416666666666666,0.5416666666666666,1.0,0.4444444444444444
5949,discriminative-attribute-state,yes,0,1.0,1.0,0.0,1.0,1.0,1.0,0.0,1.0,0.47619047619047616,1.0,0.5416666666666666,0.5416666666666666,1.0,0.4444444444444444
5951,discriminative-attribute-number,yes,0,1.0,1.0,1.0,1.0,1.0,1.0,0.4,0.4,1.0,1.0,0.675,1.0,0.675,0.5333333333333333
5953,discriminative-attribute-state,yes,1,0.0,1.0,1.0,1.0,0.0,1.0,1.0,1.0,0.47619047619047616,1.0,0.5416666666666666,0.5416666666666666,1.0,0.4444444444444444
5955,discriminative-attribute-action,yes,0,1.0,1.0,0.6363636363636364,0.4909090909090909,1.0,1.0,0.4,0.4,0.6883116883116883,1.0,0.675,0.6,0.475,0.5333333333333333
5957,discriminative-attribute-number,yes,0,1.0,1.0,0.36363636363636365,0.4909090909090909,1.0,1.0,0.4,0.4,0.5454545454545454,1.0,0.675,0.475,0.5,0.5333333333333333
5959,discriminative-attribute-state,yes,0,0.9090909090909091,0.8181818181818182,0.0,1.0,0.8,0.6,0.0,1.0,0.4805194805194805,0.7666666666666667,0.5,0.6,1.0,0.4666666666666667
5961,discriminative-attribute-number,yes,0,1.0,1.0,0.09090909090909091,0.8181818181818182,1.0,1.0,0.0,1.0,0.4805194805194805,1.0,0.5416666666666666,0.5,0.875,0.4444444444444444
5963,discriminative-attribute-state,yes,0,0.8181818181818182,0.6727272727272727,0.18181818181818182,0.6727272727272727,1.0,1.0,0.0,1.0,0.47619047619047616,0.7666666666666667,0.475,0.475,0.7666666666666667,0.4444444444444444
5965,discriminative-attribute-state,yes,1,0.0,1.0,1.0,1.0,0.0,1.0,1.0,1.0,0.47619047619047616,1.0,0.5416666666666666,0.5416666666666666,1.0,0.4444444444444444
5967,discriminative-attribute-state,yes,1,1.0,1.0,1.0,1.0,0.2,0.6,1.0,1.0,1.0,0.6,1.0,0.6,1.0,0.4666666666666667
5969,discriminative-attribute-number,yes,0,1.0,1.0,0.36363636363636365,0.4909090909090909,1.0,1.0,0.4,0.4,0.5454545454545454,1.0,0.675,0.475,0.5,0.5333333333333333
5971,discriminative-attribute-number,yes,1,0.0,1.0,0.0,1.0,0.0,1.0,0.6,0.4,1.0,1.0,0.675,1.0,0.675,0.5333333333333333
5973,discriminative-attribute-number,yes,0,1.0,1.0,0.18181818181818182,0.6727272727272727,1.0,1.0,0.2,0.6,0.4935064935064935,1.0,0.6,0.475,0.675,0.4666666666666667
5975,discriminative-attribute-state,yes,0,0.9090909090909091,0.8181818181818182,0.0,1.0,1.0,1.0,0.0,1.0,0.4805194805194805,0.875,0.5,0.5416666666666666,1.0,0.4444444444444444
5977,discriminative-attribute-state,yes,0,0.5454545454545454,0.45454545454545453,0.0,1.0,1.0,1.0,0.0,1.0,0.5844155844155844,0.5416666666666666,0.5,0.5416666666666666,1.0,0.4444444444444444
5981,discriminative-attribute-number,yes,0,1.0,1.0,0.0,1.0,1.0,1.0,0.0,1.0,0.47619047619047616,1.0,0.5416666666666666,0.5416666666666666,1.0,0.4444444444444444
5983,discriminative-attribute-state,yes,0,1.0,1.0,0.0,1.0,1.0,1.0,0.0,1.0,0.47619047619047616,1.0,0.5416666666666666,0.5416666666666666,1.0,0.4444444444444444
5985,discriminative-attribute-number,yes,0,1.0,1.0,0.18181818181818182,0.6727272727272727,1.0,1.0,0.2,0.6,0.4935064935064935,1.0,0.6,0.475,0.675,0.4666666666666667
5987,discriminative-attribute-state,yes,0,1.0,1.0,0.0,1.0,1.0,1.0,0.0,1.0,0.47619047619047616,1.0,0.5416666666666666,0.5416666666666666,1.0,0.4444444444444444
5989,discriminative-attribute-state,yes,0,1.0,1.0,0.0,1.0,1.0,1.0,0.2,0.6,0.47619047619047616,1.0,0.6,0.5416666666666666,0.875,0.4666666666666667
5991,discriminative-attribute-state,yes,1,0.7272727272727273,0.5636363636363636,1.0,1.0,0.2,0.6,1.0,1.0,0.7532467532467533,0.475,0.675,0.6,1.0,0.4666666666666667
5993,discriminative-attribute-number,yes,0,1.0,1.0,1.0,1.0,1.0,1.0,1.0,1.0,1.0,1.0,1.0,1.0,1.0,1.0
5995,discriminative-attribute-state,yes,1,0.8181818181818182,0.6727272727272727,1.0,1.0,0.6,0.4,1.0,1.0,0.8268398268398268,0.6,0.7666666666666667,0.7666666666666667,1.0,0.6444444444444445
5997,discriminative-attribute-state,yes,1,0.8181818181818182,0.6727272727272727,1.0,1.0,0.2,0.6,1.0,1.0,0.8268398268398268,0.5,0.7666666666666667,0.6,1.0,0.4666666666666667
5999,discriminative-attribute-state,yes,1,0.0,1.0,1.0,1.0,0.0,1.0,1.0,1.0,0.47619047619047616,1.0,0.5416666666666666,0.5416666666666666,1.0,0.4444444444444444
6001,discriminative-attribute-state,yes,0,1.0,1.0,0.0,1.0,1.0,1.0,0.0,1.0,0.47619047619047616,1.0,0.5416666666666666,0.5416666666666666,1.0,0.4444444444444444
6003,discriminative-attribute-number,yes,0,1.0,1.0,0.0,1.0,1.0,1.0,0.2,0.6,0.47619047619047616,1.0,0.6,0.5416666666666666,0.875,0.4666666666666667
6005,discriminative-attribute-state,yes,0,0.9090909090909091,0.8181818181818182,0.0,1.0,1.0,1.0,0.0,1.0,0.4805194805194805,0.875,0.5,0.5416666666666666,1.0,0.4444444444444444
6007,discriminative-attribute-number,yes,0,1.0,1.0,0.09090909090909091,0.8181818181818182,0.8,0.6,0.0,1.0,0.4805194805194805,0.875,0.5416666666666666,0.5416666666666666,0.875,0.4666666666666667
6009,discriminative-attribute-state,yes,1,0.09090909090909091,0.8181818181818182,1.0,1.0,0.0,1.0,1.0,1.0,0.4805194805194805,0.875,0.5,0.5416666666666666,1.0,0.4444444444444444
6011,discriminative-attribute-state,yes,0,1.0,1.0,0.0,1.0,1.0,1.0,0.0,1.0,0.47619047619047616,1.0,0.5416666666666666,0.5416666666666666,1.0,0.4444444444444444
6013,discriminative-attribute-action,yes,0,1.0,1.0,0.0,1.0,1.0,1.0,0.0,1.0,0.47619047619047616,1.0,0.5416666666666666,0.5416666666666666,1.0,0.4444444444444444
6015,discriminative-attribute-number,yes,0,1.0,1.0,0.36363636363636365,0.4909090909090909,1.0,1.0,0.0,1.0,0.5454545454545454,1.0,0.5416666666666666,0.475,0.6,0.4444444444444444
6017,discriminative-attribute-state,yes,0,1.0,1.0,0.0,1.0,1.0,1.0,0.0,1.0,0.47619047619047616,1.0,0.5416666666666666,0.5416666666666666,1.0,0.4444444444444444
6019,discriminative-attribute-state,yes,0,0.45454545454545453,0.45454545454545453,0.0,1.0,0.8,0.6,0.0,1.0,0.6320346320346321,0.475,0.5416666666666666,0.6,1.0,0.4666666666666667
6021,discriminative-attribute-number,yes,0,1.0,1.0,1.0,1.0,1.0,1.0,0.6,0.4,1.0,1.0,0.7666666666666667,1.0,0.7666666666666667,0.6444444444444445
6025,discriminative-attribute-state,yes,0,1.0,1.0,0.0,1.0,1.0,1.0,0.0,1.0,0.47619047619047616,1.0,0.5416666666666666,0.5416666666666666,1.0,0.4444444444444444
6027,discriminative-attribute-state,yes,0,0.9090909090909091,0.8181818181818182,0.0,1.0,1.0,1.0,0.0,1.0,0.4805194805194805,0.875,0.5,0.5416666666666666,1.0,0.4444444444444444
6029,discriminative-attribute-number,yes,0,1.0,1.0,0.2727272727272727,0.5636363636363636,1.0,1.0,0.0,1.0,0.5151515151515151,1.0,0.5416666666666666,0.4666666666666667,0.675,0.4444444444444444
6031,discriminative-attribute-state,yes,0,1.0,1.0,0.0,1.0,1.0,1.0,0.0,1.0,0.47619047619047616,1.0,0.5416666666666666,0.5416666666666666,1.0,0.4444444444444444
6033,discriminative-attribute-state,yes,0,0.9090909090909091,0.8181818181818182,0.0,1.0,0.6,0.4,0.0,1.0,0.4805194805194805,0.675,0.5,0.675,1.0,0.5333333333333333
6035,discriminative-attribute-state,yes,0,1.0,1.0,0.0,1.0,1.0,1.0,0.0,1.0,0.47619047619047616,1.0,0.5416666666666666,0.5416666666666666,1.0,0.4444444444444444
6037,discriminative-attribute-action,yes,0,1.0,1.0,0.09090909090909091,0.8181818181818182,1.0,1.0,0.2,0.6,0.4805194805194805,1.0,0.6,0.5,0.7666666666666667,0.4666666666666667
6039,discriminative-attribute-state,yes,0,1.0,1.0,0.0,1.0,1.0,1.0,0.0,1.0,0.47619047619047616,1.0,0.5416666666666666,0.5416666666666666,1.0,0.4444444444444444
6041,discriminative-attribute-number,yes,0,1.0,1.0,0.0,1.0,1.0,1.0,0.2,0.6,0.47619047619047616,1.0,0.6,0.5416666666666666,0.875,0.4666666666666667
6043,discriminative-attribute-action,yes,1,0.0,1.0,1.0,1.0,0.0,1.0,1.0,1.0,0.47619047619047616,1.0,0.5416666666666666,0.5416666666666666,1.0,0.4444444444444444
6045,discriminative-attribute-number,yes,1,0.9090909090909091,0.8181818181818182,0.0,1.0,0.4,0.4,0.6,0.4,0.4805194805194805,0.6,0.675,0.7666666666666667,0.675,0.4444444444444444
6047,discriminative-attribute-state,yes,0,1.0,1.0,0.45454545454545453,0.45454545454545453,1.0,1.0,1.0,1.0,0.5844155844155844,1.0,1.0,0.5,0.5,1.0
6049,discriminative-attribute-state,yes,1,0.36363636363636365,0.4909090909090909,0.8181818181818182,0.6727272727272727,0.2,0.6,1.0,1.0,0.4935064935064935,0.5416666666666666,0.475,0.5,0.7666666666666667,0.4666666666666667
6051,discriminative-attribute-number,yes,0,1.0,1.0,0.2727272727272727,0.5636363636363636,1.0,1.0,0.6,0.4,0.5151515151515151,1.0,0.7666666666666667,0.4666666666666667,0.5,0.6444444444444445
6053,discriminative-attribute-action,yes,0,1.0,1.0,0.09090909090909091,0.8181818181818182,1.0,1.0,0.2,0.6,0.4805194805194805,1.0,0.6,0.5,0.7666666666666667,0.4666666666666667
6055,discriminative-attribute-state,yes,1,1.0,1.0,1.0,1.0,1.0,1.0,0.4,0.4,1.0,1.0,0.675,1.0,0.675,0.5333333333333333
6057,discriminative-attribute-state,yes,0,1.0,1.0,0.09090909090909091,0.8181818181818182,1.0,1.0,0.0,1.0,0.4805194805194805,1.0,0.5416666666666666,0.5,0.875,0.4444444444444444
6059,discriminative-attribute-state,yes,1,0.6363636363636364,0.4909090909090909,1.0,1.0,0.0,1.0,1.0,1.0,0.6883116883116883,0.475,0.6,0.5416666666666666,1.0,0.4444444444444444
6061,discriminative-attribute-state,yes,1,0.09090909090909091,0.8181818181818182,1.0,1.0,0.0,1.0,1.0,1.0,0.4805194805194805,0.875,0.5,0.5416666666666666,1.0,0.4444444444444444
6063,discriminative-attribute-action,yes,0,1.0,1.0,0.09090909090909091,0.8181818181818182,1.0,1.0,0.0,1.0,0.4805194805194805,1.0,0.5416666666666666,0.5,0.875,0.4444444444444444
6065,discriminative-attribute-number,yes,0,1.0,1.0,0.2727272727272727,0.5636363636363636,1.0,1.0,0.0,1.0,0.5151515151515151,1.0,0.5416666666666666,0.4666666666666667,0.675,0.4444444444444444
6067,discriminative-attribute-state,yes,0,1.0,1.0,0.0,1.0,1.0,1.0,0.0,1.0,0.47619047619047616,1.0,0.5416666666666666,0.5416666666666666,1.0,0.4444444444444444
6069,discriminative-attribute-state,yes,1,0.0,1.0,1.0,1.0,0.0,1.0,1.0,1.0,0.47619047619047616,1.0,0.5416666666666666,0.5416666666666666,1.0,0.4444444444444444
6071,discriminative-attribute-state,yes,0,1.0,1.0,0.0,1.0,1.0,1.0,0.0,1.0,0.47619047619047616,1.0,0.5416666666666666,0.5416666666666666,1.0,0.4444444444444444
6073,discriminative-attribute-state,yes,0,1.0,1.0,0.0,1.0,1.0,1.0,0.0,1.0,0.47619047619047616,1.0,0.5416666666666666,0.5416666666666666,1.0,0.4444444444444444
6077,discriminative-attribute-action,yes,0,1.0,1.0,0.2727272727272727,0.5636363636363636,0.6,0.4,0.0,1.0,0.5151515151515151,0.7666666666666667,0.5416666666666666,0.5,0.675,0.5333333333333333
6079,discriminative-attribute-state,yes,0,1.0,1.0,0.0,1.0,1.0,1.0,0.0,1.0,0.47619047619047616,1.0,0.5416666666666666,0.5416666666666666,1.0,0.4444444444444444
6081,discriminative-attribute-state,yes,0,1.0,1.0,0.0,1.0,1.0,1.0,0.0,1.0,0.47619047619047616,1.0,0.5416666666666666,0.5416666666666666,1.0,0.4444444444444444
6083,discriminative-attribute-action,yes,0,1.0,1.0,0.0,1.0,1.0,1.0,0.0,1.0,0.47619047619047616,1.0,0.5416666666666666,0.5416666666666666,1.0,0.4444444444444444
6085,discriminative-attribute-number,yes,0,1.0,1.0,0.09090909090909091,0.8181818181818182,1.0,1.0,0.2,0.6,0.4805194805194805,1.0,0.6,0.5,0.7666666666666667,0.4666666666666667
6087,discriminative-attribute-state,yes,0,1.0,1.0,0.09090909090909091,0.8181818181818182,1.0,1.0,0.0,1.0,0.4805194805194805,1.0,0.5416666666666666,0.5,0.875,0.4444444444444444
6089,discriminative-attribute-number,yes,0,1.0,1.0,0.0,1.0,1.0,1.0,0.4,0.4,0.47619047619047616,1.0,0.675,0.5416666666666666,0.7666666666666667,0.5333333333333333
6091,discriminative-attribute-action,yes,1,0.0,1.0,1.0,1.0,0.0,1.0,1.0,1.0,0.47619047619047616,1.0,0.5416666666666666,0.5416666666666666,1.0,0.4444444444444444
6093,discriminative-attribute-state,yes,0,1.0,1.0,0.0,1.0,1.0,1.0,0.0,1.0,0.47619047619047616,1.0,0.5416666666666666,0.5416666666666666,1.0,0.4444444444444444
6095,discriminative-attribute-state,yes,0,1.0,1.0,0.0,1.0,1.0,1.0,0.0,1.0,0.47619047619047616,1.0,0.5416666666666666,0.5416666666666666,1.0,0.4444444444444444
6097,discriminative-attribute-number,yes,0,1.0,1.0,0.18181818181818182,0.6727272727272727,1.0,1.0,0.4,0.4,0.4935064935064935,1.0,0.675,0.475,0.6,0.5333333333333333
6099,discriminative-attribute-state,yes,0,1.0,1.0,0.0,1.0,1.0,1.0,0.0,1.0,0.47619047619047616,1.0,0.5416666666666666,0.5416666666666666,1.0,0.4444444444444444
6101,discriminative-attribute-state,yes,0,1.0,1.0,0.0,1.0,1.0,1.0,0.0,1.0,0.47619047619047616,1.0,0.5416666666666666,0.5416666666666666,1.0,0.4444444444444444
6103,discriminative-attribute-state,yes,0,1.0,1.0,0.0,1.0,1.0,1.0,0.0,1.0,0.47619047619047616,1.0,0.5416666666666666,0.5416666666666666,1.0,0.4444444444444444
6105,discriminative-attribute-state,yes,1,0.09090909090909091,0.8181818181818182,1.0,1.0,0.0,1.0,1.0,1.0,0.4805194805194805,0.875,0.5,0.5416666666666666,1.0,0.4444444444444444
6107,discriminative-attribute-state,yes,1,0.0,1.0,1.0,1.0,0.0,1.0,1.0,1.0,0.47619047619047616,1.0,0.5416666666666666,0.5416666666666666,1.0,0.4444444444444444
6111,discriminative-attribute-number,yes,0,1.0,1.0,0.0,1.0,1.0,1.0,0.0,1.0,0.47619047619047616,1.0,0.5416666666666666,0.5416666666666666,1.0,0.4444444444444444
6113,discriminative-attribute-state,yes,0,1.0,1.0,0.0,1.0,1.0,1.0,0.0,1.0,0.47619047619047616,1.0,0.5416666666666666,0.5416666666666666,1.0,0.4444444444444444
6115,discriminative-attribute-state,yes,0,1.0,1.0,0.0,1.0,1.0,1.0,0.0,1.0,0.47619047619047616,1.0,0.5416666666666666,0.5416666666666666,1.0,0.4444444444444444
6117,discriminative-attribute-state,yes,0,1.0,1.0,0.0,1.0,1.0,1.0,0.0,1.0,0.47619047619047616,1.0,0.5416666666666666,0.5416666666666666,1.0,0.4444444444444444
6119,discriminative-attribute-number,yes,0,1.0,1.0,0.45454545454545453,0.45454545454545453,1.0,1.0,0.0,1.0,0.5844155844155844,1.0,0.5416666666666666,0.5,0.5416666666666666,0.4444444444444444
6121,discriminative-attribute-state,yes,0,1.0,1.0,0.0,1.0,1.0,1.0,0.0,1.0,0.47619047619047616,1.0,0.5416666666666666,0.5416666666666666,1.0,0.4444444444444444
6123,discriminative-attribute-state,yes,0,1.0,1.0,0.0,1.0,1.0,1.0,0.0,1.0,0.47619047619047616,1.0,0.5416666666666666,0.5416666666666666,1.0,0.4444444444444444
6125,discriminative-attribute-state,yes,0,1.0,1.0,0.0,1.0,1.0,1.0,0.0,1.0,0.47619047619047616,1.0,0.5416666666666666,0.5416666666666666,1.0,0.4444444444444444
6127,discriminative-attribute-number,yes,0,1.0,1.0,0.0,1.0,1.0,1.0,0.0,1.0,0.47619047619047616,1.0,0.5416666666666666,0.5416666666666666,1.0,0.4444444444444444
6129,discriminative-attribute-state,yes,0,1.0,1.0,0.0,1.0,1.0,1.0,0.0,1.0,0.47619047619047616,1.0,0.5416666666666666,0.5416666666666666,1.0,0.4444444444444444
6131,discriminative-attribute-state,yes,0,1.0,1.0,0.09090909090909091,0.8181818181818182,1.0,1.0,0.2,0.6,0.4805194805194805,1.0,0.6,0.5,0.7666666666666667,0.4666666666666667
6133,discriminative-attribute-state,yes,1,0.0,1.0,0.0,1.0,0.0,1.0,0.4,0.4,1.0,1.0,0.7666666666666667,1.0,0.7666666666666667,0.6444444444444445
6135,discriminative-attribute-action,yes,0,1.0,1.0,0.0,1.0,1.0,1.0,0.0,1.0,0.47619047619047616,1.0,0.5416666666666666,0.5416666666666666,1.0,0.4444444444444444
6137,discriminative-attribute-number,yes,0,1.0,1.0,0.0,1.0,1.0,1.0,0.0,1.0,0.47619047619047616,1.0,0.5416666666666666,0.5416666666666666,1.0,0.4444444444444444
6139,discriminative-attribute-state,yes,0,1.0,1.0,0.0,1.0,1.0,1.0,0.0,1.0,0.47619047619047616,1.0,0.5416666666666666,0.5416666666666666,1.0,0.4444444444444444
6141,discriminative-attribute-state,yes,0,1.0,1.0,0.0,1.0,1.0,1.0,0.0,1.0,0.47619047619047616,1.0,0.5416666666666666,0.5416666666666666,1.0,0.4444444444444444
6143,discriminative-attribute-state,yes,1,0.09090909090909091,0.8181818181818182,0.8181818181818182,0.6727272727272727,0.0,1.0,1.0,1.0,0.4805194805194805,0.875,0.5,0.475,0.7666666666666667,0.4444444444444444
6145,discriminative-attribute-state,yes,1,0.9090909090909091,0.8181818181818182,1.0,1.0,0.2,0.6,1.0,1.0,0.9090909090909091,0.5416666666666666,0.875,0.6,1.0,0.4666666666666667
6147,discriminative-attribute-number,yes,1,1.0,1.0,0.0,1.0,0.4,0.4,0.8,0.6,0.47619047619047616,0.675,0.875,0.7666666666666667,0.6,0.4666666666666667
6149,discriminative-attribute-state,yes,0,0.9090909090909091,0.8181818181818182,0.0,1.0,1.0,1.0,0.0,1.0,0.4805194805194805,0.875,0.5,0.5416666666666666,1.0,0.4444444444444444
6151,discriminative-attribute-number,yes,0,1.0,1.0,0.09090909090909091,0.8181818181818182,1.0,1.0,0.2,0.6,0.4805194805194805,1.0,0.6,0.5,0.7666666666666667,0.4666666666666667
6153,discriminative-attribute-state,yes,0,1.0,1.0,0.2727272727272727,0.5636363636363636,1.0,1.0,0.0,1.0,0.5151515151515151,1.0,0.5416666666666666,0.4666666666666667,0.675,0.4444444444444444
6155,discriminative-attribute-action,yes,0,1.0,1.0,0.5454545454545454,0.45454545454545453,1.0,1.0,0.2,0.6,0.6320346320346321,1.0,0.6,0.5416666666666666,0.475,0.4666666666666667
6157,discriminative-attribute-number,yes,0,1.0,1.0,1.0,1.0,1.0,1.0,0.6,0.4,1.0,1.0,0.7666666666666667,1.0,0.7666666666666667,0.6444444444444445
6159,discriminative-attribute-number,yes,0,1.0,1.0,0.45454545454545453,0.45454545454545453,1.0,1.0,0.8,0.6,0.5844155844155844,1.0,0.875,0.5,0.475,0.8
6161,discriminative-attribute-state,yes,0,0.9090909090909091,0.8181818181818182,0.0,1.0,1.0,1.0,0.0,1.0,0.4805194805194805,0.875,0.5,0.5416666666666666,1.0,0.4444444444444444
6163,discriminative-attribute-number,yes,0,1.0,1.0,0.6363636363636364,0.4909090909090909,1.0,1.0,1.0,1.0,0.6883116883116883,1.0,1.0,0.6,0.6,1.0
6165,discriminative-attribute-state,yes,0,0.8181818181818182,0.6727272727272727,0.18181818181818182,0.6727272727272727,1.0,1.0,0.0,1.0,0.47619047619047616,0.7666666666666667,0.475,0.475,0.7666666666666667,0.4444444444444444
6167,discriminative-attribute-state,yes,0,0.8181818181818182,0.6727272727272727,0.0,1.0,1.0,1.0,0.0,1.0,0.4935064935064935,0.7666666666666667,0.475,0.5416666666666666,1.0,0.4444444444444444
6169,discriminative-attribute-state,yes,1,0.6363636363636364,0.4909090909090909,0.09090909090909091,0.8181818181818182,0.2,0.6,0.8,0.6,0.5151515151515151,0.4666666666666667,0.5416666666666666,0.7666666666666667,0.5416666666666666,0.4444444444444444
6171,discriminative-attribute-state,yes,0,1.0,1.0,0.0,1.0,1.0,1.0,0.2,0.6,0.47619047619047616,1.0,0.6,0.5416666666666666,0.875,0.4666666666666667
6173,discriminative-attribute-action,yes,0,1.0,1.0,0.0,1.0,1.0,1.0,0.2,0.6,0.47619047619047616,1.0,0.6,0.5416666666666666,0.875,0.4666666666666667
6175,discriminative-attribute-number,yes,0,1.0,1.0,1.0,1.0,1.0,1.0,0.6,0.4,1.0,1.0,0.7666666666666667,1.0,0.7666666666666667,0.6444444444444445
6177,discriminative-attribute-state,yes,1,0.0,1.0,1.0,1.0,0.0,1.0,1.0,1.0,0.47619047619047616,1.0,0.5416666666666666,0.5416666666666666,1.0,0.4444444444444444
6179,discriminative-attribute-state,yes,0,1.0,1.0,0.18181818181818182,0.6727272727272727,1.0,1.0,0.2,0.6,0.4935064935064935,1.0,0.6,0.475,0.675,0.4666666666666667
6181,discriminative-attribute-number,yes,0,1.0,1.0,0.09090909090909091,0.8181818181818182,1.0,1.0,0.2,0.6,0.4805194805194805,1.0,0.6,0.5,0.7666666666666667,0.4666666666666667
6183,discriminative-attribute-state,yes,0,0.9090909090909091,0.8181818181818182,0.0,1.0,1.0,1.0,0.0,1.0,0.4805194805194805,0.875,0.5,0.5416666666666666,1.0,0.4444444444444444
6185,discriminative-attribute-action,yes,1,0.9090909090909091,0.8181818181818182,0.18181818181818182,0.6727272727272727,0.6,0.4,0.8,0.6,0.4805194805194805,0.675,0.7666666666666667,0.5416666666666666,0.5,0.5333333333333333
6187,discriminative-attribute-state,yes,0,1.0,1.0,0.0,1.0,1.0,1.0,0.2,0.6,0.47619047619047616,1.0,0.6,0.5416666666666666,0.875,0.4666666666666667
6189,discriminative-attribute-action,yes,0,1.0,1.0,0.0,1.0,1.0,1.0,0.0,1.0,0.47619047619047616,1.0,0.5416666666666666,0.5416666666666666,1.0,0.4444444444444444
6191,discriminative-attribute-number,yes,0,1.0,1.0,0.18181818181818182,0.6727272727272727,1.0,1.0,0.2,0.6,0.4935064935064935,1.0,0.6,0.475,0.675,0.4666666666666667
6193,discriminative-attribute-state,yes,0,1.0,1.0,0.0,1.0,1.0,1.0,0.0,1.0,0.47619047619047616,1.0,0.5416666666666666,0.5416666666666666,1.0,0.4444444444444444
6195,discriminative-attribute-state,yes,1,0.2727272727272727,0.5636363636363636,0.0,1.0,0.2,0.6,0.8,0.6,0.7532467532467533,0.6,0.475,0.875,0.6,0.4444444444444444
6197,discriminative-attribute-state,yes,0,1.0,1.0,0.0,1.0,1.0,1.0,0.0,1.0,0.47619047619047616,1.0,0.5416666666666666,0.5416666666666666,1.0,0.4444444444444444
6199,discriminative-attribute-state,yes,0,1.0,1.0,0.09090909090909091,0.8181818181818182,1.0,1.0,0.2,0.6,0.4805194805194805,1.0,0.6,0.5,0.7666666666666667,0.4666666666666667
6201,discriminative-attribute-state,yes,1,0.09090909090909091,0.8181818181818182,1.0,1.0,0.0,1.0,1.0,1.0,0.4805194805194805,0.875,0.5,0.5416666666666666,1.0,0.4444444444444444
6203,discriminative-attribute-state,yes,1,0.0,1.0,1.0,1.0,0.0,1.0,1.0,1.0,0.47619047619047616,1.0,0.5416666666666666,0.5416666666666666,1.0,0.4444444444444444
6205,discriminative-attribute-state,yes,1,0.7272727272727273,0.5636363636363636,1.0,1.0,0.2,0.6,1.0,1.0,0.7532467532467533,0.475,0.675,0.6,1.0,0.4666666666666667
6207,discriminative-attribute-state,yes,1,0.36363636363636365,0.4909090909090909,0.6363636363636364,0.4909090909090909,0.4,0.4,1.0,1.0,0.47619047619047616,0.5,0.475,0.475,0.6,0.5333333333333333
6209,discriminative-attribute-state,yes,0,1.0,1.0,0.0,1.0,1.0,1.0,0.2,0.6,0.47619047619047616,1.0,0.6,0.5416666666666666,0.875,0.4666666666666667
6211,discriminative-attribute-number,yes,0,1.0,1.0,0.0,1.0,1.0,1.0,0.0,1.0,0.47619047619047616,1.0,0.5416666666666666,0.5416666666666666,1.0,0.4444444444444444
6213,discriminative-attribute-state,yes,0,1.0,1.0,0.0,1.0,1.0,1.0,0.0,1.0,0.47619047619047616,1.0,0.5416666666666666,0.5416666666666666,1.0,0.4444444444444444
6215,discriminative-attribute-number,yes,0,1.0,1.0,0.0,1.0,1.0,1.0,0.0,1.0,0.47619047619047616,1.0,0.5416666666666666,0.5416666666666666,1.0,0.4444444444444444
6217,discriminative-attribute-state,yes,0,1.0,1.0,0.36363636363636365,0.4909090909090909,1.0,1.0,0.0,1.0,0.5454545454545454,1.0,0.5416666666666666,0.475,0.6,0.4444444444444444
6219,discriminative-attribute-state,yes,0,1.0,1.0,0.36363636363636365,0.4909090909090909,1.0,1.0,0.0,1.0,0.5454545454545454,1.0,0.5416666666666666,0.475,0.6,0.4444444444444444
6221,discriminative-attribute-state,yes,0,0.8181818181818182,0.6727272727272727,0.2727272727272727,0.5636363636363636,1.0,1.0,0.0,1.0,0.4805194805194805,0.7666666666666667,0.475,0.4666666666666667,0.675,0.4444444444444444
6223,discriminative-attribute-number,yes,1,0.18181818181818182,0.6727272727272727,0.5454545454545454,0.45454545454545453,0.0,1.0,1.0,1.0,0.5151515151515151,0.7666666666666667,0.475,0.5,0.5416666666666666,0.4444444444444444
6225,discriminative-attribute-state,yes,0,0.9090909090909091,0.8181818181818182,0.09090909090909091,0.8181818181818182,1.0,1.0,0.0,1.0,0.47619047619047616,0.875,0.5,0.5,0.875,0.4444444444444444
6229,discriminative-attribute-state,yes,0,1.0,1.0,0.09090909090909091,0.8181818181818182,1.0,1.0,0.0,1.0,0.4805194805194805,1.0,0.5416666666666666,0.5,0.875,0.4444444444444444
6231,discriminative-attribute-state,yes,0,1.0,1.0,0.0,1.0,1.0,1.0,0.0,1.0,0.47619047619047616,1.0,0.5416666666666666,0.5416666666666666,1.0,0.4444444444444444
6233,discriminative-attribute-number,yes,0,1.0,1.0,1.0,1.0,1.0,1.0,0.2,0.6,1.0,1.0,0.6,1.0,0.6,0.4666666666666667
6235,discriminative-attribute-number,yes,0,1.0,1.0,0.45454545454545453,0.45454545454545453,1.0,1.0,0.4,0.4,0.5844155844155844,1.0,0.675,0.5,0.475,0.5333333333333333
6237,discriminative-attribute-state,yes,1,0.09090909090909091,0.8181818181818182,0.0,1.0,0.0,1.0,0.6,0.4,0.9090909090909091,0.875,0.6,1.0,0.675,0.5333333333333333
6239,discriminative-attribute-state,yes,0,0.9090909090909091,0.8181818181818182,0.2727272727272727,0.5636363636363636,0.6,0.4,0.0,1.0,0.4935064935064935,0.675,0.5,0.5,0.675,0.5333333333333333
6241,discriminative-attribute-state,yes,0,0.7272727272727273,0.5636363636363636,0.09090909090909091,0.8181818181818182,1.0,1.0,0.0,1.0,0.4935064935064935,0.675,0.4666666666666667,0.5,0.875,0.4444444444444444
6243,discriminative-attribute-number,yes,1,0.2727272727272727,0.5636363636363636,0.0,1.0,0.0,1.0,0.4,0.4,0.7532467532467533,0.675,0.5416666666666666,1.0,0.7666666666666667,0.6444444444444445
6245,discriminative-attribute-number,yes,1,0.0,1.0,0.45454545454545453,0.45454545454545453,0.0,1.0,0.8,0.6,0.6320346320346321,1.0,0.6,0.5416666666666666,0.475,0.4666666666666667
6247,discriminative-attribute-state,yes,0,1.0,1.0,0.0,1.0,0.8,0.6,0.0,1.0,0.47619047619047616,0.875,0.5416666666666666,0.6,1.0,0.4666666666666667
6249,discriminative-attribute-number,yes,0,1.0,1.0,1.0,1.0,1.0,1.0,1.0,1.0,1.0,1.0,1.0,1.0,1.0,1.0
6251,discriminative-attribute-number,yes,0,1.0,1.0,0.5454545454545454,0.45454545454545453,1.0,1.0,0.6,0.4,0.6320346320346321,1.0,0.7666666666666667,0.5416666666666666,0.475,0.6444444444444445
6253,discriminative-attribute-state,yes,0,1.0,1.0,0.0,1.0,1.0,1.0,0.0,1.0,0.47619047619047616,1.0,0.5416666666666666,0.5416666666666666,1.0,0.4444444444444444
6255,discriminative-attribute-action,yes,1,0.18181818181818182,0.6727272727272727,1.0,1.0,0.0,1.0,0.8,0.6,0.4935064935064935,0.7666666666666667,0.5,0.5416666666666666,0.875,0.4666666666666667
6257,discriminative-attribute-number,yes,0,1.0,1.0,1.0,1.0,1.0,1.0,0.2,0.6,1.0,1.0,0.6,1.0,0.6,0.4666666666666667
6259,discriminative-attribute-state,yes,0,1.0,1.0,0.0,1.0,1.0,1.0,0.0,1.0,0.47619047619047616,1.0,0.5416666666666666,0.5416666666666666,1.0,0.4444444444444444
6261,discriminative-attribute-state,yes,1,0.0,1.0,1.0,1.0,0.0,1.0,1.0,1.0,0.47619047619047616,1.0,0.5416666666666666,0.5416666666666666,1.0,0.4444444444444444
6263,discriminative-attribute-state,yes,0,1.0,1.0,0.09090909090909091,0.8181818181818182,1.0,1.0,0.0,1.0,0.4805194805194805,1.0,0.5416666666666666,0.5,0.875,0.4444444444444444
6265,discriminative-attribute-state,yes,0,1.0,1.0,0.0,1.0,1.0,1.0,0.0,1.0,0.47619047619047616,1.0,0.5416666666666666,0.5416666666666666,1.0,0.4444444444444444
6267,discriminative-attribute-state,yes,0,0.9090909090909091,0.8181818181818182,0.0,1.0,1.0,1.0,0.0,1.0,0.4805194805194805,0.875,0.5,0.5416666666666666,1.0,0.4444444444444444
6269,discriminative-attribute-number,yes,0,1.0,1.0,0.7272727272727273,0.5636363636363636,1.0,1.0,0.6,0.4,0.7532467532467533,1.0,0.7666666666666667,0.675,0.5416666666666666,0.6444444444444445
6271,discriminative-attribute-state,yes,0,1.0,1.0,0.09090909090909091,0.8181818181818182,0.6,0.4,0.0,1.0,0.4805194805194805,0.7666666666666667,0.5416666666666666,0.6,0.875,0.5333333333333333
6273,discriminative-attribute-number,yes,0,1.0,1.0,0.18181818181818182,0.6727272727272727,1.0,1.0,0.4,0.4,0.4935064935064935,1.0,0.675,0.475,0.6,0.5333333333333333
6275,discriminative-attribute-state,yes,0,1.0,1.0,0.0,1.0,1.0,1.0,0.0,1.0,0.47619047619047616,1.0,0.5416666666666666,0.5416666666666666,1.0,0.4444444444444444
6277,discriminative-attribute-state,yes,0,0.9090909090909091,0.8181818181818182,0.0,1.0,1.0,1.0,0.0,1.0,0.4805194805194805,0.875,0.5,0.5416666666666666,1.0,0.4444444444444444
6279,discriminative-attribute-state,yes,0,1.0,1.0,0.0,1.0,1.0,1.0,0.2,0.6,0.47619047619047616,1.0,0.6,0.5416666666666666,0.875,0.4666666666666667
6281,discriminative-attribute-state,yes,0,1.0,1.0,0.09090909090909091,0.8181818181818182,1.0,1.0,0.4,0.4,0.4805194805194805,1.0,0.675,0.5,0.675,0.5333333333333333
6283,discriminative-attribute-state,yes,0,1.0,1.0,0.0,1.0,1.0,1.0,0.0,1.0,0.47619047619047616,1.0,0.5416666666666666,0.5416666666666666,1.0,0.4444444444444444
6285,discriminative-attribute-state,yes,0,0.9090909090909091,0.8181818181818182,0.0,1.0,0.6,0.4,0.0,1.0,0.4805194805194805,0.675,0.5,0.675,1.0,0.5333333333333333
6287,discriminative-attribute-state,yes,0,1.0,1.0,0.0,1.0,1.0,1.0,0.0,1.0,0.47619047619047616,1.0,0.5416666666666666,0.5416666666666666,1.0,0.4444444444444444
6289,discriminative-attribute-state,yes,0,1.0,1.0,0.0,1.0,1.0,1.0,0.0,1.0,0.47619047619047616,1.0,0.5416666666666666,0.5416666666666666,1.0,0.4444444444444444
6291,discriminative-attribute-state,yes,0,1.0,1.0,0.09090909090909091,0.8181818181818182,1.0,1.0,0.0,1.0,0.4805194805194805,1.0,0.5416666666666666,0.5,0.875,0.4444444444444444
6293,discriminative-attribute-state,yes,1,0.18181818181818182,0.6727272727272727,1.0,1.0,0.2,0.6,1.0,1.0,0.4935064935064935,0.675,0.475,0.6,1.0,0.4666666666666667
6295,discriminative-attribute-number,yes,0,1.0,1.0,1.0,1.0,1.0,1.0,0.2,0.6,1.0,1.0,0.6,1.0,0.6,0.4666666666666667
6297,discriminative-attribute-number,yes,0,0.9090909090909091,0.8181818181818182,0.6363636363636364,0.4909090909090909,1.0,1.0,0.6,0.4,0.6320346320346321,0.875,0.675,0.6,0.5,0.6444444444444445
6299,discriminative-attribute-state,yes,0,0.09090909090909091,0.8181818181818182,0.0,1.0,0.8,0.6,0.0,1.0,0.9090909090909091,0.5416666666666666,0.875,0.6,1.0,0.4666666666666667
6301,discriminative-attribute-state,yes,1,0.6363636363636364,0.4909090909090909,0.7272727272727273,0.5636363636363636,0.0,1.0,1.0,1.0,0.5454545454545454,0.475,0.6,0.4666666666666667,0.675,0.4444444444444444
6303,discriminative-attribute-state,yes,1,1.0,1.0,0.18181818181818182,0.6727272727272727,0.4,0.4,0.4,0.4,0.4935064935064935,0.675,0.675,0.6,0.6,0.4666666666666667
6305,discriminative-attribute-state,yes,0,0.7272727272727273,0.5636363636363636,0.0,1.0,1.0,1.0,0.2,0.6,0.5151515151515151,0.675,0.475,0.5416666666666666,0.875,0.4666666666666667
6307,discriminative-attribute-state,yes,0,1.0,1.0,0.5454545454545454,0.45454545454545453,1.0,1.0,0.0,1.0,0.6320346320346321,1.0,0.5416666666666666,0.5416666666666666,0.5,0.4444444444444444
6309,discriminative-attribute-number,yes,0,1.0,1.0,0.18181818181818182,0.6727272727272727,1.0,1.0,0.4,0.4,0.4935064935064935,1.0,0.675,0.475,0.6,0.5333333333333333
6313,discriminative-attribute-number,yes,1,0.45454545454545453,0.45454545454545453,0.0,1.0,0.0,1.0,0.6,0.4,0.6320346320346321,0.5416666666666666,0.4666666666666667,1.0,0.675,0.5333333333333333
6315,discriminative-attribute-state,yes,1,0.7272727272727273,0.5636363636363636,0.8181818181818182,0.6727272727272727,0.4,0.4,1.0,1.0,0.6320346320346321,0.5,0.675,0.5416666666666666,0.7666666666666667,0.5333333333333333
6317,discriminative-attribute-state,yes,0,0.45454545454545453,0.45454545454545453,0.9090909090909091,0.8181818181818182,0.6,0.4,0.6,0.4,0.5454545454545454,0.4666666666666667,0.4666666666666667,0.675,0.675,0.4666666666666667
6319,discriminative-attribute-number,yes,0,1.0,1.0,0.09090909090909091,0.8181818181818182,1.0,1.0,0.2,0.6,0.4805194805194805,1.0,0.6,0.5,0.7666666666666667,0.4666666666666667
6321,discriminative-attribute-state,yes,0,1.0,1.0,0.0,1.0,1.0,1.0,0.0,1.0,0.47619047619047616,1.0,0.5416666666666666,0.5416666666666666,1.0,0.4444444444444444
6323,discriminative-attribute-state,yes,0,1.0,1.0,0.0,1.0,1.0,1.0,0.0,1.0,0.47619047619047616,1.0,0.5416666666666666,0.5416666666666666,1.0,0.4444444444444444
6325,discriminative-attribute-action,yes,0,1.0,1.0,0.0,1.0,1.0,1.0,0.0,1.0,0.47619047619047616,1.0,0.5416666666666666,0.5416666666666666,1.0,0.4444444444444444
6327,discriminative-attribute-state,yes,0,1.0,1.0,0.0,1.0,1.0,1.0,0.0,1.0,0.47619047619047616,1.0,0.5416666666666666,0.5416666666666666,1.0,0.4444444444444444
6329,discriminative-attribute-state,yes,1,0.45454545454545453,0.45454545454545453,1.0,1.0,0.0,1.0,1.0,1.0,0.5844155844155844,0.5416666666666666,0.5,0.5416666666666666,1.0,0.4444444444444444
6331,discriminative-attribute-number,yes,0,1.0,1.0,0.7272727272727273,0.5636363636363636,1.0,1.0,0.8,0.6,0.7532467532467533,1.0,0.875,0.675,0.6,0.8
6333,discriminative-attribute-state,yes,0,1.0,1.0,0.0,1.0,1.0,1.0,0.0,1.0,0.47619047619047616,1.0,0.5416666666666666,0.5416666666666666,1.0,0.4444444444444444
6335,discriminative-attribute-number,yes,0,1.0,1.0,1.0,1.0,1.0,1.0,0.8,0.6,1.0,1.0,0.875,1.0,0.875,0.8
6337,discriminative-attribute-state,yes,0,1.0,1.0,0.09090909090909091,0.8181818181818182,1.0,1.0,0.4,0.4,0.4805194805194805,1.0,0.675,0.5,0.675,0.5333333333333333
6339,discriminative-attribute-state,yes,0,1.0,1.0,0.18181818181818182,0.6727272727272727,1.0,1.0,0.0,1.0,0.4935064935064935,1.0,0.5416666666666666,0.475,0.7666666666666667,0.4444444444444444
6341,discriminative-attribute-state,yes,0,1.0,1.0,0.0,1.0,1.0,1.0,0.0,1.0,0.47619047619047616,1.0,0.5416666666666666,0.5416666666666666,1.0,0.4444444444444444
6343,discriminative-attribute-state,yes,0,1.0,1.0,0.0,1.0,1.0,1.0,0.0,1.0,0.47619047619047616,1.0,0.5416666666666666,0.5416666666666666,1.0,0.4444444444444444
6345,discriminative-attribute-state,yes,1,0.09090909090909091,0.8181818181818182,1.0,1.0,0.0,1.0,1.0,1.0,0.4805194805194805,0.875,0.5,0.5416666666666666,1.0,0.4444444444444444
6347,discriminative-attribute-state,yes,0,1.0,1.0,0.0,1.0,1.0,1.0,0.0,1.0,0.47619047619047616,1.0,0.5416666666666666,0.5416666666666666,1.0,0.4444444444444444
6349,discriminative-attribute-number,yes,0,1.0,1.0,0.09090909090909091,0.8181818181818182,1.0,1.0,0.0,1.0,0.4805194805194805,1.0,0.5416666666666666,0.5,0.875,0.4444444444444444
6351,discriminative-attribute-state,yes,0,0.9090909090909091,0.8181818181818182,0.0,1.0,1.0,1.0,0.0,1.0,0.4805194805194805,0.875,0.5,0.5416666666666666,1.0,0.4444444444444444
6353,discriminative-attribute-state,yes,1,0.6363636363636364,0.4909090909090909,1.0,1.0,0.0,1.0,1.0,1.0,0.6883116883116883,0.475,0.6,0.5416666666666666,1.0,0.4444444444444444
6355,discriminative-attribute-state,yes,1,0.7272727272727273,0.5636363636363636,0.45454545454545453,0.45454545454545453,0.4,0.4,0.8,0.6,0.4935064935064935,0.5,0.6,0.475,0.475,0.4666666666666667
6357,discriminative-attribute-state,yes,0,1.0,1.0,0.0,1.0,1.0,1.0,0.2,0.6,0.47619047619047616,1.0,0.6,0.5416666666666666,0.875,0.4666666666666667
6359,discriminative-attribute-state,yes,0,1.0,1.0,0.0,1.0,1.0,1.0,0.0,1.0,0.47619047619047616,1.0,0.5416666666666666,0.5416666666666666,1.0,0.4444444444444444
6361,discriminative-attribute-number,yes,0,1.0,1.0,0.36363636363636365,0.4909090909090909,1.0,1.0,0.2,0.6,0.5454545454545454,1.0,0.6,0.475,0.5416666666666666,0.4666666666666667
6363,discriminative-attribute-state,yes,0,1.0,1.0,0.0,1.0,1.0,1.0,0.0,1.0,0.47619047619047616,1.0,0.5416666666666666,0.5416666666666666,1.0,0.4444444444444444
6365,discriminative-attribute-state,yes,0,1.0,1.0,0.0,1.0,1.0,1.0,0.2,0.6,0.47619047619047616,1.0,0.6,0.5416666666666666,0.875,0.4666666666666667
6367,discriminative-attribute-state,yes,1,1.0,1.0,1.0,1.0,0.4,0.4,0.8,0.6,1.0,0.675,0.875,0.675,0.875,0.4666666666666667
6369,discriminative-attribute-number,yes,1,0.0,1.0,0.7272727272727273,0.5636363636363636,0.0,1.0,1.0,1.0,0.5151515151515151,1.0,0.5416666666666666,0.4666666666666667,0.675,0.4444444444444444
6371,discriminative-attribute-state,yes,0,0.9090909090909091,0.8181818181818182,0.0,1.0,1.0,1.0,0.0,1.0,0.4805194805194805,0.875,0.5,0.5416666666666666,1.0,0.4444444444444444
6373,discriminative-attribute-number,yes,0,1.0,1.0,1.0,1.0,1.0,1.0,0.6,0.4,1.0,1.0,0.7666666666666667,1.0,0.7666666666666667,0.6444444444444445
6375,discriminative-attribute-number,yes,0,1.0,1.0,0.2727272727272727,0.5636363636363636,1.0,1.0,0.4,0.4,0.5151515151515151,1.0,0.675,0.4666666666666667,0.5416666666666666,0.5333333333333333
6377,discriminative-attribute-action,yes,0,1.0,1.0,0.09090909090909091,0.8181818181818182,1.0,1.0,0.2,0.6,0.4805194805194805,1.0,0.6,0.5,0.7666666666666667,0.4666666666666667
6379,discriminative-attribute-state,yes,0,1.0,1.0,0.0,1.0,1.0,1.0,0.0,1.0,0.47619047619047616,1.0,0.5416666666666666,0.5416666666666666,1.0,0.4444444444444444
6381,discriminative-attribute-number,yes,1,1.0,1.0,0.0,1.0,0.4,0.4,0.4,0.4,0.47619047619047616,0.675,0.675,0.7666666666666667,0.7666666666666667,0.4666666666666667
6383,discriminative-attribute-number,yes,1,0.8181818181818182,0.6727272727272727,0.0,1.0,0.4,0.4,0.4,0.4,0.4935064935064935,0.5416666666666666,0.5416666666666666,0.7666666666666667,0.7666666666666667,0.4666666666666667
6385,discriminative-attribute-number,yes,1,0.2727272727272727,0.5636363636363636,0.0,1.0,0.2,0.6,0.4,0.4,0.7532467532467533,0.6,0.5416666666666666,0.875,0.7666666666666667,0.5333333333333333
6387,discriminative-attribute-number,yes,1,1.0,1.0,0.0,1.0,1.0,1.0,0.4,0.4,0.47619047619047616,1.0,0.675,0.5416666666666666,0.7666666666666667,0.5333333333333333
6389,discriminative-attribute-state,yes,1,0.45454545454545453,0.45454545454545453,1.0,1.0,0.0,1.0,0.8,0.6,0.5844155844155844,0.5416666666666666,0.475,0.5416666666666666,0.875,0.4666666666666667
6391,discriminative-attribute-action,yes,0,1.0,1.0,0.09090909090909091,0.8181818181818182,1.0,1.0,0.2,0.6,0.4805194805194805,1.0,0.6,0.5,0.7666666666666667,0.4666666666666667
6393,discriminative-attribute-number,yes,0,1.0,1.0,0.36363636363636365,0.4909090909090909,1.0,1.0,0.4,0.4,0.5454545454545454,1.0,0.675,0.475,0.5,0.5333333333333333
6395,discriminative-attribute-state,yes,0,1.0,1.0,0.0,1.0,1.0,1.0,0.0,1.0,0.47619047619047616,1.0,0.5416666666666666,0.5416666666666666,1.0,0.4444444444444444
6397,discriminative-attribute-state,yes,0,1.0,1.0,0.0,1.0,1.0,1.0,0.0,1.0,0.47619047619047616,1.0,0.5416666666666666,0.5416666666666666,1.0,0.4444444444444444
6399,discriminative-attribute-state,yes,0,1.0,1.0,0.0,1.0,0.8,0.6,0.0,1.0,0.47619047619047616,0.875,0.5416666666666666,0.6,1.0,0.4666666666666667
6401,discriminative-attribute-number,yes,0,1.0,1.0,0.2727272727272727,0.5636363636363636,1.0,1.0,0.2,0.6,0.5151515151515151,1.0,0.6,0.4666666666666667,0.6,0.4666666666666667
6403,discriminative-attribute-number,yes,0,0.5454545454545454,0.45454545454545453,0.9090909090909091,0.8181818181818182,0.8,0.6,0.6,0.4,0.5844155844155844,0.5,0.475,0.7666666666666667,0.675,0.5333333333333333
6405,discriminative-attribute-number,yes,1,0.45454545454545453,0.45454545454545453,0.0,1.0,0.0,1.0,0.6,0.4,0.6320346320346321,0.5416666666666666,0.4666666666666667,1.0,0.675,0.5333333333333333
6407,discriminative-attribute-state,yes,1,0.36363636363636365,0.4909090909090909,0.6363636363636364,0.4909090909090909,0.0,1.0,1.0,1.0,0.47619047619047616,0.6,0.475,0.475,0.6,0.4444444444444444
6409,discriminative-attribute-state,yes,0,1.0,1.0,0.0,1.0,1.0,1.0,0.0,1.0,0.47619047619047616,1.0,0.5416666666666666,0.5416666666666666,1.0,0.4444444444444444
6411,discriminative-attribute-action,yes,0,1.0,1.0,0.0,1.0,1.0,1.0,0.0,1.0,0.47619047619047616,1.0,0.5416666666666666,0.5416666666666666,1.0,0.4444444444444444
6413,discriminative-attribute-number,yes,0,1.0,1.0,0.36363636363636365,0.4909090909090909,1.0,1.0,0.0,1.0,0.5454545454545454,1.0,0.5416666666666666,0.475,0.6,0.4444444444444444
6415,discriminative-attribute-action,yes,0,1.0,1.0,0.09090909090909091,0.8181818181818182,1.0,1.0,0.0,1.0,0.4805194805194805,1.0,0.5416666666666666,0.5,0.875,0.4444444444444444
6417,discriminative-attribute-state,yes,0,1.0,1.0,0.0,1.0,1.0,1.0,0.0,1.0,0.47619047619047616,1.0,0.5416666666666666,0.5416666666666666,1.0,0.4444444444444444
6419,discriminative-attribute-state,yes,1,0.8181818181818182,0.6727272727272727,0.0,1.0,0.4,0.4,0.6,0.4,0.4935064935064935,0.5416666666666666,0.6,0.7666666666666667,0.675,0.4444444444444444
6423,discriminative-attribute-number,yes,1,1.0,1.0,0.09090909090909091,0.8181818181818182,0.6,0.4,0.8,0.6,0.4805194805194805,0.7666666666666667,0.875,0.6,0.5416666666666666,0.5333333333333333
6425,discriminative-attribute-action,yes,1,0.0,1.0,0.9090909090909091,0.8181818181818182,0.0,1.0,1.0,1.0,0.4805194805194805,1.0,0.5416666666666666,0.5,0.875,0.4444444444444444
6427,discriminative-attribute-action,yes,1,0.0,1.0,0.7272727272727273,0.5636363636363636,0.0,1.0,1.0,1.0,0.5151515151515151,1.0,0.5416666666666666,0.4666666666666667,0.675,0.4444444444444444
6429,discriminative-attribute-number,yes,0,1.0,1.0,0.09090909090909091,0.8181818181818182,1.0,1.0,0.2,0.6,0.4805194805194805,1.0,0.6,0.5,0.7666666666666667,0.4666666666666667
6431,discriminative-attribute-state,yes,0,1.0,1.0,0.0,1.0,1.0,1.0,0.2,0.6,0.47619047619047616,1.0,0.6,0.5416666666666666,0.875,0.4666666666666667
6433,discriminative-attribute-state,yes,0,1.0,1.0,0.0,1.0,1.0,1.0,0.0,1.0,0.47619047619047616,1.0,0.5416666666666666,0.5416666666666666,1.0,0.4444444444444444
6435,discriminative-attribute-number,yes,0,1.0,1.0,0.09090909090909091,0.8181818181818182,1.0,1.0,0.0,1.0,0.4805194805194805,1.0,0.5416666666666666,0.5,0.875,0.4444444444444444
6437,discriminative-attribute-number,yes,0,1.0,1.0,0.09090909090909091,0.8181818181818182,1.0,1.0,0.4,0.4,0.4805194805194805,1.0,0.675,0.5,0.675,0.5333333333333333
6439,discriminative-attribute-state,yes,0,1.0,1.0,0.09090909090909091,0.8181818181818182,1.0,1.0,0.0,1.0,0.4805194805194805,1.0,0.5416666666666666,0.5,0.875,0.4444444444444444
6441,discriminative-attribute-state,yes,1,0.8181818181818182,0.6727272727272727,1.0,1.0,0.2,0.6,1.0,1.0,0.8268398268398268,0.5,0.7666666666666667,0.6,1.0,0.4666666666666667
6445,discriminative-attribute-number,yes,0,1.0,1.0,0.09090909090909091,0.8181818181818182,1.0,1.0,0.2,0.6,0.4805194805194805,1.0,0.6,0.5,0.7666666666666667,0.4666666666666667
6447,discriminative-attribute-state,yes,0,1.0,1.0,0.0,1.0,1.0,1.0,0.0,1.0,0.47619047619047616,1.0,0.5416666666666666,0.5416666666666666,1.0,0.4444444444444444
6449,discriminative-attribute-state,yes,0,1.0,1.0,0.2727272727272727,0.5636363636363636,1.0,1.0,0.2,0.6,0.5151515151515151,1.0,0.6,0.4666666666666667,0.6,0.4666666666666667
6451,discriminative-attribute-state,yes,0,0.36363636363636365,0.4909090909090909,0.0,1.0,1.0,1.0,0.2,0.6,0.6883116883116883,0.475,0.5416666666666666,0.5416666666666666,0.875,0.4666666666666667
6453,discriminative-attribute-number,yes,0,1.0,1.0,0.9090909090909091,0.8181818181818182,1.0,1.0,1.0,1.0,0.9090909090909091,1.0,1.0,0.875,0.875,1.0
6455,discriminative-attribute-state,yes,0,1.0,1.0,0.0,1.0,0.8,0.6,0.0,1.0,0.47619047619047616,0.875,0.5416666666666666,0.6,1.0,0.4666666666666667
6457,discriminative-attribute-number,yes,0,1.0,1.0,0.0,1.0,1.0,1.0,0.0,1.0,0.47619047619047616,1.0,0.5416666666666666,0.5416666666666666,1.0,0.4444444444444444
6459,discriminative-attribute-state,yes,0,0.7272727272727273,0.5636363636363636,0.09090909090909091,0.8181818181818182,1.0,1.0,0.2,0.6,0.4935064935064935,0.675,0.475,0.5,0.7666666666666667,0.4666666666666667
6461,discriminative-attribute-state,yes,1,0.0,1.0,1.0,1.0,0.0,1.0,1.0,1.0,0.47619047619047616,1.0,0.5416666666666666,0.5416666666666666,1.0,0.4444444444444444
6463,discriminative-attribute-state,yes,0,0.7272727272727273,0.5636363636363636,0.0,1.0,1.0,1.0,0.0,1.0,0.5151515151515151,0.675,0.4666666666666667,0.5416666666666666,1.0,0.4444444444444444
6465,discriminative-attribute-state,yes,0,1.0,1.0,0.0,1.0,1.0,1.0,0.0,1.0,0.47619047619047616,1.0,0.5416666666666666,0.5416666666666666,1.0,0.4444444444444444
6467,discriminative-attribute-number,yes,1,0.2727272727272727,0.5636363636363636,0.5454545454545454,0.45454545454545453,0.0,1.0,1.0,1.0,0.4935064935064935,0.675,0.4666666666666667,0.5,0.5416666666666666,0.4444444444444444
6469,discriminative-attribute-number,yes,0,0.9090909090909091,0.8181818181818182,0.45454545454545453,0.45454545454545453,1.0,1.0,0.0,1.0,0.5454545454545454,0.875,0.5,0.5,0.5416666666666666,0.4444444444444444
6471,discriminative-attribute-state,yes,0,0.7272727272727273,0.5636363636363636,0.0,1.0,1.0,1.0,0.0,1.0,0.5151515151515151,0.675,0.4666666666666667,0.5416666666666666,1.0,0.4444444444444444
6473,discriminative-attribute-number,yes,0,1.0,1.0,0.0,1.0,1.0,1.0,0.0,1.0,0.47619047619047616,1.0,0.5416666666666666,0.5416666666666666,1.0,0.4444444444444444
6475,discriminative-attribute-state,yes,0,1.0,1.0,0.0,1.0,1.0,1.0,0.0,1.0,0.47619047619047616,1.0,0.5416666666666666,0.5416666666666666,1.0,0.4444444444444444
6477,discriminative-attribute-state,yes,1,0.09090909090909091,0.8181818181818182,1.0,1.0,0.0,1.0,1.0,1.0,0.4805194805194805,0.875,0.5,0.5416666666666666,1.0,0.4444444444444444
6479,discriminative-attribute-state,yes,0,1.0,1.0,0.0,1.0,1.0,1.0,0.0,1.0,0.47619047619047616,1.0,0.5416666666666666,0.5416666666666666,1.0,0.4444444444444444
6481,discriminative-attribute-state,yes,1,1.0,1.0,0.09090909090909091,0.8181818181818182,0.4,0.4,0.8,0.6,0.4805194805194805,0.675,0.875,0.675,0.5416666666666666,0.4666666666666667
6483,discriminative-attribute-state,yes,1,0.09090909090909091,0.8181818181818182,1.0,1.0,0.0,1.0,1.0,1.0,0.4805194805194805,0.875,0.5,0.5416666666666666,1.0,0.4444444444444444
6485,discriminative-attribute-state,yes,0,1.0,1.0,0.0,1.0,1.0,1.0,0.0,1.0,0.47619047619047616,1.0,0.5416666666666666,0.5416666666666666,1.0,0.4444444444444444
6487,discriminative-attribute-action,yes,0,1.0,1.0,0.0,1.0,1.0,1.0,0.0,1.0,0.47619047619047616,1.0,0.5416666666666666,0.5416666666666666,1.0,0.4444444444444444
6489,discriminative-attribute-state,yes,1,0.0,1.0,0.9090909090909091,0.8181818181818182,0.0,1.0,0.8,0.6,0.4805194805194805,1.0,0.6,0.5,0.7666666666666667,0.4666666666666667
6491,discriminative-attribute-action,yes,1,0.0,1.0,0.9090909090909091,0.8181818181818182,0.0,1.0,1.0,1.0,0.4805194805194805,1.0,0.5416666666666666,0.5,0.875,0.4444444444444444
6493,discriminative-attribute-state,yes,0,1.0,1.0,0.0,1.0,1.0,1.0,0.0,1.0,0.47619047619047616,1.0,0.5416666666666666,0.5416666666666666,1.0,0.4444444444444444
6495,discriminative-attribute-number,yes,0,1.0,1.0,1.0,1.0,1.0,1.0,0.2,0.6,1.0,1.0,0.6,1.0,0.6,0.4666666666666667
6497,discriminative-attribute-state,yes,1,0.36363636363636365,0.4909090909090909,0.8181818181818182,0.6727272727272727,0.0,1.0,1.0,1.0,0.4935064935064935,0.6,0.475,0.475,0.7666666666666667,0.4444444444444444
6499,discriminative-attribute-state,yes,0,1.0,1.0,0.0,1.0,1.0,1.0,0.0,1.0,0.47619047619047616,1.0,0.5416666666666666,0.5416666666666666,1.0,0.4444444444444444
6501,discriminative-attribute-number,yes,0,1.0,1.0,0.09090909090909091,0.8181818181818182,1.0,1.0,0.6,0.4,0.4805194805194805,1.0,0.7666666666666667,0.5,0.6,0.6444444444444445
6503,discriminative-attribute-state,yes,0,1.0,1.0,0.0,1.0,1.0,1.0,0.0,1.0,0.47619047619047616,1.0,0.5416666666666666,0.5416666666666666,1.0,0.4444444444444444
6505,discriminative-attribute-action,yes,0,1.0,1.0,0.0,1.0,1.0,1.0,0.0,1.0,0.47619047619047616,1.0,0.5416666666666666,0.5416666666666666,1.0,0.4444444444444444
6507,discriminative-attribute-state,yes,0,1.0,1.0,0.0,1.0,1.0,1.0,0.0,1.0,0.47619047619047616,1.0,0.5416666666666666,0.5416666666666666,1.0,0.4444444444444444
6509,discriminative-attribute-state,yes,0,1.0,1.0,0.0,1.0,1.0,1.0,0.0,1.0,0.47619047619047616,1.0,0.5416666666666666,0.5416666666666666,1.0,0.4444444444444444
6511,discriminative-attribute-state,yes,0,1.0,1.0,0.0,1.0,1.0,1.0,0.0,1.0,0.47619047619047616,1.0,0.5416666666666666,0.5416666666666666,1.0,0.4444444444444444
6513,discriminative-attribute-number,yes,0,1.0,1.0,0.0,1.0,1.0,1.0,0.2,0.6,0.47619047619047616,1.0,0.6,0.5416666666666666,0.875,0.4666666666666667
6515,discriminative-attribute-state,yes,0,0.9090909090909091,0.8181818181818182,0.0,1.0,1.0,1.0,0.0,1.0,0.4805194805194805,0.875,0.5,0.5416666666666666,1.0,0.4444444444444444
6517,discriminative-attribute-action,yes,0,1.0,1.0,0.09090909090909091,0.8181818181818182,1.0,1.0,0.0,1.0,0.4805194805194805,1.0,0.5416666666666666,0.5,0.875,0.4444444444444444
6519,discriminative-attribute-state,yes,0,1.0,1.0,0.0,1.0,1.0,1.0,0.0,1.0,0.47619047619047616,1.0,0.5416666666666666,0.5416666666666666,1.0,0.4444444444444444
6521,discriminative-attribute-action,yes,0,1.0,1.0,0.0,1.0,1.0,1.0,0.0,1.0,0.47619047619047616,1.0,0.5416666666666666,0.5416666666666666,1.0,0.4444444444444444
6523,discriminative-attribute-state,yes,0,1.0,1.0,0.0,1.0,1.0,1.0,0.0,1.0,0.47619047619047616,1.0,0.5416666666666666,0.5416666666666666,1.0,0.4444444444444444
6525,discriminative-attribute-state,yes,0,0.8181818181818182,0.6727272727272727,0.0,1.0,1.0,1.0,0.0,1.0,0.4935064935064935,0.7666666666666667,0.475,0.5416666666666666,1.0,0.4444444444444444
6529,discriminative-attribute-number,yes,0,1.0,1.0,0.36363636363636365,0.4909090909090909,1.0,1.0,0.0,1.0,0.5454545454545454,1.0,0.5416666666666666,0.475,0.6,0.4444444444444444
6531,discriminative-attribute-state,yes,1,0.09090909090909091,0.8181818181818182,1.0,1.0,0.0,1.0,1.0,1.0,0.4805194805194805,0.875,0.5,0.5416666666666666,1.0,0.4444444444444444
6533,discriminative-attribute-state,yes,0,1.0,1.0,0.0,1.0,1.0,1.0,0.0,1.0,0.47619047619047616,1.0,0.5416666666666666,0.5416666666666666,1.0,0.4444444444444444
6535,discriminative-attribute-number,yes,0,1.0,1.0,0.8181818181818182,0.6727272727272727,1.0,1.0,0.6,0.4,0.8268398268398268,1.0,0.7666666666666667,0.7666666666666667,0.6,0.6444444444444445
6537,discriminative-attribute-action,yes,0,1.0,1.0,0.6363636363636364,0.4909090909090909,1.0,1.0,0.2,0.6,0.6883116883116883,1.0,0.6,0.6,0.4666666666666667,0.4666666666666667
6539,discriminative-attribute-state,yes,1,0.18181818181818182,0.6727272727272727,0.9090909090909091,0.8181818181818182,0.0,1.0,1.0,1.0,0.4805194805194805,0.7666666666666667,0.475,0.5,0.875,0.4444444444444444
6541,discriminative-attribute-state,yes,0,1.0,1.0,0.8181818181818182,0.6727272727272727,0.6,0.4,0.4,0.4,0.8268398268398268,0.7666666666666667,0.675,0.6,0.5416666666666666,0.4444444444444444
6543,discriminative-attribute-state,yes,0,1.0,1.0,0.0,1.0,0.6,0.4,0.0,1.0,0.47619047619047616,0.7666666666666667,0.5416666666666666,0.675,1.0,0.5333333333333333
6545,discriminative-attribute-number,yes,0,1.0,1.0,0.09090909090909091,0.8181818181818182,1.0,1.0,0.0,1.0,0.4805194805194805,1.0,0.5416666666666666,0.5,0.875,0.4444444444444444
6547,discriminative-attribute-state,yes,0,1.0,1.0,0.0,1.0,1.0,1.0,0.0,1.0,0.47619047619047616,1.0,0.5416666666666666,0.5416666666666666,1.0,0.4444444444444444
6549,discriminative-attribute-state,yes,0,1.0,1.0,1.0,1.0,1.0,1.0,0.4,0.4,1.0,1.0,0.675,1.0,0.675,0.5333333333333333
6551,discriminative-attribute-state,yes,0,0.7272727272727273,0.5636363636363636,0.2727272727272727,0.5636363636363636,1.0,1.0,0.2,0.6,0.47619047619047616,0.675,0.475,0.4666666666666667,0.6,0.4666666666666667
6553,discriminative-attribute-state,yes,1,0.36363636363636365,0.4909090909090909,1.0,1.0,0.0,1.0,1.0,1.0,0.5454545454545454,0.6,0.475,0.5416666666666666,1.0,0.4444444444444444
6555,discriminative-attribute-state,yes,0,0.9090909090909091,0.8181818181818182,0.09090909090909091,0.8181818181818182,1.0,1.0,0.0,1.0,0.47619047619047616,0.875,0.5,0.5,0.875,0.4444444444444444
6557,discriminative-attribute-number,yes,0,1.0,1.0,0.09090909090909091,0.8181818181818182,1.0,1.0,0.2,0.6,0.4805194805194805,1.0,0.6,0.5,0.7666666666666667,0.4666666666666667
6559,discriminative-attribute-state,yes,0,1.0,1.0,0.09090909090909091,0.8181818181818182,1.0,1.0,0.0,1.0,0.4805194805194805,1.0,0.5416666666666666,0.5,0.875,0.4444444444444444
6561,discriminative-attribute-state,yes,0,1.0,1.0,0.09090909090909091,0.8181818181818182,1.0,1.0,0.0,1.0,0.4805194805194805,1.0,0.5416666666666666,0.5,0.875,0.4444444444444444
6563,discriminative-attribute-number,yes,0,0.9090909090909091,0.8181818181818182,1.0,1.0,0.8,0.6,1.0,1.0,0.9090909090909091,0.7666666666666667,0.875,0.875,1.0,0.8
6565,discriminative-attribute-number,yes,1,1.0,1.0,0.0,1.0,0.6,0.4,0.0,1.0,0.47619047619047616,0.7666666666666667,0.5416666666666666,0.675,1.0,0.5333333333333333
6567,discriminative-attribute-number,yes,1,0.9090909090909091,0.8181818181818182,0.0,1.0,0.8,0.6,0.0,1.0,0.4805194805194805,0.7666666666666667,0.5,0.6,1.0,0.4666666666666667
6569,discriminative-attribute-number,yes,0,0.7272727272727273,0.5636363636363636,1.0,1.0,0.8,0.6,1.0,1.0,0.7532467532467533,0.6,0.675,0.875,1.0,0.8
6571,discriminative-attribute-state,yes,0,1.0,1.0,0.09090909090909091,0.8181818181818182,1.0,1.0,0.0,1.0,0.4805194805194805,1.0,0.5416666666666666,0.5,0.875,0.4444444444444444
6573,discriminative-attribute-state,yes,0,1.0,1.0,0.0,1.0,1.0,1.0,0.0,1.0,0.47619047619047616,1.0,0.5416666666666666,0.5416666666666666,1.0,0.4444444444444444
6575,discriminative-attribute-state,yes,0,1.0,1.0,0.0,1.0,1.0,1.0,0.0,1.0,0.47619047619047616,1.0,0.5416666666666666,0.5416666666666666,1.0,0.4444444444444444
6577,discriminative-attribute-number,yes,0,1.0,1.0,0.7272727272727273,0.5636363636363636,1.0,1.0,0.6,0.4,0.7532467532467533,1.0,0.7666666666666667,0.675,0.5416666666666666,0.6444444444444445
6579,discriminative-attribute-state,yes,0,0.9090909090909091,0.8181818181818182,0.09090909090909091,0.8181818181818182,1.0,1.0,0.0,1.0,0.47619047619047616,0.875,0.5,0.5,0.875,0.4444444444444444
6581,discriminative-attribute-state,yes,0,1.0,1.0,0.0,1.0,1.0,1.0,0.0,1.0,0.47619047619047616,1.0,0.5416666666666666,0.5416666666666666,1.0,0.4444444444444444
6583,discriminative-attribute-number,yes,0,1.0,1.0,0.09090909090909091,0.8181818181818182,1.0,1.0,0.2,0.6,0.4805194805194805,1.0,0.6,0.5,0.7666666666666667,0.4666666666666667
6585,discriminative-attribute-state,yes,0,1.0,1.0,0.0,1.0,1.0,1.0,0.0,1.0,0.47619047619047616,1.0,0.5416666666666666,0.5416666666666666,1.0,0.4444444444444444
6587,discriminative-attribute-state,yes,0,1.0,1.0,0.0,1.0,1.0,1.0,0.0,1.0,0.47619047619047616,1.0,0.5416666666666666,0.5416666666666666,1.0,0.4444444444444444
6589,discriminative-attribute-number,yes,0,1.0,1.0,0.9090909090909091,0.8181818181818182,1.0,1.0,1.0,1.0,0.9090909090909091,1.0,1.0,0.875,0.875,1.0
6591,discriminative-attribute-state,yes,1,1.0,1.0,0.8181818181818182,0.6727272727272727,0.4,0.4,0.8,0.6,0.8268398268398268,0.675,0.875,0.5416666666666666,0.675,0.4666666666666667
6593,discriminative-attribute-state,yes,0,0.8181818181818182,0.6727272727272727,0.9090909090909091,0.8181818181818182,1.0,1.0,0.8,0.6,0.7532467532467533,0.7666666666666667,0.675,0.875,0.7666666666666667,0.8
6595,discriminative-attribute-state,yes,1,1.0,1.0,0.0,1.0,1.0,1.0,0.0,1.0,0.47619047619047616,1.0,0.5416666666666666,0.5416666666666666,1.0,0.4444444444444444
6597,discriminative-attribute-number,yes,0,1.0,1.0,1.0,1.0,1.0,1.0,0.8,0.6,1.0,1.0,0.875,1.0,0.875,0.8
6599,discriminative-attribute-state,yes,0,1.0,1.0,0.0,1.0,1.0,1.0,0.0,1.0,0.47619047619047616,1.0,0.5416666666666666,0.5416666666666666,1.0,0.4444444444444444
6601,discriminative-attribute-state,yes,1,0.0,1.0,1.0,1.0,0.0,1.0,1.0,1.0,0.47619047619047616,1.0,0.5416666666666666,0.5416666666666666,1.0,0.4444444444444444
6603,discriminative-attribute-state,yes,0,0.5454545454545454,0.45454545454545453,0.0,1.0,1.0,1.0,0.0,1.0,0.5844155844155844,0.5416666666666666,0.5,0.5416666666666666,1.0,0.4444444444444444
6605,discriminative-attribute-state,yes,1,0.2727272727272727,0.5636363636363636,0.18181818181818182,0.6727272727272727,0.2,0.6,0.8,0.6,0.6320346320346321,0.6,0.475,0.675,0.5,0.4444444444444444
6607,discriminative-attribute-action,yes,0,1.0,1.0,0.0,1.0,1.0,1.0,0.0,1.0,0.47619047619047616,1.0,0.5416666666666666,0.5416666666666666,1.0,0.4444444444444444
6609,discriminative-attribute-state,yes,0,1.0,1.0,0.0,1.0,1.0,1.0,0.0,1.0,0.47619047619047616,1.0,0.5416666666666666,0.5416666666666666,1.0,0.4444444444444444
6611,discriminative-attribute-action,yes,0,1.0,1.0,0.0,1.0,1.0,1.0,0.0,1.0,0.47619047619047616,1.0,0.5416666666666666,0.5416666666666666,1.0,0.4444444444444444
6613,discriminative-attribute-number,yes,0,1.0,1.0,0.09090909090909091,0.8181818181818182,1.0,1.0,0.6,0.4,0.4805194805194805,1.0,0.7666666666666667,0.5,0.6,0.6444444444444445
6615,discriminative-attribute-state,yes,0,1.0,1.0,0.0,1.0,1.0,1.0,0.0,1.0,0.47619047619047616,1.0,0.5416666666666666,0.5416666666666666,1.0,0.4444444444444444
6617,discriminative-attribute-action,yes,0,1.0,1.0,0.0,1.0,1.0,1.0,0.0,1.0,0.47619047619047616,1.0,0.5416666666666666,0.5416666666666666,1.0,0.4444444444444444
6619,discriminative-attribute-number,yes,1,0.0,1.0,0.8181818181818182,0.6727272727272727,0.0,1.0,1.0,1.0,0.4935064935064935,1.0,0.5416666666666666,0.475,0.7666666666666667,0.4444444444444444
6621,discriminative-attribute-state,yes,1,0.09090909090909091,0.8181818181818182,1.0,1.0,0.4,0.4,1.0,1.0,0.4805194805194805,0.675,0.5,0.675,1.0,0.5333333333333333
6623,discriminative-attribute-state,yes,0,1.0,1.0,0.0,1.0,1.0,1.0,0.0,1.0,0.47619047619047616,1.0,0.5416666666666666,0.5416666666666666,1.0,0.4444444444444444
6625,discriminative-attribute-state,yes,1,0.45454545454545453,0.45454545454545453,1.0,1.0,0.0,1.0,1.0,1.0,0.5844155844155844,0.5416666666666666,0.5,0.5416666666666666,1.0,0.4444444444444444
6627,discriminative-attribute-state,yes,0,1.0,1.0,0.09090909090909091,0.8181818181818182,1.0,1.0,0.2,0.6,0.4805194805194805,1.0,0.6,0.5,0.7666666666666667,0.4666666666666667
6629,discriminative-attribute-state,yes,0,1.0,1.0,0.0,1.0,1.0,1.0,0.0,1.0,0.47619047619047616,1.0,0.5416666666666666,0.5416666666666666,1.0,0.4444444444444444
6631,discriminative-attribute-number,yes,0,1.0,1.0,0.09090909090909091,0.8181818181818182,1.0,1.0,0.4,0.4,0.4805194805194805,1.0,0.675,0.5,0.675,0.5333333333333333
6633,discriminative-attribute-state,yes,0,1.0,1.0,0.0,1.0,1.0,1.0,0.0,1.0,0.47619047619047616,1.0,0.5416666666666666,0.5416666666666666,1.0,0.4444444444444444
6635,discriminative-attribute-state,yes,0,1.0,1.0,0.0,1.0,1.0,1.0,0.0,1.0,0.47619047619047616,1.0,0.5416666666666666,0.5416666666666666,1.0,0.4444444444444444
6637,discriminative-attribute-number,yes,0,1.0,1.0,0.0,1.0,1.0,1.0,0.4,0.4,0.47619047619047616,1.0,0.675,0.5416666666666666,0.7666666666666667,0.5333333333333333
6639,discriminative-attribute-number,yes,0,1.0,1.0,1.0,1.0,1.0,1.0,0.8,0.6,1.0,1.0,0.875,1.0,0.875,0.8
6641,discriminative-attribute-number,yes,0,1.0,1.0,0.36363636363636365,0.4909090909090909,1.0,1.0,0.2,0.6,0.5454545454545454,1.0,0.6,0.475,0.5416666666666666,0.4666666666666667
6643,discriminative-attribute-state,yes,0,0.9090909090909091,0.8181818181818182,0.0,1.0,0.8,0.6,0.0,1.0,0.4805194805194805,0.7666666666666667,0.5,0.6,1.0,0.4666666666666667
6645,discriminative-attribute-number,yes,0,1.0,1.0,0.09090909090909091,0.8181818181818182,1.0,1.0,0.4,0.4,0.4805194805194805,1.0,0.675,0.5,0.675,0.5333333333333333
6647,discriminative-attribute-state,yes,0,1.0,1.0,0.0,1.0,1.0,1.0,0.0,1.0,0.47619047619047616,1.0,0.5416666666666666,0.5416666666666666,1.0,0.4444444444444444
6649,discriminative-attribute-state,yes,0,1.0,1.0,0.0,1.0,1.0,1.0,0.0,1.0,0.47619047619047616,1.0,0.5416666666666666,0.5416666666666666,1.0,0.4444444444444444
6651,discriminative-attribute-state,yes,0,1.0,1.0,0.0,1.0,1.0,1.0,0.0,1.0,0.47619047619047616,1.0,0.5416666666666666,0.5416666666666666,1.0,0.4444444444444444
6653,discriminative-attribute-number,yes,0,1.0,1.0,0.0,1.0,1.0,1.0,0.0,1.0,0.47619047619047616,1.0,0.5416666666666666,0.5416666666666666,1.0,0.4444444444444444
6655,discriminative-attribute-state,yes,0,1.0,1.0,0.0,1.0,1.0,1.0,0.0,1.0,0.47619047619047616,1.0,0.5416666666666666,0.5416666666666666,1.0,0.4444444444444444
6657,discriminative-attribute-state,yes,0,1.0,1.0,0.09090909090909091,0.8181818181818182,1.0,1.0,0.0,1.0,0.4805194805194805,1.0,0.5416666666666666,0.5,0.875,0.4444444444444444
6659,discriminative-attribute-state,yes,1,0.2727272727272727,0.5636363636363636,1.0,1.0,0.0,1.0,1.0,1.0,0.5151515151515151,0.675,0.4666666666666667,0.5416666666666666,1.0,0.4444444444444444
6661,discriminative-attribute-state,yes,0,1.0,1.0,0.0,1.0,1.0,1.0,0.0,1.0,0.47619047619047616,1.0,0.5416666666666666,0.5416666666666666,1.0,0.4444444444444444
6663,discriminative-attribute-number,yes,0,1.0,1.0,0.0,1.0,1.0,1.0,0.2,0.6,0.47619047619047616,1.0,0.6,0.5416666666666666,0.875,0.4666666666666667
6665,discriminative-attribute-state,yes,1,0.0,1.0,1.0,1.0,0.0,1.0,1.0,1.0,0.47619047619047616,1.0,0.5416666666666666,0.5416666666666666,1.0,0.4444444444444444
6667,discriminative-attribute-state,yes,0,1.0,1.0,0.2727272727272727,0.5636363636363636,1.0,1.0,0.0,1.0,0.5151515151515151,1.0,0.5416666666666666,0.4666666666666667,0.675,0.4444444444444444
6669,discriminative-attribute-state,yes,0,1.0,1.0,0.0,1.0,1.0,1.0,0.2,0.6,0.47619047619047616,1.0,0.6,0.5416666666666666,0.875,0.4666666666666667
6671,discriminative-attribute-number,yes,0,1.0,1.0,0.0,1.0,1.0,1.0,0.0,1.0,0.47619047619047616,1.0,0.5416666666666666,0.5416666666666666,1.0,0.4444444444444444
6673,discriminative-attribute-state,yes,0,1.0,1.0,0.0,1.0,1.0,1.0,0.0,1.0,0.47619047619047616,1.0,0.5416666666666666,0.5416666666666666,1.0,0.4444444444444444
6675,discriminative-attribute-state,yes,0,1.0,1.0,0.0,1.0,1.0,1.0,0.0,1.0,0.47619047619047616,1.0,0.5416666666666666,0.5416666666666666,1.0,0.4444444444444444
6677,discriminative-attribute-state,yes,0,1.0,1.0,0.0,1.0,1.0,1.0,0.0,1.0,0.47619047619047616,1.0,0.5416666666666666,0.5416666666666666,1.0,0.4444444444444444
6679,discriminative-attribute-state,yes,0,1.0,1.0,0.0,1.0,1.0,1.0,0.0,1.0,0.47619047619047616,1.0,0.5416666666666666,0.5416666666666666,1.0,0.4444444444444444
6681,discriminative-attribute-number,yes,0,1.0,1.0,0.09090909090909091,0.8181818181818182,1.0,1.0,0.2,0.6,0.4805194805194805,1.0,0.6,0.5,0.7666666666666667,0.4666666666666667
6683,discriminative-attribute-number,yes,0,1.0,1.0,0.09090909090909091,0.8181818181818182,1.0,1.0,0.0,1.0,0.4805194805194805,1.0,0.5416666666666666,0.5,0.875,0.4444444444444444
6685,discriminative-attribute-state,yes,0,1.0,1.0,0.0,1.0,1.0,1.0,0.0,1.0,0.47619047619047616,1.0,0.5416666666666666,0.5416666666666666,1.0,0.4444444444444444
6687,discriminative-attribute-state,yes,1,0.09090909090909091,0.8181818181818182,1.0,1.0,0.0,1.0,1.0,1.0,0.4805194805194805,0.875,0.5,0.5416666666666666,1.0,0.4444444444444444
6689,discriminative-attribute-number,yes,0,1.0,1.0,1.0,1.0,1.0,1.0,1.0,1.0,1.0,1.0,1.0,1.0,1.0,1.0
6691,discriminative-attribute-number,yes,0,0.9090909090909091,0.8181818181818182,0.2727272727272727,0.5636363636363636,1.0,1.0,0.2,0.6,0.4935064935064935,0.875,0.5416666666666666,0.4666666666666667,0.6,0.4666666666666667
6693,discriminative-attribute-state,yes,1,0.9090909090909091,0.8181818181818182,0.9090909090909091,0.8181818181818182,0.2,0.6,1.0,1.0,0.8268398268398268,0.5416666666666666,0.875,0.5416666666666666,0.875,0.4666666666666667
6695,discriminative-attribute-state,yes,1,0.2727272727272727,0.5636363636363636,1.0,1.0,0.0,1.0,1.0,1.0,0.5151515151515151,0.675,0.4666666666666667,0.5416666666666666,1.0,0.4444444444444444
6697,discriminative-attribute-state,yes,0,1.0,1.0,0.0,1.0,1.0,1.0,0.0,1.0,0.47619047619047616,1.0,0.5416666666666666,0.5416666666666666,1.0,0.4444444444444444
6699,discriminative-attribute-number,yes,0,0.9090909090909091,0.8181818181818182,1.0,1.0,1.0,1.0,0.4,0.4,0.9090909090909091,0.875,0.6,1.0,0.675,0.5333333333333333
6701,discriminative-attribute-action,yes,0,1.0,1.0,0.0,1.0,1.0,1.0,0.0,1.0,0.47619047619047616,1.0,0.5416666666666666,0.5416666666666666,1.0,0.4444444444444444
6703,discriminative-attribute-state,yes,0,1.0,1.0,0.0,1.0,1.0,1.0,0.0,1.0,0.47619047619047616,1.0,0.5416666666666666,0.5416666666666666,1.0,0.4444444444444444
6705,discriminative-attribute-number,yes,0,1.0,1.0,0.45454545454545453,0.45454545454545453,1.0,1.0,0.2,0.6,0.5844155844155844,1.0,0.6,0.5,0.5,0.4666666666666667
6707,discriminative-attribute-number,yes,0,1.0,1.0,0.09090909090909091,0.8181818181818182,0.8,0.6,0.0,1.0,0.4805194805194805,0.875,0.5416666666666666,0.5416666666666666,0.875,0.4666666666666667
6709,discriminative-attribute-state,yes,0,1.0,1.0,0.0,1.0,1.0,1.0,0.0,1.0,0.47619047619047616,1.0,0.5416666666666666,0.5416666666666666,1.0,0.4444444444444444
6711,discriminative-attribute-state,yes,0,0.8181818181818182,0.6727272727272727,0.0,1.0,1.0,1.0,0.0,1.0,0.4935064935064935,0.7666666666666667,0.475,0.5416666666666666,1.0,0.4444444444444444
6713,discriminative-attribute-state,yes,1,0.0,1.0,1.0,1.0,0.0,1.0,1.0,1.0,0.47619047619047616,1.0,0.5416666666666666,0.5416666666666666,1.0,0.4444444444444444
6715,discriminative-attribute-number,yes,0,1.0,1.0,0.36363636363636365,0.4909090909090909,1.0,1.0,0.6,0.4,0.5454545454545454,1.0,0.7666666666666667,0.475,0.475,0.6444444444444445
6717,discriminative-attribute-state,yes,1,0.0,1.0,1.0,1.0,0.0,1.0,0.8,0.6,0.47619047619047616,1.0,0.6,0.5416666666666666,0.875,0.4666666666666667
6719,discriminative-attribute-number,yes,0,1.0,1.0,0.18181818181818182,0.6727272727272727,1.0,1.0,0.0,1.0,0.4935064935064935,1.0,0.5416666666666666,0.475,0.7666666666666667,0.4444444444444444
6721,discriminative-attribute-state,yes,0,1.0,1.0,0.0,1.0,1.0,1.0,0.0,1.0,0.47619047619047616,1.0,0.5416666666666666,0.5416666666666666,1.0,0.4444444444444444
6723,discriminative-attribute-state,yes,0,1.0,1.0,0.0,1.0,1.0,1.0,0.0,1.0,0.47619047619047616,1.0,0.5416666666666666,0.5416666666666666,1.0,0.4444444444444444
6725,discriminative-attribute-action,yes,0,1.0,1.0,0.0,1.0,1.0,1.0,0.0,1.0,0.47619047619047616,1.0,0.5416666666666666,0.5416666666666666,1.0,0.4444444444444444
6729,discriminative-attribute-state,yes,1,0.0,1.0,1.0,1.0,0.0,1.0,1.0,1.0,0.47619047619047616,1.0,0.5416666666666666,0.5416666666666666,1.0,0.4444444444444444
6731,discriminative-attribute-state,yes,1,0.09090909090909091,0.8181818181818182,1.0,1.0,0.0,1.0,1.0,1.0,0.4805194805194805,0.875,0.5,0.5416666666666666,1.0,0.4444444444444444
6735,discriminative-attribute-state,yes,0,1.0,1.0,0.0,1.0,1.0,1.0,0.0,1.0,0.47619047619047616,1.0,0.5416666666666666,0.5416666666666666,1.0,0.4444444444444444
6737,discriminative-attribute-number,yes,0,1.0,1.0,0.0,1.0,1.0,1.0,0.0,1.0,0.47619047619047616,1.0,0.5416666666666666,0.5416666666666666,1.0,0.4444444444444444
6739,discriminative-attribute-state,yes,0,1.0,1.0,0.0,1.0,1.0,1.0,0.0,1.0,0.47619047619047616,1.0,0.5416666666666666,0.5416666666666666,1.0,0.4444444444444444
6741,discriminative-attribute-state,yes,0,1.0,1.0,0.09090909090909091,0.8181818181818182,1.0,1.0,0.0,1.0,0.4805194805194805,1.0,0.5416666666666666,0.5,0.875,0.4444444444444444
6743,discriminative-attribute-number,yes,0,1.0,1.0,0.09090909090909091,0.8181818181818182,1.0,1.0,0.2,0.6,0.4805194805194805,1.0,0.6,0.5,0.7666666666666667,0.4666666666666667
6745,discriminative-attribute-state,yes,0,1.0,1.0,0.0,1.0,0.8,0.6,0.0,1.0,0.47619047619047616,0.875,0.5416666666666666,0.6,1.0,0.4666666666666667
6747,discriminative-attribute-state,yes,1,0.8181818181818182,0.6727272727272727,1.0,1.0,0.2,0.6,1.0,1.0,0.8268398268398268,0.5,0.7666666666666667,0.6,1.0,0.4666666666666667
6749,discriminative-attribute-state,yes,1,0.8181818181818182,0.6727272727272727,1.0,1.0,0.0,1.0,1.0,1.0,0.8268398268398268,0.475,0.7666666666666667,0.5416666666666666,1.0,0.4444444444444444
6751,discriminative-attribute-state,yes,0,1.0,1.0,0.0,1.0,1.0,1.0,0.0,1.0,0.47619047619047616,1.0,0.5416666666666666,0.5416666666666666,1.0,0.4444444444444444
6753,discriminative-attribute-state,yes,1,0.0,1.0,1.0,1.0,0.0,1.0,1.0,1.0,0.47619047619047616,1.0,0.5416666666666666,0.5416666666666666,1.0,0.4444444444444444
6755,discriminative-attribute-state,yes,0,1.0,1.0,0.6363636363636364,0.4909090909090909,1.0,1.0,0.0,1.0,0.6883116883116883,1.0,0.5416666666666666,0.6,0.475,0.4444444444444444
6757,discriminative-attribute-number,yes,0,0.9090909090909091,0.8181818181818182,1.0,1.0,1.0,1.0,0.6,0.4,0.9090909090909091,0.875,0.675,1.0,0.7666666666666667,0.6444444444444445
6759,discriminative-attribute-state,yes,1,0.5454545454545454,0.45454545454545453,0.9090909090909091,0.8181818181818182,0.4,0.4,1.0,1.0,0.5844155844155844,0.4666666666666667,0.5416666666666666,0.6,0.875,0.5333333333333333
6761,discriminative-attribute-state,yes,0,1.0,1.0,0.09090909090909091,0.8181818181818182,1.0,1.0,0.0,1.0,0.4805194805194805,1.0,0.5416666666666666,0.5,0.875,0.4444444444444444
6763,discriminative-attribute-state,yes,1,0.0,1.0,1.0,1.0,0.0,1.0,1.0,1.0,0.47619047619047616,1.0,0.5416666666666666,0.5416666666666666,1.0,0.4444444444444444
6769,discriminative-attribute-number,yes,0,1.0,1.0,0.9090909090909091,0.8181818181818182,1.0,1.0,0.4,0.4,0.9090909090909091,1.0,0.675,0.875,0.6,0.5333333333333333
6771,discriminative-attribute-state,yes,1,0.9090909090909091,0.8181818181818182,0.9090909090909091,0.8181818181818182,0.2,0.6,1.0,1.0,0.8268398268398268,0.5416666666666666,0.875,0.5416666666666666,0.875,0.4666666666666667
6773,discriminative-attribute-state,yes,1,1.0,1.0,1.0,1.0,0.6,0.4,1.0,1.0,1.0,0.7666666666666667,1.0,0.7666666666666667,1.0,0.6444444444444445
6775,discriminative-attribute-number,yes,0,1.0,1.0,0.45454545454545453,0.45454545454545453,1.0,1.0,0.2,0.6,0.5844155844155844,1.0,0.6,0.5,0.5,0.4666666666666667
6777,discriminative-attribute-state,yes,0,1.0,1.0,0.09090909090909091,0.8181818181818182,1.0,1.0,0.0,1.0,0.4805194805194805,1.0,0.5416666666666666,0.5,0.875,0.4444444444444444
6779,discriminative-attribute-state,yes,0,1.0,1.0,0.0,1.0,1.0,1.0,0.0,1.0,0.47619047619047616,1.0,0.5416666666666666,0.5416666666666666,1.0,0.4444444444444444
6781,discriminative-attribute-state,yes,0,1.0,1.0,0.0,1.0,1.0,1.0,0.0,1.0,0.47619047619047616,1.0,0.5416666666666666,0.5416666666666666,1.0,0.4444444444444444
6783,discriminative-attribute-state,yes,1,0.0,1.0,1.0,1.0,0.0,1.0,0.8,0.6,0.47619047619047616,1.0,0.6,0.5416666666666666,0.875,0.4666666666666667
6785,discriminative-attribute-number,yes,1,0.0,1.0,0.7272727272727273,0.5636363636363636,0.0,1.0,0.8,0.6,0.5151515151515151,1.0,0.6,0.4666666666666667,0.6,0.4666666666666667
6787,discriminative-attribute-number,yes,0,1.0,1.0,0.18181818181818182,0.6727272727272727,1.0,1.0,0.4,0.4,0.4935064935064935,1.0,0.675,0.475,0.6,0.5333333333333333
6789,discriminative-attribute-state,yes,0,1.0,1.0,0.0,1.0,1.0,1.0,0.0,1.0,0.47619047619047616,1.0,0.5416666666666666,0.5416666666666666,1.0,0.4444444444444444
6793,discriminative-attribute-number,yes,0,1.0,1.0,1.0,1.0,1.0,1.0,1.0,1.0,1.0,1.0,1.0,1.0,1.0,1.0
6795,discriminative-attribute-state,yes,1,0.9090909090909091,0.8181818181818182,0.0,1.0,0.4,0.4,0.8,0.6,0.4805194805194805,0.6,0.7666666666666667,0.7666666666666667,0.6,0.4666666666666667
6797,discriminative-attribute-state,yes,0,1.0,1.0,0.0,1.0,1.0,1.0,0.0,1.0,0.47619047619047616,1.0,0.5416666666666666,0.5416666666666666,1.0,0.4444444444444444
6799,discriminative-attribute-number,yes,0,1.0,1.0,0.18181818181818182,0.6727272727272727,1.0,1.0,0.0,1.0,0.4935064935064935,1.0,0.5416666666666666,0.475,0.7666666666666667,0.4444444444444444
6801,discriminative-attribute-action,yes,0,0.8181818181818182,0.6727272727272727,0.45454545454545453,0.45454545454545453,1.0,1.0,0.2,0.6,0.5151515151515151,0.7666666666666667,0.5,0.5,0.5,0.4666666666666667
6803,discriminative-attribute-state,yes,0,1.0,1.0,0.0,1.0,1.0,1.0,0.0,1.0,0.47619047619047616,1.0,0.5416666666666666,0.5416666666666666,1.0,0.4444444444444444
6805,discriminative-attribute-number,yes,0,1.0,1.0,0.09090909090909091,0.8181818181818182,1.0,1.0,0.0,1.0,0.4805194805194805,1.0,0.5416666666666666,0.5,0.875,0.4444444444444444
6809,discriminative-attribute-state,yes,1,0.8181818181818182,0.6727272727272727,0.09090909090909091,0.8181818181818182,0.2,0.6,0.8,0.6,0.4805194805194805,0.5,0.675,0.7666666666666667,0.5416666666666666,0.4444444444444444
6811,discriminative-attribute-number,yes,0,1.0,1.0,0.45454545454545453,0.45454545454545453,1.0,1.0,0.6,0.4,0.5844155844155844,1.0,0.7666666666666667,0.5,0.4666666666666667,0.6444444444444445
6813,discriminative-attribute-state,yes,0,1.0,1.0,0.0,1.0,1.0,1.0,0.0,1.0,0.47619047619047616,1.0,0.5416666666666666,0.5416666666666666,1.0,0.4444444444444444
6815,discriminative-attribute-number,yes,0,1.0,1.0,0.36363636363636365,0.4909090909090909,1.0,1.0,0.8,0.6,0.5454545454545454,1.0,0.875,0.475,0.4666666666666667,0.8
6817,discriminative-attribute-state,yes,0,1.0,1.0,0.09090909090909091,0.8181818181818182,1.0,1.0,0.0,1.0,0.4805194805194805,1.0,0.5416666666666666,0.5,0.875,0.4444444444444444
6819,discriminative-attribute-state,yes,1,0.0,1.0,1.0,1.0,0.0,1.0,1.0,1.0,0.47619047619047616,1.0,0.5416666666666666,0.5416666666666666,1.0,0.4444444444444444
6821,discriminative-attribute-number,yes,0,1.0,1.0,1.0,1.0,1.0,1.0,0.6,0.4,1.0,1.0,0.7666666666666667,1.0,0.7666666666666667,0.6444444444444445
6823,discriminative-attribute-state,yes,0,1.0,1.0,0.0,1.0,1.0,1.0,0.0,1.0,0.47619047619047616,1.0,0.5416666666666666,0.5416666666666666,1.0,0.4444444444444444
6825,discriminative-attribute-number,yes,0,1.0,1.0,0.8181818181818182,0.6727272727272727,1.0,1.0,0.8,0.6,0.8268398268398268,1.0,0.875,0.7666666666666667,0.675,0.8
6827,discriminative-attribute-action,yes,0,1.0,1.0,0.2727272727272727,0.5636363636363636,1.0,1.0,0.2,0.6,0.5151515151515151,1.0,0.6,0.4666666666666667,0.6,0.4666666666666667
6829,discriminative-attribute-state,yes,0,1.0,1.0,0.0,1.0,1.0,1.0,0.0,1.0,0.47619047619047616,1.0,0.5416666666666666,0.5416666666666666,1.0,0.4444444444444444
6831,discriminative-attribute-number,yes,0,1.0,1.0,0.09090909090909091,0.8181818181818182,1.0,1.0,0.0,1.0,0.4805194805194805,1.0,0.5416666666666666,0.5,0.875,0.4444444444444444
6833,discriminative-attribute-number,yes,0,1.0,1.0,0.09090909090909091,0.8181818181818182,1.0,1.0,0.2,0.6,0.4805194805194805,1.0,0.6,0.5,0.7666666666666667,0.4666666666666667
6835,discriminative-attribute-state,yes,0,1.0,1.0,0.0,1.0,1.0,1.0,0.0,1.0,0.47619047619047616,1.0,0.5416666666666666,0.5416666666666666,1.0,0.4444444444444444
6837,discriminative-attribute-number,yes,1,0.0,1.0,1.0,1.0,0.0,1.0,1.0,1.0,0.47619047619047616,1.0,0.5416666666666666,0.5416666666666666,1.0,0.4444444444444444
6839,discriminative-attribute-number,yes,0,1.0,1.0,0.0,1.0,1.0,1.0,0.2,0.6,0.47619047619047616,1.0,0.6,0.5416666666666666,0.875,0.4666666666666667
6841,discriminative-attribute-state,yes,1,1.0,1.0,0.0,1.0,0.6,0.4,0.4,0.4,0.47619047619047616,0.7666666666666667,0.675,0.675,0.7666666666666667,0.4444444444444444
6843,discriminative-attribute-state,yes,0,1.0,1.0,0.0,1.0,1.0,1.0,0.2,0.6,0.47619047619047616,1.0,0.6,0.5416666666666666,0.875,0.4666666666666667
6845,discriminative-attribute-state,yes,0,1.0,1.0,0.0,1.0,0.6,0.4,0.0,1.0,0.47619047619047616,0.7666666666666667,0.5416666666666666,0.675,1.0,0.5333333333333333
6847,discriminative-attribute-number,yes,0,1.0,1.0,0.09090909090909091,0.8181818181818182,1.0,1.0,0.4,0.4,0.4805194805194805,1.0,0.675,0.5,0.675,0.5333333333333333
6849,discriminative-attribute-state,yes,0,1.0,1.0,0.0,1.0,1.0,1.0,0.0,1.0,0.47619047619047616,1.0,0.5416666666666666,0.5416666666666666,1.0,0.4444444444444444
6851,discriminative-attribute-state,yes,1,0.09090909090909091,0.8181818181818182,1.0,1.0,0.0,1.0,1.0,1.0,0.4805194805194805,0.875,0.5,0.5416666666666666,1.0,0.4444444444444444
6853,discriminative-attribute-number,yes,0,0.8181818181818182,0.6727272727272727,1.0,1.0,1.0,1.0,0.6,0.4,0.8268398268398268,0.7666666666666667,0.6,1.0,0.7666666666666667,0.6444444444444445
6855,discriminative-attribute-state,yes,0,1.0,1.0,0.0,1.0,1.0,1.0,0.0,1.0,0.47619047619047616,1.0,0.5416666666666666,0.5416666666666666,1.0,0.4444444444444444
6857,discriminative-attribute-number,yes,0,1.0,1.0,0.2727272727272727,0.5636363636363636,1.0,1.0,0.0,1.0,0.5151515151515151,1.0,0.5416666666666666,0.4666666666666667,0.675,0.4444444444444444
6859,discriminative-attribute-state,yes,0,1.0,1.0,0.0,1.0,1.0,1.0,0.0,1.0,0.47619047619047616,1.0,0.5416666666666666,0.5416666666666666,1.0,0.4444444444444444
6861,discriminative-attribute-state,yes,0,0.7272727272727273,0.5636363636363636,0.0,1.0,1.0,1.0,0.0,1.0,0.5151515151515151,0.675,0.4666666666666667,0.5416666666666666,1.0,0.4444444444444444
6863,discriminative-attribute-state,yes,1,0.0,1.0,1.0,1.0,0.0,1.0,1.0,1.0,0.47619047619047616,1.0,0.5416666666666666,0.5416666666666666,1.0,0.4444444444444444
6865,discriminative-attribute-state,yes,0,0.9090909090909091,0.8181818181818182,0.0,1.0,1.0,1.0,0.0,1.0,0.4805194805194805,0.875,0.5,0.5416666666666666,1.0,0.4444444444444444
6867,discriminative-attribute-number,yes,0,1.0,1.0,0.09090909090909091,0.8181818181818182,1.0,1.0,0.0,1.0,0.4805194805194805,1.0,0.5416666666666666,0.5,0.875,0.4444444444444444
6869,discriminative-attribute-state,yes,0,0.7272727272727273,0.5636363636363636,0.0,1.0,1.0,1.0,0.0,1.0,0.5151515151515151,0.675,0.4666666666666667,0.5416666666666666,1.0,0.4444444444444444
6871,discriminative-attribute-state,yes,0,0.9090909090909091,0.8181818181818182,0.0,1.0,1.0,1.0,0.0,1.0,0.4805194805194805,0.875,0.5,0.5416666666666666,1.0,0.4444444444444444
6873,discriminative-attribute-state,yes,1,0.0,1.0,1.0,1.0,0.0,1.0,1.0,1.0,0.47619047619047616,1.0,0.5416666666666666,0.5416666666666666,1.0,0.4444444444444444
6875,discriminative-attribute-state,yes,0,1.0,1.0,0.0,1.0,1.0,1.0,0.0,1.0,0.47619047619047616,1.0,0.5416666666666666,0.5416666666666666,1.0,0.4444444444444444
6877,discriminative-attribute-number,yes,0,1.0,1.0,0.09090909090909091,0.8181818181818182,1.0,1.0,0.0,1.0,0.4805194805194805,1.0,0.5416666666666666,0.5,0.875,0.4444444444444444
6879,discriminative-attribute-state,yes,0,1.0,1.0,0.0,1.0,1.0,1.0,0.0,1.0,0.47619047619047616,1.0,0.5416666666666666,0.5416666666666666,1.0,0.4444444444444444
6881,discriminative-attribute-state,yes,0,1.0,1.0,0.09090909090909091,0.8181818181818182,1.0,1.0,0.0,1.0,0.4805194805194805,1.0,0.5416666666666666,0.5,0.875,0.4444444444444444
6883,discriminative-attribute-state,yes,0,1.0,1.0,0.0,1.0,1.0,1.0,0.2,0.6,0.47619047619047616,1.0,0.6,0.5416666666666666,0.875,0.4666666666666667
6885,discriminative-attribute-number,yes,0,1.0,1.0,0.0,1.0,1.0,1.0,0.4,0.4,0.47619047619047616,1.0,0.675,0.5416666666666666,0.7666666666666667,0.5333333333333333
6887,discriminative-attribute-state,yes,0,1.0,1.0,0.0,1.0,1.0,1.0,0.0,1.0,0.47619047619047616,1.0,0.5416666666666666,0.5416666666666666,1.0,0.4444444444444444
6889,discriminative-attribute-number,yes,0,1.0,1.0,0.18181818181818182,0.6727272727272727,1.0,1.0,0.2,0.6,0.4935064935064935,1.0,0.6,0.475,0.675,0.4666666666666667
6891,discriminative-attribute-state,yes,0,1.0,1.0,0.0,1.0,1.0,1.0,0.0,1.0,0.47619047619047616,1.0,0.5416666666666666,0.5416666666666666,1.0,0.4444444444444444
6893,discriminative-attribute-state,yes,0,1.0,1.0,0.0,1.0,1.0,1.0,0.0,1.0,0.47619047619047616,1.0,0.5416666666666666,0.5416666666666666,1.0,0.4444444444444444
6895,discriminative-attribute-number,yes,0,1.0,1.0,0.09090909090909091,0.8181818181818182,1.0,1.0,0.4,0.4,0.4805194805194805,1.0,0.675,0.5,0.675,0.5333333333333333
6897,discriminative-attribute-state,yes,0,1.0,1.0,0.09090909090909091,0.8181818181818182,1.0,1.0,0.0,1.0,0.4805194805194805,1.0,0.5416666666666666,0.5,0.875,0.4444444444444444
6899,discriminative-attribute-number,yes,0,1.0,1.0,1.0,1.0,1.0,1.0,1.0,1.0,1.0,1.0,1.0,1.0,1.0,1.0
6901,discriminative-attribute-number,yes,1,1.0,1.0,0.09090909090909091,0.8181818181818182,0.4,0.4,0.8,0.6,0.4805194805194805,0.675,0.875,0.675,0.5416666666666666,0.4666666666666667
6903,discriminative-attribute-state,yes,0,1.0,1.0,0.09090909090909091,0.8181818181818182,1.0,1.0,0.0,1.0,0.4805194805194805,1.0,0.5416666666666666,0.5,0.875,0.4444444444444444
6905,discriminative-attribute-state,yes,1,0.0,1.0,0.8181818181818182,0.6727272727272727,0.0,1.0,1.0,1.0,0.4935064935064935,1.0,0.5416666666666666,0.475,0.7666666666666667,0.4444444444444444
6907,discriminative-attribute-state,yes,0,1.0,1.0,0.0,1.0,1.0,1.0,0.0,1.0,0.47619047619047616,1.0,0.5416666666666666,0.5416666666666666,1.0,0.4444444444444444
6909,discriminative-attribute-number,yes,0,1.0,1.0,0.09090909090909091,0.8181818181818182,1.0,1.0,0.2,0.6,0.4805194805194805,1.0,0.6,0.5,0.7666666666666667,0.4666666666666667
6911,discriminative-attribute-action,yes,0,1.0,1.0,0.0,1.0,1.0,1.0,0.0,1.0,0.47619047619047616,1.0,0.5416666666666666,0.5416666666666666,1.0,0.4444444444444444
6913,discriminative-attribute-state,yes,0,0.6363636363636364,0.4909090909090909,0.6363636363636364,0.4909090909090909,1.0,1.0,1.0,1.0,0.5151515151515151,0.6,0.6,0.6,0.6,1.0
6915,discriminative-attribute-state,yes,1,1.0,1.0,0.9090909090909091,0.8181818181818182,0.8,0.6,0.6,0.4,0.9090909090909091,0.875,0.7666666666666667,0.7666666666666667,0.675,0.5333333333333333
6917,discriminative-attribute-state,yes,0,1.0,1.0,0.45454545454545453,0.45454545454545453,1.0,1.0,0.0,1.0,0.5844155844155844,1.0,0.5416666666666666,0.5,0.5416666666666666,0.4444444444444444
6919,discriminative-attribute-number,yes,0,1.0,1.0,0.36363636363636365,0.4909090909090909,1.0,1.0,0.4,0.4,0.5454545454545454,1.0,0.675,0.475,0.5,0.5333333333333333
6921,discriminative-attribute-state,yes,0,1.0,1.0,0.0,1.0,1.0,1.0,0.0,1.0,0.47619047619047616,1.0,0.5416666666666666,0.5416666666666666,1.0,0.4444444444444444
6923,discriminative-attribute-state,yes,0,1.0,1.0,0.0,1.0,1.0,1.0,0.0,1.0,0.47619047619047616,1.0,0.5416666666666666,0.5416666666666666,1.0,0.4444444444444444
6925,discriminative-attribute-state,yes,0,1.0,1.0,0.0,1.0,1.0,1.0,0.0,1.0,0.47619047619047616,1.0,0.5416666666666666,0.5416666666666666,1.0,0.4444444444444444
6927,discriminative-attribute-state,yes,0,0.7272727272727273,0.5636363636363636,0.09090909090909091,0.8181818181818182,1.0,1.0,0.0,1.0,0.4935064935064935,0.675,0.4666666666666667,0.5,0.875,0.4444444444444444
6929,discriminative-attribute-state,yes,0,1.0,1.0,0.0,1.0,1.0,1.0,0.0,1.0,0.47619047619047616,1.0,0.5416666666666666,0.5416666666666666,1.0,0.4444444444444444
6931,discriminative-attribute-state,yes,0,1.0,1.0,0.09090909090909091,0.8181818181818182,1.0,1.0,0.0,1.0,0.4805194805194805,1.0,0.5416666666666666,0.5,0.875,0.4444444444444444
6933,discriminative-attribute-state,yes,0,1.0,1.0,0.0,1.0,1.0,1.0,0.2,0.6,0.47619047619047616,1.0,0.6,0.5416666666666666,0.875,0.4666666666666667
6935,discriminative-attribute-number,yes,0,1.0,1.0,0.09090909090909091,0.8181818181818182,1.0,1.0,0.6,0.4,0.4805194805194805,1.0,0.7666666666666667,0.5,0.6,0.6444444444444445
6937,discriminative-attribute-state,yes,0,1.0,1.0,0.0,1.0,1.0,1.0,0.0,1.0,0.47619047619047616,1.0,0.5416666666666666,0.5416666666666666,1.0,0.4444444444444444
6939,discriminative-attribute-number,yes,1,1.0,1.0,0.18181818181818182,0.6727272727272727,0.8,0.6,0.8,0.6,0.4935064935064935,0.875,0.875,0.5,0.5,0.6444444444444445
6941,discriminative-attribute-state,yes,0,1.0,1.0,0.2727272727272727,0.5636363636363636,1.0,1.0,0.0,1.0,0.5151515151515151,1.0,0.5416666666666666,0.4666666666666667,0.675,0.4444444444444444
6943,discriminative-attribute-state,yes,0,1.0,1.0,0.0,1.0,1.0,1.0,0.0,1.0,0.47619047619047616,1.0,0.5416666666666666,0.5416666666666666,1.0,0.4444444444444444
6945,discriminative-attribute-state,yes,0,0.9090909090909091,0.8181818181818182,0.09090909090909091,0.8181818181818182,0.6,0.4,0.0,1.0,0.47619047619047616,0.675,0.5,0.6,0.875,0.5333333333333333
6947,discriminative-attribute-number,yes,0,1.0,1.0,0.8181818181818182,0.6727272727272727,1.0,1.0,0.4,0.4,0.8268398268398268,1.0,0.675,0.7666666666666667,0.5416666666666666,0.5333333333333333
6949,discriminative-attribute-number,yes,0,1.0,1.0,0.6363636363636364,0.4909090909090909,1.0,1.0,0.6,0.4,0.6883116883116883,1.0,0.7666666666666667,0.6,0.5,0.6444444444444445
6951,discriminative-attribute-number,yes,1,0.0,1.0,0.0,1.0,0.0,1.0,0.0,1.0,1.0,1.0,1.0,1.0,1.0,1.0
6953,discriminative-attribute-state,yes,0,1.0,1.0,0.0,1.0,1.0,1.0,0.0,1.0,0.47619047619047616,1.0,0.5416666666666666,0.5416666666666666,1.0,0.4444444444444444
6955,discriminative-attribute-state,yes,1,0.09090909090909091,0.8181818181818182,0.2727272727272727,0.5636363636363636,0.0,1.0,0.6,0.4,0.6883116883116883,0.875,0.6,0.675,0.5,0.5333333333333333
6957,discriminative-attribute-number,yes,0,1.0,1.0,0.09090909090909091,0.8181818181818182,1.0,1.0,0.2,0.6,0.4805194805194805,1.0,0.6,0.5,0.7666666666666667,0.4666666666666667
6959,discriminative-attribute-state,yes,0,0.7272727272727273,0.5636363636363636,0.2727272727272727,0.5636363636363636,1.0,1.0,0.2,0.6,0.47619047619047616,0.675,0.475,0.4666666666666667,0.6,0.4666666666666667
6961,discriminative-attribute-state,yes,0,1.0,1.0,0.09090909090909091,0.8181818181818182,1.0,1.0,0.0,1.0,0.4805194805194805,1.0,0.5416666666666666,0.5,0.875,0.4444444444444444
6963,discriminative-attribute-state,yes,0,0.9090909090909091,0.8181818181818182,1.0,1.0,1.0,1.0,0.2,0.6,0.9090909090909091,0.875,0.5416666666666666,1.0,0.6,0.4666666666666667
6965,discriminative-attribute-state,yes,0,1.0,1.0,0.0,1.0,1.0,1.0,0.2,0.6,0.47619047619047616,1.0,0.6,0.5416666666666666,0.875,0.4666666666666667
6967,discriminative-attribute-state,yes,0,1.0,1.0,0.0,1.0,1.0,1.0,0.0,1.0,0.47619047619047616,1.0,0.5416666666666666,0.5416666666666666,1.0,0.4444444444444444
6969,discriminative-attribute-number,yes,0,1.0,1.0,0.8181818181818182,0.6727272727272727,1.0,1.0,0.6,0.4,0.8268398268398268,1.0,0.7666666666666667,0.7666666666666667,0.6,0.6444444444444445
6971,discriminative-attribute-number,yes,0,1.0,1.0,1.0,1.0,1.0,1.0,1.0,1.0,1.0,1.0,1.0,1.0,1.0,1.0
6973,discriminative-attribute-state,yes,0,1.0,1.0,0.0,1.0,1.0,1.0,0.0,1.0,0.47619047619047616,1.0,0.5416666666666666,0.5416666666666666,1.0,0.4444444444444444
6975,discriminative-attribute-number,yes,1,0.0,1.0,1.0,1.0,0.0,1.0,1.0,1.0,0.47619047619047616,1.0,0.5416666666666666,0.5416666666666666,1.0,0.4444444444444444
6977,discriminative-attribute-state,yes,0,1.0,1.0,0.18181818181818182,0.6727272727272727,1.0,1.0,0.2,0.6,0.4935064935064935,1.0,0.6,0.475,0.675,0.4666666666666667
6979,discriminative-attribute-state,yes,0,1.0,1.0,0.9090909090909091,0.8181818181818182,1.0,1.0,0.8,0.6,0.9090909090909091,1.0,0.875,0.875,0.7666666666666667,0.8
6981,discriminative-attribute-state,yes,1,0.36363636363636365,0.4909090909090909,0.36363636363636365,0.4909090909090909,0.0,1.0,0.8,0.6,0.5151515151515151,0.6,0.4666666666666667,0.6,0.4666666666666667,0.4666666666666667
6983,discriminative-attribute-state,yes,0,1.0,1.0,0.0,1.0,1.0,1.0,0.0,1.0,0.47619047619047616,1.0,0.5416666666666666,0.5416666666666666,1.0,0.4444444444444444
6985,discriminative-attribute-number,yes,0,1.0,1.0,0.8181818181818182,0.6727272727272727,1.0,1.0,0.6,0.4,0.8268398268398268,1.0,0.7666666666666667,0.7666666666666667,0.6,0.6444444444444445
6987,discriminative-attribute-state,yes,0,1.0,1.0,0.0,1.0,1.0,1.0,0.2,0.6,0.47619047619047616,1.0,0.6,0.5416666666666666,0.875,0.4666666666666667
6989,discriminative-attribute-number,yes,0,1.0,1.0,1.0,1.0,1.0,1.0,0.8,0.6,1.0,1.0,0.875,1.0,0.875,0.8
6991,discriminative-attribute-state,yes,0,0.18181818181818182,0.6727272727272727,0.0,1.0,0.8,0.6,0.0,1.0,0.8268398268398268,0.5,0.7666666666666667,0.6,1.0,0.4666666666666667
6993,discriminative-attribute-state,yes,0,1.0,1.0,0.0,1.0,1.0,1.0,0.0,1.0,0.47619047619047616,1.0,0.5416666666666666,0.5416666666666666,1.0,0.4444444444444444
6995,discriminative-attribute-action,yes,1,0.0,1.0,1.0,1.0,0.0,1.0,0.8,0.6,0.47619047619047616,1.0,0.6,0.5416666666666666,0.875,0.4666666666666667
6997,discriminative-attribute-state,yes,0,1.0,1.0,1.0,1.0,1.0,1.0,0.2,0.6,1.0,1.0,0.6,1.0,0.6,0.4666666666666667
6999,discriminative-attribute-state,yes,0,1.0,1.0,0.18181818181818182,0.6727272727272727,1.0,1.0,0.0,1.0,0.4935064935064935,1.0,0.5416666666666666,0.475,0.7666666666666667,0.4444444444444444
7001,discriminative-attribute-number,yes,0,1.0,1.0,0.8181818181818182,0.6727272727272727,1.0,1.0,0.4,0.4,0.8268398268398268,1.0,0.675,0.7666666666666667,0.5416666666666666,0.5333333333333333
7005,discriminative-attribute-state,yes,0,1.0,1.0,0.0,1.0,1.0,1.0,0.2,0.6,0.47619047619047616,1.0,0.6,0.5416666666666666,0.875,0.4666666666666667
7007,discriminative-attribute-state,yes,1,0.18181818181818182,0.6727272727272727,0.2727272727272727,0.5636363636363636,0.0,1.0,0.6,0.4,0.6320346320346321,0.7666666666666667,0.5416666666666666,0.675,0.5,0.5333333333333333
7009,discriminative-attribute-state,yes,1,1.0,1.0,1.0,1.0,0.6,0.4,1.0,1.0,1.0,0.7666666666666667,1.0,0.7666666666666667,1.0,0.6444444444444445
7011,discriminative-attribute-number,yes,0,1.0,1.0,0.09090909090909091,0.8181818181818182,1.0,1.0,0.2,0.6,0.4805194805194805,1.0,0.6,0.5,0.7666666666666667,0.4666666666666667
7013,discriminative-attribute-state,yes,0,1.0,1.0,0.0,1.0,1.0,1.0,0.0,1.0,0.47619047619047616,1.0,0.5416666666666666,0.5416666666666666,1.0,0.4444444444444444
7015,discriminative-attribute-state,yes,0,1.0,1.0,0.0,1.0,1.0,1.0,0.0,1.0,0.47619047619047616,1.0,0.5416666666666666,0.5416666666666666,1.0,0.4444444444444444
7017,discriminative-attribute-state,yes,0,1.0,1.0,0.0,1.0,1.0,1.0,0.0,1.0,0.47619047619047616,1.0,0.5416666666666666,0.5416666666666666,1.0,0.4444444444444444
7019,discriminative-attribute-action,yes,0,1.0,1.0,0.0,1.0,1.0,1.0,0.0,1.0,0.47619047619047616,1.0,0.5416666666666666,0.5416666666666666,1.0,0.4444444444444444
7021,discriminative-attribute-number,yes,0,1.0,1.0,0.09090909090909091,0.8181818181818182,1.0,1.0,0.0,1.0,0.4805194805194805,1.0,0.5416666666666666,0.5,0.875,0.4444444444444444
7023,discriminative-attribute-number,yes,0,1.0,1.0,0.09090909090909091,0.8181818181818182,1.0,1.0,0.0,1.0,0.4805194805194805,1.0,0.5416666666666666,0.5,0.875,0.4444444444444444
7025,discriminative-attribute-state,yes,0,1.0,1.0,0.09090909090909091,0.8181818181818182,1.0,1.0,0.2,0.6,0.4805194805194805,1.0,0.6,0.5,0.7666666666666667,0.4666666666666667
7027,discriminative-attribute-action,yes,0,1.0,1.0,1.0,1.0,1.0,1.0,0.4,0.4,1.0,1.0,0.675,1.0,0.675,0.5333333333333333
7029,discriminative-attribute-number,yes,0,0.9090909090909091,0.8181818181818182,1.0,1.0,1.0,1.0,0.4,0.4,0.9090909090909091,0.875,0.6,1.0,0.675,0.5333333333333333
7031,discriminative-attribute-number,yes,0,1.0,1.0,1.0,1.0,1.0,1.0,0.4,0.4,1.0,1.0,0.675,1.0,0.675,0.5333333333333333
7033,discriminative-attribute-state,yes,1,0.36363636363636365,0.4909090909090909,0.9090909090909091,0.8181818181818182,0.0,1.0,1.0,1.0,0.5151515151515151,0.6,0.475,0.5,0.875,0.4444444444444444
7035,discriminative-attribute-state,yes,0,1.0,1.0,0.0,1.0,0.6,0.4,0.0,1.0,0.47619047619047616,0.7666666666666667,0.5416666666666666,0.675,1.0,0.5333333333333333
7037,discriminative-attribute-number,yes,0,1.0,1.0,1.0,1.0,1.0,1.0,0.2,0.6,1.0,1.0,0.6,1.0,0.6,0.4666666666666667
7039,discriminative-attribute-state,yes,0,1.0,1.0,0.0,1.0,1.0,1.0,0.0,1.0,0.47619047619047616,1.0,0.5416666666666666,0.5416666666666666,1.0,0.4444444444444444
7041,discriminative-attribute-state,yes,0,1.0,1.0,0.0,1.0,1.0,1.0,0.0,1.0,0.47619047619047616,1.0,0.5416666666666666,0.5416666666666666,1.0,0.4444444444444444
7043,discriminative-attribute-number,yes,0,1.0,1.0,0.09090909090909091,0.8181818181818182,1.0,1.0,0.6,0.4,0.4805194805194805,1.0,0.7666666666666667,0.5,0.6,0.6444444444444445
7045,discriminative-attribute-state,yes,0,1.0,1.0,0.0,1.0,1.0,1.0,0.0,1.0,0.47619047619047616,1.0,0.5416666666666666,0.5416666666666666,1.0,0.4444444444444444
7047,discriminative-attribute-state,yes,1,0.2727272727272727,0.5636363636363636,0.9090909090909091,0.8181818181818182,0.0,1.0,1.0,1.0,0.4935064935064935,0.675,0.4666666666666667,0.5,0.875,0.4444444444444444
7049,discriminative-attribute-state,yes,0,1.0,1.0,0.0,1.0,1.0,1.0,0.0,1.0,0.47619047619047616,1.0,0.5416666666666666,0.5416666666666666,1.0,0.4444444444444444
7051,discriminative-attribute-number,yes,0,1.0,1.0,0.0,1.0,1.0,1.0,0.2,0.6,0.47619047619047616,1.0,0.6,0.5416666666666666,0.875,0.4666666666666667
7053,discriminative-attribute-state,yes,0,0.9090909090909091,0.8181818181818182,0.09090909090909091,0.8181818181818182,1.0,1.0,0.0,1.0,0.47619047619047616,0.875,0.5,0.5,0.875,0.4444444444444444
7055,discriminative-attribute-state,yes,0,1.0,1.0,0.0,1.0,1.0,1.0,0.0,1.0,0.47619047619047616,1.0,0.5416666666666666,0.5416666666666666,1.0,0.4444444444444444
7057,discriminative-attribute-state,yes,0,0.9090909090909091,0.8181818181818182,0.0,1.0,1.0,1.0,0.0,1.0,0.4805194805194805,0.875,0.5,0.5416666666666666,1.0,0.4444444444444444
7059,discriminative-attribute-state,yes,0,0.9090909090909091,0.8181818181818182,0.6363636363636364,0.4909090909090909,1.0,1.0,0.0,1.0,0.6320346320346321,0.875,0.5,0.6,0.475,0.4444444444444444
7061,discriminative-attribute-state,yes,0,1.0,1.0,0.0,1.0,1.0,1.0,0.0,1.0,0.47619047619047616,1.0,0.5416666666666666,0.5416666666666666,1.0,0.4444444444444444
7063,discriminative-attribute-number,yes,0,1.0,1.0,0.09090909090909091,0.8181818181818182,1.0,1.0,0.4,0.4,0.4805194805194805,1.0,0.675,0.5,0.675,0.5333333333333333
7065,discriminative-attribute-number,yes,0,1.0,1.0,0.09090909090909091,0.8181818181818182,1.0,1.0,0.0,1.0,0.4805194805194805,1.0,0.5416666666666666,0.5,0.875,0.4444444444444444
7067,discriminative-attribute-state,yes,0,1.0,1.0,0.0,1.0,1.0,1.0,0.0,1.0,0.47619047619047616,1.0,0.5416666666666666,0.5416666666666666,1.0,0.4444444444444444
7069,discriminative-attribute-number,yes,0,1.0,1.0,0.9090909090909091,0.8181818181818182,1.0,1.0,0.6,0.4,0.9090909090909091,1.0,0.7666666666666667,0.875,0.675,0.6444444444444445
7071,discriminative-attribute-state,yes,0,1.0,1.0,0.36363636363636365,0.4909090909090909,1.0,1.0,0.4,0.4,0.5454545454545454,1.0,0.675,0.475,0.5,0.5333333333333333
7073,discriminative-attribute-number,yes,0,1.0,1.0,0.36363636363636365,0.4909090909090909,1.0,1.0,0.2,0.6,0.5454545454545454,1.0,0.6,0.475,0.5416666666666666,0.4666666666666667
7075,discriminative-attribute-state,yes,0,1.0,1.0,0.0,1.0,1.0,1.0,0.0,1.0,0.47619047619047616,1.0,0.5416666666666666,0.5416666666666666,1.0,0.4444444444444444
7079,discriminative-attribute-number,yes,0,1.0,1.0,1.0,1.0,1.0,1.0,0.6,0.4,1.0,1.0,0.7666666666666667,1.0,0.7666666666666667,0.6444444444444445
7081,discriminative-attribute-state,yes,1,0.09090909090909091,0.8181818181818182,1.0,1.0,0.2,0.6,1.0,1.0,0.4805194805194805,0.7666666666666667,0.5,0.6,1.0,0.4666666666666667
7083,discriminative-attribute-number,yes,0,1.0,1.0,0.09090909090909091,0.8181818181818182,1.0,1.0,0.0,1.0,0.4805194805194805,1.0,0.5416666666666666,0.5,0.875,0.4444444444444444
7085,discriminative-attribute-number,yes,1,0.0,1.0,0.9090909090909091,0.8181818181818182,0.0,1.0,1.0,1.0,0.4805194805194805,1.0,0.5416666666666666,0.5,0.875,0.4444444444444444
7087,discriminative-attribute-action,yes,0,1.0,1.0,0.0,1.0,1.0,1.0,0.0,1.0,0.47619047619047616,1.0,0.5416666666666666,0.5416666666666666,1.0,0.4444444444444444
7089,discriminative-attribute-state,yes,0,1.0,1.0,0.0,1.0,1.0,1.0,0.0,1.0,0.47619047619047616,1.0,0.5416666666666666,0.5416666666666666,1.0,0.4444444444444444
7091,discriminative-attribute-number,yes,0,1.0,1.0,0.18181818181818182,0.6727272727272727,1.0,1.0,0.2,0.6,0.4935064935064935,1.0,0.6,0.475,0.675,0.4666666666666667
7093,discriminative-attribute-state,yes,0,0.8181818181818182,0.6727272727272727,0.0,1.0,0.6,0.4,0.0,1.0,0.4935064935064935,0.6,0.475,0.675,1.0,0.5333333333333333
7095,discriminative-attribute-number,yes,0,0.0,1.0,1.0,1.0,0.8,0.6,0.6,0.4,0.47619047619047616,0.6,0.675,0.875,0.7666666666666667,0.5333333333333333
7097,discriminative-attribute-number,yes,0,1.0,1.0,0.09090909090909091,0.8181818181818182,1.0,1.0,0.2,0.6,0.4805194805194805,1.0,0.6,0.5,0.7666666666666667,0.4666666666666667
7099,discriminative-attribute-action,yes,0,1.0,1.0,0.0,1.0,1.0,1.0,0.0,1.0,0.47619047619047616,1.0,0.5416666666666666,0.5416666666666666,1.0,0.4444444444444444
7101,discriminative-attribute-number,yes,0,1.0,1.0,0.09090909090909091,0.8181818181818182,1.0,1.0,0.2,0.6,0.4805194805194805,1.0,0.6,0.5,0.7666666666666667,0.4666666666666667
7103,discriminative-attribute-state,yes,0,1.0,1.0,0.0,1.0,1.0,1.0,0.0,1.0,0.47619047619047616,1.0,0.5416666666666666,0.5416666666666666,1.0,0.4444444444444444
7105,discriminative-attribute-state,yes,0,1.0,1.0,0.0,1.0,1.0,1.0,0.0,1.0,0.47619047619047616,1.0,0.5416666666666666,0.5416666666666666,1.0,0.4444444444444444
7107,discriminative-attribute-state,yes,1,1.0,1.0,1.0,1.0,0.4,0.4,1.0,1.0,1.0,0.675,1.0,0.675,1.0,0.5333333333333333
7109,discriminative-attribute-state,yes,0,1.0,1.0,0.0,1.0,1.0,1.0,0.2,0.6,0.47619047619047616,1.0,0.6,0.5416666666666666,0.875,0.4666666666666667
7111,discriminative-attribute-number,yes,1,0.18181818181818182,0.6727272727272727,0.0,1.0,0.0,1.0,0.6,0.4,0.8268398268398268,0.7666666666666667,0.5416666666666666,1.0,0.675,0.5333333333333333
7113,discriminative-attribute-number,yes,0,0.9090909090909091,0.8181818181818182,1.0,1.0,1.0,1.0,0.6,0.4,0.9090909090909091,0.875,0.675,1.0,0.7666666666666667,0.6444444444444445
7115,discriminative-attribute-state,yes,0,1.0,1.0,0.0,1.0,1.0,1.0,0.0,1.0,0.47619047619047616,1.0,0.5416666666666666,0.5416666666666666,1.0,0.4444444444444444
7117,discriminative-attribute-number,yes,0,1.0,1.0,0.18181818181818182,0.6727272727272727,1.0,1.0,0.0,1.0,0.4935064935064935,1.0,0.5416666666666666,0.475,0.7666666666666667,0.4444444444444444
7119,discriminative-attribute-action,yes,0,1.0,1.0,0.09090909090909091,0.8181818181818182,1.0,1.0,0.0,1.0,0.4805194805194805,1.0,0.5416666666666666,0.5,0.875,0.4444444444444444
7121,discriminative-attribute-state,yes,0,1.0,1.0,0.0,1.0,1.0,1.0,0.0,1.0,0.47619047619047616,1.0,0.5416666666666666,0.5416666666666666,1.0,0.4444444444444444
7123,discriminative-attribute-state,yes,1,0.0,1.0,1.0,1.0,0.0,1.0,0.8,0.6,0.47619047619047616,1.0,0.6,0.5416666666666666,0.875,0.4666666666666667
7125,discriminative-attribute-state,yes,1,1.0,1.0,1.0,1.0,1.0,1.0,1.0,1.0,1.0,1.0,1.0,1.0,1.0,1.0
7127,discriminative-attribute-state,yes,0,1.0,1.0,0.09090909090909091,0.8181818181818182,1.0,1.0,0.0,1.0,0.4805194805194805,1.0,0.5416666666666666,0.5,0.875,0.4444444444444444
7129,discriminative-attribute-state,yes,0,0.8181818181818182,0.6727272727272727,0.0,1.0,1.0,1.0,0.0,1.0,0.4935064935064935,0.7666666666666667,0.475,0.5416666666666666,1.0,0.4444444444444444
7131,discriminative-attribute-action,yes,1,0.0,1.0,1.0,1.0,0.0,1.0,1.0,1.0,0.47619047619047616,1.0,0.5416666666666666,0.5416666666666666,1.0,0.4444444444444444
7133,discriminative-attribute-state,yes,1,0.45454545454545453,0.45454545454545453,1.0,1.0,0.0,1.0,1.0,1.0,0.5844155844155844,0.5416666666666666,0.5,0.5416666666666666,1.0,0.4444444444444444
7135,discriminative-attribute-number,yes,1,0.0,1.0,0.6363636363636364,0.4909090909090909,0.0,1.0,1.0,1.0,0.5454545454545454,1.0,0.5416666666666666,0.475,0.6,0.4444444444444444
7137,discriminative-attribute-number,yes,0,1.0,1.0,0.36363636363636365,0.4909090909090909,0.6,0.4,0.8,0.6,0.5454545454545454,0.7666666666666667,0.875,0.475,0.4666666666666667,0.5333333333333333
7139,discriminative-attribute-action,yes,0,1.0,1.0,0.36363636363636365,0.4909090909090909,1.0,1.0,0.2,0.6,0.5454545454545454,1.0,0.6,0.475,0.5416666666666666,0.4666666666666667
7141,discriminative-attribute-state,yes,0,1.0,1.0,0.0,1.0,1.0,1.0,0.4,0.4,0.47619047619047616,1.0,0.675,0.5416666666666666,0.7666666666666667,0.5333333333333333
7143,discriminative-attribute-state,yes,1,0.09090909090909091,0.8181818181818182,1.0,1.0,0.0,1.0,1.0,1.0,0.4805194805194805,0.875,0.5,0.5416666666666666,1.0,0.4444444444444444
7145,discriminative-attribute-state,yes,1,0.0,1.0,1.0,1.0,0.0,1.0,0.8,0.6,0.47619047619047616,1.0,0.6,0.5416666666666666,0.875,0.4666666666666667
7147,discriminative-attribute-state,yes,1,0.9090909090909091,0.8181818181818182,1.0,1.0,0.4,0.4,1.0,1.0,0.9090909090909091,0.6,0.875,0.675,1.0,0.5333333333333333
7149,discriminative-attribute-number,yes,0,1.0,1.0,0.09090909090909091,0.8181818181818182,1.0,1.0,0.0,1.0,0.4805194805194805,1.0,0.5416666666666666,0.5,0.875,0.4444444444444444
7151,discriminative-attribute-state,yes,0,0.0,1.0,0.0,1.0,0.8,0.6,0.0,1.0,1.0,0.6,1.0,0.6,1.0,0.4666666666666667
7153,discriminative-attribute-action,yes,1,0.0,1.0,0.9090909090909091,0.8181818181818182,0.0,1.0,1.0,1.0,0.4805194805194805,1.0,0.5416666666666666,0.5,0.875,0.4444444444444444
7155,discriminative-attribute-state,yes,0,1.0,1.0,0.0,1.0,1.0,1.0,0.0,1.0,0.47619047619047616,1.0,0.5416666666666666,0.5416666666666666,1.0,0.4444444444444444
7157,discriminative-attribute-action,yes,0,1.0,1.0,0.09090909090909091,0.8181818181818182,1.0,1.0,0.0,1.0,0.4805194805194805,1.0,0.5416666666666666,0.5,0.875,0.4444444444444444
7159,discriminative-attribute-state,yes,0,1.0,1.0,0.0,1.0,1.0,1.0,0.0,1.0,0.47619047619047616,1.0,0.5416666666666666,0.5416666666666666,1.0,0.4444444444444444
7161,discriminative-attribute-number,yes,0,1.0,1.0,0.09090909090909091,0.8181818181818182,1.0,1.0,0.4,0.4,0.4805194805194805,1.0,0.675,0.5,0.675,0.5333333333333333
7163,discriminative-attribute-number,yes,0,1.0,1.0,0.09090909090909091,0.8181818181818182,1.0,1.0,0.0,1.0,0.4805194805194805,1.0,0.5416666666666666,0.5,0.875,0.4444444444444444
7165,discriminative-attribute-state,yes,0,1.0,1.0,0.0,1.0,1.0,1.0,0.2,0.6,0.47619047619047616,1.0,0.6,0.5416666666666666,0.875,0.4666666666666667
7167,discriminative-attribute-action,yes,0,1.0,1.0,1.0,1.0,1.0,1.0,0.4,0.4,1.0,1.0,0.675,1.0,0.675,0.5333333333333333
7169,discriminative-attribute-action,yes,0,1.0,1.0,0.36363636363636365,0.4909090909090909,1.0,1.0,0.0,1.0,0.5454545454545454,1.0,0.5416666666666666,0.475,0.6,0.4444444444444444
7171,discriminative-attribute-number,yes,0,1.0,1.0,0.2727272727272727,0.5636363636363636,1.0,1.0,0.2,0.6,0.5151515151515151,1.0,0.6,0.4666666666666667,0.6,0.4666666666666667
7173,discriminative-attribute-state,yes,0,1.0,1.0,0.0,1.0,1.0,1.0,0.0,1.0,0.47619047619047616,1.0,0.5416666666666666,0.5416666666666666,1.0,0.4444444444444444
7175,discriminative-attribute-state,yes,1,0.36363636363636365,0.4909090909090909,0.9090909090909091,0.8181818181818182,0.0,1.0,1.0,1.0,0.5151515151515151,0.6,0.475,0.5,0.875,0.4444444444444444
7177,discriminative-attribute-state,yes,0,1.0,1.0,0.0,1.0,1.0,1.0,0.0,1.0,0.47619047619047616,1.0,0.5416666666666666,0.5416666666666666,1.0,0.4444444444444444
7179,discriminative-attribute-state,yes,0,1.0,1.0,0.0,1.0,1.0,1.0,0.0,1.0,0.47619047619047616,1.0,0.5416666666666666,0.5416666666666666,1.0,0.4444444444444444
7181,discriminative-attribute-state,yes,0,1.0,1.0,0.0,1.0,0.6,0.4,0.0,1.0,0.47619047619047616,0.7666666666666667,0.5416666666666666,0.675,1.0,0.5333333333333333
7183,discriminative-attribute-number,yes,0,1.0,1.0,1.0,1.0,1.0,1.0,0.6,0.4,1.0,1.0,0.7666666666666667,1.0,0.7666666666666667,0.6444444444444445
7185,discriminative-attribute-action,yes,1,0.2727272727272727,0.5636363636363636,0.45454545454545453,0.45454545454545453,0.0,1.0,0.8,0.6,0.5151515151515151,0.675,0.475,0.5416666666666666,0.475,0.4666666666666667
7187,discriminative-attribute-state,yes,0,1.0,1.0,0.0,1.0,1.0,1.0,0.0,1.0,0.47619047619047616,1.0,0.5416666666666666,0.5416666666666666,1.0,0.4444444444444444
7189,discriminative-attribute-number,yes,0,1.0,1.0,0.0,1.0,1.0,1.0,0.0,1.0,0.47619047619047616,1.0,0.5416666666666666,0.5416666666666666,1.0,0.4444444444444444
7191,discriminative-attribute-number,yes,0,1.0,1.0,0.36363636363636365,0.4909090909090909,1.0,1.0,0.2,0.6,0.5454545454545454,1.0,0.6,0.475,0.5416666666666666,0.4666666666666667
7193,discriminative-attribute-state,yes,0,1.0,1.0,0.8181818181818182,0.6727272727272727,1.0,1.0,0.2,0.6,0.8268398268398268,1.0,0.6,0.7666666666666667,0.5,0.4666666666666667
7195,discriminative-attribute-state,yes,0,0.45454545454545453,0.45454545454545453,0.0,1.0,1.0,1.0,0.2,0.6,0.6320346320346321,0.5,0.5,0.5416666666666666,0.875,0.4666666666666667
7197,discriminative-attribute-state,yes,0,1.0,1.0,0.0,1.0,1.0,1.0,0.0,1.0,0.47619047619047616,1.0,0.5416666666666666,0.5416666666666666,1.0,0.4444444444444444
7199,discriminative-attribute-number,yes,0,1.0,1.0,1.0,1.0,1.0,1.0,0.4,0.4,1.0,1.0,0.675,1.0,0.675,0.5333333333333333
7201,discriminative-attribute-number,yes,0,1.0,1.0,0.36363636363636365,0.4909090909090909,1.0,1.0,0.2,0.6,0.5454545454545454,1.0,0.6,0.475,0.5416666666666666,0.4666666666666667
7203,discriminative-attribute-number,yes,1,0.5454545454545454,0.45454545454545453,0.0,1.0,0.6,0.4,0.6,0.4,0.5844155844155844,0.475,0.475,0.675,0.675,0.4666666666666667
7205,discriminative-attribute-number,yes,0,0.9090909090909091,0.8181818181818182,1.0,1.0,1.0,1.0,0.4,0.4,0.9090909090909091,0.875,0.6,1.0,0.675,0.5333333333333333
7207,discriminative-attribute-number,yes,1,0.0,1.0,0.9090909090909091,0.8181818181818182,0.0,1.0,1.0,1.0,0.4805194805194805,1.0,0.5416666666666666,0.5,0.875,0.4444444444444444
7209,discriminative-attribute-state,yes,0,0.7272727272727273,0.5636363636363636,0.09090909090909091,0.8181818181818182,1.0,1.0,0.0,1.0,0.4935064935064935,0.675,0.4666666666666667,0.5,0.875,0.4444444444444444
7211,discriminative-attribute-state,yes,0,0.7272727272727273,0.5636363636363636,0.18181818181818182,0.6727272727272727,1.0,1.0,0.0,1.0,0.4805194805194805,0.675,0.4666666666666667,0.475,0.7666666666666667,0.4444444444444444
7213,discriminative-attribute-state,yes,0,0.7272727272727273,0.5636363636363636,0.09090909090909091,0.8181818181818182,1.0,1.0,0.0,1.0,0.4935064935064935,0.675,0.4666666666666667,0.5,0.875,0.4444444444444444
7215,discriminative-attribute-state,yes,1,0.45454545454545453,0.45454545454545453,1.0,1.0,0.0,1.0,1.0,1.0,0.5844155844155844,0.5416666666666666,0.5,0.5416666666666666,1.0,0.4444444444444444
7217,discriminative-attribute-state,yes,1,1.0,1.0,1.0,1.0,0.6,0.4,1.0,1.0,1.0,0.7666666666666667,1.0,0.7666666666666667,1.0,0.6444444444444445
7219,discriminative-attribute-number,yes,0,1.0,1.0,0.09090909090909091,0.8181818181818182,1.0,1.0,0.2,0.6,0.4805194805194805,1.0,0.6,0.5,0.7666666666666667,0.4666666666666667
7221,discriminative-attribute-state,yes,0,1.0,1.0,0.0,1.0,1.0,1.0,0.0,1.0,0.47619047619047616,1.0,0.5416666666666666,0.5416666666666666,1.0,0.4444444444444444
7223,discriminative-attribute-action,yes,0,1.0,1.0,0.09090909090909091,0.8181818181818182,1.0,1.0,0.2,0.6,0.4805194805194805,1.0,0.6,0.5,0.7666666666666667,0.4666666666666667
7225,discriminative-attribute-state,yes,0,1.0,1.0,0.0,1.0,1.0,1.0,0.2,0.6,0.47619047619047616,1.0,0.6,0.5416666666666666,0.875,0.4666666666666667
7227,discriminative-attribute-state,yes,0,1.0,1.0,0.0,1.0,0.8,0.6,0.0,1.0,0.47619047619047616,0.875,0.5416666666666666,0.6,1.0,0.4666666666666667
7231,discriminative-attribute-action,yes,0,1.0,1.0,0.2727272727272727,0.5636363636363636,1.0,1.0,0.0,1.0,0.5151515151515151,1.0,0.5416666666666666,0.4666666666666667,0.675,0.4444444444444444
7233,discriminative-attribute-number,yes,0,1.0,1.0,0.2727272727272727,0.5636363636363636,1.0,1.0,0.2,0.6,0.5151515151515151,1.0,0.6,0.4666666666666667,0.6,0.4666666666666667
7235,discriminative-attribute-state,yes,0,0.8181818181818182,0.6727272727272727,0.0,1.0,1.0,1.0,0.0,1.0,0.4935064935064935,0.7666666666666667,0.475,0.5416666666666666,1.0,0.4444444444444444
7237,discriminative-attribute-state,yes,0,1.0,1.0,0.0,1.0,1.0,1.0,0.0,1.0,0.47619047619047616,1.0,0.5416666666666666,0.5416666666666666,1.0,0.4444444444444444
7239,discriminative-attribute-state,yes,0,1.0,1.0,0.0,1.0,1.0,1.0,0.0,1.0,0.47619047619047616,1.0,0.5416666666666666,0.5416666666666666,1.0,0.4444444444444444
7241,discriminative-attribute-number,yes,0,1.0,1.0,0.18181818181818182,0.6727272727272727,1.0,1.0,0.0,1.0,0.4935064935064935,1.0,0.5416666666666666,0.475,0.7666666666666667,0.4444444444444444
7243,discriminative-attribute-number,yes,1,0.0,1.0,0.09090909090909091,0.8181818181818182,0.0,1.0,0.4,0.4,0.9090909090909091,1.0,0.7666666666666667,0.875,0.675,0.6444444444444445
7245,discriminative-attribute-state,yes,0,1.0,1.0,0.0,1.0,1.0,1.0,0.0,1.0,0.47619047619047616,1.0,0.5416666666666666,0.5416666666666666,1.0,0.4444444444444444
7247,discriminative-attribute-state,yes,0,1.0,1.0,0.0,1.0,1.0,1.0,0.0,1.0,0.47619047619047616,1.0,0.5416666666666666,0.5416666666666666,1.0,0.4444444444444444
7249,discriminative-attribute-number,yes,0,1.0,1.0,1.0,1.0,1.0,1.0,0.6,0.4,1.0,1.0,0.7666666666666667,1.0,0.7666666666666667,0.6444444444444445
7251,discriminative-attribute-number,yes,0,0.7272727272727273,0.5636363636363636,0.7272727272727273,0.5636363636363636,1.0,1.0,0.6,0.4,0.5844155844155844,0.675,0.5416666666666666,0.675,0.5416666666666666,0.6444444444444445
7253,discriminative-attribute-number,yes,0,0.8181818181818182,0.6727272727272727,1.0,1.0,1.0,1.0,0.6,0.4,0.8268398268398268,0.7666666666666667,0.6,1.0,0.7666666666666667,0.6444444444444445
7255,discriminative-attribute-state,yes,0,1.0,1.0,0.2727272727272727,0.5636363636363636,1.0,1.0,0.2,0.6,0.5151515151515151,1.0,0.6,0.4666666666666667,0.6,0.4666666666666667
7257,discriminative-attribute-state,yes,0,1.0,1.0,0.18181818181818182,0.6727272727272727,1.0,1.0,0.0,1.0,0.4935064935064935,1.0,0.5416666666666666,0.475,0.7666666666666667,0.4444444444444444
7259,discriminative-attribute-number,yes,0,1.0,1.0,0.45454545454545453,0.45454545454545453,1.0,1.0,0.4,0.4,0.5844155844155844,1.0,0.675,0.5,0.475,0.5333333333333333
7261,discriminative-attribute-state,yes,1,0.18181818181818182,0.6727272727272727,1.0,1.0,0.0,1.0,1.0,1.0,0.4935064935064935,0.7666666666666667,0.475,0.5416666666666666,1.0,0.4444444444444444
7263,discriminative-attribute-state,yes,1,0.0,1.0,1.0,1.0,0.0,1.0,1.0,1.0,0.47619047619047616,1.0,0.5416666666666666,0.5416666666666666,1.0,0.4444444444444444
7265,discriminative-attribute-number,yes,1,0.09090909090909091,0.8181818181818182,0.8181818181818182,0.6727272727272727,0.0,1.0,0.6,0.4,0.4805194805194805,0.875,0.6,0.475,0.6,0.5333333333333333
7267,discriminative-attribute-state,yes,1,0.0,1.0,1.0,1.0,0.0,1.0,1.0,1.0,0.47619047619047616,1.0,0.5416666666666666,0.5416666666666666,1.0,0.4444444444444444
7269,discriminative-attribute-state,yes,0,1.0,1.0,0.0,1.0,1.0,1.0,0.0,1.0,0.47619047619047616,1.0,0.5416666666666666,0.5416666666666666,1.0,0.4444444444444444
7271,discriminative-attribute-state,yes,1,0.0,1.0,1.0,1.0,0.0,1.0,1.0,1.0,0.47619047619047616,1.0,0.5416666666666666,0.5416666666666666,1.0,0.4444444444444444
7273,discriminative-attribute-number,yes,0,1.0,1.0,0.0,1.0,1.0,1.0,0.0,1.0,0.47619047619047616,1.0,0.5416666666666666,0.5416666666666666,1.0,0.4444444444444444
7275,discriminative-attribute-state,yes,0,1.0,1.0,0.0,1.0,1.0,1.0,0.0,1.0,0.47619047619047616,1.0,0.5416666666666666,0.5416666666666666,1.0,0.4444444444444444
7277,discriminative-attribute-state,yes,0,1.0,1.0,0.0,1.0,1.0,1.0,0.0,1.0,0.47619047619047616,1.0,0.5416666666666666,0.5416666666666666,1.0,0.4444444444444444
7279,discriminative-attribute-number,yes,0,1.0,1.0,0.2727272727272727,0.5636363636363636,1.0,1.0,0.2,0.6,0.5151515151515151,1.0,0.6,0.4666666666666667,0.6,0.4666666666666667
7281,discriminative-attribute-state,yes,0,1.0,1.0,0.0,1.0,1.0,1.0,0.0,1.0,0.47619047619047616,1.0,0.5416666666666666,0.5416666666666666,1.0,0.4444444444444444
7283,discriminative-attribute-state,yes,0,1.0,1.0,0.0,1.0,1.0,1.0,0.0,1.0,0.47619047619047616,1.0,0.5416666666666666,0.5416666666666666,1.0,0.4444444444444444
7285,discriminative-attribute-number,yes,0,0.5454545454545454,0.45454545454545453,0.36363636363636365,0.4909090909090909,1.0,1.0,0.0,1.0,0.4805194805194805,0.5416666666666666,0.5,0.475,0.6,0.4444444444444444
7287,discriminative-attribute-number,yes,1,0.0,1.0,0.6363636363636364,0.4909090909090909,0.0,1.0,1.0,1.0,0.5454545454545454,1.0,0.5416666666666666,0.475,0.6,0.4444444444444444
7289,discriminative-attribute-number,yes,0,1.0,1.0,0.09090909090909091,0.8181818181818182,1.0,1.0,0.0,1.0,0.4805194805194805,1.0,0.5416666666666666,0.5,0.875,0.4444444444444444
7291,discriminative-attribute-state,yes,0,1.0,1.0,0.0,1.0,1.0,1.0,0.0,1.0,0.47619047619047616,1.0,0.5416666666666666,0.5416666666666666,1.0,0.4444444444444444
7293,discriminative-attribute-state,yes,0,1.0,1.0,0.0,1.0,1.0,1.0,0.0,1.0,0.47619047619047616,1.0,0.5416666666666666,0.5416666666666666,1.0,0.4444444444444444
7295,discriminative-attribute-number,yes,0,1.0,1.0,0.0,1.0,1.0,1.0,0.4,0.4,0.47619047619047616,1.0,0.675,0.5416666666666666,0.7666666666666667,0.5333333333333333
7297,discriminative-attribute-state,yes,0,1.0,1.0,0.09090909090909091,0.8181818181818182,1.0,1.0,0.4,0.4,0.4805194805194805,1.0,0.675,0.5,0.675,0.5333333333333333
7299,discriminative-attribute-number,yes,0,1.0,1.0,1.0,1.0,1.0,1.0,0.6,0.4,1.0,1.0,0.7666666666666667,1.0,0.7666666666666667,0.6444444444444445
7301,discriminative-attribute-number,yes,0,0.8181818181818182,0.6727272727272727,0.8181818181818182,0.6727272727272727,1.0,1.0,0.8,0.6,0.6883116883116883,0.7666666666666667,0.675,0.7666666666666667,0.675,0.8
7303,discriminative-attribute-state,yes,0,1.0,1.0,0.0,1.0,1.0,1.0,0.0,1.0,0.47619047619047616,1.0,0.5416666666666666,0.5416666666666666,1.0,0.4444444444444444
7305,discriminative-attribute-number,yes,0,1.0,1.0,0.09090909090909091,0.8181818181818182,1.0,1.0,0.4,0.4,0.4805194805194805,1.0,0.675,0.5,0.675,0.5333333333333333
7307,discriminative-attribute-state,yes,0,1.0,1.0,0.09090909090909091,0.8181818181818182,1.0,1.0,0.2,0.6,0.4805194805194805,1.0,0.6,0.5,0.7666666666666667,0.4666666666666667
7309,discriminative-attribute-state,yes,1,0.09090909090909091,0.8181818181818182,1.0,1.0,0.0,1.0,1.0,1.0,0.4805194805194805,0.875,0.5,0.5416666666666666,1.0,0.4444444444444444
7311,discriminative-attribute-number,yes,0,1.0,1.0,0.5454545454545454,0.45454545454545453,1.0,1.0,0.8,0.6,0.6320346320346321,1.0,0.875,0.5416666666666666,0.5,0.8
7313,discriminative-attribute-state,yes,0,1.0,1.0,0.0,1.0,1.0,1.0,0.0,1.0,0.47619047619047616,1.0,0.5416666666666666,0.5416666666666666,1.0,0.4444444444444444
7315,discriminative-attribute-state,yes,0,1.0,1.0,0.0,1.0,1.0,1.0,0.4,0.4,0.47619047619047616,1.0,0.675,0.5416666666666666,0.7666666666666667,0.5333333333333333
7317,discriminative-attribute-state,yes,0,1.0,1.0,0.2727272727272727,0.5636363636363636,1.0,1.0,0.0,1.0,0.5151515151515151,1.0,0.5416666666666666,0.4666666666666667,0.675,0.4444444444444444
7319,discriminative-attribute-number,yes,0,1.0,1.0,0.9090909090909091,0.8181818181818182,1.0,1.0,0.6,0.4,0.9090909090909091,1.0,0.7666666666666667,0.875,0.675,0.6444444444444445
7321,discriminative-attribute-number,yes,1,0.0,1.0,0.18181818181818182,0.6727272727272727,0.0,1.0,0.2,0.6,0.8268398268398268,1.0,0.875,0.7666666666666667,0.675,0.8
7323,discriminative-attribute-state,yes,0,1.0,1.0,0.09090909090909091,0.8181818181818182,1.0,1.0,0.0,1.0,0.4805194805194805,1.0,0.5416666666666666,0.5,0.875,0.4444444444444444
7325,discriminative-attribute-state,yes,1,0.2727272727272727,0.5636363636363636,1.0,1.0,0.0,1.0,1.0,1.0,0.5151515151515151,0.675,0.4666666666666667,0.5416666666666666,1.0,0.4444444444444444
7327,discriminative-attribute-state,yes,0,0.7272727272727273,0.5636363636363636,0.2727272727272727,0.5636363636363636,1.0,1.0,0.0,1.0,0.47619047619047616,0.675,0.4666666666666667,0.4666666666666667,0.675,0.4444444444444444
7329,discriminative-attribute-number,yes,1,0.0,1.0,0.0,1.0,0.0,1.0,0.2,0.6,1.0,1.0,0.875,1.0,0.875,0.8
7331,discriminative-attribute-state,yes,0,0.7272727272727273,0.5636363636363636,0.18181818181818182,0.6727272727272727,1.0,1.0,0.2,0.6,0.4805194805194805,0.675,0.475,0.475,0.675,0.4666666666666667
7333,discriminative-attribute-state,yes,0,0.7272727272727273,0.5636363636363636,0.6363636363636364,0.4909090909090909,1.0,1.0,0.2,0.6,0.5454545454545454,0.675,0.475,0.6,0.4666666666666667,0.4666666666666667
7335,discriminative-attribute-state,yes,0,1.0,1.0,0.0,1.0,1.0,1.0,0.0,1.0,0.47619047619047616,1.0,0.5416666666666666,0.5416666666666666,1.0,0.4444444444444444
7337,discriminative-attribute-state,yes,0,0.9090909090909091,0.8181818181818182,0.0,1.0,1.0,1.0,0.0,1.0,0.4805194805194805,0.875,0.5,0.5416666666666666,1.0,0.4444444444444444
7339,discriminative-attribute-state,yes,1,0.0,1.0,1.0,1.0,0.0,1.0,1.0,1.0,0.47619047619047616,1.0,0.5416666666666666,0.5416666666666666,1.0,0.4444444444444444
7341,discriminative-attribute-action,yes,0,1.0,1.0,0.0,1.0,1.0,1.0,0.0,1.0,0.47619047619047616,1.0,0.5416666666666666,0.5416666666666666,1.0,0.4444444444444444
7343,discriminative-attribute-number,yes,0,1.0,1.0,0.0,1.0,1.0,1.0,0.0,1.0,0.47619047619047616,1.0,0.5416666666666666,0.5416666666666666,1.0,0.4444444444444444
7345,discriminative-attribute-number,yes,0,1.0,1.0,0.09090909090909091,0.8181818181818182,1.0,1.0,0.0,1.0,0.4805194805194805,1.0,0.5416666666666666,0.5,0.875,0.4444444444444444
7347,discriminative-attribute-state,yes,0,1.0,1.0,0.0,1.0,1.0,1.0,0.0,1.0,0.47619047619047616,1.0,0.5416666666666666,0.5416666666666666,1.0,0.4444444444444444
7349,discriminative-attribute-state,yes,0,1.0,1.0,0.0,1.0,1.0,1.0,0.0,1.0,0.47619047619047616,1.0,0.5416666666666666,0.5416666666666666,1.0,0.4444444444444444
7351,discriminative-attribute-state,yes,1,0.9090909090909091,0.8181818181818182,1.0,1.0,1.0,1.0,1.0,1.0,0.9090909090909091,0.875,0.875,1.0,1.0,1.0
7353,discriminative-attribute-action,yes,0,1.0,1.0,0.0,1.0,1.0,1.0,0.0,1.0,0.47619047619047616,1.0,0.5416666666666666,0.5416666666666666,1.0,0.4444444444444444
7355,discriminative-attribute-number,yes,0,1.0,1.0,0.45454545454545453,0.45454545454545453,1.0,1.0,0.0,1.0,0.5844155844155844,1.0,0.5416666666666666,0.5,0.5416666666666666,0.4444444444444444
7357,discriminative-attribute-state,yes,0,0.8181818181818182,0.6727272727272727,0.36363636363636365,0.4909090909090909,1.0,1.0,1.0,1.0,0.4935064935064935,0.7666666666666667,0.7666666666666667,0.475,0.475,1.0
7359,discriminative-attribute-state,yes,0,0.8181818181818182,0.6727272727272727,0.0,1.0,1.0,1.0,0.2,0.6,0.4935064935064935,0.7666666666666667,0.5,0.5416666666666666,0.875,0.4666666666666667
7361,discriminative-attribute-state,yes,1,0.09090909090909091,0.8181818181818182,0.8181818181818182,0.6727272727272727,0.6,0.4,0.8,0.6,0.4805194805194805,0.6,0.5416666666666666,0.6,0.675,0.5333333333333333
7363,discriminative-attribute-number,yes,0,0.9090909090909091,0.8181818181818182,1.0,1.0,1.0,1.0,1.0,1.0,0.9090909090909091,0.875,0.875,1.0,1.0,1.0
7365,discriminative-attribute-state,yes,0,1.0,1.0,0.0,1.0,1.0,1.0,0.0,1.0,0.47619047619047616,1.0,0.5416666666666666,0.5416666666666666,1.0,0.4444444444444444
7367,discriminative-attribute-state,yes,0,1.0,1.0,0.0,1.0,0.8,0.6,0.0,1.0,0.47619047619047616,0.875,0.5416666666666666,0.6,1.0,0.4666666666666667
7369,discriminative-attribute-action,yes,0,1.0,1.0,0.0,1.0,1.0,1.0,0.0,1.0,0.47619047619047616,1.0,0.5416666666666666,0.5416666666666666,1.0,0.4444444444444444
7371,discriminative-attribute-number,yes,0,1.0,1.0,0.0,1.0,1.0,1.0,0.0,1.0,0.47619047619047616,1.0,0.5416666666666666,0.5416666666666666,1.0,0.4444444444444444
7373,discriminative-attribute-state,yes,0,1.0,1.0,0.0,1.0,1.0,1.0,0.0,1.0,0.47619047619047616,1.0,0.5416666666666666,0.5416666666666666,1.0,0.4444444444444444
7375,discriminative-attribute-state,yes,0,1.0,1.0,0.0,1.0,1.0,1.0,0.0,1.0,0.47619047619047616,1.0,0.5416666666666666,0.5416666666666666,1.0,0.4444444444444444
7377,discriminative-attribute-number,yes,0,1.0,1.0,0.0,1.0,1.0,1.0,0.2,0.6,0.47619047619047616,1.0,0.6,0.5416666666666666,0.875,0.4666666666666667
7379,discriminative-attribute-state,yes,0,1.0,1.0,0.0,1.0,1.0,1.0,0.0,1.0,0.47619047619047616,1.0,0.5416666666666666,0.5416666666666666,1.0,0.4444444444444444
7381,discriminative-attribute-state,yes,0,0.7272727272727273,0.5636363636363636,0.0,1.0,1.0,1.0,0.0,1.0,0.5151515151515151,0.675,0.4666666666666667,0.5416666666666666,1.0,0.4444444444444444
7383,discriminative-attribute-state,yes,1,0.09090909090909091,0.8181818181818182,0.6363636363636364,0.4909090909090909,0.0,1.0,0.8,0.6,0.5151515151515151,0.875,0.5416666666666666,0.475,0.5416666666666666,0.4666666666666667
7385,discriminative-attribute-state,yes,0,1.0,1.0,0.0,1.0,1.0,1.0,0.0,1.0,0.47619047619047616,1.0,0.5416666666666666,0.5416666666666666,1.0,0.4444444444444444
7387,discriminative-attribute-number,yes,1,0.0,1.0,0.5454545454545454,0.45454545454545453,0.0,1.0,0.0,1.0,0.5844155844155844,1.0,1.0,0.5,0.5,1.0
7389,discriminative-attribute-state,yes,0,1.0,1.0,0.0,1.0,1.0,1.0,0.2,0.6,0.47619047619047616,1.0,0.6,0.5416666666666666,0.875,0.4666666666666667
7391,discriminative-attribute-number,yes,0,1.0,1.0,0.18181818181818182,0.6727272727272727,1.0,1.0,0.4,0.4,0.4935064935064935,1.0,0.675,0.475,0.6,0.5333333333333333
7393,discriminative-attribute-state,yes,0,1.0,1.0,0.0,1.0,0.6,0.4,0.0,1.0,0.47619047619047616,0.7666666666666667,0.5416666666666666,0.675,1.0,0.5333333333333333
7395,discriminative-attribute-state,yes,0,1.0,1.0,0.0,1.0,1.0,1.0,0.0,1.0,0.47619047619047616,1.0,0.5416666666666666,0.5416666666666666,1.0,0.4444444444444444
7397,discriminative-attribute-number,yes,1,0.0,1.0,1.0,1.0,0.0,1.0,1.0,1.0,0.47619047619047616,1.0,0.5416666666666666,0.5416666666666666,1.0,0.4444444444444444
7399,discriminative-attribute-number,yes,0,1.0,1.0,0.0,1.0,1.0,1.0,0.0,1.0,0.47619047619047616,1.0,0.5416666666666666,0.5416666666666666,1.0,0.4444444444444444
7401,discriminative-attribute-state,yes,0,1.0,1.0,0.0,1.0,1.0,1.0,0.0,1.0,0.47619047619047616,1.0,0.5416666666666666,0.5416666666666666,1.0,0.4444444444444444
7403,discriminative-attribute-state,yes,0,1.0,1.0,0.0,1.0,1.0,1.0,0.0,1.0,0.47619047619047616,1.0,0.5416666666666666,0.5416666666666666,1.0,0.4444444444444444
7405,discriminative-attribute-number,yes,0,1.0,1.0,0.0,1.0,1.0,1.0,0.0,1.0,0.47619047619047616,1.0,0.5416666666666666,0.5416666666666666,1.0,0.4444444444444444
7407,discriminative-attribute-state,yes,0,1.0,1.0,0.0,1.0,1.0,1.0,0.0,1.0,0.47619047619047616,1.0,0.5416666666666666,0.5416666666666666,1.0,0.4444444444444444
7409,discriminative-attribute-state,yes,1,0.18181818181818182,0.6727272727272727,1.0,1.0,0.0,1.0,1.0,1.0,0.4935064935064935,0.7666666666666667,0.475,0.5416666666666666,1.0,0.4444444444444444
7411,discriminative-attribute-number,yes,0,1.0,1.0,0.0,1.0,1.0,1.0,0.2,0.6,0.47619047619047616,1.0,0.6,0.5416666666666666,0.875,0.4666666666666667
7413,discriminative-attribute-state,yes,1,0.0,1.0,1.0,1.0,0.0,1.0,1.0,1.0,0.47619047619047616,1.0,0.5416666666666666,0.5416666666666666,1.0,0.4444444444444444
7415,discriminative-attribute-state,yes,0,1.0,1.0,0.0,1.0,1.0,1.0,0.0,1.0,0.47619047619047616,1.0,0.5416666666666666,0.5416666666666666,1.0,0.4444444444444444
7417,discriminative-attribute-action,yes,0,1.0,1.0,0.0,1.0,1.0,1.0,0.0,1.0,0.47619047619047616,1.0,0.5416666666666666,0.5416666666666666,1.0,0.4444444444444444
7419,discriminative-attribute-number,yes,0,1.0,1.0,0.09090909090909091,0.8181818181818182,1.0,1.0,0.0,1.0,0.4805194805194805,1.0,0.5416666666666666,0.5,0.875,0.4444444444444444
7421,discriminative-attribute-state,yes,0,1.0,1.0,0.0,1.0,1.0,1.0,0.0,1.0,0.47619047619047616,1.0,0.5416666666666666,0.5416666666666666,1.0,0.4444444444444444
7423,discriminative-attribute-number,yes,0,1.0,1.0,0.0,1.0,1.0,1.0,0.0,1.0,0.47619047619047616,1.0,0.5416666666666666,0.5416666666666666,1.0,0.4444444444444444
7425,discriminative-attribute-state,yes,0,1.0,1.0,0.0,1.0,1.0,1.0,0.0,1.0,0.47619047619047616,1.0,0.5416666666666666,0.5416666666666666,1.0,0.4444444444444444
7427,discriminative-attribute-state,yes,0,1.0,1.0,0.0,1.0,1.0,1.0,0.0,1.0,0.47619047619047616,1.0,0.5416666666666666,0.5416666666666666,1.0,0.4444444444444444
7429,discriminative-attribute-state,yes,1,0.6363636363636364,0.4909090909090909,0.9090909090909091,0.8181818181818182,0.6,0.4,0.4,0.4,0.6320346320346321,0.5,0.475,0.675,0.6,0.4444444444444444
7431,discriminative-attribute-state,yes,0,1.0,1.0,0.0,1.0,1.0,1.0,0.0,1.0,0.47619047619047616,1.0,0.5416666666666666,0.5416666666666666,1.0,0.4444444444444444
7433,discriminative-attribute-action,yes,0,1.0,1.0,0.09090909090909091,0.8181818181818182,1.0,1.0,0.0,1.0,0.4805194805194805,1.0,0.5416666666666666,0.5,0.875,0.4444444444444444
7435,discriminative-attribute-number,yes,0,1.0,1.0,0.8181818181818182,0.6727272727272727,1.0,1.0,0.6,0.4,0.8268398268398268,1.0,0.7666666666666667,0.7666666666666667,0.6,0.6444444444444445
7437,discriminative-attribute-state,yes,1,0.7272727272727273,0.5636363636363636,1.0,1.0,0.6,0.4,1.0,1.0,0.7532467532467533,0.5416666666666666,0.675,0.7666666666666667,1.0,0.6444444444444445
7439,discriminative-attribute-state,yes,0,1.0,1.0,0.0,1.0,1.0,1.0,0.4,0.4,0.47619047619047616,1.0,0.675,0.5416666666666666,0.7666666666666667,0.5333333333333333
7441,discriminative-attribute-state,yes,0,1.0,1.0,0.0,1.0,1.0,1.0,0.0,1.0,0.47619047619047616,1.0,0.5416666666666666,0.5416666666666666,1.0,0.4444444444444444
7443,discriminative-attribute-number,yes,1,0.09090909090909091,0.8181818181818182,0.7272727272727273,0.5636363636363636,0.0,1.0,1.0,1.0,0.4935064935064935,0.875,0.5,0.4666666666666667,0.675,0.4444444444444444
7445,discriminative-attribute-state,yes,0,1.0,1.0,0.0,1.0,1.0,1.0,0.0,1.0,0.47619047619047616,1.0,0.5416666666666666,0.5416666666666666,1.0,0.4444444444444444
7447,discriminative-attribute-number,yes,0,1.0,1.0,0.0,1.0,1.0,1.0,0.2,0.6,0.47619047619047616,1.0,0.6,0.5416666666666666,0.875,0.4666666666666667
7449,discriminative-attribute-state,yes,0,0.8181818181818182,0.6727272727272727,0.0,1.0,0.6,0.4,0.0,1.0,0.4935064935064935,0.6,0.475,0.675,1.0,0.5333333333333333
7451,discriminative-attribute-number,yes,1,0.0,1.0,0.0,1.0,0.0,1.0,0.8,0.6,1.0,1.0,0.6,1.0,0.6,0.4666666666666667
7453,discriminative-attribute-number,yes,0,1.0,1.0,1.0,1.0,1.0,1.0,0.6,0.4,1.0,1.0,0.7666666666666667,1.0,0.7666666666666667,0.6444444444444445
7455,discriminative-attribute-number,yes,0,1.0,1.0,1.0,1.0,1.0,1.0,0.6,0.4,1.0,1.0,0.7666666666666667,1.0,0.7666666666666667,0.6444444444444445
7457,discriminative-attribute-number,yes,1,0.0,1.0,0.0,1.0,0.0,1.0,0.2,0.6,1.0,1.0,0.875,1.0,0.875,0.8
7459,discriminative-attribute-state,yes,0,0.2727272727272727,0.5636363636363636,0.5454545454545454,0.45454545454545453,0.4,0.4,0.4,0.4,0.4935064935064935,0.5416666666666666,0.5416666666666666,0.4666666666666667,0.4666666666666667,0.4666666666666667
7461,discriminative-attribute-state,yes,0,1.0,1.0,0.6363636363636364,0.4909090909090909,1.0,1.0,0.0,1.0,0.6883116883116883,1.0,0.5416666666666666,0.6,0.475,0.4444444444444444
7463,discriminative-attribute-state,yes,0,1.0,1.0,0.0,1.0,1.0,1.0,0.0,1.0,0.47619047619047616,1.0,0.5416666666666666,0.5416666666666666,1.0,0.4444444444444444
7465,discriminative-attribute-number,yes,0,1.0,1.0,0.0,1.0,1.0,1.0,0.0,1.0,0.47619047619047616,1.0,0.5416666666666666,0.5416666666666666,1.0,0.4444444444444444
7467,discriminative-attribute-state,yes,0,0.8181818181818182,0.6727272727272727,0.09090909090909091,0.8181818181818182,0.6,0.4,0.0,1.0,0.4805194805194805,0.6,0.475,0.6,0.875,0.5333333333333333
7469,discriminative-attribute-number,yes,1,0.0,1.0,0.6363636363636364,0.4909090909090909,0.0,1.0,1.0,1.0,0.5454545454545454,1.0,0.5416666666666666,0.475,0.6,0.4444444444444444
7471,discriminative-attribute-action,yes,1,0.36363636363636365,0.4909090909090909,1.0,1.0,0.0,1.0,0.8,0.6,0.5454545454545454,0.6,0.4666666666666667,0.5416666666666666,0.875,0.4666666666666667
7473,discriminative-attribute-number,yes,1,0.0,1.0,0.7272727272727273,0.5636363636363636,0.0,1.0,1.0,1.0,0.5151515151515151,1.0,0.5416666666666666,0.4666666666666667,0.675,0.4444444444444444
7475,discriminative-attribute-number,yes,0,1.0,1.0,1.0,1.0,0.6,0.4,0.4,0.4,1.0,0.7666666666666667,0.675,0.7666666666666667,0.675,0.4444444444444444
7477,discriminative-attribute-number,yes,0,1.0,1.0,0.09090909090909091,0.8181818181818182,1.0,1.0,0.2,0.6,0.4805194805194805,1.0,0.6,0.5,0.7666666666666667,0.4666666666666667
7479,discriminative-attribute-state,yes,0,1.0,1.0,0.0,1.0,1.0,1.0,0.0,1.0,0.47619047619047616,1.0,0.5416666666666666,0.5416666666666666,1.0,0.4444444444444444
7481,discriminative-attribute-state,yes,0,0.8181818181818182,0.6727272727272727,0.0,1.0,1.0,1.0,0.0,1.0,0.4935064935064935,0.7666666666666667,0.475,0.5416666666666666,1.0,0.4444444444444444
7483,discriminative-attribute-state,yes,1,0.45454545454545453,0.45454545454545453,1.0,1.0,0.0,1.0,1.0,1.0,0.5844155844155844,0.5416666666666666,0.5,0.5416666666666666,1.0,0.4444444444444444
7485,discriminative-attribute-number,yes,0,1.0,1.0,0.09090909090909091,0.8181818181818182,1.0,1.0,0.4,0.4,0.4805194805194805,1.0,0.675,0.5,0.675,0.5333333333333333
7489,discriminative-attribute-state,yes,0,1.0,1.0,0.0,1.0,1.0,1.0,0.0,1.0,0.47619047619047616,1.0,0.5416666666666666,0.5416666666666666,1.0,0.4444444444444444
7491,discriminative-attribute-state,yes,0,1.0,1.0,0.09090909090909091,0.8181818181818182,1.0,1.0,0.0,1.0,0.4805194805194805,1.0,0.5416666666666666,0.5,0.875,0.4444444444444444
7493,discriminative-attribute-state,yes,0,1.0,1.0,0.0,1.0,1.0,1.0,0.2,0.6,0.47619047619047616,1.0,0.6,0.5416666666666666,0.875,0.4666666666666667
7495,discriminative-attribute-number,yes,0,1.0,1.0,0.09090909090909091,0.8181818181818182,0.8,0.6,0.0,1.0,0.4805194805194805,0.875,0.5416666666666666,0.5416666666666666,0.875,0.4666666666666667
7497,discriminative-attribute-number,yes,0,1.0,1.0,0.36363636363636365,0.4909090909090909,1.0,1.0,0.2,0.6,0.5454545454545454,1.0,0.6,0.475,0.5416666666666666,0.4666666666666667
7499,discriminative-attribute-number,yes,0,1.0,1.0,0.0,1.0,1.0,1.0,0.0,1.0,0.47619047619047616,1.0,0.5416666666666666,0.5416666666666666,1.0,0.4444444444444444
7501,discriminative-attribute-state,yes,0,1.0,1.0,0.0,1.0,1.0,1.0,0.0,1.0,0.47619047619047616,1.0,0.5416666666666666,0.5416666666666666,1.0,0.4444444444444444
7503,discriminative-attribute-state,yes,0,1.0,1.0,0.0,1.0,1.0,1.0,0.0,1.0,0.47619047619047616,1.0,0.5416666666666666,0.5416666666666666,1.0,0.4444444444444444
7505,discriminative-attribute-state,yes,1,0.09090909090909091,0.8181818181818182,0.9090909090909091,0.8181818181818182,0.0,1.0,1.0,1.0,0.47619047619047616,0.875,0.5,0.5,0.875,0.4444444444444444
7507,discriminative-attribute-number,yes,0,1.0,1.0,0.0,1.0,1.0,1.0,0.2,0.6,0.47619047619047616,1.0,0.6,0.5416666666666666,0.875,0.4666666666666667
7509,discriminative-attribute-state,yes,0,1.0,1.0,0.0,1.0,1.0,1.0,0.0,1.0,0.47619047619047616,1.0,0.5416666666666666,0.5416666666666666,1.0,0.4444444444444444
7511,discriminative-attribute-state,yes,0,1.0,1.0,0.0,1.0,1.0,1.0,0.0,1.0,0.47619047619047616,1.0,0.5416666666666666,0.5416666666666666,1.0,0.4444444444444444
7515,discriminative-attribute-number,yes,0,1.0,1.0,0.0,1.0,1.0,1.0,0.0,1.0,0.47619047619047616,1.0,0.5416666666666666,0.5416666666666666,1.0,0.4444444444444444
7517,discriminative-attribute-state,yes,0,1.0,1.0,0.0,1.0,1.0,1.0,0.0,1.0,0.47619047619047616,1.0,0.5416666666666666,0.5416666666666666,1.0,0.4444444444444444
7519,discriminative-attribute-state,yes,1,1.0,1.0,1.0,1.0,0.2,0.6,1.0,1.0,1.0,0.6,1.0,0.6,1.0,0.4666666666666667
7521,discriminative-attribute-state,yes,1,0.0,1.0,1.0,1.0,0.0,1.0,1.0,1.0,0.47619047619047616,1.0,0.5416666666666666,0.5416666666666666,1.0,0.4444444444444444
7523,discriminative-attribute-state,yes,0,0.9090909090909091,0.8181818181818182,0.09090909090909091,0.8181818181818182,1.0,1.0,0.0,1.0,0.47619047619047616,0.875,0.5,0.5,0.875,0.4444444444444444
7525,discriminative-attribute-action,yes,0,1.0,1.0,1.0,1.0,1.0,1.0,0.6,0.4,1.0,1.0,0.7666666666666667,1.0,0.7666666666666667,0.6444444444444445
7527,discriminative-attribute-number,yes,0,0.7272727272727273,0.5636363636363636,1.0,1.0,0.6,0.4,1.0,1.0,0.7532467532467533,0.5416666666666666,0.675,0.7666666666666667,1.0,0.6444444444444445
7529,discriminative-attribute-state,yes,0,1.0,1.0,1.0,1.0,1.0,1.0,1.0,1.0,1.0,1.0,1.0,1.0,1.0,1.0
7531,discriminative-attribute-state,yes,0,1.0,1.0,0.0,1.0,1.0,1.0,0.0,1.0,0.47619047619047616,1.0,0.5416666666666666,0.5416666666666666,1.0,0.4444444444444444
7533,discriminative-attribute-state,yes,1,1.0,1.0,1.0,1.0,0.2,0.6,1.0,1.0,1.0,0.6,1.0,0.6,1.0,0.4666666666666667
7535,discriminative-attribute-state,yes,0,1.0,1.0,0.0,1.0,1.0,1.0,0.0,1.0,0.47619047619047616,1.0,0.5416666666666666,0.5416666666666666,1.0,0.4444444444444444
7537,discriminative-attribute-number,yes,0,1.0,1.0,0.8181818181818182,0.6727272727272727,1.0,1.0,0.6,0.4,0.8268398268398268,1.0,0.7666666666666667,0.7666666666666667,0.6,0.6444444444444445
7539,discriminative-attribute-action,yes,0,1.0,1.0,1.0,1.0,1.0,1.0,0.4,0.4,1.0,1.0,0.675,1.0,0.675,0.5333333333333333
7541,discriminative-attribute-state,yes,0,1.0,1.0,0.09090909090909091,0.8181818181818182,1.0,1.0,0.0,1.0,0.4805194805194805,1.0,0.5416666666666666,0.5,0.875,0.4444444444444444
7543,discriminative-attribute-state,yes,1,0.18181818181818182,0.6727272727272727,1.0,1.0,0.0,1.0,1.0,1.0,0.4935064935064935,0.7666666666666667,0.475,0.5416666666666666,1.0,0.4444444444444444
7545,discriminative-attribute-number,yes,0,0.9090909090909091,0.8181818181818182,1.0,1.0,1.0,1.0,0.4,0.4,0.9090909090909091,0.875,0.6,1.0,0.675,0.5333333333333333
7547,discriminative-attribute-number,yes,1,0.0,1.0,0.0,1.0,0.0,1.0,0.6,0.4,1.0,1.0,0.675,1.0,0.675,0.5333333333333333
7549,discriminative-attribute-state,yes,0,1.0,1.0,0.09090909090909091,0.8181818181818182,1.0,1.0,0.0,1.0,0.4805194805194805,1.0,0.5416666666666666,0.5,0.875,0.4444444444444444
7551,discriminative-attribute-state,yes,0,0.9090909090909091,0.8181818181818182,0.0,1.0,1.0,1.0,0.0,1.0,0.4805194805194805,0.875,0.5,0.5416666666666666,1.0,0.4444444444444444
7553,discriminative-attribute-state,yes,1,0.8181818181818182,0.6727272727272727,1.0,1.0,0.0,1.0,1.0,1.0,0.8268398268398268,0.475,0.7666666666666667,0.5416666666666666,1.0,0.4444444444444444
7555,discriminative-attribute-state,yes,0,0.9090909090909091,0.8181818181818182,1.0,1.0,1.0,1.0,0.6,0.4,0.9090909090909091,0.875,0.675,1.0,0.7666666666666667,0.6444444444444445
7557,discriminative-attribute-state,yes,0,1.0,1.0,0.0,1.0,1.0,1.0,0.0,1.0,0.47619047619047616,1.0,0.5416666666666666,0.5416666666666666,1.0,0.4444444444444444
7559,discriminative-attribute-number,yes,0,1.0,1.0,0.09090909090909091,0.8181818181818182,1.0,1.0,0.6,0.4,0.4805194805194805,1.0,0.7666666666666667,0.5,0.6,0.6444444444444445
7561,discriminative-attribute-state,yes,1,0.09090909090909091,0.8181818181818182,1.0,1.0,0.0,1.0,1.0,1.0,0.4805194805194805,0.875,0.5,0.5416666666666666,1.0,0.4444444444444444
7563,discriminative-attribute-state,yes,0,1.0,1.0,0.0,1.0,1.0,1.0,0.0,1.0,0.47619047619047616,1.0,0.5416666666666666,0.5416666666666666,1.0,0.4444444444444444
7565,discriminative-attribute-state,yes,0,0.7272727272727273,0.5636363636363636,0.09090909090909091,0.8181818181818182,1.0,1.0,0.0,1.0,0.4935064935064935,0.675,0.4666666666666667,0.5,0.875,0.4444444444444444
7567,discriminative-attribute-state,yes,1,0.45454545454545453,0.45454545454545453,1.0,1.0,0.0,1.0,1.0,1.0,0.5844155844155844,0.5416666666666666,0.5,0.5416666666666666,1.0,0.4444444444444444
7569,discriminative-attribute-state,yes,0,1.0,1.0,0.0,1.0,1.0,1.0,0.0,1.0,0.47619047619047616,1.0,0.5416666666666666,0.5416666666666666,1.0,0.4444444444444444
7571,discriminative-attribute-action,yes,0,1.0,1.0,0.45454545454545453,0.45454545454545453,1.0,1.0,0.0,1.0,0.5844155844155844,1.0,0.5416666666666666,0.5,0.5416666666666666,0.4444444444444444
7573,discriminative-attribute-number,yes,0,1.0,1.0,0.36363636363636365,0.4909090909090909,1.0,1.0,0.4,0.4,0.5454545454545454,1.0,0.675,0.475,0.5,0.5333333333333333
7575,discriminative-attribute-action,yes,0,1.0,1.0,1.0,1.0,1.0,1.0,0.4,0.4,1.0,1.0,0.675,1.0,0.675,0.5333333333333333
7577,discriminative-attribute-state,yes,0,1.0,1.0,0.18181818181818182,0.6727272727272727,1.0,1.0,0.0,1.0,0.4935064935064935,1.0,0.5416666666666666,0.475,0.7666666666666667,0.4444444444444444
7579,discriminative-attribute-number,yes,0,1.0,1.0,1.0,1.0,1.0,1.0,0.8,0.6,1.0,1.0,0.875,1.0,0.875,0.8
7581,discriminative-attribute-state,yes,0,0.8181818181818182,0.6727272727272727,1.0,1.0,1.0,1.0,0.2,0.6,0.8268398268398268,0.7666666666666667,0.5,1.0,0.6,0.4666666666666667
7583,discriminative-attribute-state,yes,1,0.36363636363636365,0.4909090909090909,1.0,1.0,0.0,1.0,1.0,1.0,0.5454545454545454,0.6,0.475,0.5416666666666666,1.0,0.4444444444444444
7585,discriminative-attribute-state,yes,0,1.0,1.0,0.0,1.0,1.0,1.0,0.0,1.0,0.47619047619047616,1.0,0.5416666666666666,0.5416666666666666,1.0,0.4444444444444444
7587,discriminative-attribute-state,yes,0,0.9090909090909091,0.8181818181818182,0.09090909090909091,0.8181818181818182,1.0,1.0,0.0,1.0,0.47619047619047616,0.875,0.5,0.5,0.875,0.4444444444444444
7589,discriminative-attribute-state,yes,0,0.9090909090909091,0.8181818181818182,0.09090909090909091,0.8181818181818182,1.0,1.0,0.0,1.0,0.47619047619047616,0.875,0.5,0.5,0.875,0.4444444444444444
7591,discriminative-attribute-number,yes,0,1.0,1.0,1.0,1.0,1.0,1.0,0.6,0.4,1.0,1.0,0.7666666666666667,1.0,0.7666666666666667,0.6444444444444445
7593,discriminative-attribute-state,yes,1,1.0,1.0,1.0,1.0,0.6,0.4,1.0,1.0,1.0,0.7666666666666667,1.0,0.7666666666666667,1.0,0.6444444444444445
7595,discriminative-attribute-state,yes,0,1.0,1.0,0.09090909090909091,0.8181818181818182,1.0,1.0,0.2,0.6,0.4805194805194805,1.0,0.6,0.5,0.7666666666666667,0.4666666666666667
7597,discriminative-attribute-state,yes,0,1.0,1.0,0.2727272727272727,0.5636363636363636,1.0,1.0,0.6,0.4,0.5151515151515151,1.0,0.7666666666666667,0.4666666666666667,0.5,0.6444444444444445
7599,discriminative-attribute-state,yes,0,1.0,1.0,0.09090909090909091,0.8181818181818182,1.0,1.0,0.2,0.6,0.4805194805194805,1.0,0.6,0.5,0.7666666666666667,0.4666666666666667
7601,discriminative-attribute-state,yes,0,1.0,1.0,0.0,1.0,1.0,1.0,0.2,0.6,0.47619047619047616,1.0,0.6,0.5416666666666666,0.875,0.4666666666666667
7603,discriminative-attribute-state,yes,0,1.0,1.0,0.0,1.0,1.0,1.0,0.0,1.0,0.47619047619047616,1.0,0.5416666666666666,0.5416666666666666,1.0,0.4444444444444444
7605,discriminative-attribute-state,yes,1,0.09090909090909091,0.8181818181818182,1.0,1.0,0.0,1.0,1.0,1.0,0.4805194805194805,0.875,0.5,0.5416666666666666,1.0,0.4444444444444444
7607,discriminative-attribute-state,yes,1,0.0,1.0,1.0,1.0,0.0,1.0,1.0,1.0,0.47619047619047616,1.0,0.5416666666666666,0.5416666666666666,1.0,0.4444444444444444
7609,discriminative-attribute-number,yes,1,0.09090909090909091,0.8181818181818182,0.9090909090909091,0.8181818181818182,0.0,1.0,1.0,1.0,0.47619047619047616,0.875,0.5,0.5,0.875,0.4444444444444444
7611,discriminative-attribute-state,yes,0,1.0,1.0,0.0,1.0,1.0,1.0,0.0,1.0,0.47619047619047616,1.0,0.5416666666666666,0.5416666666666666,1.0,0.4444444444444444
7613,discriminative-attribute-state,yes,0,1.0,1.0,0.0,1.0,1.0,1.0,0.0,1.0,0.47619047619047616,1.0,0.5416666666666666,0.5416666666666666,1.0,0.4444444444444444
7615,discriminative-attribute-state,yes,1,0.0,1.0,1.0,1.0,0.0,1.0,1.0,1.0,0.47619047619047616,1.0,0.5416666666666666,0.5416666666666666,1.0,0.4444444444444444
7617,discriminative-attribute-state,yes,1,0.0,1.0,1.0,1.0,0.0,1.0,1.0,1.0,0.47619047619047616,1.0,0.5416666666666666,0.5416666666666666,1.0,0.4444444444444444
7619,discriminative-attribute-state,yes,0,1.0,1.0,0.0,1.0,1.0,1.0,0.0,1.0,0.47619047619047616,1.0,0.5416666666666666,0.5416666666666666,1.0,0.4444444444444444
7621,discriminative-attribute-number,yes,0,1.0,1.0,0.0,1.0,1.0,1.0,0.0,1.0,0.47619047619047616,1.0,0.5416666666666666,0.5416666666666666,1.0,0.4444444444444444
7623,discriminative-attribute-state,yes,0,1.0,1.0,0.0,1.0,1.0,1.0,0.2,0.6,0.47619047619047616,1.0,0.6,0.5416666666666666,0.875,0.4666666666666667
7625,discriminative-attribute-state,yes,0,1.0,1.0,0.0,1.0,1.0,1.0,0.0,1.0,0.47619047619047616,1.0,0.5416666666666666,0.5416666666666666,1.0,0.4444444444444444
7627,discriminative-attribute-number,yes,0,1.0,1.0,0.09090909090909091,0.8181818181818182,1.0,1.0,0.0,1.0,0.4805194805194805,1.0,0.5416666666666666,0.5,0.875,0.4444444444444444
7629,discriminative-attribute-state,yes,1,0.0,1.0,1.0,1.0,0.0,1.0,1.0,1.0,0.47619047619047616,1.0,0.5416666666666666,0.5416666666666666,1.0,0.4444444444444444
7631,discriminative-attribute-state,yes,1,0.5454545454545454,0.45454545454545453,1.0,1.0,0.2,0.6,1.0,1.0,0.6320346320346321,0.475,0.5416666666666666,0.6,1.0,0.4666666666666667
7633,discriminative-attribute-number,yes,0,1.0,1.0,1.0,1.0,1.0,1.0,0.6,0.4,1.0,1.0,0.7666666666666667,1.0,0.7666666666666667,0.6444444444444445
7635,discriminative-attribute-number,yes,0,1.0,1.0,0.0,1.0,1.0,1.0,0.8,0.6,0.47619047619047616,1.0,0.875,0.5416666666666666,0.6,0.8
7637,discriminative-attribute-state,yes,0,1.0,1.0,0.0,1.0,1.0,1.0,0.0,1.0,0.47619047619047616,1.0,0.5416666666666666,0.5416666666666666,1.0,0.4444444444444444
7639,discriminative-attribute-state,yes,1,0.45454545454545453,0.45454545454545453,1.0,1.0,0.0,1.0,1.0,1.0,0.5844155844155844,0.5416666666666666,0.5,0.5416666666666666,1.0,0.4444444444444444
7641,discriminative-attribute-action,yes,0,1.0,1.0,0.0,1.0,1.0,1.0,0.0,1.0,0.47619047619047616,1.0,0.5416666666666666,0.5416666666666666,1.0,0.4444444444444444
7643,discriminative-attribute-state,yes,1,0.0,1.0,1.0,1.0,0.0,1.0,1.0,1.0,0.47619047619047616,1.0,0.5416666666666666,0.5416666666666666,1.0,0.4444444444444444
7645,discriminative-attribute-number,yes,0,1.0,1.0,0.36363636363636365,0.4909090909090909,1.0,1.0,0.6,0.4,0.5454545454545454,1.0,0.7666666666666667,0.475,0.475,0.6444444444444445
7647,discriminative-attribute-state,yes,1,0.7272727272727273,0.5636363636363636,0.0,1.0,0.2,0.6,0.4,0.4,0.5151515151515151,0.475,0.5,0.875,0.7666666666666667,0.5333333333333333
7649,discriminative-attribute-state,yes,0,1.0,1.0,0.0,1.0,1.0,1.0,0.2,0.6,0.47619047619047616,1.0,0.6,0.5416666666666666,0.875,0.4666666666666667
7651,discriminative-attribute-state,yes,0,1.0,1.0,0.0,1.0,0.8,0.6,0.0,1.0,0.47619047619047616,0.875,0.5416666666666666,0.6,1.0,0.4666666666666667
7653,discriminative-attribute-number,yes,0,1.0,1.0,1.0,1.0,1.0,1.0,0.8,0.6,1.0,1.0,0.875,1.0,0.875,0.8
7655,discriminative-attribute-state,yes,0,1.0,1.0,0.09090909090909091,0.8181818181818182,1.0,1.0,0.0,1.0,0.4805194805194805,1.0,0.5416666666666666,0.5,0.875,0.4444444444444444
7657,discriminative-attribute-state,yes,1,0.7272727272727273,0.5636363636363636,1.0,1.0,0.8,0.6,1.0,1.0,0.7532467532467533,0.6,0.675,0.875,1.0,0.8
7659,discriminative-attribute-state,yes,0,1.0,1.0,0.0,1.0,1.0,1.0,0.4,0.4,0.47619047619047616,1.0,0.675,0.5416666666666666,0.7666666666666667,0.5333333333333333
7661,discriminative-attribute-number,yes,1,0.6363636363636364,0.4909090909090909,0.0,1.0,0.6,0.4,0.0,1.0,0.5454545454545454,0.5,0.475,0.675,1.0,0.5333333333333333
7663,discriminative-attribute-state,yes,0,1.0,1.0,0.18181818181818182,0.6727272727272727,1.0,1.0,0.0,1.0,0.4935064935064935,1.0,0.5416666666666666,0.475,0.7666666666666667,0.4444444444444444
7665,discriminative-attribute-number,yes,0,1.0,1.0,1.0,1.0,1.0,1.0,0.6,0.4,1.0,1.0,0.7666666666666667,1.0,0.7666666666666667,0.6444444444444445
7667,discriminative-attribute-state,yes,0,1.0,1.0,0.0,1.0,1.0,1.0,0.0,1.0,0.47619047619047616,1.0,0.5416666666666666,0.5416666666666666,1.0,0.4444444444444444
7669,discriminative-attribute-state,yes,0,1.0,1.0,0.0,1.0,1.0,1.0,0.0,1.0,0.47619047619047616,1.0,0.5416666666666666,0.5416666666666666,1.0,0.4444444444444444
7671,discriminative-attribute-state,yes,0,1.0,1.0,0.2727272727272727,0.5636363636363636,1.0,1.0,0.0,1.0,0.5151515151515151,1.0,0.5416666666666666,0.4666666666666667,0.675,0.4444444444444444
7673,discriminative-attribute-number,yes,0,1.0,1.0,0.0,1.0,1.0,1.0,0.0,1.0,0.47619047619047616,1.0,0.5416666666666666,0.5416666666666666,1.0,0.4444444444444444
7675,discriminative-attribute-action,yes,0,1.0,1.0,0.45454545454545453,0.45454545454545453,1.0,1.0,0.2,0.6,0.5844155844155844,1.0,0.6,0.5,0.5,0.4666666666666667
7677,discriminative-attribute-number,yes,0,1.0,1.0,0.09090909090909091,0.8181818181818182,1.0,1.0,0.0,1.0,0.4805194805194805,1.0,0.5416666666666666,0.5,0.875,0.4444444444444444
7679,discriminative-attribute-state,yes,0,1.0,1.0,0.0,1.0,1.0,1.0,0.0,1.0,0.47619047619047616,1.0,0.5416666666666666,0.5416666666666666,1.0,0.4444444444444444
7681,discriminative-attribute-state,yes,0,1.0,1.0,0.09090909090909091,0.8181818181818182,1.0,1.0,0.0,1.0,0.4805194805194805,1.0,0.5416666666666666,0.5,0.875,0.4444444444444444
7683,discriminative-attribute-number,yes,1,0.0,1.0,0.2727272727272727,0.5636363636363636,0.0,1.0,0.6,0.4,0.7532467532467533,1.0,0.675,0.675,0.5,0.5333333333333333
7685,discriminative-attribute-state,yes,0,1.0,1.0,0.0,1.0,1.0,1.0,0.0,1.0,0.47619047619047616,1.0,0.5416666666666666,0.5416666666666666,1.0,0.4444444444444444
7687,discriminative-attribute-state,yes,0,1.0,1.0,0.09090909090909091,0.8181818181818182,1.0,1.0,0.2,0.6,0.4805194805194805,1.0,0.6,0.5,0.7666666666666667,0.4666666666666667
7689,discriminative-attribute-state,yes,0,1.0,1.0,0.0,1.0,1.0,1.0,0.0,1.0,0.47619047619047616,1.0,0.5416666666666666,0.5416666666666666,1.0,0.4444444444444444
7691,discriminative-attribute-state,yes,0,0.9090909090909091,0.8181818181818182,0.0,1.0,1.0,1.0,0.0,1.0,0.4805194805194805,0.875,0.5,0.5416666666666666,1.0,0.4444444444444444
7693,discriminative-attribute-number,yes,0,1.0,1.0,0.09090909090909091,0.8181818181818182,1.0,1.0,0.0,1.0,0.4805194805194805,1.0,0.5416666666666666,0.5,0.875,0.4444444444444444
7695,discriminative-attribute-state,yes,1,0.0,1.0,1.0,1.0,0.0,1.0,1.0,1.0,0.47619047619047616,1.0,0.5416666666666666,0.5416666666666666,1.0,0.4444444444444444
7697,discriminative-attribute-state,yes,1,0.09090909090909091,0.8181818181818182,1.0,1.0,0.0,1.0,1.0,1.0,0.4805194805194805,0.875,0.5,0.5416666666666666,1.0,0.4444444444444444
7699,discriminative-attribute-number,yes,0,1.0,1.0,0.0,1.0,1.0,1.0,0.2,0.6,0.47619047619047616,1.0,0.6,0.5416666666666666,0.875,0.4666666666666667
7701,discriminative-attribute-state,yes,0,1.0,1.0,0.0,1.0,1.0,1.0,0.0,1.0,0.47619047619047616,1.0,0.5416666666666666,0.5416666666666666,1.0,0.4444444444444444
7703,discriminative-attribute-state,yes,1,0.18181818181818182,0.6727272727272727,1.0,1.0,0.0,1.0,1.0,1.0,0.4935064935064935,0.7666666666666667,0.475,0.5416666666666666,1.0,0.4444444444444444
7705,discriminative-attribute-state,yes,1,0.36363636363636365,0.4909090909090909,1.0,1.0,0.0,1.0,1.0,1.0,0.5454545454545454,0.6,0.475,0.5416666666666666,1.0,0.4444444444444444
7707,discriminative-attribute-state,yes,0,1.0,1.0,0.0,1.0,1.0,1.0,0.2,0.6,0.47619047619047616,1.0,0.6,0.5416666666666666,0.875,0.4666666666666667
7709,discriminative-attribute-state,yes,1,0.09090909090909091,0.8181818181818182,1.0,1.0,0.0,1.0,1.0,1.0,0.4805194805194805,0.875,0.5,0.5416666666666666,1.0,0.4444444444444444
7711,discriminative-attribute-state,yes,0,1.0,1.0,0.0,1.0,1.0,1.0,0.0,1.0,0.47619047619047616,1.0,0.5416666666666666,0.5416666666666666,1.0,0.4444444444444444
7713,discriminative-attribute-state,yes,0,0.36363636363636365,0.4909090909090909,1.0,1.0,1.0,1.0,0.6,0.4,0.5454545454545454,0.475,0.475,1.0,0.7666666666666667,0.6444444444444445
7715,discriminative-attribute-state,yes,0,1.0,1.0,0.0,1.0,0.8,0.6,0.0,1.0,0.47619047619047616,0.875,0.5416666666666666,0.6,1.0,0.4666666666666667
7717,discriminative-attribute-action,yes,0,1.0,1.0,0.0,1.0,1.0,1.0,0.2,0.6,0.47619047619047616,1.0,0.6,0.5416666666666666,0.875,0.4666666666666667
7719,discriminative-attribute-number,yes,0,1.0,1.0,0.0,1.0,1.0,1.0,0.4,0.4,0.47619047619047616,1.0,0.675,0.5416666666666666,0.7666666666666667,0.5333333333333333
7721,discriminative-attribute-number,yes,0,1.0,1.0,0.0,1.0,1.0,1.0,0.4,0.4,0.47619047619047616,1.0,0.675,0.5416666666666666,0.7666666666666667,0.5333333333333333
7723,discriminative-attribute-state,yes,0,1.0,1.0,0.2727272727272727,0.5636363636363636,1.0,1.0,0.0,1.0,0.5151515151515151,1.0,0.5416666666666666,0.4666666666666667,0.675,0.4444444444444444
7725,discriminative-attribute-state,yes,0,0.9090909090909091,0.8181818181818182,0.0,1.0,1.0,1.0,0.0,1.0,0.4805194805194805,0.875,0.5,0.5416666666666666,1.0,0.4444444444444444
7727,discriminative-attribute-action,yes,1,0.0,1.0,1.0,1.0,0.0,1.0,1.0,1.0,0.47619047619047616,1.0,0.5416666666666666,0.5416666666666666,1.0,0.4444444444444444
7729,discriminative-attribute-state,yes,0,1.0,1.0,0.0,1.0,1.0,1.0,0.0,1.0,0.47619047619047616,1.0,0.5416666666666666,0.5416666666666666,1.0,0.4444444444444444
7731,discriminative-attribute-state,yes,0,1.0,1.0,0.0,1.0,1.0,1.0,0.0,1.0,0.47619047619047616,1.0,0.5416666666666666,0.5416666666666666,1.0,0.4444444444444444
7733,discriminative-attribute-action,yes,0,1.0,1.0,1.0,1.0,1.0,1.0,0.4,0.4,1.0,1.0,0.675,1.0,0.675,0.5333333333333333
7735,discriminative-attribute-state,yes,0,1.0,1.0,0.0,1.0,1.0,1.0,0.0,1.0,0.47619047619047616,1.0,0.5416666666666666,0.5416666666666666,1.0,0.4444444444444444
7737,discriminative-attribute-state,yes,0,1.0,1.0,0.09090909090909091,0.8181818181818182,1.0,1.0,0.0,1.0,0.4805194805194805,1.0,0.5416666666666666,0.5,0.875,0.4444444444444444
7739,discriminative-attribute-number,yes,0,1.0,1.0,1.0,1.0,0.8,0.6,0.6,0.4,1.0,0.875,0.7666666666666667,0.875,0.7666666666666667,0.5333333333333333
7741,discriminative-attribute-number,yes,0,1.0,1.0,0.09090909090909091,0.8181818181818182,1.0,1.0,0.0,1.0,0.4805194805194805,1.0,0.5416666666666666,0.5,0.875,0.4444444444444444
7743,discriminative-attribute-state,yes,0,1.0,1.0,1.0,1.0,1.0,1.0,0.8,0.6,1.0,1.0,0.875,1.0,0.875,0.8
7745,discriminative-attribute-state,yes,1,0.9090909090909091,0.8181818181818182,1.0,1.0,0.2,0.6,1.0,1.0,0.9090909090909091,0.5416666666666666,0.875,0.6,1.0,0.4666666666666667
7747,discriminative-attribute-state,yes,0,1.0,1.0,0.09090909090909091,0.8181818181818182,1.0,1.0,0.0,1.0,0.4805194805194805,1.0,0.5416666666666666,0.5,0.875,0.4444444444444444
7749,discriminative-attribute-action,yes,0,1.0,1.0,0.18181818181818182,0.6727272727272727,1.0,1.0,0.2,0.6,0.4935064935064935,1.0,0.6,0.475,0.675,0.4666666666666667
7751,discriminative-attribute-number,yes,0,1.0,1.0,0.36363636363636365,0.4909090909090909,1.0,1.0,0.6,0.4,0.5454545454545454,1.0,0.7666666666666667,0.475,0.475,0.6444444444444445
7753,discriminative-attribute-state,yes,0,1.0,1.0,0.0,1.0,1.0,1.0,0.0,1.0,0.47619047619047616,1.0,0.5416666666666666,0.5416666666666666,1.0,0.4444444444444444
7755,discriminative-attribute-state,yes,0,1.0,1.0,0.0,1.0,1.0,1.0,0.0,1.0,0.47619047619047616,1.0,0.5416666666666666,0.5416666666666666,1.0,0.4444444444444444
7757,discriminative-attribute-state,yes,1,0.0,1.0,0.9090909090909091,0.8181818181818182,0.4,0.4,0.8,0.6,0.4805194805194805,0.7666666666666667,0.6,0.6,0.7666666666666667,0.4666666666666667
7759,discriminative-attribute-state,yes,0,1.0,1.0,0.0,1.0,1.0,1.0,0.0,1.0,0.47619047619047616,1.0,0.5416666666666666,0.5416666666666666,1.0,0.4444444444444444
7761,discriminative-attribute-state,yes,1,0.09090909090909091,0.8181818181818182,1.0,1.0,0.4,0.4,1.0,1.0,0.4805194805194805,0.675,0.5,0.675,1.0,0.5333333333333333
7763,discriminative-attribute-state,yes,1,0.0,1.0,1.0,1.0,0.0,1.0,1.0,1.0,0.47619047619047616,1.0,0.5416666666666666,0.5416666666666666,1.0,0.4444444444444444
7765,discriminative-attribute-state,yes,0,1.0,1.0,0.0,1.0,1.0,1.0,0.0,1.0,0.47619047619047616,1.0,0.5416666666666666,0.5416666666666666,1.0,0.4444444444444444
7767,discriminative-attribute-state,yes,0,1.0,1.0,0.0,1.0,1.0,1.0,0.0,1.0,0.47619047619047616,1.0,0.5416666666666666,0.5416666666666666,1.0,0.4444444444444444
7769,discriminative-attribute-number,yes,0,1.0,1.0,0.0,1.0,1.0,1.0,0.4,0.4,0.47619047619047616,1.0,0.675,0.5416666666666666,0.7666666666666667,0.5333333333333333
7771,discriminative-attribute-number,yes,0,1.0,1.0,0.18181818181818182,0.6727272727272727,1.0,1.0,0.4,0.4,0.4935064935064935,1.0,0.675,0.475,0.6,0.5333333333333333
7773,discriminative-attribute-state,yes,0,0.9090909090909091,0.8181818181818182,0.36363636363636365,0.4909090909090909,1.0,1.0,0.0,1.0,0.5151515151515151,0.875,0.5,0.475,0.6,0.4444444444444444
7775,discriminative-attribute-state,yes,1,1.0,1.0,1.0,1.0,0.6,0.4,1.0,1.0,1.0,0.7666666666666667,1.0,0.7666666666666667,1.0,0.6444444444444445
7777,discriminative-attribute-state,yes,0,1.0,1.0,0.36363636363636365,0.4909090909090909,1.0,1.0,0.0,1.0,0.5454545454545454,1.0,0.5416666666666666,0.475,0.6,0.4444444444444444
7779,discriminative-attribute-state,yes,0,1.0,1.0,0.09090909090909091,0.8181818181818182,1.0,1.0,0.0,1.0,0.4805194805194805,1.0,0.5416666666666666,0.5,0.875,0.4444444444444444
7781,discriminative-attribute-state,yes,0,1.0,1.0,0.09090909090909091,0.8181818181818182,1.0,1.0,0.0,1.0,0.4805194805194805,1.0,0.5416666666666666,0.5,0.875,0.4444444444444444
7783,discriminative-attribute-state,yes,0,1.0,1.0,0.09090909090909091,0.8181818181818182,1.0,1.0,0.0,1.0,0.4805194805194805,1.0,0.5416666666666666,0.5,0.875,0.4444444444444444
7785,discriminative-attribute-state,yes,0,0.9090909090909091,0.8181818181818182,0.0,1.0,1.0,1.0,0.0,1.0,0.4805194805194805,0.875,0.5,0.5416666666666666,1.0,0.4444444444444444
7787,discriminative-attribute-number,yes,0,1.0,1.0,0.09090909090909091,0.8181818181818182,1.0,1.0,0.0,1.0,0.4805194805194805,1.0,0.5416666666666666,0.5,0.875,0.4444444444444444
7791,discriminative-attribute-state,yes,0,1.0,1.0,0.09090909090909091,0.8181818181818182,1.0,1.0,0.0,1.0,0.4805194805194805,1.0,0.5416666666666666,0.5,0.875,0.4444444444444444
7793,discriminative-attribute-state,yes,1,0.2727272727272727,0.5636363636363636,1.0,1.0,0.0,1.0,1.0,1.0,0.5151515151515151,0.675,0.4666666666666667,0.5416666666666666,1.0,0.4444444444444444
7795,discriminative-attribute-state,yes,1,0.09090909090909091,0.8181818181818182,0.9090909090909091,0.8181818181818182,0.0,1.0,1.0,1.0,0.47619047619047616,0.875,0.5,0.5,0.875,0.4444444444444444
7797,discriminative-attribute-state,yes,1,0.09090909090909091,0.8181818181818182,0.5454545454545454,0.45454545454545453,0.0,1.0,1.0,1.0,0.5454545454545454,0.875,0.5,0.5,0.5416666666666666,0.4444444444444444
7799,discriminative-attribute-state,yes,0,1.0,1.0,0.0,1.0,1.0,1.0,0.0,1.0,0.47619047619047616,1.0,0.5416666666666666,0.5416666666666666,1.0,0.4444444444444444
7801,discriminative-attribute-state,yes,0,1.0,1.0,0.0,1.0,1.0,1.0,0.0,1.0,0.47619047619047616,1.0,0.5416666666666666,0.5416666666666666,1.0,0.4444444444444444
7803,discriminative-attribute-number,yes,1,0.0,1.0,1.0,1.0,0.0,1.0,1.0,1.0,0.47619047619047616,1.0,0.5416666666666666,0.5416666666666666,1.0,0.4444444444444444
7805,discriminative-attribute-state,yes,1,0.09090909090909091,0.8181818181818182,1.0,1.0,0.0,1.0,1.0,1.0,0.4805194805194805,0.875,0.5,0.5416666666666666,1.0,0.4444444444444444
7807,discriminative-attribute-state,yes,1,0.0,1.0,0.5454545454545454,0.45454545454545453,0.0,1.0,1.0,1.0,0.5844155844155844,1.0,0.5416666666666666,0.5,0.5416666666666666,0.4444444444444444
7809,discriminative-attribute-state,yes,1,0.09090909090909091,0.8181818181818182,1.0,1.0,0.2,0.6,1.0,1.0,0.4805194805194805,0.7666666666666667,0.5,0.6,1.0,0.4666666666666667
7811,discriminative-attribute-number,yes,0,1.0,1.0,0.09090909090909091,0.8181818181818182,1.0,1.0,0.4,0.4,0.4805194805194805,1.0,0.675,0.5,0.675,0.5333333333333333
7813,discriminative-attribute-number,yes,0,1.0,1.0,0.45454545454545453,0.45454545454545453,0.8,0.6,0.2,0.6,0.5844155844155844,0.875,0.6,0.475,0.5,0.4444444444444444
7815,discriminative-attribute-state,yes,0,0.7272727272727273,0.5636363636363636,0.0,1.0,1.0,1.0,0.0,1.0,0.5151515151515151,0.675,0.4666666666666667,0.5416666666666666,1.0,0.4444444444444444
7817,discriminative-attribute-state,yes,0,1.0,1.0,0.5454545454545454,0.45454545454545453,1.0,1.0,0.0,1.0,0.6320346320346321,1.0,0.5416666666666666,0.5416666666666666,0.5,0.4444444444444444
7819,discriminative-attribute-state,yes,0,1.0,1.0,0.0,1.0,1.0,1.0,0.2,0.6,0.47619047619047616,1.0,0.6,0.5416666666666666,0.875,0.4666666666666667
7821,discriminative-attribute-state,yes,0,1.0,1.0,0.0,1.0,1.0,1.0,0.2,0.6,0.47619047619047616,1.0,0.6,0.5416666666666666,0.875,0.4666666666666667
7823,discriminative-attribute-state,yes,0,1.0,1.0,0.2727272727272727,0.5636363636363636,1.0,1.0,0.0,1.0,0.5151515151515151,1.0,0.5416666666666666,0.4666666666666667,0.675,0.4444444444444444
7825,discriminative-attribute-state,yes,1,1.0,1.0,1.0,1.0,0.2,0.6,1.0,1.0,1.0,0.6,1.0,0.6,1.0,0.4666666666666667
7827,discriminative-attribute-number,yes,0,1.0,1.0,1.0,1.0,1.0,1.0,0.6,0.4,1.0,1.0,0.7666666666666667,1.0,0.7666666666666667,0.6444444444444445
7829,discriminative-attribute-number,yes,0,0.7272727272727273,0.5636363636363636,1.0,1.0,1.0,1.0,0.8,0.6,0.7532467532467533,0.675,0.6,1.0,0.875,0.8
7831,discriminative-attribute-number,yes,1,0.8181818181818182,0.6727272727272727,0.0,1.0,0.4,0.4,0.2,0.6,0.4935064935064935,0.5416666666666666,0.5,0.7666666666666667,0.875,0.5333333333333333
7833,discriminative-attribute-state,yes,0,1.0,1.0,0.2727272727272727,0.5636363636363636,1.0,1.0,0.0,1.0,0.5151515151515151,1.0,0.5416666666666666,0.4666666666666667,0.675,0.4444444444444444
7835,discriminative-attribute-state,yes,0,1.0,1.0,0.09090909090909091,0.8181818181818182,1.0,1.0,0.2,0.6,0.4805194805194805,1.0,0.6,0.5,0.7666666666666667,0.4666666666666667
7837,discriminative-attribute-state,yes,1,1.0,1.0,0.9090909090909091,0.8181818181818182,0.6,0.4,1.0,1.0,0.9090909090909091,0.7666666666666667,1.0,0.675,0.875,0.6444444444444445
7839,discriminative-attribute-number,yes,0,0.7272727272727273,0.5636363636363636,1.0,1.0,0.8,0.6,0.8,0.6,0.7532467532467533,0.6,0.6,0.875,0.875,0.6444444444444445
7841,discriminative-attribute-number,yes,1,0.6363636363636364,0.4909090909090909,0.0,1.0,1.0,1.0,0.4,0.4,0.5454545454545454,0.6,0.475,0.5416666666666666,0.7666666666666667,0.5333333333333333
7843,discriminative-attribute-state,yes,0,1.0,1.0,0.0,1.0,1.0,1.0,0.0,1.0,0.47619047619047616,1.0,0.5416666666666666,0.5416666666666666,1.0,0.4444444444444444
7845,discriminative-attribute-state,yes,0,1.0,1.0,0.0,1.0,1.0,1.0,0.0,1.0,0.47619047619047616,1.0,0.5416666666666666,0.5416666666666666,1.0,0.4444444444444444
7847,discriminative-attribute-state,yes,0,1.0,1.0,0.09090909090909091,0.8181818181818182,1.0,1.0,0.0,1.0,0.4805194805194805,1.0,0.5416666666666666,0.5,0.875,0.4444444444444444
7849,discriminative-attribute-number,yes,0,1.0,1.0,0.09090909090909091,0.8181818181818182,1.0,1.0,0.6,0.4,0.4805194805194805,1.0,0.7666666666666667,0.5,0.6,0.6444444444444445
7851,discriminative-attribute-state,yes,0,1.0,1.0,0.2727272727272727,0.5636363636363636,1.0,1.0,0.0,1.0,0.5151515151515151,1.0,0.5416666666666666,0.4666666666666667,0.675,0.4444444444444444
7853,discriminative-attribute-action,yes,0,1.0,1.0,0.6363636363636364,0.4909090909090909,1.0,1.0,0.6,0.4,0.6883116883116883,1.0,0.7666666666666667,0.6,0.5,0.6444444444444445
7855,discriminative-attribute-number,yes,0,1.0,1.0,1.0,1.0,1.0,1.0,1.0,1.0,1.0,1.0,1.0,1.0,1.0,1.0
7857,discriminative-attribute-number,yes,0,1.0,1.0,1.0,1.0,1.0,1.0,0.6,0.4,1.0,1.0,0.7666666666666667,1.0,0.7666666666666667,0.6444444444444445
7859,discriminative-attribute-state,yes,0,1.0,1.0,0.0,1.0,1.0,1.0,0.0,1.0,0.47619047619047616,1.0,0.5416666666666666,0.5416666666666666,1.0,0.4444444444444444
7861,discriminative-attribute-number,yes,0,1.0,1.0,0.0,1.0,1.0,1.0,0.2,0.6,0.47619047619047616,1.0,0.6,0.5416666666666666,0.875,0.4666666666666667
7863,discriminative-attribute-state,yes,0,1.0,1.0,0.0,1.0,1.0,1.0,0.0,1.0,0.47619047619047616,1.0,0.5416666666666666,0.5416666666666666,1.0,0.4444444444444444
7865,discriminative-attribute-state,yes,1,0.09090909090909091,0.8181818181818182,1.0,1.0,0.0,1.0,1.0,1.0,0.4805194805194805,0.875,0.5,0.5416666666666666,1.0,0.4444444444444444
7867,discriminative-attribute-state,yes,0,1.0,1.0,0.0,1.0,1.0,1.0,0.0,1.0,0.47619047619047616,1.0,0.5416666666666666,0.5416666666666666,1.0,0.4444444444444444
7869,discriminative-attribute-number,yes,0,1.0,1.0,0.09090909090909091,0.8181818181818182,1.0,1.0,0.2,0.6,0.4805194805194805,1.0,0.6,0.5,0.7666666666666667,0.4666666666666667
7871,discriminative-attribute-state,yes,0,1.0,1.0,0.09090909090909091,0.8181818181818182,1.0,1.0,0.0,1.0,0.4805194805194805,1.0,0.5416666666666666,0.5,0.875,0.4444444444444444
7873,discriminative-attribute-state,yes,1,0.09090909090909091,0.8181818181818182,1.0,1.0,0.0,1.0,1.0,1.0,0.4805194805194805,0.875,0.5,0.5416666666666666,1.0,0.4444444444444444
7875,discriminative-attribute-number,yes,0,1.0,1.0,0.09090909090909091,0.8181818181818182,1.0,1.0,0.2,0.6,0.4805194805194805,1.0,0.6,0.5,0.7666666666666667,0.4666666666666667
7877,discriminative-attribute-state,yes,1,0.8181818181818182,0.6727272727272727,1.0,1.0,0.0,1.0,1.0,1.0,0.8268398268398268,0.475,0.7666666666666667,0.5416666666666666,1.0,0.4444444444444444
7879,discriminative-attribute-state,yes,1,1.0,1.0,1.0,1.0,0.2,0.6,1.0,1.0,1.0,0.6,1.0,0.6,1.0,0.4666666666666667
7881,discriminative-attribute-state,yes,0,1.0,1.0,0.0,1.0,1.0,1.0,0.6,0.4,0.47619047619047616,1.0,0.7666666666666667,0.5416666666666666,0.675,0.6444444444444445
7883,discriminative-attribute-state,yes,0,1.0,1.0,0.0,1.0,1.0,1.0,0.0,1.0,0.47619047619047616,1.0,0.5416666666666666,0.5416666666666666,1.0,0.4444444444444444
7885,discriminative-attribute-action,yes,0,1.0,1.0,0.0,1.0,1.0,1.0,0.0,1.0,0.47619047619047616,1.0,0.5416666666666666,0.5416666666666666,1.0,0.4444444444444444
7887,discriminative-attribute-number,yes,0,1.0,1.0,0.09090909090909091,0.8181818181818182,1.0,1.0,0.0,1.0,0.4805194805194805,1.0,0.5416666666666666,0.5,0.875,0.4444444444444444
7889,discriminative-attribute-state,yes,0,1.0,1.0,0.09090909090909091,0.8181818181818182,1.0,1.0,0.0,1.0,0.4805194805194805,1.0,0.5416666666666666,0.5,0.875,0.4444444444444444
7891,discriminative-attribute-number,yes,0,1.0,1.0,0.09090909090909091,0.8181818181818182,1.0,1.0,0.8,0.6,0.4805194805194805,1.0,0.875,0.5,0.5416666666666666,0.8
7893,discriminative-attribute-state,yes,1,0.7272727272727273,0.5636363636363636,0.9090909090909091,0.8181818181818182,0.2,0.6,1.0,1.0,0.6883116883116883,0.475,0.675,0.5416666666666666,0.875,0.4666666666666667
7895,discriminative-attribute-state,yes,1,1.0,1.0,1.0,1.0,0.6,0.4,1.0,1.0,1.0,0.7666666666666667,1.0,0.7666666666666667,1.0,0.6444444444444445
7897,discriminative-attribute-state,yes,0,1.0,1.0,0.18181818181818182,0.6727272727272727,1.0,1.0,0.0,1.0,0.4935064935064935,1.0,0.5416666666666666,0.475,0.7666666666666667,0.4444444444444444
7899,discriminative-attribute-state,yes,1,0.0,1.0,1.0,1.0,0.0,1.0,1.0,1.0,0.47619047619047616,1.0,0.5416666666666666,0.5416666666666666,1.0,0.4444444444444444
7901,discriminative-attribute-state,yes,0,0.8181818181818182,0.6727272727272727,0.09090909090909091,0.8181818181818182,1.0,1.0,0.0,1.0,0.4805194805194805,0.7666666666666667,0.475,0.5,0.875,0.4444444444444444
7903,discriminative-attribute-state,yes,0,1.0,1.0,0.0,1.0,1.0,1.0,0.0,1.0,0.47619047619047616,1.0,0.5416666666666666,0.5416666666666666,1.0,0.4444444444444444
7905,discriminative-attribute-state,yes,1,0.18181818181818182,0.6727272727272727,1.0,1.0,0.0,1.0,1.0,1.0,0.4935064935064935,0.7666666666666667,0.475,0.5416666666666666,1.0,0.4444444444444444
7907,discriminative-attribute-number,yes,1,0.0,1.0,1.0,1.0,0.0,1.0,1.0,1.0,0.47619047619047616,1.0,0.5416666666666666,0.5416666666666666,1.0,0.4444444444444444
7909,discriminative-attribute-state,yes,0,0.7272727272727273,0.5636363636363636,0.0,1.0,1.0,1.0,0.0,1.0,0.5151515151515151,0.675,0.4666666666666667,0.5416666666666666,1.0,0.4444444444444444
7911,discriminative-attribute-state,yes,0,1.0,1.0,0.18181818181818182,0.6727272727272727,1.0,1.0,0.0,1.0,0.4935064935064935,1.0,0.5416666666666666,0.475,0.7666666666666667,0.4444444444444444
7913,discriminative-attribute-number,yes,0,1.0,1.0,0.9090909090909091,0.8181818181818182,1.0,1.0,0.6,0.4,0.9090909090909091,1.0,0.7666666666666667,0.875,0.675,0.6444444444444445
7915,discriminative-attribute-number,yes,0,1.0,1.0,0.09090909090909091,0.8181818181818182,1.0,1.0,0.4,0.4,0.4805194805194805,1.0,0.675,0.5,0.675,0.5333333333333333
7917,discriminative-attribute-number,yes,0,1.0,1.0,1.0,1.0,1.0,1.0,0.6,0.4,1.0,1.0,0.7666666666666667,1.0,0.7666666666666667,0.6444444444444445
7919,discriminative-attribute-state,yes,1,0.18181818181818182,0.6727272727272727,1.0,1.0,0.0,1.0,1.0,1.0,0.4935064935064935,0.7666666666666667,0.475,0.5416666666666666,1.0,0.4444444444444444
7921,discriminative-attribute-state,yes,0,0.7272727272727273,0.5636363636363636,0.0,1.0,1.0,1.0,0.2,0.6,0.5151515151515151,0.675,0.475,0.5416666666666666,0.875,0.4666666666666667
7923,discriminative-attribute-state,yes,0,1.0,1.0,0.0,1.0,1.0,1.0,0.0,1.0,0.47619047619047616,1.0,0.5416666666666666,0.5416666666666666,1.0,0.4444444444444444
7925,discriminative-attribute-state,yes,0,1.0,1.0,0.0,1.0,1.0,1.0,0.0,1.0,0.47619047619047616,1.0,0.5416666666666666,0.5416666666666666,1.0,0.4444444444444444
7927,discriminative-attribute-number,yes,0,1.0,1.0,1.0,1.0,1.0,1.0,0.6,0.4,1.0,1.0,0.7666666666666667,1.0,0.7666666666666667,0.6444444444444445
7929,discriminative-attribute-state,yes,0,0.9090909090909091,0.8181818181818182,0.0,1.0,0.8,0.6,0.0,1.0,0.4805194805194805,0.7666666666666667,0.5,0.6,1.0,0.4666666666666667
7931,discriminative-attribute-state,yes,0,1.0,1.0,0.0,1.0,1.0,1.0,0.0,1.0,0.47619047619047616,1.0,0.5416666666666666,0.5416666666666666,1.0,0.4444444444444444
7933,discriminative-attribute-state,yes,0,1.0,1.0,1.0,1.0,1.0,1.0,0.6,0.4,1.0,1.0,0.7666666666666667,1.0,0.7666666666666667,0.6444444444444445
7935,discriminative-attribute-state,yes,0,1.0,1.0,0.0,1.0,1.0,1.0,0.2,0.6,0.47619047619047616,1.0,0.6,0.5416666666666666,0.875,0.4666666666666667
7937,discriminative-attribute-state,yes,0,1.0,1.0,0.0,1.0,0.8,0.6,0.0,1.0,0.47619047619047616,0.875,0.5416666666666666,0.6,1.0,0.4666666666666667
7939,discriminative-attribute-state,yes,0,1.0,1.0,0.18181818181818182,0.6727272727272727,1.0,1.0,0.0,1.0,0.4935064935064935,1.0,0.5416666666666666,0.475,0.7666666666666667,0.4444444444444444
7941,discriminative-attribute-number,yes,0,1.0,1.0,0.0,1.0,1.0,1.0,0.8,0.6,0.47619047619047616,1.0,0.875,0.5416666666666666,0.6,0.8
7943,discriminative-attribute-state,yes,0,1.0,1.0,0.0,1.0,1.0,1.0,0.0,1.0,0.47619047619047616,1.0,0.5416666666666666,0.5416666666666666,1.0,0.4444444444444444
7945,discriminative-attribute-state,yes,0,1.0,1.0,0.0,1.0,1.0,1.0,0.0,1.0,0.47619047619047616,1.0,0.5416666666666666,0.5416666666666666,1.0,0.4444444444444444
7947,discriminative-attribute-state,yes,1,0.5454545454545454,0.45454545454545453,1.0,1.0,0.2,0.6,1.0,1.0,0.6320346320346321,0.475,0.5416666666666666,0.6,1.0,0.4666666666666667
7949,discriminative-attribute-state,yes,1,0.0,1.0,1.0,1.0,0.0,1.0,1.0,1.0,0.47619047619047616,1.0,0.5416666666666666,0.5416666666666666,1.0,0.4444444444444444
7951,discriminative-attribute-state,yes,1,1.0,1.0,0.0,1.0,0.4,0.4,0.4,0.4,0.47619047619047616,0.675,0.675,0.7666666666666667,0.7666666666666667,0.4666666666666667
7953,discriminative-attribute-state,yes,0,1.0,1.0,0.0,1.0,1.0,1.0,0.0,1.0,0.47619047619047616,1.0,0.5416666666666666,0.5416666666666666,1.0,0.4444444444444444
7955,discriminative-attribute-state,yes,1,1.0,1.0,1.0,1.0,0.6,0.4,1.0,1.0,1.0,0.7666666666666667,1.0,0.7666666666666667,1.0,0.6444444444444445
7957,discriminative-attribute-state,yes,0,1.0,1.0,0.0,1.0,1.0,1.0,0.2,0.6,0.47619047619047616,1.0,0.6,0.5416666666666666,0.875,0.4666666666666667
7959,discriminative-attribute-state,yes,0,1.0,1.0,0.0,1.0,1.0,1.0,0.0,1.0,0.47619047619047616,1.0,0.5416666666666666,0.5416666666666666,1.0,0.4444444444444444
7961,discriminative-attribute-number,yes,0,1.0,1.0,0.18181818181818182,0.6727272727272727,1.0,1.0,0.2,0.6,0.4935064935064935,1.0,0.6,0.475,0.675,0.4666666666666667
7963,discriminative-attribute-state,yes,0,1.0,1.0,0.09090909090909091,0.8181818181818182,1.0,1.0,0.0,1.0,0.4805194805194805,1.0,0.5416666666666666,0.5,0.875,0.4444444444444444
7965,discriminative-attribute-number,yes,0,1.0,1.0,1.0,1.0,1.0,1.0,0.6,0.4,1.0,1.0,0.7666666666666667,1.0,0.7666666666666667,0.6444444444444445
7967,discriminative-attribute-number,yes,0,0.9090909090909091,0.8181818181818182,1.0,1.0,1.0,1.0,0.8,0.6,0.9090909090909091,0.875,0.7666666666666667,1.0,0.875,0.8
7969,discriminative-attribute-state,yes,0,1.0,1.0,0.0,1.0,1.0,1.0,0.0,1.0,0.47619047619047616,1.0,0.5416666666666666,0.5416666666666666,1.0,0.4444444444444444
7971,discriminative-attribute-state,yes,0,1.0,1.0,0.09090909090909091,0.8181818181818182,1.0,1.0,0.0,1.0,0.4805194805194805,1.0,0.5416666666666666,0.5,0.875,0.4444444444444444
7973,discriminative-attribute-state,yes,0,1.0,1.0,0.0,1.0,1.0,1.0,0.0,1.0,0.47619047619047616,1.0,0.5416666666666666,0.5416666666666666,1.0,0.4444444444444444
7975,discriminative-attribute-state,yes,0,1.0,1.0,0.09090909090909091,0.8181818181818182,1.0,1.0,0.0,1.0,0.4805194805194805,1.0,0.5416666666666666,0.5,0.875,0.4444444444444444
7977,discriminative-attribute-state,yes,0,1.0,1.0,0.09090909090909091,0.8181818181818182,1.0,1.0,0.2,0.6,0.4805194805194805,1.0,0.6,0.5,0.7666666666666667,0.4666666666666667
7979,discriminative-attribute-state,yes,0,1.0,1.0,0.09090909090909091,0.8181818181818182,0.6,0.4,0.0,1.0,0.4805194805194805,0.7666666666666667,0.5416666666666666,0.6,0.875,0.5333333333333333
7981,discriminative-attribute-number,yes,0,1.0,1.0,1.0,1.0,1.0,1.0,0.4,0.4,1.0,1.0,0.675,1.0,0.675,0.5333333333333333
7983,discriminative-attribute-number,yes,1,0.0,1.0,0.36363636363636365,0.4909090909090909,0.0,1.0,1.0,1.0,0.6883116883116883,1.0,0.5416666666666666,0.6,0.475,0.4444444444444444
7985,discriminative-attribute-number,yes,0,1.0,1.0,0.9090909090909091,0.8181818181818182,1.0,1.0,0.2,0.6,0.9090909090909091,1.0,0.6,0.875,0.5416666666666666,0.4666666666666667
7987,discriminative-attribute-number,yes,0,1.0,1.0,1.0,1.0,1.0,1.0,1.0,1.0,1.0,1.0,1.0,1.0,1.0,1.0
7989,discriminative-attribute-state,yes,1,0.36363636363636365,0.4909090909090909,1.0,1.0,0.4,0.4,1.0,1.0,0.5454545454545454,0.5,0.475,0.675,1.0,0.5333333333333333
7991,discriminative-attribute-state,yes,0,0.9090909090909091,0.8181818181818182,1.0,1.0,1.0,1.0,0.6,0.4,0.9090909090909091,0.875,0.675,1.0,0.7666666666666667,0.6444444444444445
7993,discriminative-attribute-state,yes,1,0.09090909090909091,0.8181818181818182,1.0,1.0,0.0,1.0,1.0,1.0,0.4805194805194805,0.875,0.5,0.5416666666666666,1.0,0.4444444444444444
7995,discriminative-attribute-state,yes,1,0.09090909090909091,0.8181818181818182,1.0,1.0,0.0,1.0,1.0,1.0,0.4805194805194805,0.875,0.5,0.5416666666666666,1.0,0.4444444444444444
7997,discriminative-attribute-state,yes,0,1.0,1.0,0.0,1.0,1.0,1.0,0.0,1.0,0.47619047619047616,1.0,0.5416666666666666,0.5416666666666666,1.0,0.4444444444444444
7999,discriminative-attribute-number,yes,0,1.0,1.0,0.09090909090909091,0.8181818181818182,1.0,1.0,0.0,1.0,0.4805194805194805,1.0,0.5416666666666666,0.5,0.875,0.4444444444444444
8001,discriminative-attribute-state,yes,1,0.09090909090909091,0.8181818181818182,0.9090909090909091,0.8181818181818182,0.0,1.0,1.0,1.0,0.47619047619047616,0.875,0.5,0.5,0.875,0.4444444444444444
8003,discriminative-attribute-number,yes,1,1.0,1.0,0.6363636363636364,0.4909090909090909,0.2,0.6,0.8,0.6,0.6883116883116883,0.6,0.875,0.4666666666666667,0.5416666666666666,0.4444444444444444
8005,discriminative-attribute-number,yes,0,0.9090909090909091,0.8181818181818182,0.36363636363636365,0.4909090909090909,1.0,1.0,0.4,0.4,0.5151515151515151,0.875,0.6,0.475,0.5,0.5333333333333333
8007,discriminative-attribute-state,yes,1,1.0,1.0,1.0,1.0,0.6,0.4,1.0,1.0,1.0,0.7666666666666667,1.0,0.7666666666666667,1.0,0.6444444444444445
8009,discriminative-attribute-state,yes,0,1.0,1.0,0.0,1.0,1.0,1.0,0.0,1.0,0.47619047619047616,1.0,0.5416666666666666,0.5416666666666666,1.0,0.4444444444444444
8011,discriminative-attribute-number,yes,0,0.9090909090909091,0.8181818181818182,1.0,1.0,1.0,1.0,0.4,0.4,0.9090909090909091,0.875,0.6,1.0,0.675,0.5333333333333333
8013,discriminative-attribute-state,yes,0,1.0,1.0,0.0,1.0,1.0,1.0,0.0,1.0,0.47619047619047616,1.0,0.5416666666666666,0.5416666666666666,1.0,0.4444444444444444
8015,discriminative-attribute-state,yes,0,1.0,1.0,0.0,1.0,1.0,1.0,0.0,1.0,0.47619047619047616,1.0,0.5416666666666666,0.5416666666666666,1.0,0.4444444444444444
8017,discriminative-attribute-state,yes,1,1.0,1.0,1.0,1.0,0.2,0.6,1.0,1.0,1.0,0.6,1.0,0.6,1.0,0.4666666666666667
8019,discriminative-attribute-state,yes,0,1.0,1.0,0.0,1.0,1.0,1.0,0.0,1.0,0.47619047619047616,1.0,0.5416666666666666,0.5416666666666666,1.0,0.4444444444444444
8021,discriminative-attribute-state,yes,0,1.0,1.0,0.0,1.0,1.0,1.0,0.0,1.0,0.47619047619047616,1.0,0.5416666666666666,0.5416666666666666,1.0,0.4444444444444444
8023,discriminative-attribute-state,yes,1,0.09090909090909091,0.8181818181818182,1.0,1.0,0.0,1.0,1.0,1.0,0.4805194805194805,0.875,0.5,0.5416666666666666,1.0,0.4444444444444444
8025,discriminative-attribute-state,yes,0,1.0,1.0,0.0,1.0,1.0,1.0,0.0,1.0,0.47619047619047616,1.0,0.5416666666666666,0.5416666666666666,1.0,0.4444444444444444
8027,discriminative-attribute-action,yes,0,1.0,1.0,0.0,1.0,1.0,1.0,0.0,1.0,0.47619047619047616,1.0,0.5416666666666666,0.5416666666666666,1.0,0.4444444444444444
8029,discriminative-attribute-number,yes,0,1.0,1.0,0.0,1.0,1.0,1.0,0.2,0.6,0.47619047619047616,1.0,0.6,0.5416666666666666,0.875,0.4666666666666667
8031,discriminative-attribute-state,yes,0,1.0,1.0,0.0,1.0,1.0,1.0,0.0,1.0,0.47619047619047616,1.0,0.5416666666666666,0.5416666666666666,1.0,0.4444444444444444
8033,discriminative-attribute-number,yes,1,0.0,1.0,0.0,1.0,0.0,1.0,0.8,0.6,1.0,1.0,0.6,1.0,0.6,0.4666666666666667
8035,discriminative-attribute-number,yes,1,0.0,1.0,0.0,1.0,0.2,0.6,0.2,0.6,1.0,0.875,0.875,0.875,0.875,0.6444444444444445
8037,discriminative-attribute-number,yes,0,1.0,1.0,1.0,1.0,1.0,1.0,0.6,0.4,1.0,1.0,0.7666666666666667,1.0,0.7666666666666667,0.6444444444444445
8039,discriminative-attribute-number,yes,1,0.0,1.0,0.0,1.0,0.0,1.0,0.6,0.4,1.0,1.0,0.675,1.0,0.675,0.5333333333333333
8041,discriminative-attribute-state,yes,0,1.0,1.0,0.0,1.0,1.0,1.0,0.4,0.4,0.47619047619047616,1.0,0.675,0.5416666666666666,0.7666666666666667,0.5333333333333333
8043,discriminative-attribute-state,yes,0,1.0,1.0,0.0,1.0,1.0,1.0,0.0,1.0,0.47619047619047616,1.0,0.5416666666666666,0.5416666666666666,1.0,0.4444444444444444
8045,discriminative-attribute-state,yes,0,1.0,1.0,0.0,1.0,1.0,1.0,0.0,1.0,0.47619047619047616,1.0,0.5416666666666666,0.5416666666666666,1.0,0.4444444444444444
8047,discriminative-attribute-state,yes,0,1.0,1.0,0.0,1.0,1.0,1.0,0.0,1.0,0.47619047619047616,1.0,0.5416666666666666,0.5416666666666666,1.0,0.4444444444444444
8049,discriminative-attribute-state,yes,0,1.0,1.0,0.0,1.0,1.0,1.0,0.0,1.0,0.47619047619047616,1.0,0.5416666666666666,0.5416666666666666,1.0,0.4444444444444444
8051,discriminative-attribute-state,yes,1,1.0,1.0,1.0,1.0,0.4,0.4,1.0,1.0,1.0,0.675,1.0,0.675,1.0,0.5333333333333333
8053,discriminative-attribute-number,yes,0,0.9090909090909091,0.8181818181818182,0.18181818181818182,0.6727272727272727,1.0,1.0,0.2,0.6,0.4805194805194805,0.875,0.5416666666666666,0.475,0.675,0.4666666666666667
8055,discriminative-attribute-state,yes,0,1.0,1.0,0.0,1.0,1.0,1.0,0.2,0.6,0.47619047619047616,1.0,0.6,0.5416666666666666,0.875,0.4666666666666667
8057,discriminative-attribute-state,yes,0,1.0,1.0,0.0,1.0,1.0,1.0,0.0,1.0,0.47619047619047616,1.0,0.5416666666666666,0.5416666666666666,1.0,0.4444444444444444
8061,discriminative-attribute-number,yes,1,0.0,1.0,0.9090909090909091,0.8181818181818182,0.0,1.0,1.0,1.0,0.4805194805194805,1.0,0.5416666666666666,0.5,0.875,0.4444444444444444
8063,discriminative-attribute-state,yes,0,0.7272727272727273,0.5636363636363636,0.0,1.0,1.0,1.0,0.0,1.0,0.5151515151515151,0.675,0.4666666666666667,0.5416666666666666,1.0,0.4444444444444444
8065,discriminative-attribute-state,yes,0,0.9090909090909091,0.8181818181818182,0.18181818181818182,0.6727272727272727,1.0,1.0,0.4,0.4,0.4805194805194805,0.875,0.6,0.475,0.6,0.5333333333333333
8067,discriminative-attribute-state,yes,0,1.0,1.0,0.0,1.0,1.0,1.0,0.0,1.0,0.47619047619047616,1.0,0.5416666666666666,0.5416666666666666,1.0,0.4444444444444444
8069,discriminative-attribute-number,yes,0,1.0,1.0,0.0,1.0,1.0,1.0,0.2,0.6,0.47619047619047616,1.0,0.6,0.5416666666666666,0.875,0.4666666666666667
8071,discriminative-attribute-state,yes,0,1.0,1.0,0.0,1.0,1.0,1.0,0.0,1.0,0.47619047619047616,1.0,0.5416666666666666,0.5416666666666666,1.0,0.4444444444444444
8073,discriminative-attribute-state,yes,0,1.0,1.0,0.0,1.0,1.0,1.0,0.0,1.0,0.47619047619047616,1.0,0.5416666666666666,0.5416666666666666,1.0,0.4444444444444444
8075,discriminative-attribute-state,yes,0,1.0,1.0,0.0,1.0,1.0,1.0,0.0,1.0,0.47619047619047616,1.0,0.5416666666666666,0.5416666666666666,1.0,0.4444444444444444
8077,discriminative-attribute-state,yes,1,0.0,1.0,1.0,1.0,0.0,1.0,1.0,1.0,0.47619047619047616,1.0,0.5416666666666666,0.5416666666666666,1.0,0.4444444444444444
8079,discriminative-attribute-state,yes,1,0.0,1.0,1.0,1.0,0.0,1.0,1.0,1.0,0.47619047619047616,1.0,0.5416666666666666,0.5416666666666666,1.0,0.4444444444444444
8083,discriminative-attribute-state,yes,0,1.0,1.0,0.6363636363636364,0.4909090909090909,1.0,1.0,0.6,0.4,0.6883116883116883,1.0,0.7666666666666667,0.6,0.5,0.6444444444444445
8085,discriminative-attribute-state,yes,0,1.0,1.0,0.0,1.0,1.0,1.0,0.2,0.6,0.47619047619047616,1.0,0.6,0.5416666666666666,0.875,0.4666666666666667
8087,discriminative-attribute-state,yes,0,1.0,1.0,0.0,1.0,1.0,1.0,0.0,1.0,0.47619047619047616,1.0,0.5416666666666666,0.5416666666666666,1.0,0.4444444444444444
8089,discriminative-attribute-state,yes,1,1.0,1.0,1.0,1.0,0.2,0.6,1.0,1.0,1.0,0.6,1.0,0.6,1.0,0.4666666666666667
8091,discriminative-attribute-state,yes,0,1.0,1.0,0.0,1.0,1.0,1.0,0.4,0.4,0.47619047619047616,1.0,0.675,0.5416666666666666,0.7666666666666667,0.5333333333333333
8093,discriminative-attribute-action,yes,0,1.0,1.0,1.0,1.0,1.0,1.0,0.4,0.4,1.0,1.0,0.675,1.0,0.675,0.5333333333333333
8095,discriminative-attribute-state,yes,0,0.0,1.0,0.0,1.0,0.4,0.4,0.0,1.0,1.0,0.7666666666666667,1.0,0.7666666666666667,1.0,0.6444444444444445
8097,discriminative-attribute-state,yes,0,1.0,1.0,0.0,1.0,1.0,1.0,0.0,1.0,0.47619047619047616,1.0,0.5416666666666666,0.5416666666666666,1.0,0.4444444444444444
8099,discriminative-attribute-state,yes,1,0.0,1.0,1.0,1.0,0.0,1.0,1.0,1.0,0.47619047619047616,1.0,0.5416666666666666,0.5416666666666666,1.0,0.4444444444444444
8101,discriminative-attribute-state,yes,1,0.09090909090909091,0.8181818181818182,0.9090909090909091,0.8181818181818182,0.0,1.0,1.0,1.0,0.47619047619047616,0.875,0.5,0.5,0.875,0.4444444444444444
8103,discriminative-attribute-state,yes,0,1.0,1.0,0.0,1.0,1.0,1.0,0.0,1.0,0.47619047619047616,1.0,0.5416666666666666,0.5416666666666666,1.0,0.4444444444444444
8105,discriminative-attribute-state,yes,0,1.0,1.0,0.09090909090909091,0.8181818181818182,1.0,1.0,0.0,1.0,0.4805194805194805,1.0,0.5416666666666666,0.5,0.875,0.4444444444444444
8107,discriminative-attribute-number,yes,0,1.0,1.0,0.0,1.0,1.0,1.0,0.0,1.0,0.47619047619047616,1.0,0.5416666666666666,0.5416666666666666,1.0,0.4444444444444444
8109,discriminative-attribute-state,yes,0,1.0,1.0,0.0,1.0,1.0,1.0,0.0,1.0,0.47619047619047616,1.0,0.5416666666666666,0.5416666666666666,1.0,0.4444444444444444
8111,discriminative-attribute-state,yes,0,0.9090909090909091,0.8181818181818182,0.45454545454545453,0.45454545454545453,0.6,0.4,0.2,0.6,0.5454545454545454,0.675,0.5416666666666666,0.4666666666666667,0.5,0.4666666666666667
8113,discriminative-attribute-number,yes,0,1.0,1.0,1.0,1.0,1.0,1.0,0.6,0.4,1.0,1.0,0.7666666666666667,1.0,0.7666666666666667,0.6444444444444445
8115,discriminative-attribute-number,yes,0,1.0,1.0,0.09090909090909091,0.8181818181818182,1.0,1.0,0.2,0.6,0.4805194805194805,1.0,0.6,0.5,0.7666666666666667,0.4666666666666667
8117,discriminative-attribute-state,yes,0,1.0,1.0,0.2727272727272727,0.5636363636363636,1.0,1.0,0.0,1.0,0.5151515151515151,1.0,0.5416666666666666,0.4666666666666667,0.675,0.4444444444444444
8119,discriminative-attribute-state,yes,1,1.0,1.0,1.0,1.0,0.2,0.6,1.0,1.0,1.0,0.6,1.0,0.6,1.0,0.4666666666666667
8121,discriminative-attribute-state,yes,0,1.0,1.0,0.09090909090909091,0.8181818181818182,1.0,1.0,0.2,0.6,0.4805194805194805,1.0,0.6,0.5,0.7666666666666667,0.4666666666666667
8123,discriminative-attribute-state,yes,0,1.0,1.0,0.09090909090909091,0.8181818181818182,1.0,1.0,0.4,0.4,0.4805194805194805,1.0,0.675,0.5,0.675,0.5333333333333333
8125,discriminative-attribute-state,yes,0,1.0,1.0,0.36363636363636365,0.4909090909090909,1.0,1.0,0.0,1.0,0.5454545454545454,1.0,0.5416666666666666,0.475,0.6,0.4444444444444444
8127,discriminative-attribute-state,yes,0,1.0,1.0,0.0,1.0,1.0,1.0,0.0,1.0,0.47619047619047616,1.0,0.5416666666666666,0.5416666666666666,1.0,0.4444444444444444
8129,discriminative-attribute-number,yes,0,1.0,1.0,0.09090909090909091,0.8181818181818182,1.0,1.0,0.2,0.6,0.4805194805194805,1.0,0.6,0.5,0.7666666666666667,0.4666666666666667
8131,discriminative-attribute-state,yes,0,1.0,1.0,0.09090909090909091,0.8181818181818182,0.8,0.6,0.0,1.0,0.4805194805194805,0.875,0.5416666666666666,0.5416666666666666,0.875,0.4666666666666667
8133,discriminative-attribute-number,yes,0,1.0,1.0,1.0,1.0,1.0,1.0,0.2,0.6,1.0,1.0,0.6,1.0,0.6,0.4666666666666667
8135,discriminative-attribute-state,yes,0,1.0,1.0,0.09090909090909091,0.8181818181818182,1.0,1.0,0.0,1.0,0.4805194805194805,1.0,0.5416666666666666,0.5,0.875,0.4444444444444444
8137,discriminative-attribute-state,yes,0,1.0,1.0,0.0,1.0,1.0,1.0,0.0,1.0,0.47619047619047616,1.0,0.5416666666666666,0.5416666666666666,1.0,0.4444444444444444
8139,discriminative-attribute-state,yes,1,0.36363636363636365,0.4909090909090909,1.0,1.0,0.0,1.0,1.0,1.0,0.5454545454545454,0.6,0.475,0.5416666666666666,1.0,0.4444444444444444
8141,discriminative-attribute-state,yes,0,1.0,1.0,0.0,1.0,1.0,1.0,0.0,1.0,0.47619047619047616,1.0,0.5416666666666666,0.5416666666666666,1.0,0.4444444444444444
8143,discriminative-attribute-state,yes,0,1.0,1.0,0.6363636363636364,0.4909090909090909,1.0,1.0,0.0,1.0,0.6883116883116883,1.0,0.5416666666666666,0.6,0.475,0.4444444444444444
8145,discriminative-attribute-state,yes,0,1.0,1.0,0.45454545454545453,0.45454545454545453,1.0,1.0,0.0,1.0,0.5844155844155844,1.0,0.5416666666666666,0.5,0.5416666666666666,0.4444444444444444
8147,discriminative-attribute-state,yes,1,0.45454545454545453,0.45454545454545453,1.0,1.0,0.0,1.0,1.0,1.0,0.5844155844155844,0.5416666666666666,0.5,0.5416666666666666,1.0,0.4444444444444444
8149,discriminative-attribute-number,yes,0,1.0,1.0,0.45454545454545453,0.45454545454545453,1.0,1.0,0.2,0.6,0.5844155844155844,1.0,0.6,0.5,0.5,0.4666666666666667
8151,discriminative-attribute-state,yes,0,1.0,1.0,0.0,1.0,1.0,1.0,0.0,1.0,0.47619047619047616,1.0,0.5416666666666666,0.5416666666666666,1.0,0.4444444444444444
8153,discriminative-attribute-state,yes,0,1.0,1.0,0.0,1.0,1.0,1.0,0.0,1.0,0.47619047619047616,1.0,0.5416666666666666,0.5416666666666666,1.0,0.4444444444444444
8157,discriminative-attribute-state,yes,0,1.0,1.0,0.09090909090909091,0.8181818181818182,1.0,1.0,0.0,1.0,0.4805194805194805,1.0,0.5416666666666666,0.5,0.875,0.4444444444444444
8159,discriminative-attribute-state,yes,0,1.0,1.0,0.0,1.0,1.0,1.0,0.0,1.0,0.47619047619047616,1.0,0.5416666666666666,0.5416666666666666,1.0,0.4444444444444444
8161,discriminative-attribute-state,yes,0,1.0,1.0,0.09090909090909091,0.8181818181818182,1.0,1.0,0.0,1.0,0.4805194805194805,1.0,0.5416666666666666,0.5,0.875,0.4444444444444444
8163,discriminative-attribute-state,yes,0,1.0,1.0,0.09090909090909091,0.8181818181818182,1.0,1.0,0.2,0.6,0.4805194805194805,1.0,0.6,0.5,0.7666666666666667,0.4666666666666667
8165,discriminative-attribute-state,yes,0,1.0,1.0,0.0,1.0,1.0,1.0,0.0,1.0,0.47619047619047616,1.0,0.5416666666666666,0.5416666666666666,1.0,0.4444444444444444
8167,discriminative-attribute-state,yes,0,1.0,1.0,0.0,1.0,1.0,1.0,0.0,1.0,0.47619047619047616,1.0,0.5416666666666666,0.5416666666666666,1.0,0.4444444444444444
8169,discriminative-attribute-state,yes,1,0.36363636363636365,0.4909090909090909,0.45454545454545453,0.45454545454545453,0.0,1.0,1.0,1.0,0.4935064935064935,0.6,0.475,0.5416666666666666,0.5,0.4444444444444444
8171,discriminative-attribute-state,yes,0,1.0,1.0,0.0,1.0,1.0,1.0,0.2,0.6,0.47619047619047616,1.0,0.6,0.5416666666666666,0.875,0.4666666666666667
8173,discriminative-attribute-state,yes,1,1.0,1.0,0.0,1.0,0.4,0.4,0.4,0.4,0.47619047619047616,0.675,0.675,0.7666666666666667,0.7666666666666667,0.4666666666666667
8175,discriminative-attribute-state,yes,0,1.0,1.0,0.0,1.0,1.0,1.0,0.2,0.6,0.47619047619047616,1.0,0.6,0.5416666666666666,0.875,0.4666666666666667
8177,discriminative-attribute-state,yes,0,1.0,1.0,0.18181818181818182,0.6727272727272727,1.0,1.0,0.0,1.0,0.4935064935064935,1.0,0.5416666666666666,0.475,0.7666666666666667,0.4444444444444444
8179,discriminative-attribute-number,yes,0,1.0,1.0,0.5454545454545454,0.45454545454545453,1.0,1.0,0.0,1.0,0.6320346320346321,1.0,0.5416666666666666,0.5416666666666666,0.5,0.4444444444444444
8181,discriminative-attribute-state,yes,0,1.0,1.0,0.0,1.0,1.0,1.0,0.0,1.0,0.47619047619047616,1.0,0.5416666666666666,0.5416666666666666,1.0,0.4444444444444444
8183,discriminative-attribute-state,yes,1,1.0,1.0,1.0,1.0,0.2,0.6,1.0,1.0,1.0,0.6,1.0,0.6,1.0,0.4666666666666667
8185,discriminative-attribute-state,yes,0,1.0,1.0,0.0,1.0,1.0,1.0,0.0,1.0,0.47619047619047616,1.0,0.5416666666666666,0.5416666666666666,1.0,0.4444444444444444
8187,discriminative-attribute-state,yes,0,0.9090909090909091,0.8181818181818182,0.09090909090909091,0.8181818181818182,1.0,1.0,0.0,1.0,0.47619047619047616,0.875,0.5,0.5,0.875,0.4444444444444444
8189,discriminative-attribute-number,yes,0,1.0,1.0,0.45454545454545453,0.45454545454545453,1.0,1.0,0.4,0.4,0.5844155844155844,1.0,0.675,0.5,0.475,0.5333333333333333
8191,discriminative-attribute-state,yes,0,0.7272727272727273,0.5636363636363636,0.09090909090909091,0.8181818181818182,1.0,1.0,0.0,1.0,0.4935064935064935,0.675,0.4666666666666667,0.5,0.875,0.4444444444444444
8193,discriminative-attribute-state,yes,0,1.0,1.0,0.09090909090909091,0.8181818181818182,1.0,1.0,0.0,1.0,0.4805194805194805,1.0,0.5416666666666666,0.5,0.875,0.4444444444444444
8195,discriminative-attribute-number,yes,0,1.0,1.0,0.09090909090909091,0.8181818181818182,1.0,1.0,0.4,0.4,0.4805194805194805,1.0,0.675,0.5,0.675,0.5333333333333333
8197,discriminative-attribute-number,yes,0,1.0,1.0,1.0,1.0,1.0,1.0,0.6,0.4,1.0,1.0,0.7666666666666667,1.0,0.7666666666666667,0.6444444444444445
8199,discriminative-attribute-number,yes,0,1.0,1.0,0.09090909090909091,0.8181818181818182,1.0,1.0,0.0,1.0,0.4805194805194805,1.0,0.5416666666666666,0.5,0.875,0.4444444444444444
8201,discriminative-attribute-state,yes,1,0.0,1.0,1.0,1.0,0.0,1.0,1.0,1.0,0.47619047619047616,1.0,0.5416666666666666,0.5416666666666666,1.0,0.4444444444444444
8203,discriminative-attribute-state,yes,0,1.0,1.0,0.0,1.0,1.0,1.0,0.0,1.0,0.47619047619047616,1.0,0.5416666666666666,0.5416666666666666,1.0,0.4444444444444444
8205,discriminative-attribute-state,yes,1,0.0,1.0,1.0,1.0,0.0,1.0,1.0,1.0,0.47619047619047616,1.0,0.5416666666666666,0.5416666666666666,1.0,0.4444444444444444
8207,discriminative-attribute-state,yes,0,1.0,1.0,0.0,1.0,1.0,1.0,0.0,1.0,0.47619047619047616,1.0,0.5416666666666666,0.5416666666666666,1.0,0.4444444444444444
8209,discriminative-attribute-state,yes,0,1.0,1.0,0.09090909090909091,0.8181818181818182,1.0,1.0,0.0,1.0,0.4805194805194805,1.0,0.5416666666666666,0.5,0.875,0.4444444444444444
8211,discriminative-attribute-state,yes,0,1.0,1.0,0.0,1.0,1.0,1.0,0.0,1.0,0.47619047619047616,1.0,0.5416666666666666,0.5416666666666666,1.0,0.4444444444444444
8213,discriminative-attribute-state,yes,0,1.0,1.0,0.09090909090909091,0.8181818181818182,1.0,1.0,0.0,1.0,0.4805194805194805,1.0,0.5416666666666666,0.5,0.875,0.4444444444444444
8215,discriminative-attribute-state,yes,0,1.0,1.0,0.0,1.0,1.0,1.0,0.0,1.0,0.47619047619047616,1.0,0.5416666666666666,0.5416666666666666,1.0,0.4444444444444444
8217,discriminative-attribute-state,yes,0,1.0,1.0,0.0,1.0,1.0,1.0,0.0,1.0,0.47619047619047616,1.0,0.5416666666666666,0.5416666666666666,1.0,0.4444444444444444
8219,discriminative-attribute-action,yes,0,1.0,1.0,0.09090909090909091,0.8181818181818182,1.0,1.0,0.0,1.0,0.4805194805194805,1.0,0.5416666666666666,0.5,0.875,0.4444444444444444
8221,discriminative-attribute-state,yes,1,0.09090909090909091,0.8181818181818182,0.9090909090909091,0.8181818181818182,0.2,0.6,1.0,1.0,0.47619047619047616,0.7666666666666667,0.5,0.5416666666666666,0.875,0.4666666666666667
8223,discriminative-attribute-state,yes,0,1.0,1.0,0.0,1.0,1.0,1.0,0.0,1.0,0.47619047619047616,1.0,0.5416666666666666,0.5416666666666666,1.0,0.4444444444444444
8225,discriminative-attribute-state,yes,1,0.0,1.0,1.0,1.0,0.0,1.0,1.0,1.0,0.47619047619047616,1.0,0.5416666666666666,0.5416666666666666,1.0,0.4444444444444444
8227,discriminative-attribute-state,yes,0,1.0,1.0,0.0,1.0,1.0,1.0,0.0,1.0,0.47619047619047616,1.0,0.5416666666666666,0.5416666666666666,1.0,0.4444444444444444
8229,discriminative-attribute-state,yes,1,0.2727272727272727,0.5636363636363636,1.0,1.0,0.0,1.0,1.0,1.0,0.5151515151515151,0.675,0.4666666666666667,0.5416666666666666,1.0,0.4444444444444444
8231,discriminative-attribute-state,yes,0,1.0,1.0,0.0,1.0,1.0,1.0,0.0,1.0,0.47619047619047616,1.0,0.5416666666666666,0.5416666666666666,1.0,0.4444444444444444
8233,discriminative-attribute-state,yes,0,1.0,1.0,0.0,1.0,1.0,1.0,0.0,1.0,0.47619047619047616,1.0,0.5416666666666666,0.5416666666666666,1.0,0.4444444444444444
8235,discriminative-attribute-state,yes,0,1.0,1.0,0.36363636363636365,0.4909090909090909,1.0,1.0,0.0,1.0,0.5454545454545454,1.0,0.5416666666666666,0.475,0.6,0.4444444444444444
8237,discriminative-attribute-state,yes,0,1.0,1.0,0.09090909090909091,0.8181818181818182,1.0,1.0,0.0,1.0,0.4805194805194805,1.0,0.5416666666666666,0.5,0.875,0.4444444444444444
8239,discriminative-attribute-state,yes,0,0.9090909090909091,0.8181818181818182,1.0,1.0,1.0,1.0,0.4,0.4,0.9090909090909091,0.875,0.6,1.0,0.675,0.5333333333333333
8241,discriminative-attribute-state,yes,0,0.7272727272727273,0.5636363636363636,0.09090909090909091,0.8181818181818182,1.0,1.0,0.0,1.0,0.4935064935064935,0.675,0.4666666666666667,0.5,0.875,0.4444444444444444
8243,discriminative-attribute-state,yes,0,0.8181818181818182,0.6727272727272727,0.0,1.0,1.0,1.0,0.0,1.0,0.4935064935064935,0.7666666666666667,0.475,0.5416666666666666,1.0,0.4444444444444444
8247,discriminative-attribute-state,yes,0,1.0,1.0,0.09090909090909091,0.8181818181818182,1.0,1.0,0.0,1.0,0.4805194805194805,1.0,0.5416666666666666,0.5,0.875,0.4444444444444444
8249,discriminative-attribute-state,yes,1,0.09090909090909091,0.8181818181818182,0.9090909090909091,0.8181818181818182,0.0,1.0,1.0,1.0,0.47619047619047616,0.875,0.5,0.5,0.875,0.4444444444444444
8251,discriminative-attribute-number,yes,1,0.09090909090909091,0.8181818181818182,0.0,1.0,0.0,1.0,0.2,0.6,0.9090909090909091,0.875,0.7666666666666667,1.0,0.875,0.8
8253,discriminative-attribute-number,yes,0,0.6363636363636364,0.4909090909090909,1.0,1.0,1.0,1.0,1.0,1.0,0.6883116883116883,0.6,0.6,1.0,1.0,1.0
8255,discriminative-attribute-state,yes,0,1.0,1.0,0.0,1.0,1.0,1.0,0.0,1.0,0.47619047619047616,1.0,0.5416666666666666,0.5416666666666666,1.0,0.4444444444444444
8257,discriminative-attribute-state,yes,1,0.6363636363636364,0.4909090909090909,1.0,1.0,0.0,1.0,1.0,1.0,0.6883116883116883,0.475,0.6,0.5416666666666666,1.0,0.4444444444444444
8261,discriminative-attribute-state,yes,0,1.0,1.0,0.9090909090909091,0.8181818181818182,1.0,1.0,0.2,0.6,0.9090909090909091,1.0,0.6,0.875,0.5416666666666666,0.4666666666666667
8263,discriminative-attribute-state,yes,1,0.36363636363636365,0.4909090909090909,0.9090909090909091,0.8181818181818182,0.0,1.0,1.0,1.0,0.5151515151515151,0.6,0.475,0.5,0.875,0.4444444444444444
8265,discriminative-attribute-state,yes,1,1.0,1.0,0.0,1.0,0.6,0.4,0.2,0.6,0.47619047619047616,0.7666666666666667,0.6,0.675,0.875,0.4666666666666667
8267,discriminative-attribute-state,yes,0,1.0,1.0,0.09090909090909091,0.8181818181818182,1.0,1.0,0.2,0.6,0.4805194805194805,1.0,0.6,0.5,0.7666666666666667,0.4666666666666667
8269,discriminative-attribute-action,yes,0,1.0,1.0,0.09090909090909091,0.8181818181818182,1.0,1.0,0.0,1.0,0.4805194805194805,1.0,0.5416666666666666,0.5,0.875,0.4444444444444444
8271,discriminative-attribute-state,yes,1,0.45454545454545453,0.45454545454545453,0.9090909090909091,0.8181818181818182,0.4,0.4,1.0,1.0,0.5454545454545454,0.475,0.5,0.6,0.875,0.5333333333333333
8273,discriminative-attribute-state,yes,0,1.0,1.0,0.0,1.0,1.0,1.0,0.0,1.0,0.47619047619047616,1.0,0.5416666666666666,0.5416666666666666,1.0,0.4444444444444444
8275,discriminative-attribute-state,yes,0,1.0,1.0,0.0,1.0,1.0,1.0,0.0,1.0,0.47619047619047616,1.0,0.5416666666666666,0.5416666666666666,1.0,0.4444444444444444
8277,discriminative-attribute-state,yes,0,1.0,1.0,0.2727272727272727,0.5636363636363636,1.0,1.0,0.0,1.0,0.5151515151515151,1.0,0.5416666666666666,0.4666666666666667,0.675,0.4444444444444444
8279,discriminative-attribute-state,yes,0,1.0,1.0,0.0,1.0,1.0,1.0,0.0,1.0,0.47619047619047616,1.0,0.5416666666666666,0.5416666666666666,1.0,0.4444444444444444
8281,discriminative-attribute-state,yes,0,1.0,1.0,0.0,1.0,1.0,1.0,0.0,1.0,0.47619047619047616,1.0,0.5416666666666666,0.5416666666666666,1.0,0.4444444444444444
8283,discriminative-attribute-number,yes,0,1.0,1.0,0.36363636363636365,0.4909090909090909,1.0,1.0,0.4,0.4,0.5454545454545454,1.0,0.675,0.475,0.5,0.5333333333333333
8285,discriminative-attribute-state,yes,0,0.0,1.0,0.0,1.0,0.8,0.6,0.0,1.0,1.0,0.6,1.0,0.6,1.0,0.4666666666666667
8289,discriminative-attribute-state,yes,0,1.0,1.0,0.0,1.0,1.0,1.0,0.2,0.6,0.47619047619047616,1.0,0.6,0.5416666666666666,0.875,0.4666666666666667
8291,discriminative-attribute-state,yes,0,1.0,1.0,0.36363636363636365,0.4909090909090909,1.0,1.0,0.0,1.0,0.5454545454545454,1.0,0.5416666666666666,0.475,0.6,0.4444444444444444
8293,discriminative-attribute-state,yes,0,0.5454545454545454,0.45454545454545453,0.0,1.0,1.0,1.0,0.0,1.0,0.5844155844155844,0.5416666666666666,0.5,0.5416666666666666,1.0,0.4444444444444444
8295,discriminative-attribute-state,yes,0,1.0,1.0,0.0,1.0,1.0,1.0,0.2,0.6,0.47619047619047616,1.0,0.6,0.5416666666666666,0.875,0.4666666666666667
8297,discriminative-attribute-number,yes,1,0.0,1.0,0.0,1.0,0.0,1.0,0.0,1.0,1.0,1.0,1.0,1.0,1.0,1.0
8299,discriminative-attribute-state,yes,1,0.5454545454545454,0.45454545454545453,1.0,1.0,0.0,1.0,1.0,1.0,0.6320346320346321,0.5,0.5416666666666666,0.5416666666666666,1.0,0.4444444444444444
8301,discriminative-attribute-state,yes,1,0.0,1.0,1.0,1.0,0.0,1.0,1.0,1.0,0.47619047619047616,1.0,0.5416666666666666,0.5416666666666666,1.0,0.4444444444444444
8303,discriminative-attribute-state,yes,0,1.0,1.0,1.0,1.0,1.0,1.0,0.2,0.6,1.0,1.0,0.6,1.0,0.6,0.4666666666666667
8305,discriminative-attribute-state,yes,0,1.0,1.0,0.0,1.0,1.0,1.0,0.0,1.0,0.47619047619047616,1.0,0.5416666666666666,0.5416666666666666,1.0,0.4444444444444444
8307,discriminative-attribute-state,yes,0,0.8181818181818182,0.6727272727272727,0.09090909090909091,0.8181818181818182,1.0,1.0,0.0,1.0,0.4805194805194805,0.7666666666666667,0.475,0.5,0.875,0.4444444444444444
8309,discriminative-attribute-state,yes,0,1.0,1.0,0.09090909090909091,0.8181818181818182,1.0,1.0,0.0,1.0,0.4805194805194805,1.0,0.5416666666666666,0.5,0.875,0.4444444444444444
8311,discriminative-attribute-number,yes,0,1.0,1.0,0.45454545454545453,0.45454545454545453,1.0,1.0,0.4,0.4,0.5844155844155844,1.0,0.675,0.5,0.475,0.5333333333333333
8313,discriminative-attribute-state,yes,0,1.0,1.0,0.36363636363636365,0.4909090909090909,1.0,1.0,0.0,1.0,0.5454545454545454,1.0,0.5416666666666666,0.475,0.6,0.4444444444444444
8315,discriminative-attribute-state,yes,0,0.7272727272727273,0.5636363636363636,0.0,1.0,1.0,1.0,0.0,1.0,0.5151515151515151,0.675,0.4666666666666667,0.5416666666666666,1.0,0.4444444444444444
8317,discriminative-attribute-state,yes,0,1.0,1.0,0.0,1.0,1.0,1.0,0.0,1.0,0.47619047619047616,1.0,0.5416666666666666,0.5416666666666666,1.0,0.4444444444444444
8319,discriminative-attribute-state,yes,0,0.0,1.0,1.0,1.0,0.2,0.6,0.2,0.6,0.47619047619047616,0.875,0.875,0.6,0.6,0.6444444444444445
8321,discriminative-attribute-number,yes,0,1.0,1.0,1.0,1.0,1.0,1.0,0.6,0.4,1.0,1.0,0.7666666666666667,1.0,0.7666666666666667,0.6444444444444445
8323,discriminative-attribute-number,yes,0,1.0,1.0,0.9090909090909091,0.8181818181818182,1.0,1.0,0.4,0.4,0.9090909090909091,1.0,0.675,0.875,0.6,0.5333333333333333
8325,discriminative-attribute-action,yes,0,1.0,1.0,0.09090909090909091,0.8181818181818182,1.0,1.0,0.2,0.6,0.4805194805194805,1.0,0.6,0.5,0.7666666666666667,0.4666666666666667
8327,discriminative-attribute-number,yes,1,0.0,1.0,0.9090909090909091,0.8181818181818182,0.0,1.0,1.0,1.0,0.4805194805194805,1.0,0.5416666666666666,0.5,0.875,0.4444444444444444
8329,discriminative-attribute-number,yes,0,1.0,1.0,0.36363636363636365,0.4909090909090909,1.0,1.0,0.6,0.4,0.5454545454545454,1.0,0.7666666666666667,0.475,0.475,0.6444444444444445
8331,discriminative-attribute-number,yes,0,1.0,1.0,0.09090909090909091,0.8181818181818182,1.0,1.0,0.0,1.0,0.4805194805194805,1.0,0.5416666666666666,0.5,0.875,0.4444444444444444
8333,discriminative-attribute-action,yes,0,0.09090909090909091,0.8181818181818182,0.09090909090909091,0.8181818181818182,0.4,0.4,0.4,0.4,0.8268398268398268,0.675,0.675,0.675,0.675,0.4666666666666667
8335,discriminative-attribute-state,yes,0,0.7272727272727273,0.5636363636363636,0.18181818181818182,0.6727272727272727,0.0,1.0,0.8,0.6,0.4805194805194805,0.4666666666666667,0.6,0.7666666666666667,0.5,0.4666666666666667
8337,discriminative-attribute-action,yes,0,1.0,1.0,0.0,1.0,1.0,1.0,0.0,1.0,0.47619047619047616,1.0,0.5416666666666666,0.5416666666666666,1.0,0.4444444444444444
8339,discriminative-attribute-state,yes,0,1.0,1.0,0.0,1.0,1.0,1.0,0.0,1.0,0.47619047619047616,1.0,0.5416666666666666,0.5416666666666666,1.0,0.4444444444444444
8341,discriminative-attribute-action,yes,0,1.0,1.0,0.0,1.0,1.0,1.0,0.2,0.6,0.47619047619047616,1.0,0.6,0.5416666666666666,0.875,0.4666666666666667
8343,discriminative-attribute-state,yes,0,1.0,1.0,0.09090909090909091,0.8181818181818182,1.0,1.0,0.0,1.0,0.4805194805194805,1.0,0.5416666666666666,0.5,0.875,0.4444444444444444
8345,discriminative-attribute-action,yes,0,1.0,1.0,0.09090909090909091,0.8181818181818182,1.0,1.0,0.2,0.6,0.4805194805194805,1.0,0.6,0.5,0.7666666666666667,0.4666666666666667
8347,discriminative-attribute-state,yes,1,0.0,1.0,1.0,1.0,0.0,1.0,1.0,1.0,0.47619047619047616,1.0,0.5416666666666666,0.5416666666666666,1.0,0.4444444444444444
8349,discriminative-attribute-action,yes,0,1.0,1.0,0.09090909090909091,0.8181818181818182,1.0,1.0,0.2,0.6,0.4805194805194805,1.0,0.6,0.5,0.7666666666666667,0.4666666666666667
8351,discriminative-attribute-state,yes,0,1.0,1.0,0.0,1.0,1.0,1.0,0.0,1.0,0.47619047619047616,1.0,0.5416666666666666,0.5416666666666666,1.0,0.4444444444444444
8353,discriminative-attribute-number,yes,0,1.0,1.0,0.0,1.0,1.0,1.0,0.6,0.4,0.47619047619047616,1.0,0.7666666666666667,0.5416666666666666,0.675,0.6444444444444445
8355,discriminative-attribute-state,yes,0,1.0,1.0,0.0,1.0,1.0,1.0,0.0,1.0,0.47619047619047616,1.0,0.5416666666666666,0.5416666666666666,1.0,0.4444444444444444
8357,discriminative-attribute-number,yes,0,1.0,1.0,0.0,1.0,1.0,1.0,0.2,0.6,0.47619047619047616,1.0,0.6,0.5416666666666666,0.875,0.4666666666666667
8359,discriminative-attribute-state,yes,0,1.0,1.0,0.0,1.0,1.0,1.0,0.0,1.0,0.47619047619047616,1.0,0.5416666666666666,0.5416666666666666,1.0,0.4444444444444444
8361,discriminative-attribute-state,yes,0,1.0,1.0,0.0,1.0,1.0,1.0,0.0,1.0,0.47619047619047616,1.0,0.5416666666666666,0.5416666666666666,1.0,0.4444444444444444
8363,discriminative-attribute-state,yes,0,1.0,1.0,0.0,1.0,1.0,1.0,0.0,1.0,0.47619047619047616,1.0,0.5416666666666666,0.5416666666666666,1.0,0.4444444444444444
8365,discriminative-attribute-state,yes,1,0.8181818181818182,0.6727272727272727,1.0,1.0,0.2,0.6,1.0,1.0,0.8268398268398268,0.5,0.7666666666666667,0.6,1.0,0.4666666666666667
8367,discriminative-attribute-state,yes,1,0.18181818181818182,0.6727272727272727,1.0,1.0,0.0,1.0,1.0,1.0,0.4935064935064935,0.7666666666666667,0.475,0.5416666666666666,1.0,0.4444444444444444
8369,discriminative-attribute-number,yes,0,0.9090909090909091,0.8181818181818182,0.09090909090909091,0.8181818181818182,1.0,1.0,0.0,1.0,0.47619047619047616,0.875,0.5,0.5,0.875,0.4444444444444444
8371,discriminative-attribute-state,yes,0,0.9090909090909091,0.8181818181818182,0.0,1.0,1.0,1.0,0.0,1.0,0.4805194805194805,0.875,0.5,0.5416666666666666,1.0,0.4444444444444444
8373,discriminative-attribute-state,yes,0,1.0,1.0,0.0,1.0,1.0,1.0,0.0,1.0,0.47619047619047616,1.0,0.5416666666666666,0.5416666666666666,1.0,0.4444444444444444
8375,discriminative-attribute-state,yes,0,1.0,1.0,0.0,1.0,1.0,1.0,0.0,1.0,0.47619047619047616,1.0,0.5416666666666666,0.5416666666666666,1.0,0.4444444444444444
8377,discriminative-attribute-number,yes,0,1.0,1.0,0.09090909090909091,0.8181818181818182,1.0,1.0,0.0,1.0,0.4805194805194805,1.0,0.5416666666666666,0.5,0.875,0.4444444444444444
8379,discriminative-attribute-state,yes,0,1.0,1.0,0.2727272727272727,0.5636363636363636,1.0,1.0,0.4,0.4,0.5151515151515151,1.0,0.675,0.4666666666666667,0.5416666666666666,0.5333333333333333
8381,discriminative-attribute-state,yes,0,1.0,1.0,0.36363636363636365,0.4909090909090909,1.0,1.0,0.0,1.0,0.5454545454545454,1.0,0.5416666666666666,0.475,0.6,0.4444444444444444
8383,discriminative-attribute-state,yes,0,1.0,1.0,0.0,1.0,1.0,1.0,0.4,0.4,0.47619047619047616,1.0,0.675,0.5416666666666666,0.7666666666666667,0.5333333333333333
8385,discriminative-attribute-state,yes,0,1.0,1.0,1.0,1.0,1.0,1.0,0.6,0.4,1.0,1.0,0.7666666666666667,1.0,0.7666666666666667,0.6444444444444445
8387,discriminative-attribute-number,yes,0,1.0,1.0,0.0,1.0,1.0,1.0,0.0,1.0,0.47619047619047616,1.0,0.5416666666666666,0.5416666666666666,1.0,0.4444444444444444
8389,discriminative-attribute-state,yes,0,0.6363636363636364,0.4909090909090909,0.0,1.0,1.0,1.0,0.0,1.0,0.5454545454545454,0.6,0.475,0.5416666666666666,1.0,0.4444444444444444
8391,discriminative-attribute-state,yes,0,1.0,1.0,1.0,1.0,1.0,1.0,0.2,0.6,1.0,1.0,0.6,1.0,0.6,0.4666666666666667
8393,discriminative-attribute-number,yes,0,1.0,1.0,1.0,1.0,1.0,1.0,0.2,0.6,1.0,1.0,0.6,1.0,0.6,0.4666666666666667
8395,discriminative-attribute-state,yes,0,1.0,1.0,0.09090909090909091,0.8181818181818182,1.0,1.0,0.0,1.0,0.4805194805194805,1.0,0.5416666666666666,0.5,0.875,0.4444444444444444
8399,discriminative-attribute-number,yes,0,0.9090909090909091,0.8181818181818182,1.0,1.0,0.8,0.6,0.6,0.4,0.9090909090909091,0.7666666666666667,0.675,0.875,0.7666666666666667,0.5333333333333333
8401,discriminative-attribute-number,yes,0,0.9090909090909091,0.8181818181818182,1.0,1.0,0.8,0.6,0.6,0.4,0.9090909090909091,0.7666666666666667,0.675,0.875,0.7666666666666667,0.5333333333333333
8403,discriminative-attribute-number,yes,0,1.0,1.0,1.0,1.0,1.0,1.0,0.6,0.4,1.0,1.0,0.7666666666666667,1.0,0.7666666666666667,0.6444444444444445
8405,discriminative-attribute-number,yes,1,1.0,1.0,0.0,1.0,0.6,0.4,0.4,0.4,0.47619047619047616,0.7666666666666667,0.675,0.675,0.7666666666666667,0.4444444444444444
8407,discriminative-attribute-number,yes,0,1.0,1.0,1.0,1.0,1.0,1.0,0.4,0.4,1.0,1.0,0.675,1.0,0.675,0.5333333333333333
8409,discriminative-attribute-state,yes,0,1.0,1.0,0.0,1.0,1.0,1.0,0.0,1.0,0.47619047619047616,1.0,0.5416666666666666,0.5416666666666666,1.0,0.4444444444444444
8411,discriminative-attribute-number,yes,1,0.0,1.0,1.0,1.0,0.0,1.0,1.0,1.0,0.47619047619047616,1.0,0.5416666666666666,0.5416666666666666,1.0,0.4444444444444444
8413,discriminative-attribute-state,yes,0,0.7272727272727273,0.5636363636363636,0.0,1.0,1.0,1.0,0.0,1.0,0.5151515151515151,0.675,0.4666666666666667,0.5416666666666666,1.0,0.4444444444444444
8415,discriminative-attribute-number,yes,0,1.0,1.0,0.9090909090909091,0.8181818181818182,1.0,1.0,0.8,0.6,0.9090909090909091,1.0,0.875,0.875,0.7666666666666667,0.8
8417,discriminative-attribute-state,yes,0,1.0,1.0,0.0,1.0,1.0,1.0,0.0,1.0,0.47619047619047616,1.0,0.5416666666666666,0.5416666666666666,1.0,0.4444444444444444
8419,discriminative-attribute-number,yes,0,1.0,1.0,0.0,1.0,1.0,1.0,0.0,1.0,0.47619047619047616,1.0,0.5416666666666666,0.5416666666666666,1.0,0.4444444444444444
8421,discriminative-attribute-action,yes,1,0.0,1.0,1.0,1.0,0.0,1.0,1.0,1.0,0.47619047619047616,1.0,0.5416666666666666,0.5416666666666666,1.0,0.4444444444444444
8423,discriminative-attribute-state,yes,0,1.0,1.0,0.0,1.0,1.0,1.0,0.0,1.0,0.47619047619047616,1.0,0.5416666666666666,0.5416666666666666,1.0,0.4444444444444444
8425,discriminative-attribute-state,yes,0,1.0,1.0,0.0,1.0,1.0,1.0,0.0,1.0,0.47619047619047616,1.0,0.5416666666666666,0.5416666666666666,1.0,0.4444444444444444
8427,discriminative-attribute-number,yes,0,1.0,1.0,0.09090909090909091,0.8181818181818182,1.0,1.0,0.0,1.0,0.4805194805194805,1.0,0.5416666666666666,0.5,0.875,0.4444444444444444
8429,discriminative-attribute-state,yes,0,1.0,1.0,0.09090909090909091,0.8181818181818182,1.0,1.0,0.2,0.6,0.4805194805194805,1.0,0.6,0.5,0.7666666666666667,0.4666666666666667
8431,discriminative-attribute-state,yes,1,0.0,1.0,1.0,1.0,0.0,1.0,1.0,1.0,0.47619047619047616,1.0,0.5416666666666666,0.5416666666666666,1.0,0.4444444444444444
8433,discriminative-attribute-state,yes,0,0.9090909090909091,0.8181818181818182,0.09090909090909091,0.8181818181818182,1.0,1.0,0.0,1.0,0.47619047619047616,0.875,0.5,0.5,0.875,0.4444444444444444
8435,discriminative-attribute-state,yes,1,0.18181818181818182,0.6727272727272727,1.0,1.0,0.0,1.0,1.0,1.0,0.4935064935064935,0.7666666666666667,0.475,0.5416666666666666,1.0,0.4444444444444444
8437,discriminative-attribute-state,yes,1,0.09090909090909091,0.8181818181818182,1.0,1.0,0.0,1.0,1.0,1.0,0.4805194805194805,0.875,0.5,0.5416666666666666,1.0,0.4444444444444444
8439,discriminative-attribute-action,yes,1,0.0,1.0,0.0,1.0,0.2,0.6,0.8,0.6,1.0,0.875,0.6,0.875,0.6,0.4444444444444444
8441,discriminative-attribute-number,yes,0,0.6363636363636364,0.4909090909090909,1.0,1.0,1.0,1.0,0.6,0.4,0.6883116883116883,0.6,0.5,1.0,0.7666666666666667,0.6444444444444445
8443,discriminative-attribute-state,yes,0,1.0,1.0,0.0,1.0,1.0,1.0,0.0,1.0,0.47619047619047616,1.0,0.5416666666666666,0.5416666666666666,1.0,0.4444444444444444
8445,discriminative-attribute-state,yes,0,1.0,1.0,0.0,1.0,1.0,1.0,0.4,0.4,0.47619047619047616,1.0,0.675,0.5416666666666666,0.7666666666666667,0.5333333333333333
8447,discriminative-attribute-state,yes,0,0.7272727272727273,0.5636363636363636,0.0,1.0,1.0,1.0,0.0,1.0,0.5151515151515151,0.675,0.4666666666666667,0.5416666666666666,1.0,0.4444444444444444
8449,discriminative-attribute-state,yes,1,0.18181818181818182,0.6727272727272727,0.9090909090909091,0.8181818181818182,0.0,1.0,1.0,1.0,0.4805194805194805,0.7666666666666667,0.475,0.5,0.875,0.4444444444444444
8451,discriminative-attribute-number,yes,0,1.0,1.0,0.6363636363636364,0.4909090909090909,1.0,1.0,0.6,0.4,0.6883116883116883,1.0,0.7666666666666667,0.6,0.5,0.6444444444444445
8457,discriminative-attribute-state,yes,1,0.09090909090909091,0.8181818181818182,0.9090909090909091,0.8181818181818182,0.0,1.0,1.0,1.0,0.47619047619047616,0.875,0.5,0.5,0.875,0.4444444444444444
8459,discriminative-attribute-number,yes,0,1.0,1.0,1.0,1.0,1.0,1.0,1.0,1.0,1.0,1.0,1.0,1.0,1.0,1.0
8461,discriminative-attribute-state,yes,0,0.7272727272727273,0.5636363636363636,0.0,1.0,1.0,1.0,0.0,1.0,0.5151515151515151,0.675,0.4666666666666667,0.5416666666666666,1.0,0.4444444444444444
8463,discriminative-attribute-state,yes,0,1.0,1.0,0.36363636363636365,0.4909090909090909,1.0,1.0,0.0,1.0,0.5454545454545454,1.0,0.5416666666666666,0.475,0.6,0.4444444444444444
8465,discriminative-attribute-number,yes,1,0.7272727272727273,0.5636363636363636,0.0,1.0,0.4,0.4,0.4,0.4,0.5151515151515151,0.5,0.5,0.7666666666666667,0.7666666666666667,0.4666666666666667
8467,discriminative-attribute-number,yes,1,0.0,1.0,0.0,1.0,0.0,1.0,0.2,0.6,1.0,1.0,0.875,1.0,0.875,0.8
8469,discriminative-attribute-state,yes,0,1.0,1.0,0.09090909090909091,0.8181818181818182,1.0,1.0,0.0,1.0,0.4805194805194805,1.0,0.5416666666666666,0.5,0.875,0.4444444444444444
8471,discriminative-attribute-number,yes,0,1.0,1.0,1.0,1.0,1.0,1.0,1.0,1.0,1.0,1.0,1.0,1.0,1.0,1.0
8473,discriminative-attribute-number,yes,0,1.0,1.0,0.09090909090909091,0.8181818181818182,1.0,1.0,0.8,0.6,0.4805194805194805,1.0,0.875,0.5,0.5416666666666666,0.8
8475,discriminative-attribute-state,yes,0,1.0,1.0,0.09090909090909091,0.8181818181818182,1.0,1.0,0.0,1.0,0.4805194805194805,1.0,0.5416666666666666,0.5,0.875,0.4444444444444444
8477,discriminative-attribute-number,yes,0,1.0,1.0,0.0,1.0,1.0,1.0,0.2,0.6,0.47619047619047616,1.0,0.6,0.5416666666666666,0.875,0.4666666666666667
8479,discriminative-attribute-state,yes,0,1.0,1.0,0.0,1.0,1.0,1.0,0.0,1.0,0.47619047619047616,1.0,0.5416666666666666,0.5416666666666666,1.0,0.4444444444444444
8481,discriminative-attribute-state,yes,1,0.5454545454545454,0.45454545454545453,1.0,1.0,0.2,0.6,1.0,1.0,0.6320346320346321,0.475,0.5416666666666666,0.6,1.0,0.4666666666666667
8483,discriminative-attribute-state,yes,0,0.9090909090909091,0.8181818181818182,0.0,1.0,1.0,1.0,0.0,1.0,0.4805194805194805,0.875,0.5,0.5416666666666666,1.0,0.4444444444444444
8485,discriminative-attribute-number,yes,0,1.0,1.0,0.09090909090909091,0.8181818181818182,1.0,1.0,0.0,1.0,0.4805194805194805,1.0,0.5416666666666666,0.5,0.875,0.4444444444444444
8487,discriminative-attribute-state,yes,0,1.0,1.0,0.0,1.0,1.0,1.0,0.0,1.0,0.47619047619047616,1.0,0.5416666666666666,0.5416666666666666,1.0,0.4444444444444444
8489,discriminative-attribute-state,yes,0,1.0,1.0,0.09090909090909091,0.8181818181818182,1.0,1.0,0.0,1.0,0.4805194805194805,1.0,0.5416666666666666,0.5,0.875,0.4444444444444444
8491,discriminative-attribute-state,yes,0,1.0,1.0,0.0,1.0,1.0,1.0,0.0,1.0,0.47619047619047616,1.0,0.5416666666666666,0.5416666666666666,1.0,0.4444444444444444
8493,discriminative-attribute-state,yes,0,1.0,1.0,0.0,1.0,1.0,1.0,0.2,0.6,0.47619047619047616,1.0,0.6,0.5416666666666666,0.875,0.4666666666666667
8495,discriminative-attribute-state,yes,0,1.0,1.0,0.0,1.0,1.0,1.0,0.0,1.0,0.47619047619047616,1.0,0.5416666666666666,0.5416666666666666,1.0,0.4444444444444444
8497,discriminative-attribute-state,yes,0,0.45454545454545453,0.45454545454545453,0.5454545454545454,0.45454545454545453,0.0,1.0,1.0,1.0,0.47619047619047616,0.5416666666666666,0.5,0.5,0.5416666666666666,0.4444444444444444
8499,discriminative-attribute-state,yes,1,0.6363636363636364,0.4909090909090909,0.36363636363636365,0.4909090909090909,1.0,1.0,0.2,0.6,0.47619047619047616,0.6,0.4666666666666667,0.475,0.5416666666666666,0.4666666666666667
8501,discriminative-attribute-state,yes,0,0.7272727272727273,0.5636363636363636,1.0,1.0,1.0,1.0,0.6,0.4,0.7532467532467533,0.675,0.5416666666666666,1.0,0.7666666666666667,0.6444444444444445
8503,discriminative-attribute-state,yes,1,0.0,1.0,1.0,1.0,0.0,1.0,1.0,1.0,0.47619047619047616,1.0,0.5416666666666666,0.5416666666666666,1.0,0.4444444444444444
8505,discriminative-attribute-state,yes,0,1.0,1.0,0.09090909090909091,0.8181818181818182,1.0,1.0,0.0,1.0,0.4805194805194805,1.0,0.5416666666666666,0.5,0.875,0.4444444444444444
8507,discriminative-attribute-state,yes,0,1.0,1.0,0.0,1.0,0.8,0.6,0.0,1.0,0.47619047619047616,0.875,0.5416666666666666,0.6,1.0,0.4666666666666667
8509,discriminative-attribute-state,yes,0,1.0,1.0,0.7272727272727273,0.5636363636363636,1.0,1.0,1.0,1.0,0.7532467532467533,1.0,1.0,0.675,0.675,1.0
8511,discriminative-attribute-state,yes,0,1.0,1.0,1.0,1.0,1.0,1.0,0.8,0.6,1.0,1.0,0.875,1.0,0.875,0.8
8513,discriminative-attribute-state,yes,0,0.9090909090909091,0.8181818181818182,0.0,1.0,1.0,1.0,0.0,1.0,0.4805194805194805,0.875,0.5,0.5416666666666666,1.0,0.4444444444444444
8515,discriminative-attribute-state,yes,0,1.0,1.0,1.0,1.0,1.0,1.0,0.6,0.4,1.0,1.0,0.7666666666666667,1.0,0.7666666666666667,0.6444444444444445
8517,discriminative-attribute-state,yes,0,1.0,1.0,0.0,1.0,0.8,0.6,0.0,1.0,0.47619047619047616,0.875,0.5416666666666666,0.6,1.0,0.4666666666666667
8519,discriminative-attribute-state,yes,0,1.0,1.0,0.0,1.0,1.0,1.0,0.6,0.4,0.47619047619047616,1.0,0.7666666666666667,0.5416666666666666,0.675,0.6444444444444445
8521,discriminative-attribute-state,yes,1,0.18181818181818182,0.6727272727272727,0.7272727272727273,0.5636363636363636,0.6,0.4,0.4,0.4,0.4805194805194805,0.5416666666666666,0.6,0.5416666666666666,0.5,0.4444444444444444
8523,discriminative-attribute-state,yes,0,1.0,1.0,0.7272727272727273,0.5636363636363636,1.0,1.0,0.2,0.6,0.7532467532467533,1.0,0.6,0.675,0.475,0.4666666666666667
8525,discriminative-attribute-state,yes,0,1.0,1.0,1.0,1.0,1.0,1.0,0.4,0.4,1.0,1.0,0.675,1.0,0.675,0.5333333333333333
8527,discriminative-attribute-state,yes,0,1.0,1.0,0.18181818181818182,0.6727272727272727,1.0,1.0,0.0,1.0,0.4935064935064935,1.0,0.5416666666666666,0.475,0.7666666666666667,0.4444444444444444
8529,discriminative-attribute-number,yes,0,1.0,1.0,0.0,1.0,1.0,1.0,0.0,1.0,0.47619047619047616,1.0,0.5416666666666666,0.5416666666666666,1.0,0.4444444444444444
8531,discriminative-attribute-number,yes,0,1.0,1.0,0.2727272727272727,0.5636363636363636,1.0,1.0,0.0,1.0,0.5151515151515151,1.0,0.5416666666666666,0.4666666666666667,0.675,0.4444444444444444
8533,discriminative-attribute-state,yes,0,1.0,1.0,0.0,1.0,1.0,1.0,0.0,1.0,0.47619047619047616,1.0,0.5416666666666666,0.5416666666666666,1.0,0.4444444444444444
8535,discriminative-attribute-state,yes,1,1.0,1.0,1.0,1.0,0.8,0.6,1.0,1.0,1.0,0.875,1.0,0.875,1.0,0.8
8537,discriminative-attribute-state,yes,0,1.0,1.0,0.0,1.0,1.0,1.0,0.0,1.0,0.47619047619047616,1.0,0.5416666666666666,0.5416666666666666,1.0,0.4444444444444444
8539,discriminative-attribute-state,yes,0,0.7272727272727273,0.5636363636363636,0.0,1.0,1.0,1.0,0.0,1.0,0.5151515151515151,0.675,0.4666666666666667,0.5416666666666666,1.0,0.4444444444444444
8541,discriminative-attribute-number,yes,1,0.09090909090909091,0.8181818181818182,0.0,1.0,0.0,1.0,0.0,1.0,0.9090909090909091,0.875,0.875,1.0,1.0,1.0
8543,discriminative-attribute-state,yes,1,0.36363636363636365,0.4909090909090909,0.9090909090909091,0.8181818181818182,0.6,0.4,1.0,1.0,0.5151515151515151,0.475,0.475,0.675,0.875,0.6444444444444445
8545,discriminative-attribute-state,yes,1,0.0,1.0,1.0,1.0,0.4,0.4,1.0,1.0,0.47619047619047616,0.7666666666666667,0.5416666666666666,0.675,1.0,0.5333333333333333
8549,discriminative-attribute-state,yes,0,1.0,1.0,0.2727272727272727,0.5636363636363636,1.0,1.0,0.0,1.0,0.5151515151515151,1.0,0.5416666666666666,0.4666666666666667,0.675,0.4444444444444444
8551,discriminative-attribute-state,yes,0,0.9090909090909091,0.8181818181818182,0.0,1.0,1.0,1.0,0.0,1.0,0.4805194805194805,0.875,0.5,0.5416666666666666,1.0,0.4444444444444444
8553,discriminative-attribute-number,yes,0,1.0,1.0,0.2727272727272727,0.5636363636363636,1.0,1.0,0.8,0.6,0.5151515151515151,1.0,0.875,0.4666666666666667,0.475,0.8
8555,discriminative-attribute-state,yes,0,1.0,1.0,0.2727272727272727,0.5636363636363636,1.0,1.0,0.0,1.0,0.5151515151515151,1.0,0.5416666666666666,0.4666666666666667,0.675,0.4444444444444444
8557,discriminative-attribute-action,yes,1,1.0,1.0,1.0,1.0,0.2,0.6,1.0,1.0,1.0,0.6,1.0,0.6,1.0,0.4666666666666667
8559,discriminative-attribute-state,yes,0,1.0,1.0,0.0,1.0,1.0,1.0,0.0,1.0,0.47619047619047616,1.0,0.5416666666666666,0.5416666666666666,1.0,0.4444444444444444
8561,discriminative-attribute-action,yes,0,1.0,1.0,0.0,1.0,1.0,1.0,0.0,1.0,0.47619047619047616,1.0,0.5416666666666666,0.5416666666666666,1.0,0.4444444444444444
8563,discriminative-attribute-state,yes,0,1.0,1.0,0.0,1.0,1.0,1.0,0.0,1.0,0.47619047619047616,1.0,0.5416666666666666,0.5416666666666666,1.0,0.4444444444444444
8565,discriminative-attribute-action,yes,1,0.7272727272727273,0.5636363636363636,1.0,1.0,0.2,0.6,1.0,1.0,0.7532467532467533,0.475,0.675,0.6,1.0,0.4666666666666667
8567,discriminative-attribute-state,yes,0,1.0,1.0,0.0,1.0,1.0,1.0,0.0,1.0,0.47619047619047616,1.0,0.5416666666666666,0.5416666666666666,1.0,0.4444444444444444
8569,discriminative-attribute-state,yes,0,1.0,1.0,0.0,1.0,1.0,1.0,0.0,1.0,0.47619047619047616,1.0,0.5416666666666666,0.5416666666666666,1.0,0.4444444444444444
8571,discriminative-attribute-state,yes,0,1.0,1.0,0.2727272727272727,0.5636363636363636,1.0,1.0,0.2,0.6,0.5151515151515151,1.0,0.6,0.4666666666666667,0.6,0.4666666666666667
8573,discriminative-attribute-state,yes,0,1.0,1.0,0.0,1.0,1.0,1.0,0.0,1.0,0.47619047619047616,1.0,0.5416666666666666,0.5416666666666666,1.0,0.4444444444444444
8575,discriminative-attribute-state,yes,1,1.0,1.0,1.0,1.0,0.2,0.6,1.0,1.0,1.0,0.6,1.0,0.6,1.0,0.4666666666666667
8577,discriminative-attribute-state,yes,0,1.0,1.0,0.7272727272727273,0.5636363636363636,1.0,1.0,0.4,0.4,0.7532467532467533,1.0,0.675,0.675,0.5,0.5333333333333333
8579,discriminative-attribute-state,yes,1,0.18181818181818182,0.6727272727272727,1.0,1.0,0.0,1.0,1.0,1.0,0.4935064935064935,0.7666666666666667,0.475,0.5416666666666666,1.0,0.4444444444444444
8581,discriminative-attribute-state,yes,1,0.0,1.0,1.0,1.0,0.0,1.0,1.0,1.0,0.47619047619047616,1.0,0.5416666666666666,0.5416666666666666,1.0,0.4444444444444444
8583,discriminative-attribute-state,yes,0,1.0,1.0,0.0,1.0,1.0,1.0,0.2,0.6,0.47619047619047616,1.0,0.6,0.5416666666666666,0.875,0.4666666666666667
8585,discriminative-attribute-number,yes,0,1.0,1.0,0.0,1.0,1.0,1.0,0.4,0.4,0.47619047619047616,1.0,0.675,0.5416666666666666,0.7666666666666667,0.5333333333333333
8587,discriminative-attribute-state,yes,0,1.0,1.0,0.0,1.0,1.0,1.0,0.2,0.6,0.47619047619047616,1.0,0.6,0.5416666666666666,0.875,0.4666666666666667
8591,discriminative-attribute-number,yes,0,1.0,1.0,0.2727272727272727,0.5636363636363636,1.0,1.0,0.4,0.4,0.5151515151515151,1.0,0.675,0.4666666666666667,0.5416666666666666,0.5333333333333333
8593,discriminative-attribute-state,yes,0,0.6363636363636364,0.4909090909090909,0.0,1.0,1.0,1.0,0.0,1.0,0.5454545454545454,0.6,0.475,0.5416666666666666,1.0,0.4444444444444444
8595,discriminative-attribute-state,yes,0,0.9090909090909091,0.8181818181818182,0.18181818181818182,0.6727272727272727,1.0,1.0,0.0,1.0,0.4805194805194805,0.875,0.5,0.475,0.7666666666666667,0.4444444444444444
8599,discriminative-attribute-number,yes,0,1.0,1.0,0.09090909090909091,0.8181818181818182,1.0,1.0,0.4,0.4,0.4805194805194805,1.0,0.675,0.5,0.675,0.5333333333333333
8601,discriminative-attribute-state,yes,0,1.0,1.0,0.0,1.0,1.0,1.0,0.0,1.0,0.47619047619047616,1.0,0.5416666666666666,0.5416666666666666,1.0,0.4444444444444444
8603,discriminative-attribute-number,yes,1,0.0,1.0,0.7272727272727273,0.5636363636363636,0.0,1.0,1.0,1.0,0.5151515151515151,1.0,0.5416666666666666,0.4666666666666667,0.675,0.4444444444444444
8605,discriminative-attribute-state,yes,0,1.0,1.0,0.2727272727272727,0.5636363636363636,1.0,1.0,0.0,1.0,0.5151515151515151,1.0,0.5416666666666666,0.4666666666666667,0.675,0.4444444444444444
8607,discriminative-attribute-number,yes,1,0.0,1.0,0.7272727272727273,0.5636363636363636,0.0,1.0,1.0,1.0,0.5151515151515151,1.0,0.5416666666666666,0.4666666666666667,0.675,0.4444444444444444
8609,discriminative-attribute-number,yes,1,0.0,1.0,0.0,1.0,0.2,0.6,0.6,0.4,1.0,0.875,0.675,0.875,0.675,0.4666666666666667
8611,discriminative-attribute-number,yes,1,0.0,1.0,0.5454545454545454,0.45454545454545453,0.0,1.0,0.4,0.4,0.5844155844155844,1.0,0.7666666666666667,0.5,0.4666666666666667,0.6444444444444445
8613,discriminative-attribute-state,yes,0,1.0,1.0,0.0,1.0,1.0,1.0,0.0,1.0,0.47619047619047616,1.0,0.5416666666666666,0.5416666666666666,1.0,0.4444444444444444
8615,discriminative-attribute-number,yes,0,1.0,1.0,0.0,1.0,1.0,1.0,0.0,1.0,0.47619047619047616,1.0,0.5416666666666666,0.5416666666666666,1.0,0.4444444444444444
8617,discriminative-attribute-state,yes,0,1.0,1.0,0.2727272727272727,0.5636363636363636,1.0,1.0,0.0,1.0,0.5151515151515151,1.0,0.5416666666666666,0.4666666666666667,0.675,0.4444444444444444
8619,discriminative-attribute-state,yes,0,0.5454545454545454,0.45454545454545453,0.0,1.0,1.0,1.0,0.0,1.0,0.5844155844155844,0.5416666666666666,0.5,0.5416666666666666,1.0,0.4444444444444444
8623,discriminative-attribute-state,yes,0,0.0,1.0,0.09090909090909091,0.8181818181818182,0.4,0.4,0.0,1.0,0.9090909090909091,0.7666666666666667,1.0,0.675,0.875,0.6444444444444445
8625,discriminative-attribute-action,yes,0,1.0,1.0,0.9090909090909091,0.8181818181818182,1.0,1.0,0.4,0.4,0.9090909090909091,1.0,0.675,0.875,0.6,0.5333333333333333
8627,discriminative-attribute-number,yes,0,1.0,1.0,1.0,1.0,1.0,1.0,0.6,0.4,1.0,1.0,0.7666666666666667,1.0,0.7666666666666667,0.6444444444444445
8629,discriminative-attribute-number,yes,0,1.0,1.0,0.6363636363636364,0.4909090909090909,1.0,1.0,0.6,0.4,0.6883116883116883,1.0,0.7666666666666667,0.6,0.5,0.6444444444444445
8631,discriminative-attribute-number,yes,1,0.0,1.0,0.0,1.0,0.0,1.0,0.4,0.4,1.0,1.0,0.7666666666666667,1.0,0.7666666666666667,0.6444444444444445
13557,discriminative-relation,yes,0,1.0,1.0,0.2727272727272727,0.5636363636363636,1.0,1.0,0.0,1.0,0.5151515151515151,1.0,0.5416666666666666,0.4666666666666667,0.675,0.4444444444444444
13559,discriminative-relation,yes,1,1.0,1.0,0.0,1.0,0.4,0.4,0.8,0.6,0.47619047619047616,0.675,0.875,0.7666666666666667,0.6,0.4666666666666667
13561,discriminative-relation,yes,0,1.0,1.0,0.45454545454545453,0.45454545454545453,1.0,1.0,0.0,1.0,0.5844155844155844,1.0,0.5416666666666666,0.5,0.5416666666666666,0.4444444444444444
13562,discriminative-relation,yes,1,0.0,1.0,0.6363636363636364,0.4909090909090909,0.0,1.0,1.0,1.0,0.5454545454545454,1.0,0.5416666666666666,0.475,0.6,0.4444444444444444
13564,discriminative-relation,yes,1,0.0,1.0,0.7272727272727273,0.5636363636363636,0.0,1.0,1.0,1.0,0.5151515151515151,1.0,0.5416666666666666,0.4666666666666667,0.675,0.4444444444444444
13565,discriminative-relation,yes,1,0.0,1.0,0.9090909090909091,0.8181818181818182,0.0,1.0,1.0,1.0,0.4805194805194805,1.0,0.5416666666666666,0.5,0.875,0.4444444444444444
13567,discriminative-relation,yes,1,0.0,1.0,0.9090909090909091,0.8181818181818182,0.0,1.0,1.0,1.0,0.4805194805194805,1.0,0.5416666666666666,0.5,0.875,0.4444444444444444
13569,discriminative-relation,yes,1,0.0,1.0,0.8181818181818182,0.6727272727272727,0.0,1.0,1.0,1.0,0.4935064935064935,1.0,0.5416666666666666,0.475,0.7666666666666667,0.4444444444444444
13571,discriminative-relation,yes,1,0.0,1.0,0.0,1.0,0.0,1.0,0.4,0.4,1.0,1.0,0.7666666666666667,1.0,0.7666666666666667,0.6444444444444445
13573,discriminative-relation,yes,1,0.0,1.0,0.9090909090909091,0.8181818181818182,0.0,1.0,1.0,1.0,0.4805194805194805,1.0,0.5416666666666666,0.5,0.875,0.4444444444444444
13575,discriminative-relation,yes,0,1.0,1.0,0.2727272727272727,0.5636363636363636,1.0,1.0,0.0,1.0,0.5151515151515151,1.0,0.5416666666666666,0.4666666666666667,0.675,0.4444444444444444
13576,discriminative-relation,yes,0,1.0,1.0,0.8181818181818182,0.6727272727272727,1.0,1.0,0.0,1.0,0.8268398268398268,1.0,0.5416666666666666,0.7666666666666667,0.475,0.4444444444444444
13577,discriminative-relation,yes,0,0.9090909090909091,0.8181818181818182,0.9090909090909091,0.8181818181818182,1.0,1.0,0.4,0.4,0.8268398268398268,0.875,0.6,0.875,0.6,0.5333333333333333
13581,discriminative-relation,yes,1,0.0,1.0,0.7272727272727273,0.5636363636363636,0.0,1.0,0.8,0.6,0.5151515151515151,1.0,0.6,0.4666666666666667,0.6,0.4666666666666667
13582,discriminative-relation,yes,1,0.0,1.0,0.7272727272727273,0.5636363636363636,0.0,1.0,1.0,1.0,0.5151515151515151,1.0,0.5416666666666666,0.4666666666666667,0.675,0.4444444444444444
13584,discriminative-relation,yes,0,1.0,1.0,0.0,1.0,1.0,1.0,0.0,1.0,0.47619047619047616,1.0,0.5416666666666666,0.5416666666666666,1.0,0.4444444444444444
13585,discriminative-relation,yes,1,0.5454545454545454,0.45454545454545453,0.18181818181818182,0.6727272727272727,0.0,1.0,0.4,0.4,0.5151515151515151,0.5,0.4666666666666667,0.7666666666666667,0.6,0.6444444444444445
13588,discriminative-relation,yes,1,0.0,1.0,0.5454545454545454,0.45454545454545453,0.0,1.0,0.8,0.6,0.5844155844155844,1.0,0.6,0.5,0.5,0.4666666666666667
13589,discriminative-relation,yes,0,0.9090909090909091,0.8181818181818182,1.0,1.0,1.0,1.0,0.6,0.4,0.9090909090909091,0.875,0.675,1.0,0.7666666666666667,0.6444444444444445
13591,discriminative-relation,yes,0,1.0,1.0,0.09090909090909091,0.8181818181818182,1.0,1.0,0.0,1.0,0.4805194805194805,1.0,0.5416666666666666,0.5,0.875,0.4444444444444444
13593,discriminative-relation,yes,0,1.0,1.0,0.6363636363636364,0.4909090909090909,1.0,1.0,0.2,0.6,0.6883116883116883,1.0,0.6,0.6,0.4666666666666667,0.4666666666666667
13594,discriminative-relation,yes,1,0.09090909090909091,0.8181818181818182,0.09090909090909091,0.8181818181818182,0.0,1.0,0.4,0.4,0.8268398268398268,0.875,0.675,0.875,0.675,0.6444444444444445
13595,discriminative-relation,yes,1,0.0,1.0,0.36363636363636365,0.4909090909090909,0.0,1.0,1.0,1.0,0.6883116883116883,1.0,0.5416666666666666,0.6,0.475,0.4444444444444444
13598,discriminative-relation,yes,0,1.0,1.0,0.0,1.0,1.0,1.0,0.0,1.0,0.47619047619047616,1.0,0.5416666666666666,0.5416666666666666,1.0,0.4444444444444444
13601,discriminative-relation,yes,1,0.09090909090909091,0.8181818181818182,1.0,1.0,0.0,1.0,1.0,1.0,0.4805194805194805,0.875,0.5,0.5416666666666666,1.0,0.4444444444444444
13602,discriminative-relation,yes,1,0.0,1.0,1.0,1.0,0.0,1.0,1.0,1.0,0.47619047619047616,1.0,0.5416666666666666,0.5416666666666666,1.0,0.4444444444444444
13604,discriminative-relation,yes,1,0.0,1.0,1.0,1.0,0.0,1.0,1.0,1.0,0.47619047619047616,1.0,0.5416666666666666,0.5416666666666666,1.0,0.4444444444444444
13606,discriminative-relation,yes,1,0.0,1.0,1.0,1.0,0.0,1.0,1.0,1.0,0.47619047619047616,1.0,0.5416666666666666,0.5416666666666666,1.0,0.4444444444444444
13608,discriminative-relation,yes,1,0.0,1.0,0.6363636363636364,0.4909090909090909,0.0,1.0,1.0,1.0,0.5454545454545454,1.0,0.5416666666666666,0.475,0.6,0.4444444444444444
13609,discriminative-relation,yes,0,1.0,1.0,0.0,1.0,1.0,1.0,0.0,1.0,0.47619047619047616,1.0,0.5416666666666666,0.5416666666666666,1.0,0.4444444444444444
13611,discriminative-relation,yes,1,0.0,1.0,0.9090909090909091,0.8181818181818182,0.0,1.0,1.0,1.0,0.4805194805194805,1.0,0.5416666666666666,0.5,0.875,0.4444444444444444
13613,discriminative-relation,yes,1,0.0,1.0,0.8181818181818182,0.6727272727272727,0.0,1.0,1.0,1.0,0.4935064935064935,1.0,0.5416666666666666,0.475,0.7666666666666667,0.4444444444444444
13615,discriminative-relation,yes,1,0.0,1.0,0.7272727272727273,0.5636363636363636,0.0,1.0,1.0,1.0,0.5151515151515151,1.0,0.5416666666666666,0.4666666666666667,0.675,0.4444444444444444
13617,discriminative-relation,yes,1,0.2727272727272727,0.5636363636363636,1.0,1.0,0.0,1.0,1.0,1.0,0.5151515151515151,0.675,0.4666666666666667,0.5416666666666666,1.0,0.4444444444444444
13619,discriminative-relation,yes,0,1.0,1.0,1.0,1.0,1.0,1.0,0.8,0.6,1.0,1.0,0.875,1.0,0.875,0.8
13620,discriminative-relation,yes,0,1.0,1.0,0.0,1.0,1.0,1.0,0.2,0.6,0.47619047619047616,1.0,0.6,0.5416666666666666,0.875,0.4666666666666667
13622,discriminative-relation,yes,1,0.0,1.0,0.0,1.0,0.0,1.0,0.6,0.4,1.0,1.0,0.675,1.0,0.675,0.5333333333333333
13624,discriminative-relation,yes,1,0.0,1.0,0.9090909090909091,0.8181818181818182,0.0,1.0,1.0,1.0,0.4805194805194805,1.0,0.5416666666666666,0.5,0.875,0.4444444444444444
13626,discriminative-relation,yes,0,1.0,1.0,0.18181818181818182,0.6727272727272727,1.0,1.0,0.0,1.0,0.4935064935064935,1.0,0.5416666666666666,0.475,0.7666666666666667,0.4444444444444444
13628,discriminative-relation,yes,0,1.0,1.0,1.0,1.0,1.0,1.0,0.4,0.4,1.0,1.0,0.675,1.0,0.675,0.5333333333333333
13629,discriminative-relation,yes,0,1.0,1.0,0.36363636363636365,0.4909090909090909,1.0,1.0,0.0,1.0,0.5454545454545454,1.0,0.5416666666666666,0.475,0.6,0.4444444444444444
13631,discriminative-relation,yes,1,0.0,1.0,0.5454545454545454,0.45454545454545453,0.0,1.0,0.8,0.6,0.5844155844155844,1.0,0.6,0.5,0.5,0.4666666666666667
13633,discriminative-relation,yes,1,0.0,1.0,0.0,1.0,0.0,1.0,0.6,0.4,1.0,1.0,0.675,1.0,0.675,0.5333333333333333
13635,discriminative-relation,yes,0,1.0,1.0,0.09090909090909091,0.8181818181818182,1.0,1.0,0.0,1.0,0.4805194805194805,1.0,0.5416666666666666,0.5,0.875,0.4444444444444444
13637,discriminative-relation,yes,1,0.0,1.0,1.0,1.0,0.0,1.0,1.0,1.0,0.47619047619047616,1.0,0.5416666666666666,0.5416666666666666,1.0,0.4444444444444444
13639,discriminative-relation,yes,1,0.0,1.0,0.8181818181818182,0.6727272727272727,0.0,1.0,1.0,1.0,0.4935064935064935,1.0,0.5416666666666666,0.475,0.7666666666666667,0.4444444444444444
13641,discriminative-relation,yes,1,0.0,1.0,0.2727272727272727,0.5636363636363636,0.0,1.0,0.8,0.6,0.7532467532467533,1.0,0.6,0.675,0.475,0.4666666666666667
13642,discriminative-relation,yes,0,1.0,1.0,0.45454545454545453,0.45454545454545453,1.0,1.0,0.0,1.0,0.5844155844155844,1.0,0.5416666666666666,0.5,0.5416666666666666,0.4444444444444444
13644,discriminative-relation,yes,0,1.0,1.0,1.0,1.0,1.0,1.0,0.8,0.6,1.0,1.0,0.875,1.0,0.875,0.8
13646,discriminative-relation,yes,0,1.0,1.0,0.18181818181818182,0.6727272727272727,1.0,1.0,0.0,1.0,0.4935064935064935,1.0,0.5416666666666666,0.475,0.7666666666666667,0.4444444444444444
13648,discriminative-relation,yes,0,1.0,1.0,0.0,1.0,1.0,1.0,0.0,1.0,0.47619047619047616,1.0,0.5416666666666666,0.5416666666666666,1.0,0.4444444444444444
13649,discriminative-relation,yes,0,1.0,1.0,0.36363636363636365,0.4909090909090909,1.0,1.0,0.0,1.0,0.5454545454545454,1.0,0.5416666666666666,0.475,0.6,0.4444444444444444
13651,discriminative-relation,yes,1,0.0,1.0,0.8181818181818182,0.6727272727272727,0.0,1.0,0.8,0.6,0.4935064935064935,1.0,0.6,0.475,0.675,0.4666666666666667
13653,discriminative-relation,yes,1,0.0,1.0,1.0,1.0,0.0,1.0,1.0,1.0,0.47619047619047616,1.0,0.5416666666666666,0.5416666666666666,1.0,0.4444444444444444
13654,discriminative-relation,yes,0,1.0,1.0,1.0,1.0,1.0,1.0,0.6,0.4,1.0,1.0,0.7666666666666667,1.0,0.7666666666666667,0.6444444444444445
13656,discriminative-relation,yes,1,0.0,1.0,0.8181818181818182,0.6727272727272727,0.0,1.0,0.8,0.6,0.4935064935064935,1.0,0.6,0.475,0.675,0.4666666666666667
13660,discriminative-relation,yes,1,0.18181818181818182,0.6727272727272727,0.0,1.0,0.0,1.0,0.0,1.0,0.8268398268398268,0.7666666666666667,0.7666666666666667,1.0,1.0,1.0
13664,discriminative-relation,yes,0,0.9090909090909091,0.8181818181818182,0.9090909090909091,0.8181818181818182,1.0,1.0,0.8,0.6,0.8268398268398268,0.875,0.7666666666666667,0.875,0.7666666666666667,0.8
13666,discriminative-relation,yes,0,1.0,1.0,0.18181818181818182,0.6727272727272727,1.0,1.0,0.0,1.0,0.4935064935064935,1.0,0.5416666666666666,0.475,0.7666666666666667,0.4444444444444444
13667,discriminative-relation,yes,0,1.0,1.0,1.0,1.0,1.0,1.0,0.4,0.4,1.0,1.0,0.675,1.0,0.675,0.5333333333333333
13669,discriminative-relation,yes,1,0.0,1.0,0.9090909090909091,0.8181818181818182,0.0,1.0,1.0,1.0,0.4805194805194805,1.0,0.5416666666666666,0.5,0.875,0.4444444444444444
13671,discriminative-relation,yes,1,0.0,1.0,1.0,1.0,0.0,1.0,1.0,1.0,0.47619047619047616,1.0,0.5416666666666666,0.5416666666666666,1.0,0.4444444444444444
13672,discriminative-relation,yes,0,1.0,1.0,0.2727272727272727,0.5636363636363636,1.0,1.0,0.0,1.0,0.5151515151515151,1.0,0.5416666666666666,0.4666666666666667,0.675,0.4444444444444444
13674,discriminative-relation,yes,0,1.0,1.0,0.45454545454545453,0.45454545454545453,1.0,1.0,0.2,0.6,0.5844155844155844,1.0,0.6,0.5,0.5,0.4666666666666667
13676,discriminative-relation,yes,1,0.18181818181818182,0.6727272727272727,0.6363636363636364,0.4909090909090909,0.0,1.0,1.0,1.0,0.4935064935064935,0.7666666666666667,0.475,0.475,0.6,0.4444444444444444
13678,discriminative-relation,yes,1,0.09090909090909091,0.8181818181818182,0.6363636363636364,0.4909090909090909,0.0,1.0,1.0,1.0,0.5151515151515151,0.875,0.5,0.475,0.6,0.4444444444444444
13680,discriminative-relation,yes,1,0.0,1.0,0.7272727272727273,0.5636363636363636,0.0,1.0,1.0,1.0,0.5151515151515151,1.0,0.5416666666666666,0.4666666666666667,0.675,0.4444444444444444
13682,discriminative-relation,yes,0,1.0,1.0,0.09090909090909091,0.8181818181818182,1.0,1.0,0.0,1.0,0.4805194805194805,1.0,0.5416666666666666,0.5,0.875,0.4444444444444444
13684,discriminative-relation,yes,0,1.0,1.0,1.0,1.0,1.0,1.0,0.2,0.6,1.0,1.0,0.6,1.0,0.6,0.4666666666666667
13686,discriminative-relation,yes,0,1.0,1.0,0.18181818181818182,0.6727272727272727,1.0,1.0,0.2,0.6,0.4935064935064935,1.0,0.6,0.475,0.675,0.4666666666666667
13688,discriminative-relation,yes,0,1.0,1.0,0.0,1.0,1.0,1.0,0.0,1.0,0.47619047619047616,1.0,0.5416666666666666,0.5416666666666666,1.0,0.4444444444444444
13690,discriminative-relation,yes,0,1.0,1.0,0.36363636363636365,0.4909090909090909,1.0,1.0,0.0,1.0,0.5454545454545454,1.0,0.5416666666666666,0.475,0.6,0.4444444444444444
13691,discriminative-relation,yes,1,0.5454545454545454,0.45454545454545453,1.0,1.0,0.0,1.0,1.0,1.0,0.6320346320346321,0.5,0.5416666666666666,0.5416666666666666,1.0,0.4444444444444444
13693,discriminative-relation,yes,0,1.0,1.0,0.36363636363636365,0.4909090909090909,1.0,1.0,0.4,0.4,0.5454545454545454,1.0,0.675,0.475,0.5,0.5333333333333333
13694,discriminative-relation,yes,0,1.0,1.0,0.8181818181818182,0.6727272727272727,1.0,1.0,0.2,0.6,0.8268398268398268,1.0,0.6,0.7666666666666667,0.5,0.4666666666666667
13696,discriminative-relation,yes,1,0.0,1.0,0.0,1.0,0.0,1.0,0.4,0.4,1.0,1.0,0.7666666666666667,1.0,0.7666666666666667,0.6444444444444445
13697,discriminative-relation,yes,1,0.0,1.0,1.0,1.0,0.0,1.0,0.8,0.6,0.47619047619047616,1.0,0.6,0.5416666666666666,0.875,0.4666666666666667
13699,discriminative-relation,yes,0,1.0,1.0,0.36363636363636365,0.4909090909090909,1.0,1.0,0.0,1.0,0.5454545454545454,1.0,0.5416666666666666,0.475,0.6,0.4444444444444444
13701,discriminative-relation,yes,0,1.0,1.0,0.09090909090909091,0.8181818181818182,1.0,1.0,0.0,1.0,0.4805194805194805,1.0,0.5416666666666666,0.5,0.875,0.4444444444444444
13702,discriminative-relation,yes,1,0.0,1.0,0.6363636363636364,0.4909090909090909,0.0,1.0,1.0,1.0,0.5454545454545454,1.0,0.5416666666666666,0.475,0.6,0.4444444444444444
13703,discriminative-relation,yes,0,1.0,1.0,0.18181818181818182,0.6727272727272727,1.0,1.0,0.0,1.0,0.4935064935064935,1.0,0.5416666666666666,0.475,0.7666666666666667,0.4444444444444444
13705,discriminative-relation,yes,0,1.0,1.0,0.45454545454545453,0.45454545454545453,1.0,1.0,0.0,1.0,0.5844155844155844,1.0,0.5416666666666666,0.5,0.5416666666666666,0.4444444444444444
13707,discriminative-relation,yes,0,1.0,1.0,0.09090909090909091,0.8181818181818182,1.0,1.0,0.0,1.0,0.4805194805194805,1.0,0.5416666666666666,0.5,0.875,0.4444444444444444
13709,discriminative-relation,yes,1,0.0,1.0,0.8181818181818182,0.6727272727272727,0.0,1.0,1.0,1.0,0.4935064935064935,1.0,0.5416666666666666,0.475,0.7666666666666667,0.4444444444444444
13713,discriminative-relation,yes,1,0.18181818181818182,0.6727272727272727,0.2727272727272727,0.5636363636363636,0.0,1.0,1.0,1.0,0.6320346320346321,0.7666666666666667,0.475,0.675,0.4666666666666667,0.4444444444444444
13715,discriminative-relation,yes,0,1.0,1.0,0.0,1.0,1.0,1.0,0.0,1.0,0.47619047619047616,1.0,0.5416666666666666,0.5416666666666666,1.0,0.4444444444444444
13717,discriminative-relation,yes,1,0.09090909090909091,0.8181818181818182,0.8181818181818182,0.6727272727272727,0.0,1.0,1.0,1.0,0.4805194805194805,0.875,0.5,0.475,0.7666666666666667,0.4444444444444444
13719,discriminative-relation,yes,1,0.0,1.0,0.8181818181818182,0.6727272727272727,0.0,1.0,0.8,0.6,0.4935064935064935,1.0,0.6,0.475,0.675,0.4666666666666667
13721,discriminative-relation,yes,0,1.0,1.0,0.0,1.0,1.0,1.0,0.0,1.0,0.47619047619047616,1.0,0.5416666666666666,0.5416666666666666,1.0,0.4444444444444444
13723,discriminative-relation,yes,0,1.0,1.0,0.0,1.0,1.0,1.0,0.0,1.0,0.47619047619047616,1.0,0.5416666666666666,0.5416666666666666,1.0,0.4444444444444444
13725,discriminative-relation,yes,0,1.0,1.0,1.0,1.0,1.0,1.0,0.6,0.4,1.0,1.0,0.7666666666666667,1.0,0.7666666666666667,0.6444444444444445
13727,discriminative-relation,yes,1,0.0,1.0,1.0,1.0,0.0,1.0,1.0,1.0,0.47619047619047616,1.0,0.5416666666666666,0.5416666666666666,1.0,0.4444444444444444
13729,discriminative-relation,yes,1,0.0,1.0,0.0,1.0,0.0,1.0,0.2,0.6,1.0,1.0,0.875,1.0,0.875,0.8
13731,discriminative-relation,yes,0,1.0,1.0,0.6363636363636364,0.4909090909090909,1.0,1.0,0.2,0.6,0.6883116883116883,1.0,0.6,0.6,0.4666666666666667,0.4666666666666667
13732,discriminative-relation,yes,1,0.0,1.0,0.8181818181818182,0.6727272727272727,0.0,1.0,1.0,1.0,0.4935064935064935,1.0,0.5416666666666666,0.475,0.7666666666666667,0.4444444444444444
13734,discriminative-relation,yes,0,1.0,1.0,0.5454545454545454,0.45454545454545453,1.0,1.0,0.0,1.0,0.6320346320346321,1.0,0.5416666666666666,0.5416666666666666,0.5,0.4444444444444444
13735,discriminative-relation,yes,1,0.0,1.0,0.6363636363636364,0.4909090909090909,0.0,1.0,1.0,1.0,0.5454545454545454,1.0,0.5416666666666666,0.475,0.6,0.4444444444444444
13737,discriminative-relation,yes,0,1.0,1.0,1.0,1.0,1.0,1.0,0.4,0.4,1.0,1.0,0.675,1.0,0.675,0.5333333333333333
13739,discriminative-relation,yes,1,0.09090909090909091,0.8181818181818182,0.9090909090909091,0.8181818181818182,0.0,1.0,1.0,1.0,0.47619047619047616,0.875,0.5,0.5,0.875,0.4444444444444444
13740,discriminative-relation,yes,1,0.0,1.0,0.0,1.0,0.0,1.0,0.4,0.4,1.0,1.0,0.7666666666666667,1.0,0.7666666666666667,0.6444444444444445
13741,discriminative-relation,yes,1,0.0,1.0,0.0,1.0,0.0,1.0,0.4,0.4,1.0,1.0,0.7666666666666667,1.0,0.7666666666666667,0.6444444444444445
13743,discriminative-relation,yes,1,0.0,1.0,0.0,1.0,0.0,1.0,0.6,0.4,1.0,1.0,0.675,1.0,0.675,0.5333333333333333
13745,discriminative-relation,yes,0,1.0,1.0,0.5454545454545454,0.45454545454545453,1.0,1.0,0.0,1.0,0.6320346320346321,1.0,0.5416666666666666,0.5416666666666666,0.5,0.4444444444444444
13747,discriminative-relation,yes,1,0.0,1.0,0.8181818181818182,0.6727272727272727,0.0,1.0,1.0,1.0,0.4935064935064935,1.0,0.5416666666666666,0.475,0.7666666666666667,0.4444444444444444
13749,discriminative-relation,yes,1,1.0,1.0,0.0,1.0,0.2,0.6,0.8,0.6,0.47619047619047616,0.6,0.875,0.875,0.6,0.4444444444444444
13751,discriminative-relation,yes,0,1.0,1.0,0.2727272727272727,0.5636363636363636,1.0,1.0,0.0,1.0,0.5151515151515151,1.0,0.5416666666666666,0.4666666666666667,0.675,0.4444444444444444
13753,discriminative-relation,yes,1,0.09090909090909091,0.8181818181818182,0.0,1.0,0.0,1.0,0.6,0.4,0.9090909090909091,0.875,0.6,1.0,0.675,0.5333333333333333
13754,discriminative-relation,yes,1,0.0,1.0,0.36363636363636365,0.4909090909090909,0.0,1.0,1.0,1.0,0.6883116883116883,1.0,0.5416666666666666,0.6,0.475,0.4444444444444444
13756,discriminative-relation,yes,1,0.0,1.0,0.5454545454545454,0.45454545454545453,0.0,1.0,0.6,0.4,0.5844155844155844,1.0,0.675,0.5,0.475,0.5333333333333333
13758,discriminative-relation,yes,1,0.2727272727272727,0.5636363636363636,0.0,1.0,0.0,1.0,0.4,0.4,0.7532467532467533,0.675,0.5416666666666666,1.0,0.7666666666666667,0.6444444444444445
13760,discriminative-relation,yes,1,0.0,1.0,0.9090909090909091,0.8181818181818182,0.0,1.0,1.0,1.0,0.4805194805194805,1.0,0.5416666666666666,0.5,0.875,0.4444444444444444
13761,discriminative-relation,yes,0,1.0,1.0,0.5454545454545454,0.45454545454545453,1.0,1.0,0.0,1.0,0.6320346320346321,1.0,0.5416666666666666,0.5416666666666666,0.5,0.4444444444444444
13763,discriminative-relation,yes,0,1.0,1.0,0.7272727272727273,0.5636363636363636,1.0,1.0,0.0,1.0,0.7532467532467533,1.0,0.5416666666666666,0.675,0.4666666666666667,0.4444444444444444
13764,discriminative-relation,yes,1,0.0,1.0,0.09090909090909091,0.8181818181818182,0.0,1.0,0.6,0.4,0.9090909090909091,1.0,0.675,0.875,0.6,0.5333333333333333
13766,discriminative-relation,yes,1,0.0,1.0,0.8181818181818182,0.6727272727272727,0.0,1.0,1.0,1.0,0.4935064935064935,1.0,0.5416666666666666,0.475,0.7666666666666667,0.4444444444444444
13768,discriminative-relation,yes,0,1.0,1.0,0.0,1.0,1.0,1.0,0.0,1.0,0.47619047619047616,1.0,0.5416666666666666,0.5416666666666666,1.0,0.4444444444444444
13769,discriminative-relation,yes,1,0.0,1.0,0.9090909090909091,0.8181818181818182,0.0,1.0,1.0,1.0,0.4805194805194805,1.0,0.5416666666666666,0.5,0.875,0.4444444444444444
13771,discriminative-relation,yes,0,1.0,1.0,0.2727272727272727,0.5636363636363636,1.0,1.0,0.2,0.6,0.5151515151515151,1.0,0.6,0.4666666666666667,0.6,0.4666666666666667
13773,discriminative-relation,yes,1,0.09090909090909091,0.8181818181818182,0.8181818181818182,0.6727272727272727,0.0,1.0,1.0,1.0,0.4805194805194805,0.875,0.5,0.475,0.7666666666666667,0.4444444444444444
13775,discriminative-relation,yes,1,1.0,1.0,0.0,1.0,0.6,0.4,0.4,0.4,0.47619047619047616,0.7666666666666667,0.675,0.675,0.7666666666666667,0.4444444444444444
13778,discriminative-relation,yes,0,1.0,1.0,0.0,1.0,1.0,1.0,0.0,1.0,0.47619047619047616,1.0,0.5416666666666666,0.5416666666666666,1.0,0.4444444444444444
13779,discriminative-relation,yes,1,0.0,1.0,0.9090909090909091,0.8181818181818182,0.0,1.0,1.0,1.0,0.4805194805194805,1.0,0.5416666666666666,0.5,0.875,0.4444444444444444
13781,discriminative-relation,yes,1,0.45454545454545453,0.45454545454545453,0.7272727272727273,0.5636363636363636,0.0,1.0,1.0,1.0,0.4935064935064935,0.5416666666666666,0.5,0.4666666666666667,0.675,0.4444444444444444
13783,discriminative-relation,yes,0,1.0,1.0,1.0,1.0,1.0,1.0,0.6,0.4,1.0,1.0,0.7666666666666667,1.0,0.7666666666666667,0.6444444444444445
13784,discriminative-relation,yes,1,0.0,1.0,0.5454545454545454,0.45454545454545453,0.0,1.0,1.0,1.0,0.5844155844155844,1.0,0.5416666666666666,0.5,0.5416666666666666,0.4444444444444444
13785,discriminative-relation,yes,0,0.7272727272727273,0.5636363636363636,0.5454545454545454,0.45454545454545453,1.0,1.0,0.0,1.0,0.5151515151515151,0.675,0.4666666666666667,0.5416666666666666,0.5,0.4444444444444444
13787,discriminative-relation,yes,1,0.0,1.0,0.0,1.0,0.0,1.0,0.6,0.4,1.0,1.0,0.675,1.0,0.675,0.5333333333333333
13789,discriminative-relation,yes,1,0.0,1.0,0.45454545454545453,0.45454545454545453,0.0,1.0,1.0,1.0,0.6320346320346321,1.0,0.5416666666666666,0.5416666666666666,0.5,0.4444444444444444
13790,discriminative-relation,yes,0,1.0,1.0,0.36363636363636365,0.4909090909090909,1.0,1.0,0.0,1.0,0.5454545454545454,1.0,0.5416666666666666,0.475,0.6,0.4444444444444444
13791,discriminative-relation,yes,1,0.0,1.0,1.0,1.0,0.0,1.0,1.0,1.0,0.47619047619047616,1.0,0.5416666666666666,0.5416666666666666,1.0,0.4444444444444444
13793,discriminative-relation,yes,1,0.18181818181818182,0.6727272727272727,0.6363636363636364,0.4909090909090909,0.0,1.0,1.0,1.0,0.4935064935064935,0.7666666666666667,0.475,0.475,0.6,0.4444444444444444
13794,discriminative-relation,yes,1,0.0,1.0,0.9090909090909091,0.8181818181818182,0.0,1.0,1.0,1.0,0.4805194805194805,1.0,0.5416666666666666,0.5,0.875,0.4444444444444444
13795,discriminative-relation,yes,1,0.0,1.0,0.9090909090909091,0.8181818181818182,0.0,1.0,0.8,0.6,0.4805194805194805,1.0,0.6,0.5,0.7666666666666667,0.4666666666666667
13797,discriminative-relation,yes,1,0.5454545454545454,0.45454545454545453,0.45454545454545453,0.45454545454545453,0.0,1.0,1.0,1.0,0.47619047619047616,0.5,0.5416666666666666,0.5416666666666666,0.5,0.4444444444444444
13799,discriminative-relation,yes,0,1.0,1.0,0.0,1.0,1.0,1.0,0.0,1.0,0.47619047619047616,1.0,0.5416666666666666,0.5416666666666666,1.0,0.4444444444444444
13801,discriminative-relation,yes,1,0.0,1.0,1.0,1.0,0.0,1.0,1.0,1.0,0.47619047619047616,1.0,0.5416666666666666,0.5416666666666666,1.0,0.4444444444444444
13802,discriminative-relation,yes,1,1.0,1.0,0.45454545454545453,0.45454545454545453,0.2,0.6,1.0,1.0,0.5844155844155844,0.6,1.0,0.5,0.5,0.4666666666666667
13804,discriminative-relation,yes,1,0.09090909090909091,0.8181818181818182,0.0,1.0,0.0,1.0,0.4,0.4,0.9090909090909091,0.875,0.675,1.0,0.7666666666666667,0.6444444444444445
13805,discriminative-relation,yes,0,1.0,1.0,0.09090909090909091,0.8181818181818182,1.0,1.0,0.0,1.0,0.4805194805194805,1.0,0.5416666666666666,0.5,0.875,0.4444444444444444
13807,discriminative-relation,yes,0,1.0,1.0,0.09090909090909091,0.8181818181818182,1.0,1.0,0.0,1.0,0.4805194805194805,1.0,0.5416666666666666,0.5,0.875,0.4444444444444444
13809,discriminative-relation,yes,1,0.09090909090909091,0.8181818181818182,0.0,1.0,0.0,1.0,0.4,0.4,0.9090909090909091,0.875,0.675,1.0,0.7666666666666667,0.6444444444444445
13810,discriminative-relation,yes,0,1.0,1.0,0.0,1.0,1.0,1.0,0.0,1.0,0.47619047619047616,1.0,0.5416666666666666,0.5416666666666666,1.0,0.4444444444444444
13812,discriminative-relation,yes,1,0.09090909090909091,0.8181818181818182,1.0,1.0,0.0,1.0,0.8,0.6,0.4805194805194805,0.875,0.5416666666666666,0.5416666666666666,0.875,0.4666666666666667
13814,discriminative-relation,yes,1,1.0,1.0,0.45454545454545453,0.45454545454545453,0.4,0.4,0.8,0.6,0.5844155844155844,0.675,0.875,0.475,0.475,0.4666666666666667
13815,discriminative-relation,yes,0,1.0,1.0,0.2727272727272727,0.5636363636363636,1.0,1.0,0.6,0.4,0.5151515151515151,1.0,0.7666666666666667,0.4666666666666667,0.5,0.6444444444444445
13816,discriminative-relation,yes,0,1.0,1.0,0.0,1.0,1.0,1.0,0.0,1.0,0.47619047619047616,1.0,0.5416666666666666,0.5416666666666666,1.0,0.4444444444444444
13818,discriminative-relation,yes,1,0.0,1.0,0.0,1.0,0.0,1.0,0.4,0.4,1.0,1.0,0.7666666666666667,1.0,0.7666666666666667,0.6444444444444445
13820,discriminative-relation,yes,1,0.0,1.0,1.0,1.0,0.0,1.0,1.0,1.0,0.47619047619047616,1.0,0.5416666666666666,0.5416666666666666,1.0,0.4444444444444444
13821,discriminative-relation,yes,1,0.0,1.0,1.0,1.0,0.0,1.0,0.8,0.6,0.47619047619047616,1.0,0.6,0.5416666666666666,0.875,0.4666666666666667
13823,discriminative-relation,yes,0,1.0,1.0,0.09090909090909091,0.8181818181818182,1.0,1.0,0.2,0.6,0.4805194805194805,1.0,0.6,0.5,0.7666666666666667,0.4666666666666667
13825,discriminative-relation,yes,1,0.0,1.0,1.0,1.0,0.0,1.0,1.0,1.0,0.47619047619047616,1.0,0.5416666666666666,0.5416666666666666,1.0,0.4444444444444444
13827,discriminative-relation,yes,1,0.6363636363636364,0.4909090909090909,0.9090909090909091,0.8181818181818182,0.0,1.0,1.0,1.0,0.6320346320346321,0.475,0.6,0.5,0.875,0.4444444444444444
13829,discriminative-relation,yes,1,0.2727272727272727,0.5636363636363636,0.09090909090909091,0.8181818181818182,0.0,1.0,0.6,0.4,0.6883116883116883,0.675,0.5,0.875,0.6,0.5333333333333333
13830,discriminative-relation,yes,1,0.0,1.0,1.0,1.0,0.0,1.0,1.0,1.0,0.47619047619047616,1.0,0.5416666666666666,0.5416666666666666,1.0,0.4444444444444444
13831,discriminative-relation,yes,1,0.09090909090909091,0.8181818181818182,0.6363636363636364,0.4909090909090909,0.0,1.0,0.8,0.6,0.5151515151515151,0.875,0.5416666666666666,0.475,0.5416666666666666,0.4666666666666667
13833,discriminative-relation,yes,0,1.0,1.0,0.2727272727272727,0.5636363636363636,1.0,1.0,0.8,0.6,0.5151515151515151,1.0,0.875,0.4666666666666667,0.475,0.8
13834,discriminative-relation,yes,0,1.0,1.0,0.0,1.0,1.0,1.0,0.0,1.0,0.47619047619047616,1.0,0.5416666666666666,0.5416666666666666,1.0,0.4444444444444444
13835,discriminative-relation,yes,1,0.45454545454545453,0.45454545454545453,0.8181818181818182,0.6727272727272727,0.0,1.0,1.0,1.0,0.5151515151515151,0.5416666666666666,0.5,0.475,0.7666666666666667,0.4444444444444444
13837,discriminative-relation,yes,1,0.5454545454545454,0.45454545454545453,0.7272727272727273,0.5636363636363636,0.6,0.4,0.6,0.4,0.5151515151515151,0.475,0.475,0.5416666666666666,0.5416666666666666,0.4666666666666667
13838,discriminative-relation,yes,0,1.0,1.0,0.0,1.0,1.0,1.0,0.0,1.0,0.47619047619047616,1.0,0.5416666666666666,0.5416666666666666,1.0,0.4444444444444444
13839,discriminative-relation,yes,0,1.0,1.0,0.09090909090909091,0.8181818181818182,1.0,1.0,0.0,1.0,0.4805194805194805,1.0,0.5416666666666666,0.5,0.875,0.4444444444444444
13840,discriminative-relation,yes,0,1.0,1.0,0.09090909090909091,0.8181818181818182,1.0,1.0,0.0,1.0,0.4805194805194805,1.0,0.5416666666666666,0.5,0.875,0.4444444444444444
13841,discriminative-relation,yes,0,1.0,1.0,0.8181818181818182,0.6727272727272727,1.0,1.0,0.8,0.6,0.8268398268398268,1.0,0.875,0.7666666666666667,0.675,0.8
13842,discriminative-relation,yes,0,1.0,1.0,0.09090909090909091,0.8181818181818182,1.0,1.0,0.2,0.6,0.4805194805194805,1.0,0.6,0.5,0.7666666666666667,0.4666666666666667
13844,discriminative-relation,yes,0,1.0,1.0,0.09090909090909091,0.8181818181818182,1.0,1.0,0.0,1.0,0.4805194805194805,1.0,0.5416666666666666,0.5,0.875,0.4444444444444444
13845,discriminative-relation,yes,1,0.0,1.0,1.0,1.0,0.0,1.0,1.0,1.0,0.47619047619047616,1.0,0.5416666666666666,0.5416666666666666,1.0,0.4444444444444444
13847,discriminative-relation,yes,1,0.0,1.0,0.8181818181818182,0.6727272727272727,0.0,1.0,0.8,0.6,0.4935064935064935,1.0,0.6,0.475,0.675,0.4666666666666667
13850,discriminative-relation,yes,1,0.0,1.0,0.9090909090909091,0.8181818181818182,0.0,1.0,1.0,1.0,0.4805194805194805,1.0,0.5416666666666666,0.5,0.875,0.4444444444444444
13851,discriminative-relation,yes,0,1.0,1.0,0.0,1.0,1.0,1.0,0.0,1.0,0.47619047619047616,1.0,0.5416666666666666,0.5416666666666666,1.0,0.4444444444444444
13853,discriminative-relation,yes,0,1.0,1.0,0.09090909090909091,0.8181818181818182,1.0,1.0,0.0,1.0,0.4805194805194805,1.0,0.5416666666666666,0.5,0.875,0.4444444444444444
13855,discriminative-relation,yes,0,1.0,1.0,0.18181818181818182,0.6727272727272727,1.0,1.0,0.0,1.0,0.4935064935064935,1.0,0.5416666666666666,0.475,0.7666666666666667,0.4444444444444444
13857,discriminative-relation,yes,0,1.0,1.0,0.09090909090909091,0.8181818181818182,1.0,1.0,0.0,1.0,0.4805194805194805,1.0,0.5416666666666666,0.5,0.875,0.4444444444444444
13860,discriminative-relation,yes,0,1.0,1.0,0.2727272727272727,0.5636363636363636,1.0,1.0,0.2,0.6,0.5151515151515151,1.0,0.6,0.4666666666666667,0.6,0.4666666666666667
13861,discriminative-relation,yes,1,0.0,1.0,1.0,1.0,0.0,1.0,1.0,1.0,0.47619047619047616,1.0,0.5416666666666666,0.5416666666666666,1.0,0.4444444444444444
13863,discriminative-relation,yes,0,1.0,1.0,0.8181818181818182,0.6727272727272727,1.0,1.0,0.0,1.0,0.8268398268398268,1.0,0.5416666666666666,0.7666666666666667,0.475,0.4444444444444444
13864,discriminative-relation,yes,0,1.0,1.0,0.0,1.0,1.0,1.0,0.0,1.0,0.47619047619047616,1.0,0.5416666666666666,0.5416666666666666,1.0,0.4444444444444444
13865,discriminative-relation,yes,0,1.0,1.0,0.09090909090909091,0.8181818181818182,1.0,1.0,0.0,1.0,0.4805194805194805,1.0,0.5416666666666666,0.5,0.875,0.4444444444444444
13867,discriminative-relation,yes,1,0.0,1.0,1.0,1.0,0.0,1.0,1.0,1.0,0.47619047619047616,1.0,0.5416666666666666,0.5416666666666666,1.0,0.4444444444444444
13868,discriminative-relation,yes,1,0.0,1.0,1.0,1.0,0.0,1.0,1.0,1.0,0.47619047619047616,1.0,0.5416666666666666,0.5416666666666666,1.0,0.4444444444444444
13869,discriminative-relation,yes,1,0.09090909090909091,0.8181818181818182,0.9090909090909091,0.8181818181818182,0.0,1.0,1.0,1.0,0.47619047619047616,0.875,0.5,0.5,0.875,0.4444444444444444
13870,discriminative-relation,yes,0,1.0,1.0,0.18181818181818182,0.6727272727272727,1.0,1.0,0.2,0.6,0.4935064935064935,1.0,0.6,0.475,0.675,0.4666666666666667
13871,discriminative-relation,yes,1,0.0,1.0,1.0,1.0,0.0,1.0,1.0,1.0,0.47619047619047616,1.0,0.5416666666666666,0.5416666666666666,1.0,0.4444444444444444
13873,discriminative-relation,yes,0,1.0,1.0,0.0,1.0,1.0,1.0,0.0,1.0,0.47619047619047616,1.0,0.5416666666666666,0.5416666666666666,1.0,0.4444444444444444
13874,discriminative-relation,yes,1,0.0,1.0,0.9090909090909091,0.8181818181818182,0.0,1.0,1.0,1.0,0.4805194805194805,1.0,0.5416666666666666,0.5,0.875,0.4444444444444444
13876,discriminative-relation,yes,1,0.0,1.0,1.0,1.0,0.0,1.0,1.0,1.0,0.47619047619047616,1.0,0.5416666666666666,0.5416666666666666,1.0,0.4444444444444444
13878,discriminative-relation,yes,1,0.0,1.0,0.6363636363636364,0.4909090909090909,0.0,1.0,1.0,1.0,0.5454545454545454,1.0,0.5416666666666666,0.475,0.6,0.4444444444444444
13880,discriminative-relation,yes,0,1.0,1.0,0.18181818181818182,0.6727272727272727,1.0,1.0,0.0,1.0,0.4935064935064935,1.0,0.5416666666666666,0.475,0.7666666666666667,0.4444444444444444
13882,discriminative-relation,yes,1,0.0,1.0,1.0,1.0,0.0,1.0,1.0,1.0,0.47619047619047616,1.0,0.5416666666666666,0.5416666666666666,1.0,0.4444444444444444
13883,discriminative-relation,yes,0,1.0,1.0,0.0,1.0,1.0,1.0,0.0,1.0,0.47619047619047616,1.0,0.5416666666666666,0.5416666666666666,1.0,0.4444444444444444
13885,discriminative-relation,yes,0,1.0,1.0,0.0,1.0,1.0,1.0,0.0,1.0,0.47619047619047616,1.0,0.5416666666666666,0.5416666666666666,1.0,0.4444444444444444
13887,discriminative-relation,yes,1,0.0,1.0,0.36363636363636365,0.4909090909090909,0.0,1.0,0.8,0.6,0.6883116883116883,1.0,0.6,0.6,0.4666666666666667,0.4666666666666667
13889,discriminative-relation,yes,0,1.0,1.0,0.09090909090909091,0.8181818181818182,1.0,1.0,0.0,1.0,0.4805194805194805,1.0,0.5416666666666666,0.5,0.875,0.4444444444444444
13891,discriminative-relation,yes,1,0.09090909090909091,0.8181818181818182,1.0,1.0,0.0,1.0,1.0,1.0,0.4805194805194805,0.875,0.5,0.5416666666666666,1.0,0.4444444444444444
13893,discriminative-relation,yes,1,0.09090909090909091,0.8181818181818182,0.0,1.0,0.0,1.0,0.8,0.6,0.9090909090909091,0.875,0.5416666666666666,1.0,0.6,0.4666666666666667
13895,discriminative-relation,yes,1,0.09090909090909091,0.8181818181818182,0.9090909090909091,0.8181818181818182,0.0,1.0,1.0,1.0,0.47619047619047616,0.875,0.5,0.5,0.875,0.4444444444444444
13897,discriminative-relation,yes,1,0.0,1.0,1.0,1.0,0.0,1.0,0.4,0.4,0.47619047619047616,1.0,0.7666666666666667,0.5416666666666666,0.675,0.6444444444444445
13898,discriminative-relation,yes,1,0.0,1.0,1.0,1.0,0.0,1.0,1.0,1.0,0.47619047619047616,1.0,0.5416666666666666,0.5416666666666666,1.0,0.4444444444444444
13900,discriminative-relation,yes,1,0.0,1.0,1.0,1.0,0.0,1.0,1.0,1.0,0.47619047619047616,1.0,0.5416666666666666,0.5416666666666666,1.0,0.4444444444444444
13902,discriminative-relation,yes,1,0.0,1.0,1.0,1.0,0.0,1.0,1.0,1.0,0.47619047619047616,1.0,0.5416666666666666,0.5416666666666666,1.0,0.4444444444444444
13904,discriminative-relation,yes,0,1.0,1.0,0.09090909090909091,0.8181818181818182,1.0,1.0,0.0,1.0,0.4805194805194805,1.0,0.5416666666666666,0.5,0.875,0.4444444444444444
13906,discriminative-relation,yes,0,1.0,1.0,0.9090909090909091,0.8181818181818182,1.0,1.0,0.4,0.4,0.9090909090909091,1.0,0.675,0.875,0.6,0.5333333333333333
13908,discriminative-relation,yes,0,1.0,1.0,0.18181818181818182,0.6727272727272727,1.0,1.0,0.0,1.0,0.4935064935064935,1.0,0.5416666666666666,0.475,0.7666666666666667,0.4444444444444444
13910,discriminative-relation,yes,1,0.0,1.0,0.6363636363636364,0.4909090909090909,0.0,1.0,0.8,0.6,0.5454545454545454,1.0,0.6,0.475,0.5416666666666666,0.4666666666666667
13912,discriminative-relation,yes,0,1.0,1.0,0.0,1.0,1.0,1.0,0.2,0.6,0.47619047619047616,1.0,0.6,0.5416666666666666,0.875,0.4666666666666667
13913,discriminative-relation,yes,1,0.45454545454545453,0.45454545454545453,0.09090909090909091,0.8181818181818182,0.0,1.0,0.8,0.6,0.5844155844155844,0.5416666666666666,0.475,0.875,0.5416666666666666,0.4666666666666667
13915,discriminative-relation,yes,1,0.18181818181818182,0.6727272727272727,0.7272727272727273,0.5636363636363636,0.0,1.0,1.0,1.0,0.4805194805194805,0.7666666666666667,0.475,0.4666666666666667,0.675,0.4444444444444444
13917,discriminative-relation,yes,1,0.09090909090909091,0.8181818181818182,0.45454545454545453,0.45454545454545453,0.0,1.0,0.8,0.6,0.5844155844155844,0.875,0.5416666666666666,0.5416666666666666,0.475,0.4666666666666667
13919,discriminative-relation,yes,1,0.0,1.0,1.0,1.0,0.0,1.0,1.0,1.0,0.47619047619047616,1.0,0.5416666666666666,0.5416666666666666,1.0,0.4444444444444444
13921,discriminative-relation,yes,1,0.0,1.0,0.9090909090909091,0.8181818181818182,0.0,1.0,1.0,1.0,0.4805194805194805,1.0,0.5416666666666666,0.5,0.875,0.4444444444444444
13923,discriminative-relation,yes,1,0.0,1.0,0.9090909090909091,0.8181818181818182,0.0,1.0,1.0,1.0,0.4805194805194805,1.0,0.5416666666666666,0.5,0.875,0.4444444444444444
13925,discriminative-relation,yes,0,1.0,1.0,0.09090909090909091,0.8181818181818182,1.0,1.0,0.0,1.0,0.4805194805194805,1.0,0.5416666666666666,0.5,0.875,0.4444444444444444
13926,discriminative-relation,yes,1,0.0,1.0,0.2727272727272727,0.5636363636363636,0.0,1.0,0.8,0.6,0.7532467532467533,1.0,0.6,0.675,0.475,0.4666666666666667
13928,discriminative-relation,yes,1,0.0,1.0,0.9090909090909091,0.8181818181818182,0.0,1.0,1.0,1.0,0.4805194805194805,1.0,0.5416666666666666,0.5,0.875,0.4444444444444444
13930,discriminative-relation,yes,1,0.2727272727272727,0.5636363636363636,0.8181818181818182,0.6727272727272727,0.0,1.0,1.0,1.0,0.4805194805194805,0.675,0.4666666666666667,0.475,0.7666666666666667,0.4444444444444444
13931,discriminative-relation,yes,0,1.0,1.0,1.0,1.0,1.0,1.0,0.8,0.6,1.0,1.0,0.875,1.0,0.875,0.8
13932,discriminative-relation,yes,0,1.0,1.0,0.0,1.0,1.0,1.0,0.0,1.0,0.47619047619047616,1.0,0.5416666666666666,0.5416666666666666,1.0,0.4444444444444444
13934,discriminative-relation,yes,1,0.0,1.0,0.8181818181818182,0.6727272727272727,0.0,1.0,1.0,1.0,0.4935064935064935,1.0,0.5416666666666666,0.475,0.7666666666666667,0.4444444444444444
13937,discriminative-relation,yes,0,1.0,1.0,0.0,1.0,1.0,1.0,0.0,1.0,0.47619047619047616,1.0,0.5416666666666666,0.5416666666666666,1.0,0.4444444444444444
13939,discriminative-relation,yes,1,0.18181818181818182,0.6727272727272727,0.9090909090909091,0.8181818181818182,0.0,1.0,1.0,1.0,0.4805194805194805,0.7666666666666667,0.475,0.5,0.875,0.4444444444444444
13940,discriminative-relation,yes,1,1.0,1.0,0.0,1.0,0.2,0.6,0.4,0.4,0.47619047619047616,0.6,0.675,0.875,0.7666666666666667,0.5333333333333333
13942,discriminative-relation,yes,1,0.45454545454545453,0.45454545454545453,1.0,1.0,0.0,1.0,1.0,1.0,0.5844155844155844,0.5416666666666666,0.5,0.5416666666666666,1.0,0.4444444444444444
13944,discriminative-relation,yes,0,1.0,1.0,0.09090909090909091,0.8181818181818182,1.0,1.0,0.0,1.0,0.4805194805194805,1.0,0.5416666666666666,0.5,0.875,0.4444444444444444
13946,discriminative-relation,yes,0,1.0,1.0,0.0,1.0,1.0,1.0,0.0,1.0,0.47619047619047616,1.0,0.5416666666666666,0.5416666666666666,1.0,0.4444444444444444
13948,discriminative-relation,yes,1,0.0,1.0,1.0,1.0,0.0,1.0,1.0,1.0,0.47619047619047616,1.0,0.5416666666666666,0.5416666666666666,1.0,0.4444444444444444
13951,discriminative-relation,yes,1,0.09090909090909091,0.8181818181818182,0.8181818181818182,0.6727272727272727,0.0,1.0,0.8,0.6,0.4805194805194805,0.875,0.5416666666666666,0.475,0.675,0.4666666666666667
13952,discriminative-relation,yes,0,1.0,1.0,0.0,1.0,1.0,1.0,0.0,1.0,0.47619047619047616,1.0,0.5416666666666666,0.5416666666666666,1.0,0.4444444444444444
13954,discriminative-relation,yes,0,1.0,1.0,0.09090909090909091,0.8181818181818182,1.0,1.0,0.0,1.0,0.4805194805194805,1.0,0.5416666666666666,0.5,0.875,0.4444444444444444
13955,discriminative-relation,yes,1,0.09090909090909091,0.8181818181818182,0.9090909090909091,0.8181818181818182,0.0,1.0,1.0,1.0,0.47619047619047616,0.875,0.5,0.5,0.875,0.4444444444444444
13957,discriminative-relation,yes,0,1.0,1.0,0.0,1.0,1.0,1.0,0.0,1.0,0.47619047619047616,1.0,0.5416666666666666,0.5416666666666666,1.0,0.4444444444444444
13959,discriminative-relation,yes,0,1.0,1.0,0.0,1.0,1.0,1.0,0.2,0.6,0.47619047619047616,1.0,0.6,0.5416666666666666,0.875,0.4666666666666667
13961,discriminative-relation,yes,0,1.0,1.0,0.09090909090909091,0.8181818181818182,1.0,1.0,0.0,1.0,0.4805194805194805,1.0,0.5416666666666666,0.5,0.875,0.4444444444444444
13963,discriminative-relation,yes,1,0.0,1.0,1.0,1.0,0.0,1.0,1.0,1.0,0.47619047619047616,1.0,0.5416666666666666,0.5416666666666666,1.0,0.4444444444444444
13965,discriminative-relation,yes,0,1.0,1.0,0.18181818181818182,0.6727272727272727,1.0,1.0,0.2,0.6,0.4935064935064935,1.0,0.6,0.475,0.675,0.4666666666666667
13966,discriminative-relation,yes,0,1.0,1.0,0.2727272727272727,0.5636363636363636,1.0,1.0,0.0,1.0,0.5151515151515151,1.0,0.5416666666666666,0.4666666666666667,0.675,0.4444444444444444
13967,discriminative-relation,yes,0,1.0,1.0,0.0,1.0,1.0,1.0,0.0,1.0,0.47619047619047616,1.0,0.5416666666666666,0.5416666666666666,1.0,0.4444444444444444
13969,discriminative-relation,yes,0,1.0,1.0,0.0,1.0,1.0,1.0,0.0,1.0,0.47619047619047616,1.0,0.5416666666666666,0.5416666666666666,1.0,0.4444444444444444
13970,discriminative-relation,yes,1,0.0,1.0,1.0,1.0,0.0,1.0,1.0,1.0,0.47619047619047616,1.0,0.5416666666666666,0.5416666666666666,1.0,0.4444444444444444
13971,discriminative-relation,yes,1,0.0,1.0,0.45454545454545453,0.45454545454545453,0.0,1.0,0.8,0.6,0.6320346320346321,1.0,0.6,0.5416666666666666,0.475,0.4666666666666667
13973,discriminative-relation,yes,0,1.0,1.0,1.0,1.0,1.0,1.0,0.6,0.4,1.0,1.0,0.7666666666666667,1.0,0.7666666666666667,0.6444444444444445
13975,discriminative-relation,yes,1,0.0,1.0,0.7272727272727273,0.5636363636363636,0.0,1.0,1.0,1.0,0.5151515151515151,1.0,0.5416666666666666,0.4666666666666667,0.675,0.4444444444444444
13976,discriminative-relation,yes,1,0.0,1.0,1.0,1.0,0.0,1.0,1.0,1.0,0.47619047619047616,1.0,0.5416666666666666,0.5416666666666666,1.0,0.4444444444444444
13977,discriminative-relation,yes,0,1.0,1.0,0.0,1.0,1.0,1.0,0.0,1.0,0.47619047619047616,1.0,0.5416666666666666,0.5416666666666666,1.0,0.4444444444444444
13978,discriminative-relation,yes,1,0.0,1.0,1.0,1.0,0.0,1.0,1.0,1.0,0.47619047619047616,1.0,0.5416666666666666,0.5416666666666666,1.0,0.4444444444444444
13980,discriminative-relation,yes,0,1.0,1.0,0.09090909090909091,0.8181818181818182,1.0,1.0,0.0,1.0,0.4805194805194805,1.0,0.5416666666666666,0.5,0.875,0.4444444444444444
13982,discriminative-relation,yes,1,0.0,1.0,0.7272727272727273,0.5636363636363636,0.0,1.0,1.0,1.0,0.5151515151515151,1.0,0.5416666666666666,0.4666666666666667,0.675,0.4444444444444444
13984,discriminative-relation,yes,0,1.0,1.0,0.09090909090909091,0.8181818181818182,1.0,1.0,0.0,1.0,0.4805194805194805,1.0,0.5416666666666666,0.5,0.875,0.4444444444444444
13985,discriminative-relation,yes,0,1.0,1.0,0.0,1.0,1.0,1.0,0.0,1.0,0.47619047619047616,1.0,0.5416666666666666,0.5416666666666666,1.0,0.4444444444444444
13987,discriminative-relation,yes,0,1.0,1.0,1.0,1.0,1.0,1.0,0.4,0.4,1.0,1.0,0.675,1.0,0.675,0.5333333333333333
13989,discriminative-relation,yes,0,1.0,1.0,0.0,1.0,1.0,1.0,0.0,1.0,0.47619047619047616,1.0,0.5416666666666666,0.5416666666666666,1.0,0.4444444444444444
13991,discriminative-relation,yes,0,1.0,1.0,0.0,1.0,1.0,1.0,0.0,1.0,0.47619047619047616,1.0,0.5416666666666666,0.5416666666666666,1.0,0.4444444444444444
13993,discriminative-relation,yes,1,0.0,1.0,1.0,1.0,0.0,1.0,0.8,0.6,0.47619047619047616,1.0,0.6,0.5416666666666666,0.875,0.4666666666666667
13995,discriminative-relation,yes,0,1.0,1.0,0.0,1.0,1.0,1.0,0.0,1.0,0.47619047619047616,1.0,0.5416666666666666,0.5416666666666666,1.0,0.4444444444444444
13997,discriminative-relation,yes,1,0.18181818181818182,0.6727272727272727,1.0,1.0,0.0,1.0,1.0,1.0,0.4935064935064935,0.7666666666666667,0.475,0.5416666666666666,1.0,0.4444444444444444
13999,discriminative-relation,yes,1,0.0,1.0,1.0,1.0,0.0,1.0,1.0,1.0,0.47619047619047616,1.0,0.5416666666666666,0.5416666666666666,1.0,0.4444444444444444
14001,discriminative-relation,yes,1,0.09090909090909091,0.8181818181818182,0.0,1.0,0.2,0.6,0.0,1.0,0.9090909090909091,0.7666666666666667,0.875,0.875,1.0,0.8
14003,discriminative-relation,yes,1,0.09090909090909091,0.8181818181818182,0.8181818181818182,0.6727272727272727,0.0,1.0,1.0,1.0,0.4805194805194805,0.875,0.5,0.475,0.7666666666666667,0.4444444444444444
14006,discriminative-relation,yes,0,1.0,1.0,0.0,1.0,1.0,1.0,0.0,1.0,0.47619047619047616,1.0,0.5416666666666666,0.5416666666666666,1.0,0.4444444444444444
14007,discriminative-relation,yes,0,1.0,1.0,0.18181818181818182,0.6727272727272727,1.0,1.0,0.0,1.0,0.4935064935064935,1.0,0.5416666666666666,0.475,0.7666666666666667,0.4444444444444444
14009,discriminative-relation,yes,1,0.0,1.0,1.0,1.0,0.0,1.0,1.0,1.0,0.47619047619047616,1.0,0.5416666666666666,0.5416666666666666,1.0,0.4444444444444444
14011,discriminative-relation,yes,1,0.0,1.0,0.5454545454545454,0.45454545454545453,0.0,1.0,1.0,1.0,0.5844155844155844,1.0,0.5416666666666666,0.5,0.5416666666666666,0.4444444444444444
14013,discriminative-relation,yes,1,0.0,1.0,1.0,1.0,0.0,1.0,1.0,1.0,0.47619047619047616,1.0,0.5416666666666666,0.5416666666666666,1.0,0.4444444444444444
14016,discriminative-relation,yes,1,0.0,1.0,0.9090909090909091,0.8181818181818182,0.0,1.0,1.0,1.0,0.4805194805194805,1.0,0.5416666666666666,0.5,0.875,0.4444444444444444
14019,discriminative-relation,yes,0,1.0,1.0,0.09090909090909091,0.8181818181818182,1.0,1.0,0.0,1.0,0.4805194805194805,1.0,0.5416666666666666,0.5,0.875,0.4444444444444444
14021,discriminative-relation,yes,1,0.0,1.0,1.0,1.0,0.0,1.0,1.0,1.0,0.47619047619047616,1.0,0.5416666666666666,0.5416666666666666,1.0,0.4444444444444444
14023,discriminative-relation,yes,1,0.0,1.0,1.0,1.0,0.0,1.0,1.0,1.0,0.47619047619047616,1.0,0.5416666666666666,0.5416666666666666,1.0,0.4444444444444444
14027,discriminative-relation,yes,0,1.0,1.0,0.36363636363636365,0.4909090909090909,1.0,1.0,0.0,1.0,0.5454545454545454,1.0,0.5416666666666666,0.475,0.6,0.4444444444444444
14029,discriminative-relation,yes,1,1.0,1.0,0.5454545454545454,0.45454545454545453,0.8,0.6,0.6,0.4,0.6320346320346321,0.875,0.7666666666666667,0.5,0.475,0.5333333333333333
14031,discriminative-relation,yes,1,0.0,1.0,1.0,1.0,0.0,1.0,1.0,1.0,0.47619047619047616,1.0,0.5416666666666666,0.5416666666666666,1.0,0.4444444444444444
14033,discriminative-relation,yes,0,1.0,1.0,0.09090909090909091,0.8181818181818182,1.0,1.0,0.0,1.0,0.4805194805194805,1.0,0.5416666666666666,0.5,0.875,0.4444444444444444
14035,discriminative-relation,yes,1,0.0,1.0,1.0,1.0,0.0,1.0,1.0,1.0,0.47619047619047616,1.0,0.5416666666666666,0.5416666666666666,1.0,0.4444444444444444
14037,discriminative-relation,yes,1,0.0,1.0,0.7272727272727273,0.5636363636363636,0.0,1.0,1.0,1.0,0.5151515151515151,1.0,0.5416666666666666,0.4666666666666667,0.675,0.4444444444444444
14039,discriminative-relation,yes,1,0.0,1.0,0.0,1.0,0.0,1.0,0.4,0.4,1.0,1.0,0.7666666666666667,1.0,0.7666666666666667,0.6444444444444445
14041,discriminative-relation,yes,0,1.0,1.0,0.7272727272727273,0.5636363636363636,1.0,1.0,0.0,1.0,0.7532467532467533,1.0,0.5416666666666666,0.675,0.4666666666666667,0.4444444444444444
14043,discriminative-relation,yes,1,0.09090909090909091,0.8181818181818182,1.0,1.0,0.0,1.0,1.0,1.0,0.4805194805194805,0.875,0.5,0.5416666666666666,1.0,0.4444444444444444
14044,discriminative-relation,yes,0,1.0,1.0,0.0,1.0,1.0,1.0,0.0,1.0,0.47619047619047616,1.0,0.5416666666666666,0.5416666666666666,1.0,0.4444444444444444
14046,discriminative-relation,yes,0,1.0,1.0,0.0,1.0,1.0,1.0,0.0,1.0,0.47619047619047616,1.0,0.5416666666666666,0.5416666666666666,1.0,0.4444444444444444
14048,discriminative-relation,yes,1,0.09090909090909091,0.8181818181818182,0.9090909090909091,0.8181818181818182,0.0,1.0,1.0,1.0,0.47619047619047616,0.875,0.5,0.5,0.875,0.4444444444444444
14050,discriminative-relation,yes,1,0.0,1.0,0.8181818181818182,0.6727272727272727,0.0,1.0,1.0,1.0,0.4935064935064935,1.0,0.5416666666666666,0.475,0.7666666666666667,0.4444444444444444
14052,discriminative-relation,yes,1,0.0,1.0,0.8181818181818182,0.6727272727272727,0.0,1.0,1.0,1.0,0.4935064935064935,1.0,0.5416666666666666,0.475,0.7666666666666667,0.4444444444444444
14054,discriminative-relation,yes,1,0.5454545454545454,0.45454545454545453,0.9090909090909091,0.8181818181818182,0.2,0.6,1.0,1.0,0.5844155844155844,0.475,0.5416666666666666,0.5416666666666666,0.875,0.4666666666666667
14056,discriminative-relation,yes,0,1.0,1.0,0.0,1.0,1.0,1.0,0.0,1.0,0.47619047619047616,1.0,0.5416666666666666,0.5416666666666666,1.0,0.4444444444444444
14058,discriminative-relation,yes,1,0.0,1.0,0.0,1.0,0.2,0.6,0.8,0.6,1.0,0.875,0.6,0.875,0.6,0.4444444444444444
14059,discriminative-relation,yes,1,0.0,1.0,1.0,1.0,0.0,1.0,1.0,1.0,0.47619047619047616,1.0,0.5416666666666666,0.5416666666666666,1.0,0.4444444444444444
14061,discriminative-relation,yes,0,1.0,1.0,0.45454545454545453,0.45454545454545453,1.0,1.0,0.2,0.6,0.5844155844155844,1.0,0.6,0.5,0.5,0.4666666666666667
14062,discriminative-relation,yes,1,0.0,1.0,1.0,1.0,0.0,1.0,1.0,1.0,0.47619047619047616,1.0,0.5416666666666666,0.5416666666666666,1.0,0.4444444444444444
14064,discriminative-relation,yes,0,1.0,1.0,0.09090909090909091,0.8181818181818182,1.0,1.0,0.0,1.0,0.4805194805194805,1.0,0.5416666666666666,0.5,0.875,0.4444444444444444
14065,discriminative-relation,yes,0,1.0,1.0,0.0,1.0,1.0,1.0,0.0,1.0,0.47619047619047616,1.0,0.5416666666666666,0.5416666666666666,1.0,0.4444444444444444
14067,discriminative-relation,yes,0,1.0,1.0,1.0,1.0,1.0,1.0,0.4,0.4,1.0,1.0,0.675,1.0,0.675,0.5333333333333333
14068,discriminative-relation,yes,1,0.0,1.0,1.0,1.0,0.0,1.0,1.0,1.0,0.47619047619047616,1.0,0.5416666666666666,0.5416666666666666,1.0,0.4444444444444444
14069,discriminative-relation,yes,1,0.0,1.0,1.0,1.0,0.0,1.0,1.0,1.0,0.47619047619047616,1.0,0.5416666666666666,0.5416666666666666,1.0,0.4444444444444444
14070,discriminative-relation,yes,1,0.0,1.0,1.0,1.0,0.0,1.0,1.0,1.0,0.47619047619047616,1.0,0.5416666666666666,0.5416666666666666,1.0,0.4444444444444444
14072,discriminative-relation,yes,1,0.09090909090909091,0.8181818181818182,0.18181818181818182,0.6727272727272727,0.0,1.0,0.4,0.4,0.7532467532467533,0.875,0.675,0.7666666666666667,0.6,0.6444444444444445
14074,discriminative-relation,yes,0,1.0,1.0,1.0,1.0,1.0,1.0,0.4,0.4,1.0,1.0,0.675,1.0,0.675,0.5333333333333333
14076,discriminative-relation,yes,1,0.0,1.0,0.0,1.0,0.0,1.0,0.6,0.4,1.0,1.0,0.675,1.0,0.675,0.5333333333333333
14079,discriminative-relation,yes,1,0.09090909090909091,0.8181818181818182,0.9090909090909091,0.8181818181818182,0.0,1.0,0.8,0.6,0.47619047619047616,0.875,0.5416666666666666,0.5,0.7666666666666667,0.4666666666666667
14081,discriminative-relation,yes,1,0.0,1.0,0.9090909090909091,0.8181818181818182,0.0,1.0,1.0,1.0,0.4805194805194805,1.0,0.5416666666666666,0.5,0.875,0.4444444444444444
14083,discriminative-relation,yes,0,1.0,1.0,0.0,1.0,1.0,1.0,0.0,1.0,0.47619047619047616,1.0,0.5416666666666666,0.5416666666666666,1.0,0.4444444444444444
14085,discriminative-relation,yes,0,1.0,1.0,0.2727272727272727,0.5636363636363636,1.0,1.0,0.0,1.0,0.5151515151515151,1.0,0.5416666666666666,0.4666666666666667,0.675,0.4444444444444444
14086,discriminative-relation,yes,0,1.0,1.0,0.0,1.0,1.0,1.0,0.0,1.0,0.47619047619047616,1.0,0.5416666666666666,0.5416666666666666,1.0,0.4444444444444444
14087,discriminative-relation,yes,0,1.0,1.0,0.0,1.0,1.0,1.0,0.2,0.6,0.47619047619047616,1.0,0.6,0.5416666666666666,0.875,0.4666666666666667
14089,discriminative-relation,yes,1,0.0,1.0,1.0,1.0,0.0,1.0,1.0,1.0,0.47619047619047616,1.0,0.5416666666666666,0.5416666666666666,1.0,0.4444444444444444
14091,discriminative-relation,yes,1,0.0,1.0,1.0,1.0,0.0,1.0,1.0,1.0,0.47619047619047616,1.0,0.5416666666666666,0.5416666666666666,1.0,0.4444444444444444
14092,discriminative-relation,yes,0,1.0,1.0,0.09090909090909091,0.8181818181818182,1.0,1.0,0.0,1.0,0.4805194805194805,1.0,0.5416666666666666,0.5,0.875,0.4444444444444444
14094,discriminative-relation,yes,1,0.2727272727272727,0.5636363636363636,0.6363636363636364,0.4909090909090909,0.0,1.0,1.0,1.0,0.4805194805194805,0.675,0.4666666666666667,0.475,0.6,0.4444444444444444
14096,discriminative-relation,yes,0,1.0,1.0,0.7272727272727273,0.5636363636363636,1.0,1.0,0.2,0.6,0.7532467532467533,1.0,0.6,0.675,0.475,0.4666666666666667
14098,discriminative-relation,yes,1,0.6363636363636364,0.4909090909090909,0.6363636363636364,0.4909090909090909,0.0,1.0,1.0,1.0,0.5151515151515151,0.475,0.6,0.475,0.6,0.4444444444444444
14100,discriminative-relation,yes,1,0.0,1.0,0.8181818181818182,0.6727272727272727,0.0,1.0,1.0,1.0,0.4935064935064935,1.0,0.5416666666666666,0.475,0.7666666666666667,0.4444444444444444
14102,discriminative-relation,yes,1,0.2727272727272727,0.5636363636363636,0.9090909090909091,0.8181818181818182,0.0,1.0,1.0,1.0,0.4935064935064935,0.675,0.4666666666666667,0.5,0.875,0.4444444444444444
14104,discriminative-relation,yes,0,1.0,1.0,0.09090909090909091,0.8181818181818182,1.0,1.0,0.0,1.0,0.4805194805194805,1.0,0.5416666666666666,0.5,0.875,0.4444444444444444
14106,discriminative-relation,yes,1,0.0,1.0,1.0,1.0,0.0,1.0,1.0,1.0,0.47619047619047616,1.0,0.5416666666666666,0.5416666666666666,1.0,0.4444444444444444
14107,discriminative-relation,yes,1,0.0,1.0,0.2727272727272727,0.5636363636363636,0.0,1.0,1.0,1.0,0.7532467532467533,1.0,0.5416666666666666,0.675,0.4666666666666667,0.4444444444444444
14109,discriminative-relation,yes,1,0.09090909090909091,0.8181818181818182,0.0,1.0,0.0,1.0,0.8,0.6,0.9090909090909091,0.875,0.5416666666666666,1.0,0.6,0.4666666666666667
14111,discriminative-relation,yes,0,1.0,1.0,0.09090909090909091,0.8181818181818182,1.0,1.0,0.0,1.0,0.4805194805194805,1.0,0.5416666666666666,0.5,0.875,0.4444444444444444
14112,discriminative-relation,yes,0,1.0,1.0,0.7272727272727273,0.5636363636363636,1.0,1.0,0.2,0.6,0.7532467532467533,1.0,0.6,0.675,0.475,0.4666666666666667
14113,discriminative-relation,yes,0,1.0,1.0,1.0,1.0,1.0,1.0,0.2,0.6,1.0,1.0,0.6,1.0,0.6,0.4666666666666667
14115,discriminative-relation,yes,0,1.0,1.0,0.0,1.0,1.0,1.0,0.0,1.0,0.47619047619047616,1.0,0.5416666666666666,0.5416666666666666,1.0,0.4444444444444444
14119,discriminative-relation,yes,1,0.0,1.0,1.0,1.0,0.0,1.0,1.0,1.0,0.47619047619047616,1.0,0.5416666666666666,0.5416666666666666,1.0,0.4444444444444444
14120,discriminative-relation,yes,0,1.0,1.0,0.09090909090909091,0.8181818181818182,1.0,1.0,0.0,1.0,0.4805194805194805,1.0,0.5416666666666666,0.5,0.875,0.4444444444444444
14122,discriminative-relation,yes,0,1.0,1.0,0.0,1.0,1.0,1.0,0.0,1.0,0.47619047619047616,1.0,0.5416666666666666,0.5416666666666666,1.0,0.4444444444444444
14123,discriminative-relation,yes,0,1.0,1.0,0.9090909090909091,0.8181818181818182,1.0,1.0,0.2,0.6,0.9090909090909091,1.0,0.6,0.875,0.5416666666666666,0.4666666666666667
14126,discriminative-relation,yes,0,1.0,1.0,0.0,1.0,1.0,1.0,0.0,1.0,0.47619047619047616,1.0,0.5416666666666666,0.5416666666666666,1.0,0.4444444444444444
14127,discriminative-relation,yes,1,0.0,1.0,0.9090909090909091,0.8181818181818182,0.0,1.0,0.8,0.6,0.4805194805194805,1.0,0.6,0.5,0.7666666666666667,0.4666666666666667
14129,discriminative-relation,yes,0,1.0,1.0,0.18181818181818182,0.6727272727272727,1.0,1.0,0.0,1.0,0.4935064935064935,1.0,0.5416666666666666,0.475,0.7666666666666667,0.4444444444444444
14131,discriminative-relation,yes,1,0.2727272727272727,0.5636363636363636,0.8181818181818182,0.6727272727272727,0.2,0.6,0.8,0.6,0.4805194805194805,0.6,0.475,0.5,0.675,0.4444444444444444
14134,discriminative-relation,yes,1,0.0,1.0,0.9090909090909091,0.8181818181818182,0.0,1.0,1.0,1.0,0.4805194805194805,1.0,0.5416666666666666,0.5,0.875,0.4444444444444444
14136,discriminative-relation,yes,1,0.0,1.0,0.9090909090909091,0.8181818181818182,0.0,1.0,1.0,1.0,0.4805194805194805,1.0,0.5416666666666666,0.5,0.875,0.4444444444444444
14137,discriminative-relation,yes,0,1.0,1.0,0.5454545454545454,0.45454545454545453,1.0,1.0,0.0,1.0,0.6320346320346321,1.0,0.5416666666666666,0.5416666666666666,0.5,0.4444444444444444
14140,discriminative-relation,yes,0,1.0,1.0,0.09090909090909091,0.8181818181818182,1.0,1.0,0.0,1.0,0.4805194805194805,1.0,0.5416666666666666,0.5,0.875,0.4444444444444444
14141,discriminative-relation,yes,1,0.0,1.0,0.9090909090909091,0.8181818181818182,0.0,1.0,1.0,1.0,0.4805194805194805,1.0,0.5416666666666666,0.5,0.875,0.4444444444444444
14143,discriminative-relation,yes,1,0.0,1.0,0.8181818181818182,0.6727272727272727,0.0,1.0,1.0,1.0,0.4935064935064935,1.0,0.5416666666666666,0.475,0.7666666666666667,0.4444444444444444
14145,discriminative-relation,yes,1,0.0,1.0,1.0,1.0,0.0,1.0,1.0,1.0,0.47619047619047616,1.0,0.5416666666666666,0.5416666666666666,1.0,0.4444444444444444
14147,discriminative-relation,yes,1,1.0,1.0,0.45454545454545453,0.45454545454545453,0.2,0.6,0.6,0.4,0.5844155844155844,0.6,0.7666666666666667,0.5,0.4666666666666667,0.4666666666666667
14149,discriminative-relation,yes,0,1.0,1.0,0.09090909090909091,0.8181818181818182,1.0,1.0,0.0,1.0,0.4805194805194805,1.0,0.5416666666666666,0.5,0.875,0.4444444444444444
14150,discriminative-relation,yes,1,0.0,1.0,0.0,1.0,0.0,1.0,0.8,0.6,1.0,1.0,0.6,1.0,0.6,0.4666666666666667
14152,discriminative-relation,yes,1,0.0,1.0,1.0,1.0,0.0,1.0,1.0,1.0,0.47619047619047616,1.0,0.5416666666666666,0.5416666666666666,1.0,0.4444444444444444
14154,discriminative-relation,yes,1,0.18181818181818182,0.6727272727272727,0.0,1.0,0.0,1.0,0.6,0.4,0.8268398268398268,0.7666666666666667,0.5416666666666666,1.0,0.675,0.5333333333333333
14156,discriminative-relation,yes,1,0.0,1.0,0.9090909090909091,0.8181818181818182,0.0,1.0,1.0,1.0,0.4805194805194805,1.0,0.5416666666666666,0.5,0.875,0.4444444444444444
14158,discriminative-relation,yes,0,1.0,1.0,0.7272727272727273,0.5636363636363636,1.0,1.0,0.2,0.6,0.7532467532467533,1.0,0.6,0.675,0.475,0.4666666666666667
14159,discriminative-relation,yes,0,1.0,1.0,0.0,1.0,1.0,1.0,0.2,0.6,0.47619047619047616,1.0,0.6,0.5416666666666666,0.875,0.4666666666666667
14161,discriminative-relation,yes,0,1.0,1.0,0.8181818181818182,0.6727272727272727,1.0,1.0,0.2,0.6,0.8268398268398268,1.0,0.6,0.7666666666666667,0.5,0.4666666666666667
14163,discriminative-relation,yes,1,0.0,1.0,0.7272727272727273,0.5636363636363636,0.0,1.0,1.0,1.0,0.5151515151515151,1.0,0.5416666666666666,0.4666666666666667,0.675,0.4444444444444444
14165,discriminative-relation,yes,0,1.0,1.0,0.0,1.0,1.0,1.0,0.0,1.0,0.47619047619047616,1.0,0.5416666666666666,0.5416666666666666,1.0,0.4444444444444444
14167,discriminative-relation,yes,1,0.0,1.0,1.0,1.0,0.0,1.0,1.0,1.0,0.47619047619047616,1.0,0.5416666666666666,0.5416666666666666,1.0,0.4444444444444444
14168,discriminative-relation,yes,0,1.0,1.0,0.18181818181818182,0.6727272727272727,1.0,1.0,0.0,1.0,0.4935064935064935,1.0,0.5416666666666666,0.475,0.7666666666666667,0.4444444444444444
14170,discriminative-relation,yes,0,1.0,1.0,0.36363636363636365,0.4909090909090909,1.0,1.0,0.0,1.0,0.5454545454545454,1.0,0.5416666666666666,0.475,0.6,0.4444444444444444
14171,discriminative-relation,yes,1,0.0,1.0,1.0,1.0,0.0,1.0,1.0,1.0,0.47619047619047616,1.0,0.5416666666666666,0.5416666666666666,1.0,0.4444444444444444
14172,discriminative-relation,yes,1,0.2727272727272727,0.5636363636363636,0.36363636363636365,0.4909090909090909,0.0,1.0,0.8,0.6,0.5454545454545454,0.675,0.475,0.6,0.4666666666666667,0.4666666666666667
14174,discriminative-relation,yes,0,1.0,1.0,0.09090909090909091,0.8181818181818182,1.0,1.0,0.0,1.0,0.4805194805194805,1.0,0.5416666666666666,0.5,0.875,0.4444444444444444
14176,discriminative-relation,yes,1,0.09090909090909091,0.8181818181818182,0.2727272727272727,0.5636363636363636,0.0,1.0,0.8,0.6,0.6883116883116883,0.875,0.5416666666666666,0.675,0.475,0.4666666666666667
14177,discriminative-relation,yes,0,1.0,1.0,0.0,1.0,1.0,1.0,0.0,1.0,0.47619047619047616,1.0,0.5416666666666666,0.5416666666666666,1.0,0.4444444444444444
14179,discriminative-relation,yes,0,1.0,1.0,0.0,1.0,1.0,1.0,0.0,1.0,0.47619047619047616,1.0,0.5416666666666666,0.5416666666666666,1.0,0.4444444444444444
14180,discriminative-relation,yes,0,1.0,1.0,0.36363636363636365,0.4909090909090909,1.0,1.0,0.0,1.0,0.5454545454545454,1.0,0.5416666666666666,0.475,0.6,0.4444444444444444
14182,discriminative-relation,yes,1,0.0,1.0,1.0,1.0,0.0,1.0,1.0,1.0,0.47619047619047616,1.0,0.5416666666666666,0.5416666666666666,1.0,0.4444444444444444
14184,discriminative-relation,yes,0,0.9090909090909091,0.8181818181818182,0.2727272727272727,0.5636363636363636,1.0,1.0,0.2,0.6,0.4935064935064935,0.875,0.5416666666666666,0.4666666666666667,0.6,0.4666666666666667
14185,discriminative-relation,yes,0,1.0,1.0,0.09090909090909091,0.8181818181818182,1.0,1.0,0.0,1.0,0.4805194805194805,1.0,0.5416666666666666,0.5,0.875,0.4444444444444444
14187,discriminative-relation,yes,1,1.0,1.0,1.0,1.0,0.2,0.6,1.0,1.0,1.0,0.6,1.0,0.6,1.0,0.4666666666666667
14188,discriminative-relation,yes,1,0.0,1.0,0.8181818181818182,0.6727272727272727,0.0,1.0,1.0,1.0,0.4935064935064935,1.0,0.5416666666666666,0.475,0.7666666666666667,0.4444444444444444
14190,discriminative-relation,yes,1,0.0,1.0,0.9090909090909091,0.8181818181818182,0.0,1.0,1.0,1.0,0.4805194805194805,1.0,0.5416666666666666,0.5,0.875,0.4444444444444444
14192,discriminative-relation,yes,1,0.0,1.0,0.8181818181818182,0.6727272727272727,0.0,1.0,1.0,1.0,0.4935064935064935,1.0,0.5416666666666666,0.475,0.7666666666666667,0.4444444444444444
14194,discriminative-relation,yes,1,0.0,1.0,0.9090909090909091,0.8181818181818182,0.0,1.0,1.0,1.0,0.4805194805194805,1.0,0.5416666666666666,0.5,0.875,0.4444444444444444
14196,discriminative-relation,yes,1,0.18181818181818182,0.6727272727272727,0.8181818181818182,0.6727272727272727,0.0,1.0,1.0,1.0,0.47619047619047616,0.7666666666666667,0.475,0.475,0.7666666666666667,0.4444444444444444
14198,discriminative-relation,yes,1,0.0,1.0,0.5454545454545454,0.45454545454545453,0.0,1.0,1.0,1.0,0.5844155844155844,1.0,0.5416666666666666,0.5,0.5416666666666666,0.4444444444444444
14200,discriminative-relation,yes,1,0.18181818181818182,0.6727272727272727,0.7272727272727273,0.5636363636363636,0.0,1.0,1.0,1.0,0.4805194805194805,0.7666666666666667,0.475,0.4666666666666667,0.675,0.4444444444444444
14202,discriminative-relation,yes,1,0.0,1.0,0.0,1.0,0.0,1.0,0.4,0.4,1.0,1.0,0.7666666666666667,1.0,0.7666666666666667,0.6444444444444445
14205,discriminative-relation,yes,1,0.09090909090909091,0.8181818181818182,0.0,1.0,0.0,1.0,0.6,0.4,0.9090909090909091,0.875,0.6,1.0,0.675,0.5333333333333333
14207,discriminative-relation,yes,1,0.0,1.0,1.0,1.0,0.0,1.0,1.0,1.0,0.47619047619047616,1.0,0.5416666666666666,0.5416666666666666,1.0,0.4444444444444444
14209,discriminative-relation,yes,0,1.0,1.0,0.0,1.0,1.0,1.0,0.0,1.0,0.47619047619047616,1.0,0.5416666666666666,0.5416666666666666,1.0,0.4444444444444444
14211,discriminative-relation,yes,0,1.0,1.0,0.0,1.0,1.0,1.0,0.0,1.0,0.47619047619047616,1.0,0.5416666666666666,0.5416666666666666,1.0,0.4444444444444444
14213,discriminative-relation,yes,1,0.18181818181818182,0.6727272727272727,0.09090909090909091,0.8181818181818182,0.0,1.0,0.6,0.4,0.7532467532467533,0.7666666666666667,0.5416666666666666,0.875,0.6,0.5333333333333333
14215,discriminative-relation,yes,1,0.0,1.0,0.9090909090909091,0.8181818181818182,0.0,1.0,1.0,1.0,0.4805194805194805,1.0,0.5416666666666666,0.5,0.875,0.4444444444444444
14221,discriminative-relation,yes,1,0.0,1.0,1.0,1.0,0.0,1.0,1.0,1.0,0.47619047619047616,1.0,0.5416666666666666,0.5416666666666666,1.0,0.4444444444444444
14223,discriminative-relation,yes,1,0.0,1.0,0.6363636363636364,0.4909090909090909,0.0,1.0,0.6,0.4,0.5454545454545454,1.0,0.675,0.475,0.5,0.5333333333333333
14224,discriminative-relation,yes,1,0.0,1.0,0.7272727272727273,0.5636363636363636,0.0,1.0,1.0,1.0,0.5151515151515151,1.0,0.5416666666666666,0.4666666666666667,0.675,0.4444444444444444
14226,discriminative-relation,yes,1,0.2727272727272727,0.5636363636363636,0.0,1.0,0.0,1.0,0.8,0.6,0.7532467532467533,0.675,0.475,1.0,0.6,0.4666666666666667
14227,discriminative-relation,yes,1,0.09090909090909091,0.8181818181818182,0.9090909090909091,0.8181818181818182,0.0,1.0,1.0,1.0,0.47619047619047616,0.875,0.5,0.5,0.875,0.4444444444444444
14229,discriminative-relation,yes,0,0.9090909090909091,0.8181818181818182,0.09090909090909091,0.8181818181818182,1.0,1.0,0.0,1.0,0.47619047619047616,0.875,0.5,0.5,0.875,0.4444444444444444
14231,discriminative-relation,yes,0,1.0,1.0,0.18181818181818182,0.6727272727272727,1.0,1.0,0.0,1.0,0.4935064935064935,1.0,0.5416666666666666,0.475,0.7666666666666667,0.4444444444444444
14233,discriminative-relation,yes,1,0.0,1.0,0.0,1.0,0.0,1.0,0.6,0.4,1.0,1.0,0.675,1.0,0.675,0.5333333333333333
14235,discriminative-relation,yes,1,0.0,1.0,0.8181818181818182,0.6727272727272727,0.0,1.0,0.8,0.6,0.4935064935064935,1.0,0.6,0.475,0.675,0.4666666666666667
14237,discriminative-relation,yes,0,1.0,1.0,0.2727272727272727,0.5636363636363636,1.0,1.0,0.0,1.0,0.5151515151515151,1.0,0.5416666666666666,0.4666666666666667,0.675,0.4444444444444444
14238,discriminative-relation,yes,1,0.18181818181818182,0.6727272727272727,0.09090909090909091,0.8181818181818182,0.0,1.0,0.6,0.4,0.7532467532467533,0.7666666666666667,0.5416666666666666,0.875,0.6,0.5333333333333333
14240,discriminative-relation,yes,0,1.0,1.0,0.09090909090909091,0.8181818181818182,1.0,1.0,0.0,1.0,0.4805194805194805,1.0,0.5416666666666666,0.5,0.875,0.4444444444444444
14243,discriminative-relation,yes,0,1.0,1.0,0.18181818181818182,0.6727272727272727,1.0,1.0,0.2,0.6,0.4935064935064935,1.0,0.6,0.475,0.675,0.4666666666666667
14245,discriminative-relation,yes,0,1.0,1.0,0.09090909090909091,0.8181818181818182,1.0,1.0,0.0,1.0,0.4805194805194805,1.0,0.5416666666666666,0.5,0.875,0.4444444444444444
14247,discriminative-relation,yes,1,0.0,1.0,0.36363636363636365,0.4909090909090909,0.0,1.0,1.0,1.0,0.6883116883116883,1.0,0.5416666666666666,0.6,0.475,0.4444444444444444
14249,discriminative-relation,yes,1,0.0,1.0,0.9090909090909091,0.8181818181818182,0.0,1.0,1.0,1.0,0.4805194805194805,1.0,0.5416666666666666,0.5,0.875,0.4444444444444444
14251,discriminative-relation,yes,0,1.0,1.0,0.09090909090909091,0.8181818181818182,1.0,1.0,0.0,1.0,0.4805194805194805,1.0,0.5416666666666666,0.5,0.875,0.4444444444444444
14252,discriminative-relation,yes,1,0.0,1.0,1.0,1.0,0.0,1.0,1.0,1.0,0.47619047619047616,1.0,0.5416666666666666,0.5416666666666666,1.0,0.4444444444444444
14254,discriminative-relation,yes,1,0.09090909090909091,0.8181818181818182,0.9090909090909091,0.8181818181818182,0.0,1.0,1.0,1.0,0.47619047619047616,0.875,0.5,0.5,0.875,0.4444444444444444
14256,discriminative-relation,yes,1,0.0,1.0,1.0,1.0,0.0,1.0,1.0,1.0,0.47619047619047616,1.0,0.5416666666666666,0.5416666666666666,1.0,0.4444444444444444
14258,discriminative-relation,yes,1,0.0,1.0,0.36363636363636365,0.4909090909090909,0.0,1.0,0.8,0.6,0.6883116883116883,1.0,0.6,0.6,0.4666666666666667,0.4666666666666667
14260,discriminative-relation,yes,1,0.0,1.0,1.0,1.0,0.0,1.0,1.0,1.0,0.47619047619047616,1.0,0.5416666666666666,0.5416666666666666,1.0,0.4444444444444444
14261,discriminative-relation,yes,0,1.0,1.0,0.0,1.0,1.0,1.0,0.0,1.0,0.47619047619047616,1.0,0.5416666666666666,0.5416666666666666,1.0,0.4444444444444444
14263,discriminative-relation,yes,0,1.0,1.0,0.0,1.0,1.0,1.0,0.0,1.0,0.47619047619047616,1.0,0.5416666666666666,0.5416666666666666,1.0,0.4444444444444444
14265,discriminative-relation,yes,0,1.0,1.0,0.0,1.0,1.0,1.0,0.0,1.0,0.47619047619047616,1.0,0.5416666666666666,0.5416666666666666,1.0,0.4444444444444444
14267,discriminative-relation,yes,1,0.0,1.0,0.9090909090909091,0.8181818181818182,0.0,1.0,1.0,1.0,0.4805194805194805,1.0,0.5416666666666666,0.5,0.875,0.4444444444444444
14269,discriminative-relation,yes,1,0.0,1.0,1.0,1.0,0.0,1.0,1.0,1.0,0.47619047619047616,1.0,0.5416666666666666,0.5416666666666666,1.0,0.4444444444444444
14271,discriminative-relation,yes,1,0.0,1.0,1.0,1.0,0.0,1.0,1.0,1.0,0.47619047619047616,1.0,0.5416666666666666,0.5416666666666666,1.0,0.4444444444444444
14273,discriminative-relation,yes,1,0.09090909090909091,0.8181818181818182,0.5454545454545454,0.45454545454545453,0.0,1.0,1.0,1.0,0.5454545454545454,0.875,0.5,0.5,0.5416666666666666,0.4444444444444444
14275,discriminative-relation,yes,0,1.0,1.0,0.09090909090909091,0.8181818181818182,1.0,1.0,0.0,1.0,0.4805194805194805,1.0,0.5416666666666666,0.5,0.875,0.4444444444444444
14279,discriminative-relation,yes,0,1.0,1.0,0.18181818181818182,0.6727272727272727,1.0,1.0,0.0,1.0,0.4935064935064935,1.0,0.5416666666666666,0.475,0.7666666666666667,0.4444444444444444
14280,discriminative-relation,yes,0,1.0,1.0,0.09090909090909091,0.8181818181818182,1.0,1.0,0.0,1.0,0.4805194805194805,1.0,0.5416666666666666,0.5,0.875,0.4444444444444444
14282,discriminative-relation,yes,0,1.0,1.0,0.09090909090909091,0.8181818181818182,1.0,1.0,0.0,1.0,0.4805194805194805,1.0,0.5416666666666666,0.5,0.875,0.4444444444444444
14284,discriminative-relation,yes,0,0.9090909090909091,0.8181818181818182,1.0,1.0,1.0,1.0,0.4,0.4,0.9090909090909091,0.875,0.6,1.0,0.675,0.5333333333333333
14288,discriminative-relation,yes,0,1.0,1.0,0.18181818181818182,0.6727272727272727,1.0,1.0,0.0,1.0,0.4935064935064935,1.0,0.5416666666666666,0.475,0.7666666666666667,0.4444444444444444
14290,discriminative-relation,yes,0,1.0,1.0,0.0,1.0,1.0,1.0,0.0,1.0,0.47619047619047616,1.0,0.5416666666666666,0.5416666666666666,1.0,0.4444444444444444
14292,discriminative-relation,yes,0,1.0,1.0,0.09090909090909091,0.8181818181818182,1.0,1.0,0.0,1.0,0.4805194805194805,1.0,0.5416666666666666,0.5,0.875,0.4444444444444444
14294,discriminative-relation,yes,1,0.0,1.0,1.0,1.0,0.0,1.0,0.8,0.6,0.47619047619047616,1.0,0.6,0.5416666666666666,0.875,0.4666666666666667
14296,discriminative-relation,yes,1,0.0,1.0,1.0,1.0,0.0,1.0,1.0,1.0,0.47619047619047616,1.0,0.5416666666666666,0.5416666666666666,1.0,0.4444444444444444
14298,discriminative-relation,yes,0,1.0,1.0,0.09090909090909091,0.8181818181818182,1.0,1.0,0.0,1.0,0.4805194805194805,1.0,0.5416666666666666,0.5,0.875,0.4444444444444444
14300,discriminative-relation,yes,1,0.0,1.0,0.0,1.0,0.0,1.0,0.4,0.4,1.0,1.0,0.7666666666666667,1.0,0.7666666666666667,0.6444444444444445
14304,discriminative-relation,yes,0,1.0,1.0,0.09090909090909091,0.8181818181818182,1.0,1.0,0.0,1.0,0.4805194805194805,1.0,0.5416666666666666,0.5,0.875,0.4444444444444444
14306,discriminative-relation,yes,1,0.0,1.0,0.0,1.0,0.0,1.0,0.0,1.0,1.0,1.0,1.0,1.0,1.0,1.0
14308,discriminative-relation,yes,1,0.18181818181818182,0.6727272727272727,0.0,1.0,0.0,1.0,0.8,0.6,0.8268398268398268,0.7666666666666667,0.5,1.0,0.6,0.4666666666666667
14310,discriminative-relation,yes,1,0.09090909090909091,0.8181818181818182,0.8181818181818182,0.6727272727272727,0.0,1.0,1.0,1.0,0.4805194805194805,0.875,0.5,0.475,0.7666666666666667,0.4444444444444444
14312,discriminative-relation,yes,1,0.0,1.0,1.0,1.0,0.0,1.0,1.0,1.0,0.47619047619047616,1.0,0.5416666666666666,0.5416666666666666,1.0,0.4444444444444444
14314,discriminative-relation,yes,0,1.0,1.0,0.09090909090909091,0.8181818181818182,1.0,1.0,0.0,1.0,0.4805194805194805,1.0,0.5416666666666666,0.5,0.875,0.4444444444444444
14316,discriminative-relation,yes,0,1.0,1.0,0.0,1.0,1.0,1.0,0.0,1.0,0.47619047619047616,1.0,0.5416666666666666,0.5416666666666666,1.0,0.4444444444444444
14318,discriminative-relation,yes,0,1.0,1.0,0.0,1.0,1.0,1.0,0.0,1.0,0.47619047619047616,1.0,0.5416666666666666,0.5416666666666666,1.0,0.4444444444444444
14320,discriminative-relation,yes,1,0.0,1.0,1.0,1.0,0.0,1.0,1.0,1.0,0.47619047619047616,1.0,0.5416666666666666,0.5416666666666666,1.0,0.4444444444444444
14321,discriminative-relation,yes,1,0.0,1.0,1.0,1.0,0.0,1.0,1.0,1.0,0.47619047619047616,1.0,0.5416666666666666,0.5416666666666666,1.0,0.4444444444444444
14323,discriminative-relation,yes,1,0.0,1.0,1.0,1.0,0.0,1.0,1.0,1.0,0.47619047619047616,1.0,0.5416666666666666,0.5416666666666666,1.0,0.4444444444444444
14325,discriminative-relation,yes,1,0.0,1.0,1.0,1.0,0.0,1.0,0.8,0.6,0.47619047619047616,1.0,0.6,0.5416666666666666,0.875,0.4666666666666667
14327,discriminative-relation,yes,1,0.0,1.0,0.0,1.0,0.0,1.0,0.4,0.4,1.0,1.0,0.7666666666666667,1.0,0.7666666666666667,0.6444444444444445
14331,discriminative-relation,yes,0,1.0,1.0,0.0,1.0,1.0,1.0,0.0,1.0,0.47619047619047616,1.0,0.5416666666666666,0.5416666666666666,1.0,0.4444444444444444
14332,discriminative-relation,yes,1,0.5454545454545454,0.45454545454545453,0.9090909090909091,0.8181818181818182,0.2,0.6,1.0,1.0,0.5844155844155844,0.475,0.5416666666666666,0.5416666666666666,0.875,0.4666666666666667
14334,discriminative-relation,yes,0,1.0,1.0,0.09090909090909091,0.8181818181818182,1.0,1.0,0.0,1.0,0.4805194805194805,1.0,0.5416666666666666,0.5,0.875,0.4444444444444444
14336,discriminative-relation,yes,0,1.0,1.0,0.18181818181818182,0.6727272727272727,1.0,1.0,0.2,0.6,0.4935064935064935,1.0,0.6,0.475,0.675,0.4666666666666667
14337,discriminative-relation,yes,1,0.7272727272727273,0.5636363636363636,0.9090909090909091,0.8181818181818182,0.0,1.0,1.0,1.0,0.6883116883116883,0.4666666666666667,0.675,0.5,0.875,0.4444444444444444
14340,discriminative-relation,yes,1,0.36363636363636365,0.4909090909090909,0.2727272727272727,0.5636363636363636,0.0,1.0,0.8,0.6,0.5454545454545454,0.6,0.4666666666666667,0.675,0.475,0.4666666666666667
14342,discriminative-relation,yes,0,1.0,1.0,0.09090909090909091,0.8181818181818182,1.0,1.0,0.0,1.0,0.4805194805194805,1.0,0.5416666666666666,0.5,0.875,0.4444444444444444
14344,discriminative-relation,yes,1,0.0,1.0,0.6363636363636364,0.4909090909090909,0.0,1.0,0.8,0.6,0.5454545454545454,1.0,0.6,0.475,0.5416666666666666,0.4666666666666667
14346,discriminative-relation,yes,0,1.0,1.0,0.0,1.0,1.0,1.0,0.0,1.0,0.47619047619047616,1.0,0.5416666666666666,0.5416666666666666,1.0,0.4444444444444444
14348,discriminative-relation,yes,0,1.0,1.0,0.9090909090909091,0.8181818181818182,1.0,1.0,0.6,0.4,0.9090909090909091,1.0,0.7666666666666667,0.875,0.675,0.6444444444444445
14349,discriminative-relation,yes,1,0.09090909090909091,0.8181818181818182,0.0,1.0,0.0,1.0,0.0,1.0,0.9090909090909091,0.875,0.875,1.0,1.0,1.0
14351,discriminative-relation,yes,0,1.0,1.0,0.0,1.0,1.0,1.0,0.0,1.0,0.47619047619047616,1.0,0.5416666666666666,0.5416666666666666,1.0,0.4444444444444444
14353,discriminative-relation,yes,1,1.0,1.0,0.8181818181818182,0.6727272727272727,0.2,0.6,1.0,1.0,0.8268398268398268,0.6,1.0,0.5,0.7666666666666667,0.4666666666666667
14355,discriminative-relation,yes,1,0.0,1.0,1.0,1.0,0.0,1.0,1.0,1.0,0.47619047619047616,1.0,0.5416666666666666,0.5416666666666666,1.0,0.4444444444444444
14357,discriminative-relation,yes,1,0.0,1.0,0.9090909090909091,0.8181818181818182,0.0,1.0,1.0,1.0,0.4805194805194805,1.0,0.5416666666666666,0.5,0.875,0.4444444444444444
14358,discriminative-relation,yes,1,0.0,1.0,0.9090909090909091,0.8181818181818182,0.0,1.0,1.0,1.0,0.4805194805194805,1.0,0.5416666666666666,0.5,0.875,0.4444444444444444
14361,discriminative-relation,yes,1,0.0,1.0,0.7272727272727273,0.5636363636363636,0.0,1.0,1.0,1.0,0.5151515151515151,1.0,0.5416666666666666,0.4666666666666667,0.675,0.4444444444444444
14362,discriminative-relation,yes,0,1.0,1.0,0.09090909090909091,0.8181818181818182,1.0,1.0,0.0,1.0,0.4805194805194805,1.0,0.5416666666666666,0.5,0.875,0.4444444444444444
14364,discriminative-relation,yes,0,0.8181818181818182,0.6727272727272727,0.36363636363636365,0.4909090909090909,1.0,1.0,0.0,1.0,0.4935064935064935,0.7666666666666667,0.475,0.475,0.6,0.4444444444444444
14366,discriminative-relation,yes,0,1.0,1.0,0.09090909090909091,0.8181818181818182,1.0,1.0,0.0,1.0,0.4805194805194805,1.0,0.5416666666666666,0.5,0.875,0.4444444444444444
14368,discriminative-relation,yes,1,0.2727272727272727,0.5636363636363636,0.8181818181818182,0.6727272727272727,0.0,1.0,0.8,0.6,0.4805194805194805,0.675,0.475,0.475,0.675,0.4666666666666667
14369,discriminative-relation,yes,0,1.0,1.0,0.09090909090909091,0.8181818181818182,1.0,1.0,0.0,1.0,0.4805194805194805,1.0,0.5416666666666666,0.5,0.875,0.4444444444444444
14371,discriminative-relation,yes,1,0.2727272727272727,0.5636363636363636,0.9090909090909091,0.8181818181818182,0.0,1.0,1.0,1.0,0.4935064935064935,0.675,0.4666666666666667,0.5,0.875,0.4444444444444444
14372,discriminative-relation,yes,0,1.0,1.0,0.09090909090909091,0.8181818181818182,1.0,1.0,0.0,1.0,0.4805194805194805,1.0,0.5416666666666666,0.5,0.875,0.4444444444444444
14374,discriminative-relation,yes,1,0.18181818181818182,0.6727272727272727,1.0,1.0,0.0,1.0,1.0,1.0,0.4935064935064935,0.7666666666666667,0.475,0.5416666666666666,1.0,0.4444444444444444
14376,discriminative-relation,yes,1,0.0,1.0,1.0,1.0,0.0,1.0,1.0,1.0,0.47619047619047616,1.0,0.5416666666666666,0.5416666666666666,1.0,0.4444444444444444
14378,discriminative-relation,yes,1,0.09090909090909091,0.8181818181818182,0.9090909090909091,0.8181818181818182,0.0,1.0,0.8,0.6,0.47619047619047616,0.875,0.5416666666666666,0.5,0.7666666666666667,0.4666666666666667
14380,discriminative-relation,yes,1,0.0,1.0,1.0,1.0,0.0,1.0,1.0,1.0,0.47619047619047616,1.0,0.5416666666666666,0.5416666666666666,1.0,0.4444444444444444
14382,discriminative-relation,yes,0,1.0,1.0,0.0,1.0,1.0,1.0,0.0,1.0,0.47619047619047616,1.0,0.5416666666666666,0.5416666666666666,1.0,0.4444444444444444
14383,discriminative-relation,yes,1,0.2727272727272727,0.5636363636363636,0.0,1.0,0.2,0.6,0.2,0.6,0.7532467532467533,0.6,0.6,0.875,0.875,0.6444444444444445
14384,discriminative-relation,yes,0,1.0,1.0,0.8181818181818182,0.6727272727272727,1.0,1.0,0.2,0.6,0.8268398268398268,1.0,0.6,0.7666666666666667,0.5,0.4666666666666667
14386,discriminative-relation,yes,0,0.9090909090909091,0.8181818181818182,0.36363636363636365,0.4909090909090909,1.0,1.0,0.0,1.0,0.5151515151515151,0.875,0.5,0.475,0.6,0.4444444444444444
14388,discriminative-relation,yes,1,0.18181818181818182,0.6727272727272727,0.5454545454545454,0.45454545454545453,0.0,1.0,1.0,1.0,0.5151515151515151,0.7666666666666667,0.475,0.5,0.5416666666666666,0.4444444444444444
14390,discriminative-relation,yes,1,0.36363636363636365,0.4909090909090909,1.0,1.0,0.0,1.0,1.0,1.0,0.5454545454545454,0.6,0.475,0.5416666666666666,1.0,0.4444444444444444
14392,discriminative-relation,yes,1,0.45454545454545453,0.45454545454545453,0.0,1.0,0.0,1.0,0.4,0.4,0.6320346320346321,0.5416666666666666,0.475,1.0,0.7666666666666667,0.6444444444444445
14394,discriminative-relation,yes,1,0.0,1.0,0.9090909090909091,0.8181818181818182,0.0,1.0,1.0,1.0,0.4805194805194805,1.0,0.5416666666666666,0.5,0.875,0.4444444444444444
14398,discriminative-relation,yes,1,0.0,1.0,1.0,1.0,0.0,1.0,1.0,1.0,0.47619047619047616,1.0,0.5416666666666666,0.5416666666666666,1.0,0.4444444444444444
14400,discriminative-relation,yes,1,0.36363636363636365,0.4909090909090909,0.8181818181818182,0.6727272727272727,0.0,1.0,1.0,1.0,0.4935064935064935,0.6,0.475,0.475,0.7666666666666667,0.4444444444444444
14402,discriminative-relation,yes,0,1.0,1.0,0.09090909090909091,0.8181818181818182,1.0,1.0,0.0,1.0,0.4805194805194805,1.0,0.5416666666666666,0.5,0.875,0.4444444444444444
14404,discriminative-relation,yes,0,1.0,1.0,0.09090909090909091,0.8181818181818182,1.0,1.0,0.0,1.0,0.4805194805194805,1.0,0.5416666666666666,0.5,0.875,0.4444444444444444
14405,discriminative-relation,yes,0,1.0,1.0,1.0,1.0,1.0,1.0,0.4,0.4,1.0,1.0,0.675,1.0,0.675,0.5333333333333333
14407,discriminative-relation,yes,0,1.0,1.0,0.18181818181818182,0.6727272727272727,1.0,1.0,0.2,0.6,0.4935064935064935,1.0,0.6,0.475,0.675,0.4666666666666667
14409,discriminative-relation,yes,0,1.0,1.0,0.5454545454545454,0.45454545454545453,1.0,1.0,0.0,1.0,0.6320346320346321,1.0,0.5416666666666666,0.5416666666666666,0.5,0.4444444444444444
14412,discriminative-relation,yes,1,0.0,1.0,1.0,1.0,0.0,1.0,1.0,1.0,0.47619047619047616,1.0,0.5416666666666666,0.5416666666666666,1.0,0.4444444444444444
14414,discriminative-relation,yes,1,0.0,1.0,0.9090909090909091,0.8181818181818182,0.0,1.0,1.0,1.0,0.4805194805194805,1.0,0.5416666666666666,0.5,0.875,0.4444444444444444
14415,discriminative-relation,yes,1,0.0,1.0,0.18181818181818182,0.6727272727272727,0.2,0.6,0.2,0.6,0.8268398268398268,0.875,0.875,0.675,0.675,0.6444444444444445
14417,discriminative-relation,yes,1,0.0,1.0,1.0,1.0,0.0,1.0,1.0,1.0,0.47619047619047616,1.0,0.5416666666666666,0.5416666666666666,1.0,0.4444444444444444
14419,discriminative-relation,yes,1,0.18181818181818182,0.6727272727272727,0.7272727272727273,0.5636363636363636,0.0,1.0,1.0,1.0,0.4805194805194805,0.7666666666666667,0.475,0.4666666666666667,0.675,0.4444444444444444
14420,discriminative-relation,yes,1,0.0,1.0,0.9090909090909091,0.8181818181818182,0.0,1.0,1.0,1.0,0.4805194805194805,1.0,0.5416666666666666,0.5,0.875,0.4444444444444444
14422,discriminative-relation,yes,0,1.0,1.0,0.2727272727272727,0.5636363636363636,1.0,1.0,0.0,1.0,0.5151515151515151,1.0,0.5416666666666666,0.4666666666666667,0.675,0.4444444444444444
14424,discriminative-relation,yes,0,1.0,1.0,0.18181818181818182,0.6727272727272727,1.0,1.0,0.0,1.0,0.4935064935064935,1.0,0.5416666666666666,0.475,0.7666666666666667,0.4444444444444444
14426,discriminative-relation,yes,1,0.18181818181818182,0.6727272727272727,0.8181818181818182,0.6727272727272727,0.0,1.0,0.8,0.6,0.47619047619047616,0.7666666666666667,0.5,0.475,0.675,0.4666666666666667
14428,discriminative-relation,yes,1,0.0,1.0,1.0,1.0,0.0,1.0,1.0,1.0,0.47619047619047616,1.0,0.5416666666666666,0.5416666666666666,1.0,0.4444444444444444
14430,discriminative-relation,yes,1,0.0,1.0,0.6363636363636364,0.4909090909090909,0.0,1.0,0.4,0.4,0.5454545454545454,1.0,0.7666666666666667,0.475,0.475,0.6444444444444445
14432,discriminative-relation,yes,1,0.0,1.0,0.5454545454545454,0.45454545454545453,0.0,1.0,1.0,1.0,0.5844155844155844,1.0,0.5416666666666666,0.5,0.5416666666666666,0.4444444444444444
14434,discriminative-relation,yes,1,0.0,1.0,1.0,1.0,0.0,1.0,1.0,1.0,0.47619047619047616,1.0,0.5416666666666666,0.5416666666666666,1.0,0.4444444444444444
14436,discriminative-relation,yes,1,0.0,1.0,0.0,1.0,0.0,1.0,0.4,0.4,1.0,1.0,0.7666666666666667,1.0,0.7666666666666667,0.6444444444444445
14439,discriminative-relation,yes,1,0.0,1.0,1.0,1.0,0.0,1.0,1.0,1.0,0.47619047619047616,1.0,0.5416666666666666,0.5416666666666666,1.0,0.4444444444444444
14441,discriminative-relation,yes,0,1.0,1.0,0.09090909090909091,0.8181818181818182,1.0,1.0,0.0,1.0,0.4805194805194805,1.0,0.5416666666666666,0.5,0.875,0.4444444444444444
14443,discriminative-relation,yes,1,0.9090909090909091,0.8181818181818182,1.0,1.0,0.0,1.0,1.0,1.0,0.9090909090909091,0.5,0.875,0.5416666666666666,1.0,0.4444444444444444
14444,discriminative-relation,yes,0,1.0,1.0,0.09090909090909091,0.8181818181818182,1.0,1.0,0.0,1.0,0.4805194805194805,1.0,0.5416666666666666,0.5,0.875,0.4444444444444444
14446,discriminative-relation,yes,0,1.0,1.0,0.0,1.0,1.0,1.0,0.0,1.0,0.47619047619047616,1.0,0.5416666666666666,0.5416666666666666,1.0,0.4444444444444444
14448,discriminative-relation,yes,0,1.0,1.0,0.0,1.0,1.0,1.0,0.0,1.0,0.47619047619047616,1.0,0.5416666666666666,0.5416666666666666,1.0,0.4444444444444444
14449,discriminative-relation,yes,1,0.18181818181818182,0.6727272727272727,0.9090909090909091,0.8181818181818182,0.0,1.0,1.0,1.0,0.4805194805194805,0.7666666666666667,0.475,0.5,0.875,0.4444444444444444
14451,discriminative-relation,yes,1,0.09090909090909091,0.8181818181818182,1.0,1.0,0.0,1.0,1.0,1.0,0.4805194805194805,0.875,0.5,0.5416666666666666,1.0,0.4444444444444444
14452,discriminative-relation,yes,1,0.09090909090909091,0.8181818181818182,1.0,1.0,0.0,1.0,1.0,1.0,0.4805194805194805,0.875,0.5,0.5416666666666666,1.0,0.4444444444444444
14454,discriminative-relation,yes,1,0.0,1.0,0.9090909090909091,0.8181818181818182,0.0,1.0,1.0,1.0,0.4805194805194805,1.0,0.5416666666666666,0.5,0.875,0.4444444444444444
14456,discriminative-relation,yes,0,1.0,1.0,0.0,1.0,1.0,1.0,0.0,1.0,0.47619047619047616,1.0,0.5416666666666666,0.5416666666666666,1.0,0.4444444444444444
14458,discriminative-relation,yes,0,1.0,1.0,0.0,1.0,1.0,1.0,0.0,1.0,0.47619047619047616,1.0,0.5416666666666666,0.5416666666666666,1.0,0.4444444444444444
14460,discriminative-relation,yes,0,1.0,1.0,0.0,1.0,1.0,1.0,0.0,1.0,0.47619047619047616,1.0,0.5416666666666666,0.5416666666666666,1.0,0.4444444444444444
14462,discriminative-relation,yes,1,0.09090909090909091,0.8181818181818182,0.9090909090909091,0.8181818181818182,0.0,1.0,1.0,1.0,0.47619047619047616,0.875,0.5,0.5,0.875,0.4444444444444444
14464,discriminative-relation,yes,1,0.0,1.0,1.0,1.0,0.0,1.0,1.0,1.0,0.47619047619047616,1.0,0.5416666666666666,0.5416666666666666,1.0,0.4444444444444444
14466,discriminative-relation,yes,0,1.0,1.0,0.0,1.0,1.0,1.0,0.0,1.0,0.47619047619047616,1.0,0.5416666666666666,0.5416666666666666,1.0,0.4444444444444444
14469,discriminative-relation,yes,0,1.0,1.0,0.0,1.0,1.0,1.0,0.0,1.0,0.47619047619047616,1.0,0.5416666666666666,0.5416666666666666,1.0,0.4444444444444444
14471,discriminative-relation,yes,1,0.0,1.0,1.0,1.0,0.0,1.0,1.0,1.0,0.47619047619047616,1.0,0.5416666666666666,0.5416666666666666,1.0,0.4444444444444444
14473,discriminative-relation,yes,1,0.0,1.0,0.0,1.0,0.0,1.0,0.4,0.4,1.0,1.0,0.7666666666666667,1.0,0.7666666666666667,0.6444444444444445
14475,discriminative-relation,yes,1,0.0,1.0,0.6363636363636364,0.4909090909090909,0.0,1.0,1.0,1.0,0.5454545454545454,1.0,0.5416666666666666,0.475,0.6,0.4444444444444444
14477,discriminative-relation,yes,0,1.0,1.0,0.18181818181818182,0.6727272727272727,1.0,1.0,0.0,1.0,0.4935064935064935,1.0,0.5416666666666666,0.475,0.7666666666666667,0.4444444444444444
14478,discriminative-relation,yes,1,0.0,1.0,1.0,1.0,0.0,1.0,1.0,1.0,0.47619047619047616,1.0,0.5416666666666666,0.5416666666666666,1.0,0.4444444444444444
14480,discriminative-relation,yes,0,1.0,1.0,0.0,1.0,1.0,1.0,0.0,1.0,0.47619047619047616,1.0,0.5416666666666666,0.5416666666666666,1.0,0.4444444444444444
14483,discriminative-relation,yes,0,1.0,1.0,0.09090909090909091,0.8181818181818182,1.0,1.0,0.0,1.0,0.4805194805194805,1.0,0.5416666666666666,0.5,0.875,0.4444444444444444
14487,discriminative-relation,yes,0,1.0,1.0,0.0,1.0,1.0,1.0,0.0,1.0,0.47619047619047616,1.0,0.5416666666666666,0.5416666666666666,1.0,0.4444444444444444
14489,discriminative-relation,yes,0,1.0,1.0,0.0,1.0,1.0,1.0,0.0,1.0,0.47619047619047616,1.0,0.5416666666666666,0.5416666666666666,1.0,0.4444444444444444
14490,discriminative-relation,yes,0,1.0,1.0,0.6363636363636364,0.4909090909090909,1.0,1.0,0.2,0.6,0.6883116883116883,1.0,0.6,0.6,0.4666666666666667,0.4666666666666667
14492,discriminative-relation,yes,1,1.0,1.0,0.9090909090909091,0.8181818181818182,0.2,0.6,1.0,1.0,0.9090909090909091,0.6,1.0,0.5416666666666666,0.875,0.4666666666666667
14494,discriminative-relation,yes,1,0.0,1.0,1.0,1.0,0.0,1.0,1.0,1.0,0.47619047619047616,1.0,0.5416666666666666,0.5416666666666666,1.0,0.4444444444444444
14495,discriminative-relation,yes,0,1.0,1.0,0.9090909090909091,0.8181818181818182,1.0,1.0,0.2,0.6,0.9090909090909091,1.0,0.6,0.875,0.5416666666666666,0.4666666666666667
14497,discriminative-relation,yes,1,0.0,1.0,1.0,1.0,0.0,1.0,1.0,1.0,0.47619047619047616,1.0,0.5416666666666666,0.5416666666666666,1.0,0.4444444444444444
14499,discriminative-relation,yes,1,0.0,1.0,0.8181818181818182,0.6727272727272727,0.0,1.0,0.8,0.6,0.4935064935064935,1.0,0.6,0.475,0.675,0.4666666666666667
14501,discriminative-relation,yes,0,1.0,1.0,0.09090909090909091,0.8181818181818182,1.0,1.0,0.0,1.0,0.4805194805194805,1.0,0.5416666666666666,0.5,0.875,0.4444444444444444
14503,discriminative-relation,yes,1,0.0,1.0,0.7272727272727273,0.5636363636363636,0.0,1.0,1.0,1.0,0.5151515151515151,1.0,0.5416666666666666,0.4666666666666667,0.675,0.4444444444444444
14504,discriminative-relation,yes,0,1.0,1.0,0.09090909090909091,0.8181818181818182,1.0,1.0,0.0,1.0,0.4805194805194805,1.0,0.5416666666666666,0.5,0.875,0.4444444444444444
14506,discriminative-relation,yes,1,0.9090909090909091,0.8181818181818182,0.7272727272727273,0.5636363636363636,0.2,0.6,1.0,1.0,0.6883116883116883,0.5416666666666666,0.875,0.475,0.675,0.4666666666666667
14508,discriminative-relation,yes,1,0.0,1.0,1.0,1.0,0.0,1.0,1.0,1.0,0.47619047619047616,1.0,0.5416666666666666,0.5416666666666666,1.0,0.4444444444444444
14509,discriminative-relation,yes,0,1.0,1.0,0.0,1.0,1.0,1.0,0.0,1.0,0.47619047619047616,1.0,0.5416666666666666,0.5416666666666666,1.0,0.4444444444444444
14511,discriminative-relation,yes,0,1.0,1.0,0.18181818181818182,0.6727272727272727,1.0,1.0,0.0,1.0,0.4935064935064935,1.0,0.5416666666666666,0.475,0.7666666666666667,0.4444444444444444
14513,discriminative-relation,yes,1,0.0,1.0,1.0,1.0,0.0,1.0,1.0,1.0,0.47619047619047616,1.0,0.5416666666666666,0.5416666666666666,1.0,0.4444444444444444
14514,discriminative-relation,yes,0,1.0,1.0,0.09090909090909091,0.8181818181818182,1.0,1.0,0.0,1.0,0.4805194805194805,1.0,0.5416666666666666,0.5,0.875,0.4444444444444444
14516,discriminative-relation,yes,1,0.0,1.0,0.9090909090909091,0.8181818181818182,0.0,1.0,1.0,1.0,0.4805194805194805,1.0,0.5416666666666666,0.5,0.875,0.4444444444444444
14518,discriminative-relation,yes,1,0.09090909090909091,0.8181818181818182,0.2727272727272727,0.5636363636363636,0.0,1.0,0.4,0.4,0.6883116883116883,0.875,0.675,0.675,0.5416666666666666,0.6444444444444445
14522,discriminative-relation,yes,0,1.0,1.0,0.09090909090909091,0.8181818181818182,1.0,1.0,0.0,1.0,0.4805194805194805,1.0,0.5416666666666666,0.5,0.875,0.4444444444444444
14523,discriminative-relation,yes,0,1.0,1.0,0.7272727272727273,0.5636363636363636,1.0,1.0,0.2,0.6,0.7532467532467533,1.0,0.6,0.675,0.475,0.4666666666666667
14524,discriminative-relation,yes,0,1.0,1.0,0.0,1.0,1.0,1.0,0.0,1.0,0.47619047619047616,1.0,0.5416666666666666,0.5416666666666666,1.0,0.4444444444444444
14526,discriminative-relation,yes,0,1.0,1.0,0.0,1.0,1.0,1.0,0.0,1.0,0.47619047619047616,1.0,0.5416666666666666,0.5416666666666666,1.0,0.4444444444444444
14528,discriminative-relation,yes,0,1.0,1.0,0.5454545454545454,0.45454545454545453,1.0,1.0,0.0,1.0,0.6320346320346321,1.0,0.5416666666666666,0.5416666666666666,0.5,0.4444444444444444
14530,discriminative-relation,yes,0,1.0,1.0,0.09090909090909091,0.8181818181818182,1.0,1.0,0.0,1.0,0.4805194805194805,1.0,0.5416666666666666,0.5,0.875,0.4444444444444444
14531,discriminative-relation,yes,0,1.0,1.0,0.45454545454545453,0.45454545454545453,1.0,1.0,0.0,1.0,0.5844155844155844,1.0,0.5416666666666666,0.5,0.5416666666666666,0.4444444444444444
14532,discriminative-relation,yes,0,1.0,1.0,0.0,1.0,1.0,1.0,0.0,1.0,0.47619047619047616,1.0,0.5416666666666666,0.5416666666666666,1.0,0.4444444444444444
14533,discriminative-relation,yes,0,1.0,1.0,0.0,1.0,1.0,1.0,0.0,1.0,0.47619047619047616,1.0,0.5416666666666666,0.5416666666666666,1.0,0.4444444444444444
14534,discriminative-relation,yes,0,1.0,1.0,0.0,1.0,1.0,1.0,0.0,1.0,0.47619047619047616,1.0,0.5416666666666666,0.5416666666666666,1.0,0.4444444444444444
14535,discriminative-relation,yes,0,1.0,1.0,0.0,1.0,1.0,1.0,0.0,1.0,0.47619047619047616,1.0,0.5416666666666666,0.5416666666666666,1.0,0.4444444444444444
14536,discriminative-relation,yes,0,1.0,1.0,0.0,1.0,1.0,1.0,0.0,1.0,0.47619047619047616,1.0,0.5416666666666666,0.5416666666666666,1.0,0.4444444444444444
14538,discriminative-relation,yes,0,1.0,1.0,0.0,1.0,1.0,1.0,0.0,1.0,0.47619047619047616,1.0,0.5416666666666666,0.5416666666666666,1.0,0.4444444444444444
14539,discriminative-relation,yes,1,0.0,1.0,1.0,1.0,0.0,1.0,1.0,1.0,0.47619047619047616,1.0,0.5416666666666666,0.5416666666666666,1.0,0.4444444444444444
14540,discriminative-relation,yes,0,1.0,1.0,0.09090909090909091,0.8181818181818182,1.0,1.0,0.0,1.0,0.4805194805194805,1.0,0.5416666666666666,0.5,0.875,0.4444444444444444
14542,discriminative-relation,yes,0,1.0,1.0,0.18181818181818182,0.6727272727272727,1.0,1.0,0.0,1.0,0.4935064935064935,1.0,0.5416666666666666,0.475,0.7666666666666667,0.4444444444444444
14543,discriminative-relation,yes,1,0.0,1.0,1.0,1.0,0.0,1.0,1.0,1.0,0.47619047619047616,1.0,0.5416666666666666,0.5416666666666666,1.0,0.4444444444444444
14545,discriminative-relation,yes,0,1.0,1.0,0.09090909090909091,0.8181818181818182,1.0,1.0,0.0,1.0,0.4805194805194805,1.0,0.5416666666666666,0.5,0.875,0.4444444444444444
14547,discriminative-relation,yes,0,1.0,1.0,0.0,1.0,1.0,1.0,0.0,1.0,0.47619047619047616,1.0,0.5416666666666666,0.5416666666666666,1.0,0.4444444444444444
14549,discriminative-relation,yes,1,0.0,1.0,0.7272727272727273,0.5636363636363636,0.0,1.0,1.0,1.0,0.5151515151515151,1.0,0.5416666666666666,0.4666666666666667,0.675,0.4444444444444444
14551,discriminative-relation,yes,1,0.0,1.0,1.0,1.0,0.0,1.0,1.0,1.0,0.47619047619047616,1.0,0.5416666666666666,0.5416666666666666,1.0,0.4444444444444444
14552,discriminative-relation,yes,1,0.0,1.0,0.45454545454545453,0.45454545454545453,0.0,1.0,1.0,1.0,0.6320346320346321,1.0,0.5416666666666666,0.5416666666666666,0.5,0.4444444444444444
14554,discriminative-relation,yes,1,0.0,1.0,0.9090909090909091,0.8181818181818182,0.0,1.0,1.0,1.0,0.4805194805194805,1.0,0.5416666666666666,0.5,0.875,0.4444444444444444
14556,discriminative-relation,yes,0,0.7272727272727273,0.5636363636363636,0.45454545454545453,0.45454545454545453,1.0,1.0,0.0,1.0,0.4935064935064935,0.675,0.4666666666666667,0.5,0.5416666666666666,0.4444444444444444
14557,discriminative-relation,yes,0,1.0,1.0,0.8181818181818182,0.6727272727272727,1.0,1.0,0.0,1.0,0.8268398268398268,1.0,0.5416666666666666,0.7666666666666667,0.475,0.4444444444444444
14561,discriminative-relation,yes,0,1.0,1.0,0.7272727272727273,0.5636363636363636,1.0,1.0,0.2,0.6,0.7532467532467533,1.0,0.6,0.675,0.475,0.4666666666666667
14563,discriminative-relation,yes,0,1.0,1.0,0.09090909090909091,0.8181818181818182,1.0,1.0,0.0,1.0,0.4805194805194805,1.0,0.5416666666666666,0.5,0.875,0.4444444444444444
14565,discriminative-relation,yes,0,1.0,1.0,0.0,1.0,1.0,1.0,0.0,1.0,0.47619047619047616,1.0,0.5416666666666666,0.5416666666666666,1.0,0.4444444444444444
14567,discriminative-relation,yes,1,0.0,1.0,0.45454545454545453,0.45454545454545453,0.0,1.0,0.8,0.6,0.6320346320346321,1.0,0.6,0.5416666666666666,0.475,0.4666666666666667
14569,discriminative-relation,yes,0,1.0,1.0,0.2727272727272727,0.5636363636363636,1.0,1.0,0.0,1.0,0.5151515151515151,1.0,0.5416666666666666,0.4666666666666667,0.675,0.4444444444444444
14571,discriminative-relation,yes,0,1.0,1.0,0.0,1.0,1.0,1.0,0.0,1.0,0.47619047619047616,1.0,0.5416666666666666,0.5416666666666666,1.0,0.4444444444444444
14573,discriminative-relation,yes,1,0.0,1.0,0.5454545454545454,0.45454545454545453,0.0,1.0,0.4,0.4,0.5844155844155844,1.0,0.7666666666666667,0.5,0.4666666666666667,0.6444444444444445
14574,discriminative-relation,yes,0,1.0,1.0,0.9090909090909091,0.8181818181818182,1.0,1.0,0.2,0.6,0.9090909090909091,1.0,0.6,0.875,0.5416666666666666,0.4666666666666667
14576,discriminative-relation,yes,0,1.0,1.0,1.0,1.0,1.0,1.0,0.6,0.4,1.0,1.0,0.7666666666666667,1.0,0.7666666666666667,0.6444444444444445
14578,discriminative-relation,yes,1,0.0,1.0,0.9090909090909091,0.8181818181818182,0.0,1.0,1.0,1.0,0.4805194805194805,1.0,0.5416666666666666,0.5,0.875,0.4444444444444444
14580,discriminative-relation,yes,1,0.09090909090909091,0.8181818181818182,0.9090909090909091,0.8181818181818182,0.0,1.0,1.0,1.0,0.47619047619047616,0.875,0.5,0.5,0.875,0.4444444444444444
14582,discriminative-relation,yes,1,0.09090909090909091,0.8181818181818182,0.9090909090909091,0.8181818181818182,0.0,1.0,1.0,1.0,0.47619047619047616,0.875,0.5,0.5,0.875,0.4444444444444444
14584,discriminative-relation,yes,1,0.0,1.0,1.0,1.0,0.0,1.0,1.0,1.0,0.47619047619047616,1.0,0.5416666666666666,0.5416666666666666,1.0,0.4444444444444444
14586,discriminative-relation,yes,1,0.09090909090909091,0.8181818181818182,0.9090909090909091,0.8181818181818182,0.0,1.0,1.0,1.0,0.47619047619047616,0.875,0.5,0.5,0.875,0.4444444444444444
14588,discriminative-relation,yes,1,0.0,1.0,1.0,1.0,0.0,1.0,1.0,1.0,0.47619047619047616,1.0,0.5416666666666666,0.5416666666666666,1.0,0.4444444444444444
14590,discriminative-relation,yes,0,1.0,1.0,0.0,1.0,1.0,1.0,0.0,1.0,0.47619047619047616,1.0,0.5416666666666666,0.5416666666666666,1.0,0.4444444444444444
14591,discriminative-relation,yes,0,1.0,1.0,0.36363636363636365,0.4909090909090909,1.0,1.0,0.0,1.0,0.5454545454545454,1.0,0.5416666666666666,0.475,0.6,0.4444444444444444
14593,discriminative-relation,yes,1,0.0,1.0,1.0,1.0,0.0,1.0,1.0,1.0,0.47619047619047616,1.0,0.5416666666666666,0.5416666666666666,1.0,0.4444444444444444
14595,discriminative-relation,yes,0,1.0,1.0,0.09090909090909091,0.8181818181818182,1.0,1.0,0.0,1.0,0.4805194805194805,1.0,0.5416666666666666,0.5,0.875,0.4444444444444444
14596,discriminative-relation,yes,1,0.36363636363636365,0.4909090909090909,0.5454545454545454,0.45454545454545453,0.0,1.0,0.6,0.4,0.4805194805194805,0.6,0.475,0.5,0.475,0.5333333333333333
14597,discriminative-relation,yes,0,1.0,1.0,0.0,1.0,1.0,1.0,0.0,1.0,0.47619047619047616,1.0,0.5416666666666666,0.5416666666666666,1.0,0.4444444444444444
14599,discriminative-relation,yes,1,0.0,1.0,1.0,1.0,0.0,1.0,1.0,1.0,0.47619047619047616,1.0,0.5416666666666666,0.5416666666666666,1.0,0.4444444444444444
14601,discriminative-relation,yes,1,0.0,1.0,1.0,1.0,0.0,1.0,1.0,1.0,0.47619047619047616,1.0,0.5416666666666666,0.5416666666666666,1.0,0.4444444444444444
14603,discriminative-relation,yes,1,0.0,1.0,0.9090909090909091,0.8181818181818182,0.0,1.0,1.0,1.0,0.4805194805194805,1.0,0.5416666666666666,0.5,0.875,0.4444444444444444
14605,discriminative-relation,yes,1,0.0,1.0,0.6363636363636364,0.4909090909090909,0.0,1.0,1.0,1.0,0.5454545454545454,1.0,0.5416666666666666,0.475,0.6,0.4444444444444444
14607,discriminative-relation,yes,1,0.2727272727272727,0.5636363636363636,0.6363636363636364,0.4909090909090909,0.0,1.0,1.0,1.0,0.4805194805194805,0.675,0.4666666666666667,0.475,0.6,0.4444444444444444
14609,discriminative-relation,yes,1,0.09090909090909091,0.8181818181818182,0.9090909090909091,0.8181818181818182,0.0,1.0,1.0,1.0,0.47619047619047616,0.875,0.5,0.5,0.875,0.4444444444444444
14611,discriminative-relation,yes,0,1.0,1.0,0.0,1.0,1.0,1.0,0.0,1.0,0.47619047619047616,1.0,0.5416666666666666,0.5416666666666666,1.0,0.4444444444444444
14613,discriminative-relation,yes,1,0.0,1.0,0.8181818181818182,0.6727272727272727,0.0,1.0,1.0,1.0,0.4935064935064935,1.0,0.5416666666666666,0.475,0.7666666666666667,0.4444444444444444
14614,discriminative-relation,yes,0,1.0,1.0,0.5454545454545454,0.45454545454545453,1.0,1.0,0.4,0.4,0.6320346320346321,1.0,0.675,0.5416666666666666,0.4666666666666667,0.5333333333333333
14618,discriminative-relation,yes,0,1.0,1.0,0.0,1.0,1.0,1.0,0.0,1.0,0.47619047619047616,1.0,0.5416666666666666,0.5416666666666666,1.0,0.4444444444444444
14620,discriminative-relation,yes,1,0.0,1.0,1.0,1.0,0.0,1.0,1.0,1.0,0.47619047619047616,1.0,0.5416666666666666,0.5416666666666666,1.0,0.4444444444444444
14622,discriminative-relation,yes,0,1.0,1.0,0.0,1.0,1.0,1.0,0.0,1.0,0.47619047619047616,1.0,0.5416666666666666,0.5416666666666666,1.0,0.4444444444444444
14624,discriminative-relation,yes,1,0.0,1.0,0.5454545454545454,0.45454545454545453,0.0,1.0,0.4,0.4,0.5844155844155844,1.0,0.7666666666666667,0.5,0.4666666666666667,0.6444444444444445
14626,discriminative-relation,yes,1,0.0,1.0,1.0,1.0,0.0,1.0,1.0,1.0,0.47619047619047616,1.0,0.5416666666666666,0.5416666666666666,1.0,0.4444444444444444
14630,discriminative-relation,yes,1,0.09090909090909091,0.8181818181818182,0.9090909090909091,0.8181818181818182,0.0,1.0,1.0,1.0,0.47619047619047616,0.875,0.5,0.5,0.875,0.4444444444444444
14632,discriminative-relation,yes,1,0.5454545454545454,0.45454545454545453,0.8181818181818182,0.6727272727272727,0.0,1.0,1.0,1.0,0.5454545454545454,0.5,0.5416666666666666,0.475,0.7666666666666667,0.4444444444444444
14634,discriminative-relation,yes,0,1.0,1.0,0.0,1.0,1.0,1.0,0.0,1.0,0.47619047619047616,1.0,0.5416666666666666,0.5416666666666666,1.0,0.4444444444444444
14636,discriminative-relation,yes,1,0.0,1.0,1.0,1.0,0.0,1.0,1.0,1.0,0.47619047619047616,1.0,0.5416666666666666,0.5416666666666666,1.0,0.4444444444444444
14637,discriminative-relation,yes,0,1.0,1.0,0.09090909090909091,0.8181818181818182,1.0,1.0,0.0,1.0,0.4805194805194805,1.0,0.5416666666666666,0.5,0.875,0.4444444444444444
14639,discriminative-relation,yes,0,1.0,1.0,0.0,1.0,1.0,1.0,0.0,1.0,0.47619047619047616,1.0,0.5416666666666666,0.5416666666666666,1.0,0.4444444444444444
14641,discriminative-relation,yes,0,1.0,1.0,0.0,1.0,1.0,1.0,0.0,1.0,0.47619047619047616,1.0,0.5416666666666666,0.5416666666666666,1.0,0.4444444444444444
14643,discriminative-relation,yes,1,0.0,1.0,1.0,1.0,0.0,1.0,1.0,1.0,0.47619047619047616,1.0,0.5416666666666666,0.5416666666666666,1.0,0.4444444444444444
14644,discriminative-relation,yes,0,1.0,1.0,0.09090909090909091,0.8181818181818182,1.0,1.0,0.0,1.0,0.4805194805194805,1.0,0.5416666666666666,0.5,0.875,0.4444444444444444
14646,discriminative-relation,yes,1,0.2727272727272727,0.5636363636363636,0.8181818181818182,0.6727272727272727,0.0,1.0,1.0,1.0,0.4805194805194805,0.675,0.4666666666666667,0.475,0.7666666666666667,0.4444444444444444
14648,discriminative-relation,yes,1,0.0,1.0,0.09090909090909091,0.8181818181818182,0.0,1.0,1.0,1.0,0.9090909090909091,1.0,0.5416666666666666,0.875,0.5,0.4444444444444444
14650,discriminative-relation,yes,0,1.0,1.0,0.0,1.0,1.0,1.0,0.0,1.0,0.47619047619047616,1.0,0.5416666666666666,0.5416666666666666,1.0,0.4444444444444444
14651,discriminative-relation,yes,1,0.0,1.0,1.0,1.0,0.0,1.0,1.0,1.0,0.47619047619047616,1.0,0.5416666666666666,0.5416666666666666,1.0,0.4444444444444444
14653,discriminative-relation,yes,1,0.0,1.0,1.0,1.0,0.0,1.0,1.0,1.0,0.47619047619047616,1.0,0.5416666666666666,0.5416666666666666,1.0,0.4444444444444444
14655,discriminative-relation,yes,0,1.0,1.0,0.09090909090909091,0.8181818181818182,1.0,1.0,0.0,1.0,0.4805194805194805,1.0,0.5416666666666666,0.5,0.875,0.4444444444444444
14657,discriminative-relation,yes,0,1.0,1.0,0.0,1.0,1.0,1.0,0.0,1.0,0.47619047619047616,1.0,0.5416666666666666,0.5416666666666666,1.0,0.4444444444444444
14659,discriminative-relation,yes,0,1.0,1.0,0.09090909090909091,0.8181818181818182,1.0,1.0,0.0,1.0,0.4805194805194805,1.0,0.5416666666666666,0.5,0.875,0.4444444444444444
14660,discriminative-relation,yes,0,1.0,1.0,0.09090909090909091,0.8181818181818182,1.0,1.0,0.0,1.0,0.4805194805194805,1.0,0.5416666666666666,0.5,0.875,0.4444444444444444
14661,discriminative-relation,yes,1,0.0,1.0,1.0,1.0,0.0,1.0,1.0,1.0,0.47619047619047616,1.0,0.5416666666666666,0.5416666666666666,1.0,0.4444444444444444
14663,discriminative-relation,yes,1,0.09090909090909091,0.8181818181818182,0.9090909090909091,0.8181818181818182,0.0,1.0,1.0,1.0,0.47619047619047616,0.875,0.5,0.5,0.875,0.4444444444444444
14664,discriminative-relation,yes,0,1.0,1.0,0.09090909090909091,0.8181818181818182,1.0,1.0,0.0,1.0,0.4805194805194805,1.0,0.5416666666666666,0.5,0.875,0.4444444444444444
14665,discriminative-relation,yes,1,0.18181818181818182,0.6727272727272727,0.5454545454545454,0.45454545454545453,0.0,1.0,1.0,1.0,0.5151515151515151,0.7666666666666667,0.475,0.5,0.5416666666666666,0.4444444444444444
14667,discriminative-relation,yes,1,0.0,1.0,0.0,1.0,0.0,1.0,0.6,0.4,1.0,1.0,0.675,1.0,0.675,0.5333333333333333
14669,discriminative-relation,yes,0,1.0,1.0,0.0,1.0,1.0,1.0,0.0,1.0,0.47619047619047616,1.0,0.5416666666666666,0.5416666666666666,1.0,0.4444444444444444
14671,discriminative-relation,yes,1,0.0,1.0,0.8181818181818182,0.6727272727272727,0.0,1.0,1.0,1.0,0.4935064935064935,1.0,0.5416666666666666,0.475,0.7666666666666667,0.4444444444444444
14673,discriminative-relation,yes,0,1.0,1.0,0.0,1.0,1.0,1.0,0.0,1.0,0.47619047619047616,1.0,0.5416666666666666,0.5416666666666666,1.0,0.4444444444444444
14675,discriminative-relation,yes,1,0.0,1.0,1.0,1.0,0.0,1.0,1.0,1.0,0.47619047619047616,1.0,0.5416666666666666,0.5416666666666666,1.0,0.4444444444444444
14677,discriminative-relation,yes,0,1.0,1.0,0.0,1.0,1.0,1.0,0.0,1.0,0.47619047619047616,1.0,0.5416666666666666,0.5416666666666666,1.0,0.4444444444444444
14679,discriminative-relation,yes,1,0.18181818181818182,0.6727272727272727,0.9090909090909091,0.8181818181818182,0.0,1.0,1.0,1.0,0.4805194805194805,0.7666666666666667,0.475,0.5,0.875,0.4444444444444444
14683,discriminative-relation,yes,0,1.0,1.0,0.0,1.0,1.0,1.0,0.0,1.0,0.47619047619047616,1.0,0.5416666666666666,0.5416666666666666,1.0,0.4444444444444444
14685,discriminative-relation,yes,0,1.0,1.0,0.09090909090909091,0.8181818181818182,1.0,1.0,0.0,1.0,0.4805194805194805,1.0,0.5416666666666666,0.5,0.875,0.4444444444444444
14686,discriminative-relation,yes,1,0.0,1.0,1.0,1.0,0.0,1.0,1.0,1.0,0.47619047619047616,1.0,0.5416666666666666,0.5416666666666666,1.0,0.4444444444444444
14688,discriminative-relation,yes,1,0.0,1.0,1.0,1.0,0.0,1.0,1.0,1.0,0.47619047619047616,1.0,0.5416666666666666,0.5416666666666666,1.0,0.4444444444444444
14690,discriminative-relation,yes,1,0.0,1.0,0.9090909090909091,0.8181818181818182,0.0,1.0,1.0,1.0,0.4805194805194805,1.0,0.5416666666666666,0.5,0.875,0.4444444444444444
14692,discriminative-relation,yes,0,1.0,1.0,0.0,1.0,1.0,1.0,0.0,1.0,0.47619047619047616,1.0,0.5416666666666666,0.5416666666666666,1.0,0.4444444444444444
14694,discriminative-relation,yes,1,0.0,1.0,0.7272727272727273,0.5636363636363636,0.0,1.0,1.0,1.0,0.5151515151515151,1.0,0.5416666666666666,0.4666666666666667,0.675,0.4444444444444444
14696,discriminative-relation,yes,1,0.0,1.0,0.0,1.0,0.0,1.0,0.8,0.6,1.0,1.0,0.6,1.0,0.6,0.4666666666666667
14698,discriminative-relation,yes,0,1.0,1.0,0.09090909090909091,0.8181818181818182,1.0,1.0,0.0,1.0,0.4805194805194805,1.0,0.5416666666666666,0.5,0.875,0.4444444444444444
14700,discriminative-relation,yes,1,0.0,1.0,1.0,1.0,0.0,1.0,1.0,1.0,0.47619047619047616,1.0,0.5416666666666666,0.5416666666666666,1.0,0.4444444444444444
14702,discriminative-relation,yes,0,1.0,1.0,1.0,1.0,1.0,1.0,0.2,0.6,1.0,1.0,0.6,1.0,0.6,0.4666666666666667
14704,discriminative-relation,yes,1,0.0,1.0,0.9090909090909091,0.8181818181818182,0.0,1.0,1.0,1.0,0.4805194805194805,1.0,0.5416666666666666,0.5,0.875,0.4444444444444444
14706,discriminative-relation,yes,1,0.0,1.0,1.0,1.0,0.0,1.0,1.0,1.0,0.47619047619047616,1.0,0.5416666666666666,0.5416666666666666,1.0,0.4444444444444444
14709,discriminative-relation,yes,0,1.0,1.0,0.8181818181818182,0.6727272727272727,1.0,1.0,0.2,0.6,0.8268398268398268,1.0,0.6,0.7666666666666667,0.5,0.4666666666666667
14711,discriminative-relation,yes,0,1.0,1.0,0.09090909090909091,0.8181818181818182,1.0,1.0,0.0,1.0,0.4805194805194805,1.0,0.5416666666666666,0.5,0.875,0.4444444444444444
14713,discriminative-relation,yes,0,1.0,1.0,1.0,1.0,1.0,1.0,0.4,0.4,1.0,1.0,0.675,1.0,0.675,0.5333333333333333
14715,discriminative-relation,yes,0,1.0,1.0,0.18181818181818182,0.6727272727272727,1.0,1.0,0.0,1.0,0.4935064935064935,1.0,0.5416666666666666,0.475,0.7666666666666667,0.4444444444444444
14716,discriminative-relation,yes,1,0.0,1.0,0.9090909090909091,0.8181818181818182,0.0,1.0,1.0,1.0,0.4805194805194805,1.0,0.5416666666666666,0.5,0.875,0.4444444444444444
14717,discriminative-relation,yes,0,1.0,1.0,0.09090909090909091,0.8181818181818182,1.0,1.0,0.0,1.0,0.4805194805194805,1.0,0.5416666666666666,0.5,0.875,0.4444444444444444
14719,discriminative-relation,yes,1,0.0,1.0,0.7272727272727273,0.5636363636363636,0.0,1.0,1.0,1.0,0.5151515151515151,1.0,0.5416666666666666,0.4666666666666667,0.675,0.4444444444444444
14721,discriminative-relation,yes,1,0.0,1.0,0.0,1.0,0.0,1.0,0.6,0.4,1.0,1.0,0.675,1.0,0.675,0.5333333333333333
14723,discriminative-relation,yes,0,1.0,1.0,0.45454545454545453,0.45454545454545453,1.0,1.0,0.6,0.4,0.5844155844155844,1.0,0.7666666666666667,0.5,0.4666666666666667,0.6444444444444445
14725,discriminative-relation,yes,0,1.0,1.0,0.0,1.0,1.0,1.0,0.0,1.0,0.47619047619047616,1.0,0.5416666666666666,0.5416666666666666,1.0,0.4444444444444444
14728,discriminative-relation,yes,1,0.0,1.0,1.0,1.0,0.0,1.0,1.0,1.0,0.47619047619047616,1.0,0.5416666666666666,0.5416666666666666,1.0,0.4444444444444444
14730,discriminative-relation,yes,0,1.0,1.0,0.0,1.0,1.0,1.0,0.0,1.0,0.47619047619047616,1.0,0.5416666666666666,0.5416666666666666,1.0,0.4444444444444444
14732,discriminative-relation,yes,1,0.0,1.0,0.7272727272727273,0.5636363636363636,0.0,1.0,1.0,1.0,0.5151515151515151,1.0,0.5416666666666666,0.4666666666666667,0.675,0.4444444444444444
14734,discriminative-relation,yes,1,0.0,1.0,1.0,1.0,0.0,1.0,1.0,1.0,0.47619047619047616,1.0,0.5416666666666666,0.5416666666666666,1.0,0.4444444444444444
14736,discriminative-relation,yes,0,1.0,1.0,0.09090909090909091,0.8181818181818182,1.0,1.0,0.0,1.0,0.4805194805194805,1.0,0.5416666666666666,0.5,0.875,0.4444444444444444
14738,discriminative-relation,yes,1,0.18181818181818182,0.6727272727272727,0.9090909090909091,0.8181818181818182,0.0,1.0,1.0,1.0,0.4805194805194805,0.7666666666666667,0.475,0.5,0.875,0.4444444444444444
14740,discriminative-relation,yes,0,1.0,1.0,0.2727272727272727,0.5636363636363636,1.0,1.0,0.0,1.0,0.5151515151515151,1.0,0.5416666666666666,0.4666666666666667,0.675,0.4444444444444444
14742,discriminative-relation,yes,0,1.0,1.0,0.0,1.0,1.0,1.0,0.0,1.0,0.47619047619047616,1.0,0.5416666666666666,0.5416666666666666,1.0,0.4444444444444444
14744,discriminative-relation,yes,0,0.6363636363636364,0.4909090909090909,0.6363636363636364,0.4909090909090909,1.0,1.0,0.0,1.0,0.5151515151515151,0.6,0.475,0.6,0.475,0.4444444444444444
14746,discriminative-relation,yes,1,0.0,1.0,0.18181818181818182,0.6727272727272727,0.0,1.0,0.8,0.6,0.8268398268398268,1.0,0.6,0.7666666666666667,0.5,0.4666666666666667
14747,discriminative-relation,yes,1,0.09090909090909091,0.8181818181818182,0.36363636363636365,0.4909090909090909,0.0,1.0,1.0,1.0,0.6320346320346321,0.875,0.5,0.6,0.475,0.4444444444444444
14749,discriminative-relation,yes,0,1.0,1.0,0.09090909090909091,0.8181818181818182,1.0,1.0,0.0,1.0,0.4805194805194805,1.0,0.5416666666666666,0.5,0.875,0.4444444444444444
14750,discriminative-relation,yes,0,1.0,1.0,0.09090909090909091,0.8181818181818182,1.0,1.0,0.0,1.0,0.4805194805194805,1.0,0.5416666666666666,0.5,0.875,0.4444444444444444
14751,discriminative-relation,yes,0,1.0,1.0,0.0,1.0,1.0,1.0,0.0,1.0,0.47619047619047616,1.0,0.5416666666666666,0.5416666666666666,1.0,0.4444444444444444
14753,discriminative-relation,yes,0,1.0,1.0,0.8181818181818182,0.6727272727272727,1.0,1.0,0.2,0.6,0.8268398268398268,1.0,0.6,0.7666666666666667,0.5,0.4666666666666667
14754,discriminative-relation,yes,0,1.0,1.0,0.8181818181818182,0.6727272727272727,1.0,1.0,0.8,0.6,0.8268398268398268,1.0,0.875,0.7666666666666667,0.675,0.8
14755,discriminative-relation,yes,1,0.0,1.0,1.0,1.0,0.0,1.0,1.0,1.0,0.47619047619047616,1.0,0.5416666666666666,0.5416666666666666,1.0,0.4444444444444444
14757,discriminative-relation,yes,1,0.0,1.0,1.0,1.0,0.0,1.0,1.0,1.0,0.47619047619047616,1.0,0.5416666666666666,0.5416666666666666,1.0,0.4444444444444444
14759,discriminative-relation,yes,1,0.09090909090909091,0.8181818181818182,0.8181818181818182,0.6727272727272727,0.0,1.0,1.0,1.0,0.4805194805194805,0.875,0.5,0.475,0.7666666666666667,0.4444444444444444
14760,discriminative-relation,yes,0,1.0,1.0,0.0,1.0,1.0,1.0,0.0,1.0,0.47619047619047616,1.0,0.5416666666666666,0.5416666666666666,1.0,0.4444444444444444
14762,discriminative-relation,yes,1,0.09090909090909091,0.8181818181818182,0.8181818181818182,0.6727272727272727,0.0,1.0,1.0,1.0,0.4805194805194805,0.875,0.5,0.475,0.7666666666666667,0.4444444444444444
14764,discriminative-relation,yes,1,0.0,1.0,1.0,1.0,0.0,1.0,1.0,1.0,0.47619047619047616,1.0,0.5416666666666666,0.5416666666666666,1.0,0.4444444444444444
14765,discriminative-relation,yes,0,1.0,1.0,0.09090909090909091,0.8181818181818182,1.0,1.0,0.0,1.0,0.4805194805194805,1.0,0.5416666666666666,0.5,0.875,0.4444444444444444
14767,discriminative-relation,yes,0,1.0,1.0,0.0,1.0,1.0,1.0,0.0,1.0,0.47619047619047616,1.0,0.5416666666666666,0.5416666666666666,1.0,0.4444444444444444
14770,discriminative-relation,yes,1,0.0,1.0,0.9090909090909091,0.8181818181818182,0.0,1.0,1.0,1.0,0.4805194805194805,1.0,0.5416666666666666,0.5,0.875,0.4444444444444444
14772,discriminative-relation,yes,1,0.0,1.0,1.0,1.0,0.0,1.0,1.0,1.0,0.47619047619047616,1.0,0.5416666666666666,0.5416666666666666,1.0,0.4444444444444444
14774,discriminative-relation,yes,0,1.0,1.0,0.09090909090909091,0.8181818181818182,1.0,1.0,0.0,1.0,0.4805194805194805,1.0,0.5416666666666666,0.5,0.875,0.4444444444444444
14775,discriminative-relation,yes,1,0.2727272727272727,0.5636363636363636,0.6363636363636364,0.4909090909090909,0.0,1.0,1.0,1.0,0.4805194805194805,0.675,0.4666666666666667,0.475,0.6,0.4444444444444444
14776,discriminative-relation,yes,1,0.0,1.0,1.0,1.0,0.0,1.0,1.0,1.0,0.47619047619047616,1.0,0.5416666666666666,0.5416666666666666,1.0,0.4444444444444444
14779,discriminative-relation,yes,1,0.0,1.0,1.0,1.0,0.0,1.0,1.0,1.0,0.47619047619047616,1.0,0.5416666666666666,0.5416666666666666,1.0,0.4444444444444444
14781,discriminative-relation,yes,0,1.0,1.0,0.0,1.0,1.0,1.0,0.0,1.0,0.47619047619047616,1.0,0.5416666666666666,0.5416666666666666,1.0,0.4444444444444444
14782,discriminative-relation,yes,1,0.0,1.0,1.0,1.0,0.0,1.0,1.0,1.0,0.47619047619047616,1.0,0.5416666666666666,0.5416666666666666,1.0,0.4444444444444444
14784,discriminative-relation,yes,1,0.0,1.0,0.9090909090909091,0.8181818181818182,0.0,1.0,1.0,1.0,0.4805194805194805,1.0,0.5416666666666666,0.5,0.875,0.4444444444444444
14786,discriminative-relation,yes,1,0.0,1.0,0.9090909090909091,0.8181818181818182,0.0,1.0,1.0,1.0,0.4805194805194805,1.0,0.5416666666666666,0.5,0.875,0.4444444444444444
14788,discriminative-relation,yes,0,1.0,1.0,0.0,1.0,1.0,1.0,0.0,1.0,0.47619047619047616,1.0,0.5416666666666666,0.5416666666666666,1.0,0.4444444444444444
14790,discriminative-relation,yes,0,1.0,1.0,0.09090909090909091,0.8181818181818182,1.0,1.0,0.0,1.0,0.4805194805194805,1.0,0.5416666666666666,0.5,0.875,0.4444444444444444
14793,discriminative-relation,yes,0,1.0,1.0,0.36363636363636365,0.4909090909090909,1.0,1.0,0.0,1.0,0.5454545454545454,1.0,0.5416666666666666,0.475,0.6,0.4444444444444444
14795,discriminative-relation,yes,0,1.0,1.0,0.09090909090909091,0.8181818181818182,1.0,1.0,0.0,1.0,0.4805194805194805,1.0,0.5416666666666666,0.5,0.875,0.4444444444444444
14796,discriminative-relation,yes,0,1.0,1.0,0.0,1.0,1.0,1.0,0.0,1.0,0.47619047619047616,1.0,0.5416666666666666,0.5416666666666666,1.0,0.4444444444444444
14798,discriminative-relation,yes,1,0.0,1.0,0.9090909090909091,0.8181818181818182,0.0,1.0,1.0,1.0,0.4805194805194805,1.0,0.5416666666666666,0.5,0.875,0.4444444444444444
14800,discriminative-relation,yes,1,0.0,1.0,0.8181818181818182,0.6727272727272727,0.0,1.0,1.0,1.0,0.4935064935064935,1.0,0.5416666666666666,0.475,0.7666666666666667,0.4444444444444444
14802,discriminative-relation,yes,1,0.0,1.0,0.9090909090909091,0.8181818181818182,0.0,1.0,0.8,0.6,0.4805194805194805,1.0,0.6,0.5,0.7666666666666667,0.4666666666666667
14805,discriminative-relation,yes,0,1.0,1.0,0.0,1.0,1.0,1.0,0.0,1.0,0.47619047619047616,1.0,0.5416666666666666,0.5416666666666666,1.0,0.4444444444444444
14806,discriminative-relation,yes,0,1.0,1.0,0.0,1.0,1.0,1.0,0.0,1.0,0.47619047619047616,1.0,0.5416666666666666,0.5416666666666666,1.0,0.4444444444444444
14808,discriminative-relation,yes,1,0.2727272727272727,0.5636363636363636,1.0,1.0,0.0,1.0,1.0,1.0,0.5151515151515151,0.675,0.4666666666666667,0.5416666666666666,1.0,0.4444444444444444
14811,discriminative-relation,yes,1,0.0,1.0,0.9090909090909091,0.8181818181818182,0.0,1.0,1.0,1.0,0.4805194805194805,1.0,0.5416666666666666,0.5,0.875,0.4444444444444444
14813,discriminative-relation,yes,0,1.0,1.0,0.09090909090909091,0.8181818181818182,1.0,1.0,0.0,1.0,0.4805194805194805,1.0,0.5416666666666666,0.5,0.875,0.4444444444444444
14815,discriminative-relation,yes,0,1.0,1.0,0.0,1.0,1.0,1.0,0.0,1.0,0.47619047619047616,1.0,0.5416666666666666,0.5416666666666666,1.0,0.4444444444444444
14817,discriminative-relation,yes,1,0.2727272727272727,0.5636363636363636,0.2727272727272727,0.5636363636363636,0.0,1.0,1.0,1.0,0.5844155844155844,0.675,0.4666666666666667,0.675,0.4666666666666667,0.4444444444444444
14818,discriminative-relation,yes,1,0.0,1.0,1.0,1.0,0.0,1.0,1.0,1.0,0.47619047619047616,1.0,0.5416666666666666,0.5416666666666666,1.0,0.4444444444444444
14820,discriminative-relation,yes,0,1.0,1.0,0.2727272727272727,0.5636363636363636,1.0,1.0,0.0,1.0,0.5151515151515151,1.0,0.5416666666666666,0.4666666666666667,0.675,0.4444444444444444
14821,discriminative-relation,yes,1,0.18181818181818182,0.6727272727272727,1.0,1.0,0.0,1.0,0.8,0.6,0.4935064935064935,0.7666666666666667,0.5,0.5416666666666666,0.875,0.4666666666666667
14823,discriminative-relation,yes,1,0.0,1.0,0.6363636363636364,0.4909090909090909,0.0,1.0,1.0,1.0,0.5454545454545454,1.0,0.5416666666666666,0.475,0.6,0.4444444444444444
14824,discriminative-relation,yes,0,1.0,1.0,0.45454545454545453,0.45454545454545453,1.0,1.0,0.0,1.0,0.5844155844155844,1.0,0.5416666666666666,0.5,0.5416666666666666,0.4444444444444444
14826,discriminative-relation,yes,0,1.0,1.0,0.09090909090909091,0.8181818181818182,1.0,1.0,0.0,1.0,0.4805194805194805,1.0,0.5416666666666666,0.5,0.875,0.4444444444444444
14827,discriminative-relation,yes,1,0.0,1.0,0.6363636363636364,0.4909090909090909,0.0,1.0,1.0,1.0,0.5454545454545454,1.0,0.5416666666666666,0.475,0.6,0.4444444444444444
14830,discriminative-relation,yes,1,0.0,1.0,0.18181818181818182,0.6727272727272727,0.0,1.0,0.4,0.4,0.8268398268398268,1.0,0.7666666666666667,0.7666666666666667,0.6,0.6444444444444445
14832,discriminative-relation,yes,0,1.0,1.0,0.0,1.0,1.0,1.0,0.0,1.0,0.47619047619047616,1.0,0.5416666666666666,0.5416666666666666,1.0,0.4444444444444444
14834,discriminative-relation,yes,0,1.0,1.0,0.09090909090909091,0.8181818181818182,1.0,1.0,0.0,1.0,0.4805194805194805,1.0,0.5416666666666666,0.5,0.875,0.4444444444444444
14836,discriminative-relation,yes,0,1.0,1.0,0.0,1.0,1.0,1.0,0.0,1.0,0.47619047619047616,1.0,0.5416666666666666,0.5416666666666666,1.0,0.4444444444444444
14838,discriminative-relation,yes,1,0.09090909090909091,0.8181818181818182,0.6363636363636364,0.4909090909090909,0.0,1.0,1.0,1.0,0.5151515151515151,0.875,0.5,0.475,0.6,0.4444444444444444
14840,discriminative-relation,yes,0,1.0,1.0,0.9090909090909091,0.8181818181818182,1.0,1.0,0.2,0.6,0.9090909090909091,1.0,0.6,0.875,0.5416666666666666,0.4666666666666667
14841,discriminative-relation,yes,1,0.0,1.0,1.0,1.0,0.0,1.0,1.0,1.0,0.47619047619047616,1.0,0.5416666666666666,0.5416666666666666,1.0,0.4444444444444444
14843,discriminative-relation,yes,1,0.0,1.0,1.0,1.0,0.0,1.0,1.0,1.0,0.47619047619047616,1.0,0.5416666666666666,0.5416666666666666,1.0,0.4444444444444444
14845,discriminative-relation,yes,0,1.0,1.0,0.18181818181818182,0.6727272727272727,1.0,1.0,0.0,1.0,0.4935064935064935,1.0,0.5416666666666666,0.475,0.7666666666666667,0.4444444444444444
14847,discriminative-relation,yes,0,1.0,1.0,0.0,1.0,1.0,1.0,0.0,1.0,0.47619047619047616,1.0,0.5416666666666666,0.5416666666666666,1.0,0.4444444444444444
14848,discriminative-relation,yes,1,0.0,1.0,0.8181818181818182,0.6727272727272727,0.0,1.0,1.0,1.0,0.4935064935064935,1.0,0.5416666666666666,0.475,0.7666666666666667,0.4444444444444444
14851,discriminative-relation,yes,0,1.0,1.0,0.0,1.0,1.0,1.0,0.0,1.0,0.47619047619047616,1.0,0.5416666666666666,0.5416666666666666,1.0,0.4444444444444444
14852,discriminative-relation,yes,1,0.0,1.0,1.0,1.0,0.0,1.0,1.0,1.0,0.47619047619047616,1.0,0.5416666666666666,0.5416666666666666,1.0,0.4444444444444444
14854,discriminative-relation,yes,0,1.0,1.0,0.0,1.0,1.0,1.0,0.0,1.0,0.47619047619047616,1.0,0.5416666666666666,0.5416666666666666,1.0,0.4444444444444444
14856,discriminative-relation,yes,1,0.0,1.0,1.0,1.0,0.0,1.0,1.0,1.0,0.47619047619047616,1.0,0.5416666666666666,0.5416666666666666,1.0,0.4444444444444444
14857,discriminative-relation,yes,1,0.2727272727272727,0.5636363636363636,0.9090909090909091,0.8181818181818182,0.0,1.0,1.0,1.0,0.4935064935064935,0.675,0.4666666666666667,0.5,0.875,0.4444444444444444
14860,discriminative-relation,yes,0,1.0,1.0,0.45454545454545453,0.45454545454545453,1.0,1.0,0.0,1.0,0.5844155844155844,1.0,0.5416666666666666,0.5,0.5416666666666666,0.4444444444444444
14862,discriminative-relation,yes,1,0.0,1.0,0.09090909090909091,0.8181818181818182,0.0,1.0,0.4,0.4,0.9090909090909091,1.0,0.7666666666666667,0.875,0.675,0.6444444444444445
14864,discriminative-relation,yes,1,0.09090909090909091,0.8181818181818182,1.0,1.0,0.0,1.0,1.0,1.0,0.4805194805194805,0.875,0.5,0.5416666666666666,1.0,0.4444444444444444
14865,discriminative-relation,yes,0,1.0,1.0,0.0,1.0,1.0,1.0,0.0,1.0,0.47619047619047616,1.0,0.5416666666666666,0.5416666666666666,1.0,0.4444444444444444
14866,discriminative-relation,yes,0,1.0,1.0,0.09090909090909091,0.8181818181818182,1.0,1.0,0.0,1.0,0.4805194805194805,1.0,0.5416666666666666,0.5,0.875,0.4444444444444444
14869,discriminative-relation,yes,0,1.0,1.0,0.2727272727272727,0.5636363636363636,1.0,1.0,0.0,1.0,0.5151515151515151,1.0,0.5416666666666666,0.4666666666666667,0.675,0.4444444444444444
14870,discriminative-relation,yes,1,0.0,1.0,1.0,1.0,0.0,1.0,1.0,1.0,0.47619047619047616,1.0,0.5416666666666666,0.5416666666666666,1.0,0.4444444444444444
14871,discriminative-relation,yes,0,1.0,1.0,0.09090909090909091,0.8181818181818182,1.0,1.0,0.0,1.0,0.4805194805194805,1.0,0.5416666666666666,0.5,0.875,0.4444444444444444
14872,discriminative-relation,yes,1,0.0,1.0,0.9090909090909091,0.8181818181818182,0.0,1.0,1.0,1.0,0.4805194805194805,1.0,0.5416666666666666,0.5,0.875,0.4444444444444444
14874,discriminative-relation,yes,1,0.09090909090909091,0.8181818181818182,0.09090909090909091,0.8181818181818182,0.0,1.0,0.4,0.4,0.8268398268398268,0.875,0.675,0.875,0.675,0.6444444444444445
14876,discriminative-relation,yes,1,0.09090909090909091,0.8181818181818182,0.9090909090909091,0.8181818181818182,0.0,1.0,1.0,1.0,0.47619047619047616,0.875,0.5,0.5,0.875,0.4444444444444444
14878,discriminative-relation,yes,1,0.0,1.0,0.6363636363636364,0.4909090909090909,0.0,1.0,1.0,1.0,0.5454545454545454,1.0,0.5416666666666666,0.475,0.6,0.4444444444444444
14879,discriminative-relation,yes,1,0.0,1.0,1.0,1.0,0.0,1.0,1.0,1.0,0.47619047619047616,1.0,0.5416666666666666,0.5416666666666666,1.0,0.4444444444444444
14880,discriminative-relation,yes,1,0.0,1.0,1.0,1.0,0.0,1.0,1.0,1.0,0.47619047619047616,1.0,0.5416666666666666,0.5416666666666666,1.0,0.4444444444444444
14882,discriminative-relation,yes,0,0.9090909090909091,0.8181818181818182,0.2727272727272727,0.5636363636363636,1.0,1.0,0.0,1.0,0.4935064935064935,0.875,0.5,0.4666666666666667,0.675,0.4444444444444444
14884,discriminative-relation,yes,0,1.0,1.0,0.0,1.0,1.0,1.0,0.0,1.0,0.47619047619047616,1.0,0.5416666666666666,0.5416666666666666,1.0,0.4444444444444444
14885,discriminative-relation,yes,1,0.09090909090909091,0.8181818181818182,0.9090909090909091,0.8181818181818182,0.0,1.0,1.0,1.0,0.47619047619047616,0.875,0.5,0.5,0.875,0.4444444444444444
14886,discriminative-relation,yes,0,1.0,1.0,0.0,1.0,1.0,1.0,0.0,1.0,0.47619047619047616,1.0,0.5416666666666666,0.5416666666666666,1.0,0.4444444444444444
14887,discriminative-relation,yes,1,0.0,1.0,1.0,1.0,0.0,1.0,1.0,1.0,0.47619047619047616,1.0,0.5416666666666666,0.5416666666666666,1.0,0.4444444444444444
14889,discriminative-relation,yes,1,0.0,1.0,1.0,1.0,0.0,1.0,1.0,1.0,0.47619047619047616,1.0,0.5416666666666666,0.5416666666666666,1.0,0.4444444444444444
14890,discriminative-relation,yes,0,1.0,1.0,0.0,1.0,1.0,1.0,0.0,1.0,0.47619047619047616,1.0,0.5416666666666666,0.5416666666666666,1.0,0.4444444444444444
14891,discriminative-relation,yes,0,1.0,1.0,0.09090909090909091,0.8181818181818182,1.0,1.0,0.0,1.0,0.4805194805194805,1.0,0.5416666666666666,0.5,0.875,0.4444444444444444
14893,discriminative-relation,yes,1,0.0,1.0,1.0,1.0,0.0,1.0,1.0,1.0,0.47619047619047616,1.0,0.5416666666666666,0.5416666666666666,1.0,0.4444444444444444
14895,discriminative-relation,yes,1,0.0,1.0,0.8181818181818182,0.6727272727272727,0.0,1.0,1.0,1.0,0.4935064935064935,1.0,0.5416666666666666,0.475,0.7666666666666667,0.4444444444444444
14897,discriminative-relation,yes,1,0.0,1.0,1.0,1.0,0.0,1.0,1.0,1.0,0.47619047619047616,1.0,0.5416666666666666,0.5416666666666666,1.0,0.4444444444444444
14899,discriminative-relation,yes,1,0.36363636363636365,0.4909090909090909,0.36363636363636365,0.4909090909090909,0.0,1.0,1.0,1.0,0.5151515151515151,0.6,0.475,0.6,0.475,0.4444444444444444
14901,discriminative-relation,yes,1,0.0,1.0,0.09090909090909091,0.8181818181818182,0.0,1.0,0.8,0.6,0.9090909090909091,1.0,0.6,0.875,0.5416666666666666,0.4666666666666667
14903,discriminative-relation,yes,0,1.0,1.0,0.09090909090909091,0.8181818181818182,1.0,1.0,0.0,1.0,0.4805194805194805,1.0,0.5416666666666666,0.5,0.875,0.4444444444444444
14905,discriminative-relation,yes,0,1.0,1.0,0.09090909090909091,0.8181818181818182,1.0,1.0,0.0,1.0,0.4805194805194805,1.0,0.5416666666666666,0.5,0.875,0.4444444444444444
14906,discriminative-relation,yes,1,0.09090909090909091,0.8181818181818182,0.9090909090909091,0.8181818181818182,0.0,1.0,1.0,1.0,0.47619047619047616,0.875,0.5,0.5,0.875,0.4444444444444444
14908,discriminative-relation,yes,0,1.0,1.0,0.0,1.0,1.0,1.0,0.0,1.0,0.47619047619047616,1.0,0.5416666666666666,0.5416666666666666,1.0,0.4444444444444444
14910,discriminative-relation,yes,0,1.0,1.0,0.0,1.0,1.0,1.0,0.0,1.0,0.47619047619047616,1.0,0.5416666666666666,0.5416666666666666,1.0,0.4444444444444444
14912,discriminative-relation,yes,1,0.18181818181818182,0.6727272727272727,0.18181818181818182,0.6727272727272727,0.0,1.0,0.6,0.4,0.6883116883116883,0.7666666666666667,0.5416666666666666,0.7666666666666667,0.5416666666666666,0.5333333333333333
14914,discriminative-relation,yes,1,0.09090909090909091,0.8181818181818182,0.9090909090909091,0.8181818181818182,0.0,1.0,1.0,1.0,0.47619047619047616,0.875,0.5,0.5,0.875,0.4444444444444444
14915,discriminative-relation,yes,1,0.0,1.0,1.0,1.0,0.0,1.0,1.0,1.0,0.47619047619047616,1.0,0.5416666666666666,0.5416666666666666,1.0,0.4444444444444444
14917,discriminative-relation,yes,1,0.0,1.0,1.0,1.0,0.0,1.0,1.0,1.0,0.47619047619047616,1.0,0.5416666666666666,0.5416666666666666,1.0,0.4444444444444444
14919,discriminative-relation,yes,0,1.0,1.0,0.0,1.0,1.0,1.0,0.0,1.0,0.47619047619047616,1.0,0.5416666666666666,0.5416666666666666,1.0,0.4444444444444444
14920,discriminative-relation,yes,0,1.0,1.0,0.0,1.0,1.0,1.0,0.0,1.0,0.47619047619047616,1.0,0.5416666666666666,0.5416666666666666,1.0,0.4444444444444444
14922,discriminative-relation,yes,1,0.2727272727272727,0.5636363636363636,1.0,1.0,0.0,1.0,1.0,1.0,0.5151515151515151,0.675,0.4666666666666667,0.5416666666666666,1.0,0.4444444444444444
14924,discriminative-relation,yes,1,0.0,1.0,1.0,1.0,0.0,1.0,1.0,1.0,0.47619047619047616,1.0,0.5416666666666666,0.5416666666666666,1.0,0.4444444444444444
14926,discriminative-relation,yes,1,0.0,1.0,0.7272727272727273,0.5636363636363636,0.0,1.0,1.0,1.0,0.5151515151515151,1.0,0.5416666666666666,0.4666666666666667,0.675,0.4444444444444444
14930,discriminative-relation,yes,1,0.0,1.0,1.0,1.0,0.0,1.0,1.0,1.0,0.47619047619047616,1.0,0.5416666666666666,0.5416666666666666,1.0,0.4444444444444444
14933,discriminative-relation,yes,1,0.0,1.0,0.0,1.0,0.0,1.0,0.4,0.4,1.0,1.0,0.7666666666666667,1.0,0.7666666666666667,0.6444444444444445
14934,discriminative-relation,yes,1,0.0,1.0,1.0,1.0,0.0,1.0,1.0,1.0,0.47619047619047616,1.0,0.5416666666666666,0.5416666666666666,1.0,0.4444444444444444
14936,discriminative-relation,yes,0,1.0,1.0,0.5454545454545454,0.45454545454545453,1.0,1.0,0.0,1.0,0.6320346320346321,1.0,0.5416666666666666,0.5416666666666666,0.5,0.4444444444444444
14938,discriminative-relation,yes,1,0.0,1.0,0.8181818181818182,0.6727272727272727,0.0,1.0,0.8,0.6,0.4935064935064935,1.0,0.6,0.475,0.675,0.4666666666666667
14940,discriminative-relation,yes,1,0.2727272727272727,0.5636363636363636,0.7272727272727273,0.5636363636363636,0.0,1.0,1.0,1.0,0.47619047619047616,0.675,0.4666666666666667,0.4666666666666667,0.675,0.4444444444444444
14941,discriminative-relation,yes,1,0.09090909090909091,0.8181818181818182,0.8181818181818182,0.6727272727272727,0.0,1.0,1.0,1.0,0.4805194805194805,0.875,0.5,0.475,0.7666666666666667,0.4444444444444444
14943,discriminative-relation,yes,1,0.0,1.0,1.0,1.0,0.0,1.0,1.0,1.0,0.47619047619047616,1.0,0.5416666666666666,0.5416666666666666,1.0,0.4444444444444444
14944,discriminative-relation,yes,0,0.7272727272727273,0.5636363636363636,0.7272727272727273,0.5636363636363636,1.0,1.0,0.0,1.0,0.5844155844155844,0.675,0.4666666666666667,0.675,0.4666666666666667,0.4444444444444444
14945,discriminative-relation,yes,1,0.0,1.0,0.9090909090909091,0.8181818181818182,0.0,1.0,1.0,1.0,0.4805194805194805,1.0,0.5416666666666666,0.5,0.875,0.4444444444444444
14947,discriminative-relation,yes,1,0.0,1.0,1.0,1.0,0.0,1.0,1.0,1.0,0.47619047619047616,1.0,0.5416666666666666,0.5416666666666666,1.0,0.4444444444444444
14949,discriminative-relation,yes,0,1.0,1.0,0.09090909090909091,0.8181818181818182,1.0,1.0,0.0,1.0,0.4805194805194805,1.0,0.5416666666666666,0.5,0.875,0.4444444444444444
14951,discriminative-relation,yes,1,0.0,1.0,1.0,1.0,0.0,1.0,1.0,1.0,0.47619047619047616,1.0,0.5416666666666666,0.5416666666666666,1.0,0.4444444444444444
14953,discriminative-relation,yes,0,1.0,1.0,0.0,1.0,1.0,1.0,0.0,1.0,0.47619047619047616,1.0,0.5416666666666666,0.5416666666666666,1.0,0.4444444444444444
14954,discriminative-relation,yes,0,1.0,1.0,0.2727272727272727,0.5636363636363636,1.0,1.0,0.0,1.0,0.5151515151515151,1.0,0.5416666666666666,0.4666666666666667,0.675,0.4444444444444444
14955,discriminative-relation,yes,0,1.0,1.0,0.0,1.0,1.0,1.0,0.0,1.0,0.47619047619047616,1.0,0.5416666666666666,0.5416666666666666,1.0,0.4444444444444444
14956,discriminative-relation,yes,0,1.0,1.0,0.0,1.0,1.0,1.0,0.0,1.0,0.47619047619047616,1.0,0.5416666666666666,0.5416666666666666,1.0,0.4444444444444444
14957,discriminative-relation,yes,0,1.0,1.0,0.9090909090909091,0.8181818181818182,1.0,1.0,0.2,0.6,0.9090909090909091,1.0,0.6,0.875,0.5416666666666666,0.4666666666666667
14961,discriminative-relation,yes,0,1.0,1.0,0.2727272727272727,0.5636363636363636,1.0,1.0,0.0,1.0,0.5151515151515151,1.0,0.5416666666666666,0.4666666666666667,0.675,0.4444444444444444
14963,discriminative-relation,yes,0,1.0,1.0,0.0,1.0,1.0,1.0,0.0,1.0,0.47619047619047616,1.0,0.5416666666666666,0.5416666666666666,1.0,0.4444444444444444
14965,discriminative-relation,yes,0,1.0,1.0,0.0,1.0,1.0,1.0,0.0,1.0,0.47619047619047616,1.0,0.5416666666666666,0.5416666666666666,1.0,0.4444444444444444
14967,discriminative-relation,yes,0,1.0,1.0,0.0,1.0,1.0,1.0,0.0,1.0,0.47619047619047616,1.0,0.5416666666666666,0.5416666666666666,1.0,0.4444444444444444
14969,discriminative-relation,yes,1,0.0,1.0,1.0,1.0,0.0,1.0,1.0,1.0,0.47619047619047616,1.0,0.5416666666666666,0.5416666666666666,1.0,0.4444444444444444
14971,discriminative-relation,yes,1,0.18181818181818182,0.6727272727272727,0.7272727272727273,0.5636363636363636,0.0,1.0,1.0,1.0,0.4805194805194805,0.7666666666666667,0.475,0.4666666666666667,0.675,0.4444444444444444
14972,discriminative-relation,yes,0,1.0,1.0,0.09090909090909091,0.8181818181818182,1.0,1.0,0.0,1.0,0.4805194805194805,1.0,0.5416666666666666,0.5,0.875,0.4444444444444444
14973,discriminative-relation,yes,1,0.0,1.0,0.9090909090909091,0.8181818181818182,0.0,1.0,1.0,1.0,0.4805194805194805,1.0,0.5416666666666666,0.5,0.875,0.4444444444444444
14974,discriminative-relation,yes,1,0.0,1.0,1.0,1.0,0.0,1.0,1.0,1.0,0.47619047619047616,1.0,0.5416666666666666,0.5416666666666666,1.0,0.4444444444444444
14976,discriminative-relation,yes,1,0.09090909090909091,0.8181818181818182,0.0,1.0,0.0,1.0,0.8,0.6,0.9090909090909091,0.875,0.5416666666666666,1.0,0.6,0.4666666666666667
14978,discriminative-relation,yes,0,1.0,1.0,0.18181818181818182,0.6727272727272727,1.0,1.0,0.0,1.0,0.4935064935064935,1.0,0.5416666666666666,0.475,0.7666666666666667,0.4444444444444444
14980,discriminative-relation,yes,1,0.18181818181818182,0.6727272727272727,0.0,1.0,0.0,1.0,0.0,1.0,0.8268398268398268,0.7666666666666667,0.7666666666666667,1.0,1.0,1.0
14982,discriminative-relation,yes,1,0.18181818181818182,0.6727272727272727,0.5454545454545454,0.45454545454545453,0.0,1.0,1.0,1.0,0.5151515151515151,0.7666666666666667,0.475,0.5,0.5416666666666666,0.4444444444444444
14985,discriminative-relation,yes,1,0.09090909090909091,0.8181818181818182,1.0,1.0,0.0,1.0,1.0,1.0,0.4805194805194805,0.875,0.5,0.5416666666666666,1.0,0.4444444444444444
14986,discriminative-relation,yes,1,0.09090909090909091,0.8181818181818182,0.9090909090909091,0.8181818181818182,0.0,1.0,0.8,0.6,0.47619047619047616,0.875,0.5416666666666666,0.5,0.7666666666666667,0.4666666666666667
14988,discriminative-relation,yes,1,0.0,1.0,0.9090909090909091,0.8181818181818182,0.0,1.0,1.0,1.0,0.4805194805194805,1.0,0.5416666666666666,0.5,0.875,0.4444444444444444
14989,discriminative-relation,yes,1,0.0,1.0,0.8181818181818182,0.6727272727272727,0.0,1.0,1.0,1.0,0.4935064935064935,1.0,0.5416666666666666,0.475,0.7666666666666667,0.4444444444444444
14991,discriminative-relation,yes,1,0.0,1.0,0.18181818181818182,0.6727272727272727,0.0,1.0,0.4,0.4,0.8268398268398268,1.0,0.7666666666666667,0.7666666666666667,0.6,0.6444444444444445
14994,discriminative-relation,yes,1,0.0,1.0,0.6363636363636364,0.4909090909090909,0.0,1.0,0.8,0.6,0.5454545454545454,1.0,0.6,0.475,0.5416666666666666,0.4666666666666667
14996,discriminative-relation,yes,1,1.0,1.0,0.9090909090909091,0.8181818181818182,0.4,0.4,0.6,0.4,0.9090909090909091,0.675,0.7666666666666667,0.6,0.675,0.4444444444444444
14998,discriminative-relation,yes,1,0.18181818181818182,0.6727272727272727,0.9090909090909091,0.8181818181818182,0.0,1.0,1.0,1.0,0.4805194805194805,0.7666666666666667,0.475,0.5,0.875,0.4444444444444444
15000,discriminative-relation,yes,0,1.0,1.0,0.0,1.0,1.0,1.0,0.0,1.0,0.47619047619047616,1.0,0.5416666666666666,0.5416666666666666,1.0,0.4444444444444444
15002,discriminative-relation,yes,0,1.0,1.0,0.0,1.0,1.0,1.0,0.2,0.6,0.47619047619047616,1.0,0.6,0.5416666666666666,0.875,0.4666666666666667
15003,discriminative-relation,yes,1,0.0,1.0,1.0,1.0,0.0,1.0,1.0,1.0,0.47619047619047616,1.0,0.5416666666666666,0.5416666666666666,1.0,0.4444444444444444
15005,discriminative-relation,yes,1,0.0,1.0,0.6363636363636364,0.4909090909090909,0.0,1.0,1.0,1.0,0.5454545454545454,1.0,0.5416666666666666,0.475,0.6,0.4444444444444444
15007,discriminative-relation,yes,1,0.0,1.0,0.18181818181818182,0.6727272727272727,0.0,1.0,0.4,0.4,0.8268398268398268,1.0,0.7666666666666667,0.7666666666666667,0.6,0.6444444444444445
15009,discriminative-relation,yes,1,0.0,1.0,1.0,1.0,0.0,1.0,0.8,0.6,0.47619047619047616,1.0,0.6,0.5416666666666666,0.875,0.4666666666666667
15011,discriminative-relation,yes,0,1.0,1.0,0.18181818181818182,0.6727272727272727,1.0,1.0,0.4,0.4,0.4935064935064935,1.0,0.675,0.475,0.6,0.5333333333333333
15013,discriminative-relation,yes,0,1.0,1.0,0.0,1.0,1.0,1.0,0.0,1.0,0.47619047619047616,1.0,0.5416666666666666,0.5416666666666666,1.0,0.4444444444444444
15015,discriminative-relation,yes,1,0.0,1.0,0.9090909090909091,0.8181818181818182,0.0,1.0,0.8,0.6,0.4805194805194805,1.0,0.6,0.5,0.7666666666666667,0.4666666666666667
15017,discriminative-relation,yes,1,0.0,1.0,1.0,1.0,0.0,1.0,1.0,1.0,0.47619047619047616,1.0,0.5416666666666666,0.5416666666666666,1.0,0.4444444444444444
15019,discriminative-relation,yes,0,0.9090909090909091,0.8181818181818182,0.09090909090909091,0.8181818181818182,1.0,1.0,0.0,1.0,0.47619047619047616,0.875,0.5,0.5,0.875,0.4444444444444444
15020,discriminative-relation,yes,1,0.0,1.0,1.0,1.0,0.0,1.0,1.0,1.0,0.47619047619047616,1.0,0.5416666666666666,0.5416666666666666,1.0,0.4444444444444444
15021,discriminative-relation,yes,1,0.09090909090909091,0.8181818181818182,0.36363636363636365,0.4909090909090909,0.0,1.0,0.8,0.6,0.6320346320346321,0.875,0.5416666666666666,0.6,0.4666666666666667,0.4666666666666667
15023,discriminative-relation,yes,1,0.0,1.0,1.0,1.0,0.0,1.0,1.0,1.0,0.47619047619047616,1.0,0.5416666666666666,0.5416666666666666,1.0,0.4444444444444444
15024,discriminative-relation,yes,1,0.0,1.0,0.0,1.0,0.0,1.0,0.4,0.4,1.0,1.0,0.7666666666666667,1.0,0.7666666666666667,0.6444444444444445
15026,discriminative-relation,yes,1,0.0,1.0,0.5454545454545454,0.45454545454545453,0.0,1.0,1.0,1.0,0.5844155844155844,1.0,0.5416666666666666,0.5,0.5416666666666666,0.4444444444444444
15029,discriminative-relation,yes,1,0.0,1.0,0.9090909090909091,0.8181818181818182,0.0,1.0,0.8,0.6,0.4805194805194805,1.0,0.6,0.5,0.7666666666666667,0.4666666666666667
15031,discriminative-relation,yes,1,0.0,1.0,0.9090909090909091,0.8181818181818182,0.0,1.0,0.8,0.6,0.4805194805194805,1.0,0.6,0.5,0.7666666666666667,0.4666666666666667
15033,discriminative-relation,yes,1,0.0,1.0,1.0,1.0,0.0,1.0,1.0,1.0,0.47619047619047616,1.0,0.5416666666666666,0.5416666666666666,1.0,0.4444444444444444
15034,discriminative-relation,yes,1,0.09090909090909091,0.8181818181818182,0.0,1.0,0.0,1.0,0.6,0.4,0.9090909090909091,0.875,0.6,1.0,0.675,0.5333333333333333
15036,discriminative-relation,yes,1,0.0,1.0,0.6363636363636364,0.4909090909090909,0.0,1.0,1.0,1.0,0.5454545454545454,1.0,0.5416666666666666,0.475,0.6,0.4444444444444444
15037,discriminative-relation,yes,0,1.0,1.0,0.36363636363636365,0.4909090909090909,1.0,1.0,0.0,1.0,0.5454545454545454,1.0,0.5416666666666666,0.475,0.6,0.4444444444444444
15039,discriminative-relation,yes,0,1.0,1.0,0.09090909090909091,0.8181818181818182,1.0,1.0,0.0,1.0,0.4805194805194805,1.0,0.5416666666666666,0.5,0.875,0.4444444444444444
15041,discriminative-relation,yes,0,1.0,1.0,0.6363636363636364,0.4909090909090909,1.0,1.0,0.0,1.0,0.6883116883116883,1.0,0.5416666666666666,0.6,0.475,0.4444444444444444
15042,discriminative-relation,yes,1,0.0,1.0,1.0,1.0,0.0,1.0,1.0,1.0,0.47619047619047616,1.0,0.5416666666666666,0.5416666666666666,1.0,0.4444444444444444
15043,discriminative-relation,yes,1,0.0,1.0,0.9090909090909091,0.8181818181818182,0.0,1.0,1.0,1.0,0.4805194805194805,1.0,0.5416666666666666,0.5,0.875,0.4444444444444444
15045,discriminative-relation,yes,0,1.0,1.0,0.0,1.0,1.0,1.0,0.0,1.0,0.47619047619047616,1.0,0.5416666666666666,0.5416666666666666,1.0,0.4444444444444444
15046,discriminative-relation,yes,0,1.0,1.0,0.6363636363636364,0.4909090909090909,1.0,1.0,0.2,0.6,0.6883116883116883,1.0,0.6,0.6,0.4666666666666667,0.4666666666666667
15048,discriminative-relation,yes,1,1.0,1.0,0.0,1.0,0.4,0.4,0.6,0.4,0.47619047619047616,0.675,0.7666666666666667,0.7666666666666667,0.675,0.4444444444444444
15049,discriminative-relation,yes,0,1.0,1.0,1.0,1.0,1.0,1.0,0.8,0.6,1.0,1.0,0.875,1.0,0.875,0.8
15051,discriminative-relation,yes,1,0.0,1.0,0.8181818181818182,0.6727272727272727,0.0,1.0,1.0,1.0,0.4935064935064935,1.0,0.5416666666666666,0.475,0.7666666666666667,0.4444444444444444
15052,discriminative-relation,yes,1,0.0,1.0,0.0,1.0,0.0,1.0,0.0,1.0,1.0,1.0,1.0,1.0,1.0,1.0
15054,discriminative-relation,yes,1,0.0,1.0,0.6363636363636364,0.4909090909090909,0.0,1.0,1.0,1.0,0.5454545454545454,1.0,0.5416666666666666,0.475,0.6,0.4444444444444444
15055,discriminative-relation,yes,0,1.0,1.0,0.0,1.0,1.0,1.0,0.0,1.0,0.47619047619047616,1.0,0.5416666666666666,0.5416666666666666,1.0,0.4444444444444444
15060,discriminative-relation,yes,0,1.0,1.0,0.0,1.0,1.0,1.0,0.0,1.0,0.47619047619047616,1.0,0.5416666666666666,0.5416666666666666,1.0,0.4444444444444444
15062,discriminative-relation,yes,1,0.18181818181818182,0.6727272727272727,0.9090909090909091,0.8181818181818182,0.0,1.0,1.0,1.0,0.4805194805194805,0.7666666666666667,0.475,0.5,0.875,0.4444444444444444
15064,discriminative-relation,yes,1,0.0,1.0,1.0,1.0,0.0,1.0,1.0,1.0,0.47619047619047616,1.0,0.5416666666666666,0.5416666666666666,1.0,0.4444444444444444
15066,discriminative-relation,yes,1,0.0,1.0,0.9090909090909091,0.8181818181818182,0.0,1.0,1.0,1.0,0.4805194805194805,1.0,0.5416666666666666,0.5,0.875,0.4444444444444444
15068,discriminative-relation,yes,1,0.0,1.0,1.0,1.0,0.0,1.0,1.0,1.0,0.47619047619047616,1.0,0.5416666666666666,0.5416666666666666,1.0,0.4444444444444444
15070,discriminative-relation,yes,0,1.0,1.0,0.09090909090909091,0.8181818181818182,1.0,1.0,0.0,1.0,0.4805194805194805,1.0,0.5416666666666666,0.5,0.875,0.4444444444444444
15071,discriminative-relation,yes,1,0.09090909090909091,0.8181818181818182,0.6363636363636364,0.4909090909090909,0.0,1.0,0.8,0.6,0.5151515151515151,0.875,0.5416666666666666,0.475,0.5416666666666666,0.4666666666666667
15073,discriminative-relation,yes,1,0.09090909090909091,0.8181818181818182,0.5454545454545454,0.45454545454545453,0.0,1.0,1.0,1.0,0.5454545454545454,0.875,0.5,0.5,0.5416666666666666,0.4444444444444444
15074,discriminative-relation,yes,0,1.0,1.0,0.09090909090909091,0.8181818181818182,1.0,1.0,0.0,1.0,0.4805194805194805,1.0,0.5416666666666666,0.5,0.875,0.4444444444444444
15075,discriminative-relation,yes,1,0.09090909090909091,0.8181818181818182,0.9090909090909091,0.8181818181818182,0.0,1.0,1.0,1.0,0.47619047619047616,0.875,0.5,0.5,0.875,0.4444444444444444
15078,discriminative-relation,yes,1,0.0,1.0,0.09090909090909091,0.8181818181818182,0.0,1.0,0.8,0.6,0.9090909090909091,1.0,0.6,0.875,0.5416666666666666,0.4666666666666667
15080,discriminative-relation,yes,0,1.0,1.0,0.0,1.0,1.0,1.0,0.2,0.6,0.47619047619047616,1.0,0.6,0.5416666666666666,0.875,0.4666666666666667
15082,discriminative-relation,yes,1,0.0,1.0,1.0,1.0,0.0,1.0,1.0,1.0,0.47619047619047616,1.0,0.5416666666666666,0.5416666666666666,1.0,0.4444444444444444
15084,discriminative-relation,yes,0,1.0,1.0,0.0,1.0,1.0,1.0,0.0,1.0,0.47619047619047616,1.0,0.5416666666666666,0.5416666666666666,1.0,0.4444444444444444
15085,discriminative-relation,yes,1,0.09090909090909091,0.8181818181818182,0.0,1.0,0.0,1.0,0.4,0.4,0.9090909090909091,0.875,0.675,1.0,0.7666666666666667,0.6444444444444445
15087,discriminative-relation,yes,1,0.0,1.0,0.9090909090909091,0.8181818181818182,0.0,1.0,1.0,1.0,0.4805194805194805,1.0,0.5416666666666666,0.5,0.875,0.4444444444444444
15088,discriminative-relation,yes,1,0.0,1.0,0.6363636363636364,0.4909090909090909,0.0,1.0,1.0,1.0,0.5454545454545454,1.0,0.5416666666666666,0.475,0.6,0.4444444444444444
15090,discriminative-relation,yes,1,0.0,1.0,0.9090909090909091,0.8181818181818182,0.0,1.0,1.0,1.0,0.4805194805194805,1.0,0.5416666666666666,0.5,0.875,0.4444444444444444
15092,discriminative-relation,yes,0,1.0,1.0,0.0,1.0,1.0,1.0,0.2,0.6,0.47619047619047616,1.0,0.6,0.5416666666666666,0.875,0.4666666666666667
15094,discriminative-relation,yes,1,0.0,1.0,0.9090909090909091,0.8181818181818182,0.0,1.0,1.0,1.0,0.4805194805194805,1.0,0.5416666666666666,0.5,0.875,0.4444444444444444
15095,discriminative-relation,yes,1,0.0,1.0,0.36363636363636365,0.4909090909090909,0.0,1.0,1.0,1.0,0.6883116883116883,1.0,0.5416666666666666,0.6,0.475,0.4444444444444444
15097,discriminative-relation,yes,1,0.0,1.0,0.9090909090909091,0.8181818181818182,0.0,1.0,1.0,1.0,0.4805194805194805,1.0,0.5416666666666666,0.5,0.875,0.4444444444444444
15100,discriminative-relation,yes,0,1.0,1.0,0.0,1.0,1.0,1.0,0.0,1.0,0.47619047619047616,1.0,0.5416666666666666,0.5416666666666666,1.0,0.4444444444444444
15101,discriminative-relation,yes,1,0.0,1.0,0.8181818181818182,0.6727272727272727,0.0,1.0,1.0,1.0,0.4935064935064935,1.0,0.5416666666666666,0.475,0.7666666666666667,0.4444444444444444
15102,discriminative-relation,yes,1,0.09090909090909091,0.8181818181818182,0.2727272727272727,0.5636363636363636,0.0,1.0,0.8,0.6,0.6883116883116883,0.875,0.5416666666666666,0.675,0.475,0.4666666666666667
15103,discriminative-relation,yes,1,0.0,1.0,0.0,1.0,0.0,1.0,0.4,0.4,1.0,1.0,0.7666666666666667,1.0,0.7666666666666667,0.6444444444444445
15105,discriminative-relation,yes,0,1.0,1.0,0.0,1.0,1.0,1.0,0.0,1.0,0.47619047619047616,1.0,0.5416666666666666,0.5416666666666666,1.0,0.4444444444444444
15106,discriminative-relation,yes,0,1.0,1.0,0.0,1.0,1.0,1.0,0.0,1.0,0.47619047619047616,1.0,0.5416666666666666,0.5416666666666666,1.0,0.4444444444444444
15107,discriminative-relation,yes,1,0.0,1.0,1.0,1.0,0.0,1.0,1.0,1.0,0.47619047619047616,1.0,0.5416666666666666,0.5416666666666666,1.0,0.4444444444444444
15109,discriminative-relation,yes,1,0.0,1.0,1.0,1.0,0.0,1.0,1.0,1.0,0.47619047619047616,1.0,0.5416666666666666,0.5416666666666666,1.0,0.4444444444444444
15112,discriminative-relation,yes,1,0.0,1.0,1.0,1.0,0.0,1.0,1.0,1.0,0.47619047619047616,1.0,0.5416666666666666,0.5416666666666666,1.0,0.4444444444444444
15114,discriminative-relation,yes,1,0.0,1.0,1.0,1.0,0.0,1.0,1.0,1.0,0.47619047619047616,1.0,0.5416666666666666,0.5416666666666666,1.0,0.4444444444444444
15116,discriminative-relation,yes,1,0.0,1.0,1.0,1.0,0.0,1.0,1.0,1.0,0.47619047619047616,1.0,0.5416666666666666,0.5416666666666666,1.0,0.4444444444444444
15117,discriminative-relation,yes,0,1.0,1.0,0.2727272727272727,0.5636363636363636,1.0,1.0,0.0,1.0,0.5151515151515151,1.0,0.5416666666666666,0.4666666666666667,0.675,0.4444444444444444
15118,discriminative-relation,yes,0,1.0,1.0,1.0,1.0,1.0,1.0,0.2,0.6,1.0,1.0,0.6,1.0,0.6,0.4666666666666667
15119,discriminative-relation,yes,0,1.0,1.0,1.0,1.0,1.0,1.0,0.2,0.6,1.0,1.0,0.6,1.0,0.6,0.4666666666666667
15121,discriminative-relation,yes,1,0.0,1.0,0.9090909090909091,0.8181818181818182,0.0,1.0,1.0,1.0,0.4805194805194805,1.0,0.5416666666666666,0.5,0.875,0.4444444444444444
15123,discriminative-relation,yes,1,0.0,1.0,0.8181818181818182,0.6727272727272727,0.0,1.0,1.0,1.0,0.4935064935064935,1.0,0.5416666666666666,0.475,0.7666666666666667,0.4444444444444444
15125,discriminative-relation,yes,1,0.0,1.0,1.0,1.0,0.0,1.0,1.0,1.0,0.47619047619047616,1.0,0.5416666666666666,0.5416666666666666,1.0,0.4444444444444444
15126,discriminative-relation,yes,0,1.0,1.0,1.0,1.0,1.0,1.0,0.6,0.4,1.0,1.0,0.7666666666666667,1.0,0.7666666666666667,0.6444444444444445
15128,discriminative-relation,yes,0,1.0,1.0,0.09090909090909091,0.8181818181818182,1.0,1.0,0.0,1.0,0.4805194805194805,1.0,0.5416666666666666,0.5,0.875,0.4444444444444444
15129,discriminative-relation,yes,0,1.0,1.0,0.0,1.0,1.0,1.0,0.0,1.0,0.47619047619047616,1.0,0.5416666666666666,0.5416666666666666,1.0,0.4444444444444444
15130,discriminative-relation,yes,1,0.0,1.0,0.9090909090909091,0.8181818181818182,0.0,1.0,1.0,1.0,0.4805194805194805,1.0,0.5416666666666666,0.5,0.875,0.4444444444444444
15131,discriminative-relation,yes,1,0.09090909090909091,0.8181818181818182,0.0,1.0,0.0,1.0,0.6,0.4,0.9090909090909091,0.875,0.6,1.0,0.675,0.5333333333333333
15133,discriminative-relation,yes,1,0.0,1.0,0.0,1.0,0.0,1.0,0.6,0.4,1.0,1.0,0.675,1.0,0.675,0.5333333333333333
15134,discriminative-relation,yes,0,1.0,1.0,0.09090909090909091,0.8181818181818182,1.0,1.0,0.0,1.0,0.4805194805194805,1.0,0.5416666666666666,0.5,0.875,0.4444444444444444
15136,discriminative-relation,yes,1,0.0,1.0,0.18181818181818182,0.6727272727272727,0.0,1.0,1.0,1.0,0.8268398268398268,1.0,0.5416666666666666,0.7666666666666667,0.475,0.4444444444444444
15138,discriminative-relation,yes,1,0.0,1.0,1.0,1.0,0.0,1.0,1.0,1.0,0.47619047619047616,1.0,0.5416666666666666,0.5416666666666666,1.0,0.4444444444444444
15139,discriminative-relation,yes,0,1.0,1.0,0.09090909090909091,0.8181818181818182,1.0,1.0,0.0,1.0,0.4805194805194805,1.0,0.5416666666666666,0.5,0.875,0.4444444444444444
15141,discriminative-relation,yes,1,0.0,1.0,0.45454545454545453,0.45454545454545453,0.0,1.0,1.0,1.0,0.6320346320346321,1.0,0.5416666666666666,0.5416666666666666,0.5,0.4444444444444444
15143,discriminative-relation,yes,1,0.0,1.0,0.5454545454545454,0.45454545454545453,0.0,1.0,1.0,1.0,0.5844155844155844,1.0,0.5416666666666666,0.5,0.5416666666666666,0.4444444444444444
15145,discriminative-relation,yes,0,0.9090909090909091,0.8181818181818182,0.45454545454545453,0.45454545454545453,1.0,1.0,1.0,1.0,0.5454545454545454,0.875,0.875,0.5,0.5,1.0
15146,discriminative-relation,yes,0,1.0,1.0,0.0,1.0,1.0,1.0,0.0,1.0,0.47619047619047616,1.0,0.5416666666666666,0.5416666666666666,1.0,0.4444444444444444
15147,discriminative-relation,yes,0,1.0,1.0,0.6363636363636364,0.4909090909090909,1.0,1.0,0.2,0.6,0.6883116883116883,1.0,0.6,0.6,0.4666666666666667,0.4666666666666667
15148,discriminative-relation,yes,0,1.0,1.0,0.45454545454545453,0.45454545454545453,1.0,1.0,0.4,0.4,0.5844155844155844,1.0,0.675,0.5,0.475,0.5333333333333333
15149,discriminative-relation,yes,0,1.0,1.0,0.0,1.0,1.0,1.0,0.0,1.0,0.47619047619047616,1.0,0.5416666666666666,0.5416666666666666,1.0,0.4444444444444444
15150,discriminative-relation,yes,0,1.0,1.0,0.0,1.0,1.0,1.0,0.0,1.0,0.47619047619047616,1.0,0.5416666666666666,0.5416666666666666,1.0,0.4444444444444444
15151,discriminative-relation,yes,1,0.0,1.0,1.0,1.0,0.0,1.0,1.0,1.0,0.47619047619047616,1.0,0.5416666666666666,0.5416666666666666,1.0,0.4444444444444444
15152,discriminative-relation,yes,1,0.0,1.0,1.0,1.0,0.0,1.0,1.0,1.0,0.47619047619047616,1.0,0.5416666666666666,0.5416666666666666,1.0,0.4444444444444444
15154,discriminative-relation,yes,1,0.0,1.0,1.0,1.0,0.0,1.0,1.0,1.0,0.47619047619047616,1.0,0.5416666666666666,0.5416666666666666,1.0,0.4444444444444444
15155,discriminative-relation,yes,1,0.0,1.0,1.0,1.0,0.0,1.0,1.0,1.0,0.47619047619047616,1.0,0.5416666666666666,0.5416666666666666,1.0,0.4444444444444444
15156,discriminative-relation,yes,0,1.0,1.0,0.09090909090909091,0.8181818181818182,1.0,1.0,0.0,1.0,0.4805194805194805,1.0,0.5416666666666666,0.5,0.875,0.4444444444444444
15157,discriminative-relation,yes,0,1.0,1.0,0.0,1.0,1.0,1.0,0.0,1.0,0.47619047619047616,1.0,0.5416666666666666,0.5416666666666666,1.0,0.4444444444444444
15159,discriminative-relation,yes,1,0.0,1.0,1.0,1.0,0.0,1.0,1.0,1.0,0.47619047619047616,1.0,0.5416666666666666,0.5416666666666666,1.0,0.4444444444444444
15161,discriminative-relation,yes,0,0.9090909090909091,0.8181818181818182,0.9090909090909091,0.8181818181818182,1.0,1.0,0.2,0.6,0.8268398268398268,0.875,0.5416666666666666,0.875,0.5416666666666666,0.4666666666666667
15162,discriminative-relation,yes,0,1.0,1.0,0.0,1.0,1.0,1.0,0.0,1.0,0.47619047619047616,1.0,0.5416666666666666,0.5416666666666666,1.0,0.4444444444444444
15164,discriminative-relation,yes,0,1.0,1.0,0.0,1.0,1.0,1.0,0.0,1.0,0.47619047619047616,1.0,0.5416666666666666,0.5416666666666666,1.0,0.4444444444444444
15166,discriminative-relation,yes,0,1.0,1.0,0.0,1.0,1.0,1.0,0.0,1.0,0.47619047619047616,1.0,0.5416666666666666,0.5416666666666666,1.0,0.4444444444444444
15167,discriminative-relation,yes,0,1.0,1.0,0.0,1.0,1.0,1.0,0.0,1.0,0.47619047619047616,1.0,0.5416666666666666,0.5416666666666666,1.0,0.4444444444444444
15169,discriminative-relation,yes,1,0.0,1.0,1.0,1.0,0.0,1.0,0.8,0.6,0.47619047619047616,1.0,0.6,0.5416666666666666,0.875,0.4666666666666667
15172,discriminative-relation,yes,1,0.0,1.0,1.0,1.0,0.0,1.0,1.0,1.0,0.47619047619047616,1.0,0.5416666666666666,0.5416666666666666,1.0,0.4444444444444444
15173,discriminative-relation,yes,0,1.0,1.0,0.0,1.0,1.0,1.0,0.0,1.0,0.47619047619047616,1.0,0.5416666666666666,0.5416666666666666,1.0,0.4444444444444444
15174,discriminative-relation,yes,0,1.0,1.0,0.0,1.0,1.0,1.0,0.0,1.0,0.47619047619047616,1.0,0.5416666666666666,0.5416666666666666,1.0,0.4444444444444444
15176,discriminative-relation,yes,1,0.09090909090909091,0.8181818181818182,1.0,1.0,0.0,1.0,1.0,1.0,0.4805194805194805,0.875,0.5,0.5416666666666666,1.0,0.4444444444444444
15177,discriminative-relation,yes,0,1.0,1.0,0.09090909090909091,0.8181818181818182,1.0,1.0,0.2,0.6,0.4805194805194805,1.0,0.6,0.5,0.7666666666666667,0.4666666666666667
15179,discriminative-relation,yes,0,1.0,1.0,0.0,1.0,1.0,1.0,0.0,1.0,0.47619047619047616,1.0,0.5416666666666666,0.5416666666666666,1.0,0.4444444444444444
15180,discriminative-relation,yes,1,0.09090909090909091,0.8181818181818182,1.0,1.0,0.0,1.0,1.0,1.0,0.4805194805194805,0.875,0.5,0.5416666666666666,1.0,0.4444444444444444
15182,discriminative-relation,yes,1,0.0,1.0,1.0,1.0,0.0,1.0,1.0,1.0,0.47619047619047616,1.0,0.5416666666666666,0.5416666666666666,1.0,0.4444444444444444
15183,discriminative-relation,yes,0,1.0,1.0,0.09090909090909091,0.8181818181818182,1.0,1.0,0.0,1.0,0.4805194805194805,1.0,0.5416666666666666,0.5,0.875,0.4444444444444444
15184,discriminative-relation,yes,0,1.0,1.0,0.0,1.0,1.0,1.0,0.0,1.0,0.47619047619047616,1.0,0.5416666666666666,0.5416666666666666,1.0,0.4444444444444444
15185,discriminative-relation,yes,0,0.9090909090909091,0.8181818181818182,0.0,1.0,1.0,1.0,0.0,1.0,0.4805194805194805,0.875,0.5,0.5416666666666666,1.0,0.4444444444444444
15186,discriminative-relation,yes,1,0.0,1.0,1.0,1.0,0.0,1.0,1.0,1.0,0.47619047619047616,1.0,0.5416666666666666,0.5416666666666666,1.0,0.4444444444444444
15187,discriminative-relation,yes,0,1.0,1.0,0.09090909090909091,0.8181818181818182,1.0,1.0,0.4,0.4,0.4805194805194805,1.0,0.675,0.5,0.675,0.5333333333333333
15188,discriminative-relation,yes,1,0.5454545454545454,0.45454545454545453,0.45454545454545453,0.45454545454545453,1.0,1.0,0.0,1.0,0.47619047619047616,0.5416666666666666,0.5,0.5,0.5416666666666666,0.4444444444444444
15189,discriminative-relation,yes,0,1.0,1.0,1.0,1.0,1.0,1.0,0.4,0.4,1.0,1.0,0.675,1.0,0.675,0.5333333333333333
15190,discriminative-relation,yes,1,0.0,1.0,1.0,1.0,0.0,1.0,1.0,1.0,0.47619047619047616,1.0,0.5416666666666666,0.5416666666666666,1.0,0.4444444444444444
15191,discriminative-relation,yes,0,0.6363636363636364,0.4909090909090909,0.8181818181818182,0.6727272727272727,1.0,1.0,1.0,1.0,0.5844155844155844,0.6,0.6,0.7666666666666667,0.7666666666666667,1.0
15192,discriminative-relation,yes,1,0.09090909090909091,0.8181818181818182,0.7272727272727273,0.5636363636363636,0.0,1.0,0.8,0.6,0.4935064935064935,0.875,0.5416666666666666,0.4666666666666667,0.6,0.4666666666666667
15193,discriminative-relation,yes,0,1.0,1.0,1.0,1.0,1.0,1.0,1.0,1.0,1.0,1.0,1.0,1.0,1.0,1.0
15195,discriminative-relation,yes,1,0.0,1.0,1.0,1.0,0.0,1.0,1.0,1.0,0.47619047619047616,1.0,0.5416666666666666,0.5416666666666666,1.0,0.4444444444444444
15196,discriminative-relation,yes,1,0.0,1.0,1.0,1.0,0.0,1.0,1.0,1.0,0.47619047619047616,1.0,0.5416666666666666,0.5416666666666666,1.0,0.4444444444444444
15198,discriminative-relation,yes,1,0.9090909090909091,0.8181818181818182,0.18181818181818182,0.6727272727272727,0.4,0.4,0.0,1.0,0.4805194805194805,0.6,0.5,0.6,0.7666666666666667,0.6444444444444445
15199,discriminative-relation,yes,0,1.0,1.0,0.45454545454545453,0.45454545454545453,1.0,1.0,0.4,0.4,0.5844155844155844,1.0,0.675,0.5,0.475,0.5333333333333333
15200,discriminative-relation,yes,0,1.0,1.0,0.2727272727272727,0.5636363636363636,1.0,1.0,0.0,1.0,0.5151515151515151,1.0,0.5416666666666666,0.4666666666666667,0.675,0.4444444444444444
15201,discriminative-relation,yes,0,1.0,1.0,0.18181818181818182,0.6727272727272727,1.0,1.0,0.0,1.0,0.4935064935064935,1.0,0.5416666666666666,0.475,0.7666666666666667,0.4444444444444444
15204,discriminative-relation,yes,0,1.0,1.0,0.0,1.0,1.0,1.0,0.0,1.0,0.47619047619047616,1.0,0.5416666666666666,0.5416666666666666,1.0,0.4444444444444444
15206,discriminative-relation,yes,0,1.0,1.0,0.0,1.0,1.0,1.0,0.0,1.0,0.47619047619047616,1.0,0.5416666666666666,0.5416666666666666,1.0,0.4444444444444444
15208,discriminative-relation,yes,0,1.0,1.0,0.18181818181818182,0.6727272727272727,1.0,1.0,0.0,1.0,0.4935064935064935,1.0,0.5416666666666666,0.475,0.7666666666666667,0.4444444444444444
15210,discriminative-relation,yes,0,1.0,1.0,0.0,1.0,1.0,1.0,0.0,1.0,0.47619047619047616,1.0,0.5416666666666666,0.5416666666666666,1.0,0.4444444444444444
15212,discriminative-relation,yes,0,1.0,1.0,0.36363636363636365,0.4909090909090909,1.0,1.0,0.2,0.6,0.5454545454545454,1.0,0.6,0.475,0.5416666666666666,0.4666666666666667
15214,discriminative-relation,yes,0,1.0,1.0,0.0,1.0,1.0,1.0,0.2,0.6,0.47619047619047616,1.0,0.6,0.5416666666666666,0.875,0.4666666666666667
15216,discriminative-relation,yes,0,1.0,1.0,0.0,1.0,1.0,1.0,0.0,1.0,0.47619047619047616,1.0,0.5416666666666666,0.5416666666666666,1.0,0.4444444444444444
15218,discriminative-relation,yes,1,0.09090909090909091,0.8181818181818182,1.0,1.0,0.0,1.0,1.0,1.0,0.4805194805194805,0.875,0.5,0.5416666666666666,1.0,0.4444444444444444
15219,discriminative-relation,yes,1,0.0,1.0,0.2727272727272727,0.5636363636363636,0.0,1.0,0.6,0.4,0.7532467532467533,1.0,0.675,0.675,0.5,0.5333333333333333
