id,type,truth,hal_label,QA_ITA,PA_ITA,QA_ITC,PA_ITC,QA_FSA,PA_FSA,QA_FSC,PA_FSC,PA_ITA_ITC,PA_ITA_FSA,PA_ITA_FSC,PA_ITC_FSA,PA_ITC_FSC,PA_FSA_FSC
1,attribute,no,0,1.0,1.0,1.0,1.0,1.0,1.0,1.0,1.0,1.0,1.0,1.0,1.0,1.0,1.0
2,object,no,1,0.9090909090909091,0.8181818181818182,1.0,1.0,1.0,1.0,1.0,1.0,0.9090909090909091,0.875,0.875,1.0,1.0,1.0
3,object,no,1,0.2727272727272727,0.5636363636363636,0.6363636363636364,0.4909090909090909,0.2,0.6,0.4,0.4,0.4805194805194805,0.6,0.5416666666666666,0.4666666666666667,0.475,0.5333333333333333
4,counting,no,1,0.45454545454545453,0.45454545454545453,0.2727272727272727,0.5636363636363636,0.8,0.6,0.2,0.6,0.5151515151515151,0.475,0.5,0.475,0.6,0.4444444444444444
5,positional,no,0,0.7272727272727273,0.5636363636363636,0.18181818181818182,0.6727272727272727,1.0,1.0,0.2,0.6,0.4805194805194805,0.675,0.475,0.475,0.675,0.4666666666666667
6,attribute,no,0,1.0,1.0,1.0,1.0,1.0,1.0,0.8,0.6,1.0,1.0,0.875,1.0,0.875,0.8
7,counting,no,0,1.0,1.0,1.0,1.0,1.0,1.0,0.6,0.4,1.0,1.0,0.7666666666666667,1.0,0.7666666666666667,0.6444444444444445
8,sentiment,no,0,1.0,1.0,1.0,1.0,1.0,1.0,1.0,1.0,1.0,1.0,1.0,1.0,1.0,1.0
9,attribute,no,0,1.0,1.0,1.0,1.0,0.8,0.6,1.0,1.0,1.0,0.875,1.0,0.875,1.0,0.8
10,attribute,no,0,0.9090909090909091,0.8181818181818182,0.8181818181818182,0.6727272727272727,1.0,1.0,1.0,1.0,0.7532467532467533,0.875,0.875,0.7666666666666667,0.7666666666666667,1.0
11,attribute,no,0,1.0,1.0,0.36363636363636365,0.4909090909090909,0.8,0.6,0.6,0.4,0.5454545454545454,0.875,0.7666666666666667,0.4666666666666667,0.475,0.5333333333333333
12,attribute,no,0,1.0,1.0,1.0,1.0,1.0,1.0,0.8,0.6,1.0,1.0,0.875,1.0,0.875,0.8
13,object,no,0,0.5454545454545454,0.45454545454545453,0.0,1.0,0.8,0.6,0.0,1.0,0.5844155844155844,0.5,0.5,0.6,1.0,0.4666666666666667
14,attribute,no,0,1.0,1.0,0.9090909090909091,0.8181818181818182,1.0,1.0,1.0,1.0,0.9090909090909091,1.0,1.0,0.875,0.875,1.0
15,attribute,no,0,1.0,1.0,0.2727272727272727,0.5636363636363636,0.8,0.6,0.6,0.4,0.5151515151515151,0.875,0.7666666666666667,0.475,0.5,0.5333333333333333
16,object,no,0,1.0,1.0,1.0,1.0,1.0,1.0,1.0,1.0,1.0,1.0,1.0,1.0,1.0,1.0
17,attribute,no,0,1.0,1.0,0.0,1.0,1.0,1.0,0.4,0.4,0.47619047619047616,1.0,0.675,0.5416666666666666,0.7666666666666667,0.5333333333333333
18,positional,no,0,0.8181818181818182,0.6727272727272727,0.0,1.0,0.8,0.6,0.0,1.0,0.4935064935064935,0.675,0.475,0.6,1.0,0.4666666666666667
19,counting,no,0,0.7272727272727273,0.5636363636363636,0.45454545454545453,0.45454545454545453,1.0,1.0,0.6,0.4,0.4935064935064935,0.675,0.5416666666666666,0.5,0.4666666666666667,0.6444444444444445
20,counting,no,0,0.7272727272727273,0.5636363636363636,0.8181818181818182,0.6727272727272727,0.2,0.6,1.0,1.0,0.6320346320346321,0.475,0.675,0.5,0.7666666666666667,0.4666666666666667
21,counting,no,1,0.0,1.0,1.0,1.0,0.6,0.4,0.8,0.6,0.47619047619047616,0.675,0.6,0.7666666666666667,0.875,0.5333333333333333
22,positional,no,1,1.0,1.0,1.0,1.0,0.6,0.4,1.0,1.0,1.0,0.7666666666666667,1.0,0.7666666666666667,1.0,0.6444444444444445
23,attribute,no,1,0.6363636363636364,0.4909090909090909,0.6363636363636364,0.4909090909090909,0.6,0.4,0.4,0.4,0.5151515151515151,0.5,0.475,0.5,0.475,0.4444444444444444
24,sentiment,no,0,1.0,1.0,1.0,1.0,0.8,0.6,1.0,1.0,1.0,0.875,1.0,0.875,1.0,0.8
25,positional,no,1,1.0,1.0,1.0,1.0,0.8,0.6,0.8,0.6,1.0,0.875,0.875,0.875,0.875,0.6444444444444445
26,attribute,no,0,0.7272727272727273,0.5636363636363636,0.7272727272727273,0.5636363636363636,1.0,1.0,1.0,1.0,0.5844155844155844,0.675,0.675,0.675,0.675,1.0
27,positional,no,1,0.0,1.0,0.0,1.0,0.0,1.0,0.0,1.0,1.0,1.0,1.0,1.0,1.0,1.0
28,object,no,0,1.0,1.0,1.0,1.0,0.8,0.6,0.8,0.6,1.0,0.875,0.875,0.875,0.875,0.6444444444444445
30,attribute,no,1,0.7272727272727273,0.5636363636363636,0.7272727272727273,0.5636363636363636,1.0,1.0,1.0,1.0,0.5844155844155844,0.675,0.675,0.675,0.675,1.0
31,object,no,0,1.0,1.0,0.09090909090909091,0.8181818181818182,1.0,1.0,0.8,0.6,0.4805194805194805,1.0,0.875,0.5,0.5416666666666666,0.8
32,sentiment,no,1,1.0,1.0,1.0,1.0,1.0,1.0,1.0,1.0,1.0,1.0,1.0,1.0,1.0,1.0
34,object,no,1,0.0,1.0,0.45454545454545453,0.45454545454545453,0.2,0.6,0.6,0.4,0.6320346320346321,0.875,0.675,0.5,0.4666666666666667,0.4666666666666667
35,counting,no,1,1.0,1.0,0.7272727272727273,0.5636363636363636,0.8,0.6,0.2,0.6,0.7532467532467533,0.875,0.6,0.6,0.475,0.4444444444444444
36,object,no,0,1.0,1.0,1.0,1.0,1.0,1.0,0.8,0.6,1.0,1.0,0.875,1.0,0.875,0.8
37,attribute,no,0,0.6363636363636364,0.4909090909090909,0.09090909090909091,0.8181818181818182,1.0,1.0,0.6,0.4,0.5151515151515151,0.6,0.5,0.5,0.6,0.6444444444444445
39,counting,no,0,1.0,1.0,0.8181818181818182,0.6727272727272727,0.2,0.6,0.2,0.6,0.8268398268398268,0.6,0.6,0.5,0.5,0.6444444444444445
40,positional,no,1,0.8181818181818182,0.6727272727272727,0.8181818181818182,0.6727272727272727,1.0,1.0,0.8,0.6,0.6883116883116883,0.7666666666666667,0.675,0.7666666666666667,0.675,0.8
41,object,no,0,0.9090909090909091,0.8181818181818182,0.0,1.0,1.0,1.0,0.4,0.4,0.4805194805194805,0.875,0.6,0.5416666666666666,0.7666666666666667,0.5333333333333333
42,sentiment,no,0,1.0,1.0,1.0,1.0,1.0,1.0,1.0,1.0,1.0,1.0,1.0,1.0,1.0,1.0
43,object,no,0,1.0,1.0,1.0,1.0,1.0,1.0,1.0,1.0,1.0,1.0,1.0,1.0,1.0,1.0
45,sentiment,no,0,1.0,1.0,0.9090909090909091,0.8181818181818182,1.0,1.0,0.8,0.6,0.9090909090909091,1.0,0.875,0.875,0.7666666666666667,0.8
46,object,no,1,1.0,1.0,1.0,1.0,1.0,1.0,1.0,1.0,1.0,1.0,1.0,1.0,1.0,1.0
48,object,no,0,1.0,1.0,1.0,1.0,1.0,1.0,1.0,1.0,1.0,1.0,1.0,1.0,1.0,1.0
49,object,no,1,0.0,1.0,0.45454545454545453,0.45454545454545453,0.2,0.6,0.6,0.4,0.6320346320346321,0.875,0.675,0.5,0.4666666666666667,0.4666666666666667
50,object,no,0,1.0,1.0,1.0,1.0,1.0,1.0,0.8,0.6,1.0,1.0,0.875,1.0,0.875,0.8
51,counting,no,1,0.09090909090909091,0.8181818181818182,0.0,1.0,0.6,0.4,0.2,0.6,0.9090909090909091,0.6,0.7666666666666667,0.675,0.875,0.4666666666666667
52,object,no,1,1.0,1.0,1.0,1.0,0.8,0.6,1.0,1.0,1.0,0.875,1.0,0.875,1.0,0.8
53,object,no,0,1.0,1.0,1.0,1.0,1.0,1.0,1.0,1.0,1.0,1.0,1.0,1.0,1.0,1.0
54,object,no,1,0.5454545454545454,0.45454545454545453,1.0,1.0,0.2,0.6,1.0,1.0,0.6320346320346321,0.475,0.5416666666666666,0.6,1.0,0.4666666666666667
55,attribute,no,1,0.0,1.0,1.0,1.0,0.2,0.6,1.0,1.0,0.47619047619047616,0.875,0.5416666666666666,0.6,1.0,0.4666666666666667
56,attribute,no,0,0.18181818181818182,0.6727272727272727,0.0,1.0,0.2,0.6,0.0,1.0,0.8268398268398268,0.675,0.7666666666666667,0.875,1.0,0.8
57,sentiment,no,0,1.0,1.0,1.0,1.0,1.0,1.0,1.0,1.0,1.0,1.0,1.0,1.0,1.0,1.0
58,counting,no,0,1.0,1.0,0.0,1.0,1.0,1.0,0.0,1.0,0.47619047619047616,1.0,0.5416666666666666,0.5416666666666666,1.0,0.4444444444444444
59,object,no,0,1.0,1.0,0.8181818181818182,0.6727272727272727,1.0,1.0,0.6,0.4,0.8268398268398268,1.0,0.7666666666666667,0.7666666666666667,0.6,0.6444444444444445
60,attribute,no,0,0.36363636363636365,0.4909090909090909,1.0,1.0,0.4,0.4,0.8,0.6,0.5454545454545454,0.5,0.4666666666666667,0.675,0.875,0.4666666666666667
61,object,no,0,1.0,1.0,1.0,1.0,1.0,1.0,1.0,1.0,1.0,1.0,1.0,1.0,1.0,1.0
62,attribute,no,0,1.0,1.0,0.0,1.0,1.0,1.0,0.2,0.6,0.47619047619047616,1.0,0.6,0.5416666666666666,0.875,0.4666666666666667
63,object,no,0,1.0,1.0,1.0,1.0,1.0,1.0,0.6,0.4,1.0,1.0,0.7666666666666667,1.0,0.7666666666666667,0.6444444444444445
64,object,no,1,0.9090909090909091,0.8181818181818182,0.8181818181818182,0.6727272727272727,1.0,1.0,1.0,1.0,0.7532467532467533,0.875,0.875,0.7666666666666667,0.7666666666666667,1.0
65,counting,no,1,0.5454545454545454,0.45454545454545453,0.7272727272727273,0.5636363636363636,1.0,1.0,0.8,0.6,0.5151515151515151,0.5416666666666666,0.5,0.675,0.6,0.8
66,object,no,1,1.0,1.0,1.0,1.0,0.6,0.4,0.8,0.6,1.0,0.7666666666666667,0.875,0.7666666666666667,0.875,0.5333333333333333
67,object,no,0,1.0,1.0,1.0,1.0,1.0,1.0,0.8,0.6,1.0,1.0,0.875,1.0,0.875,0.8
68,attribute,no,0,1.0,1.0,0.9090909090909091,0.8181818181818182,1.0,1.0,0.8,0.6,0.9090909090909091,1.0,0.875,0.875,0.7666666666666667,0.8
69,sentiment,no,1,0.18181818181818182,0.6727272727272727,0.18181818181818182,0.6727272727272727,1.0,1.0,0.6,0.4,0.6883116883116883,0.475,0.5416666666666666,0.475,0.5416666666666666,0.6444444444444445
70,attribute,no,0,1.0,1.0,1.0,1.0,1.0,1.0,1.0,1.0,1.0,1.0,1.0,1.0,1.0,1.0
71,attribute,no,0,1.0,1.0,0.8181818181818182,0.6727272727272727,1.0,1.0,1.0,1.0,0.8268398268398268,1.0,1.0,0.7666666666666667,0.7666666666666667,1.0
72,counting,no,0,1.0,1.0,0.9090909090909091,0.8181818181818182,1.0,1.0,0.6,0.4,0.9090909090909091,1.0,0.7666666666666667,0.875,0.675,0.6444444444444445
74,object,no,0,1.0,1.0,1.0,1.0,0.8,0.6,0.8,0.6,1.0,0.875,0.875,0.875,0.875,0.6444444444444445
75,object,no,0,0.8181818181818182,0.6727272727272727,0.6363636363636364,0.4909090909090909,1.0,1.0,0.4,0.4,0.5844155844155844,0.7666666666666667,0.5416666666666666,0.6,0.475,0.5333333333333333
77,object,no,0,1.0,1.0,1.0,1.0,1.0,1.0,1.0,1.0,1.0,1.0,1.0,1.0,1.0,1.0
78,counting,no,0,1.0,1.0,0.9090909090909091,0.8181818181818182,1.0,1.0,1.0,1.0,0.9090909090909091,1.0,1.0,0.875,0.875,1.0
79,sentiment,no,1,1.0,1.0,1.0,1.0,1.0,1.0,0.4,0.4,1.0,1.0,0.675,1.0,0.675,0.5333333333333333
80,object,no,0,1.0,1.0,0.9090909090909091,0.8181818181818182,1.0,1.0,0.8,0.6,0.9090909090909091,1.0,0.875,0.875,0.7666666666666667,0.8
81,attribute,no,0,0.7272727272727273,0.5636363636363636,0.7272727272727273,0.5636363636363636,1.0,1.0,1.0,1.0,0.5844155844155844,0.675,0.675,0.675,0.675,1.0
82,object,no,1,1.0,1.0,1.0,1.0,1.0,1.0,0.8,0.6,1.0,1.0,0.875,1.0,0.875,0.8
83,object,no,0,0.8181818181818182,0.6727272727272727,1.0,1.0,1.0,1.0,1.0,1.0,0.8268398268398268,0.7666666666666667,0.7666666666666667,1.0,1.0,1.0
84,sentiment,no,0,1.0,1.0,1.0,1.0,1.0,1.0,1.0,1.0,1.0,1.0,1.0,1.0,1.0,1.0
85,counting,no,0,1.0,1.0,1.0,1.0,1.0,1.0,0.4,0.4,1.0,1.0,0.675,1.0,0.675,0.5333333333333333
86,counting,no,0,0.8181818181818182,0.6727272727272727,0.0,1.0,1.0,1.0,0.0,1.0,0.4935064935064935,0.7666666666666667,0.475,0.5416666666666666,1.0,0.4444444444444444
87,object,no,1,0.9090909090909091,0.8181818181818182,0.9090909090909091,0.8181818181818182,1.0,1.0,1.0,1.0,0.8268398268398268,0.875,0.875,0.875,0.875,1.0
88,positional,no,1,1.0,1.0,1.0,1.0,0.6,0.4,0.8,0.6,1.0,0.7666666666666667,0.875,0.7666666666666667,0.875,0.5333333333333333
89,object,no,1,0.9090909090909091,0.8181818181818182,1.0,1.0,0.6,0.4,1.0,1.0,0.9090909090909091,0.675,0.875,0.7666666666666667,1.0,0.6444444444444445
91,sentiment,no,0,0.8181818181818182,0.6727272727272727,0.36363636363636365,0.4909090909090909,0.4,0.4,0.4,0.4,0.4935064935064935,0.5416666666666666,0.5416666666666666,0.5,0.5,0.4666666666666667
92,positional,no,0,1.0,1.0,0.9090909090909091,0.8181818181818182,1.0,1.0,0.4,0.4,0.9090909090909091,1.0,0.675,0.875,0.6,0.5333333333333333
93,object,no,0,1.0,1.0,1.0,1.0,0.8,0.6,1.0,1.0,1.0,0.875,1.0,0.875,1.0,0.8
94,sentiment,no,1,1.0,1.0,0.18181818181818182,0.6727272727272727,1.0,1.0,0.4,0.4,0.4935064935064935,1.0,0.675,0.475,0.6,0.5333333333333333
95,object,no,0,1.0,1.0,1.0,1.0,1.0,1.0,0.6,0.4,1.0,1.0,0.7666666666666667,1.0,0.7666666666666667,0.6444444444444445
96,attribute,no,1,0.45454545454545453,0.45454545454545453,1.0,1.0,0.2,0.6,1.0,1.0,0.5844155844155844,0.5,0.5,0.6,1.0,0.4666666666666667
97,object,no,1,0.7272727272727273,0.5636363636363636,0.8181818181818182,0.6727272727272727,1.0,1.0,1.0,1.0,0.6320346320346321,0.675,0.675,0.7666666666666667,0.7666666666666667,1.0
98,attribute,no,0,1.0,1.0,0.9090909090909091,0.8181818181818182,1.0,1.0,1.0,1.0,0.9090909090909091,1.0,1.0,0.875,0.875,1.0
99,attribute,no,0,1.0,1.0,1.0,1.0,1.0,1.0,1.0,1.0,1.0,1.0,1.0,1.0,1.0,1.0
100,attribute,no,0,1.0,1.0,1.0,1.0,1.0,1.0,1.0,1.0,1.0,1.0,1.0,1.0,1.0,1.0
101,object,no,0,1.0,1.0,1.0,1.0,1.0,1.0,1.0,1.0,1.0,1.0,1.0,1.0,1.0,1.0
102,counting,no,0,0.7272727272727273,0.5636363636363636,0.0,1.0,0.8,0.6,0.0,1.0,0.5151515151515151,0.6,0.4666666666666667,0.6,1.0,0.4666666666666667
103,object,no,1,1.0,1.0,0.9090909090909091,0.8181818181818182,0.6,0.4,0.2,0.6,0.9090909090909091,0.7666666666666667,0.6,0.675,0.5416666666666666,0.4666666666666667
104,object,no,0,0.9090909090909091,0.8181818181818182,0.8181818181818182,0.6727272727272727,0.8,0.6,0.8,0.6,0.7532467532467533,0.7666666666666667,0.7666666666666667,0.675,0.675,0.6444444444444445
105,sentiment,no,0,1.0,1.0,1.0,1.0,1.0,1.0,1.0,1.0,1.0,1.0,1.0,1.0,1.0,1.0
106,counting,no,0,0.8181818181818182,0.6727272727272727,0.6363636363636364,0.4909090909090909,1.0,1.0,0.6,0.4,0.5844155844155844,0.7666666666666667,0.6,0.6,0.5,0.6444444444444445
107,positional,no,1,0.8181818181818182,0.6727272727272727,0.18181818181818182,0.6727272727272727,0.8,0.6,0.2,0.6,0.47619047619047616,0.675,0.5,0.5,0.675,0.4444444444444444
108,positional,no,0,1.0,1.0,0.0,1.0,0.8,0.6,0.0,1.0,0.47619047619047616,0.875,0.5416666666666666,0.6,1.0,0.4666666666666667
109,object,no,0,1.0,1.0,0.18181818181818182,0.6727272727272727,1.0,1.0,0.8,0.6,0.4935064935064935,1.0,0.875,0.475,0.5,0.8
110,sentiment,no,0,1.0,1.0,1.0,1.0,1.0,1.0,1.0,1.0,1.0,1.0,1.0,1.0,1.0,1.0
112,attribute,no,0,1.0,1.0,1.0,1.0,1.0,1.0,1.0,1.0,1.0,1.0,1.0,1.0,1.0,1.0
113,positional,no,0,1.0,1.0,1.0,1.0,1.0,1.0,1.0,1.0,1.0,1.0,1.0,1.0,1.0,1.0
114,attribute,no,0,1.0,1.0,1.0,1.0,1.0,1.0,1.0,1.0,1.0,1.0,1.0,1.0,1.0,1.0
116,object,no,0,0.7272727272727273,0.5636363636363636,0.36363636363636365,0.4909090909090909,1.0,1.0,0.0,1.0,0.4805194805194805,0.675,0.4666666666666667,0.475,0.6,0.4444444444444444
117,counting,no,0,0.8181818181818182,0.6727272727272727,0.0,1.0,0.2,0.6,0.2,0.6,0.4935064935064935,0.5,0.5,0.875,0.875,0.6444444444444445
118,positional,no,1,1.0,1.0,0.9090909090909091,0.8181818181818182,0.8,0.6,0.8,0.6,0.9090909090909091,0.875,0.875,0.7666666666666667,0.7666666666666667,0.6444444444444445
119,positional,no,0,1.0,1.0,0.7272727272727273,0.5636363636363636,1.0,1.0,0.8,0.6,0.7532467532467533,1.0,0.875,0.675,0.6,0.8
120,counting,no,1,0.09090909090909091,0.8181818181818182,0.0,1.0,0.8,0.6,0.6,0.4,0.9090909090909091,0.5416666666666666,0.6,0.6,0.675,0.5333333333333333
121,sentiment,no,0,1.0,1.0,1.0,1.0,1.0,1.0,1.0,1.0,1.0,1.0,1.0,1.0,1.0,1.0
122,object,no,0,0.8181818181818182,0.6727272727272727,0.7272727272727273,0.5636363636363636,0.8,0.6,1.0,1.0,0.6320346320346321,0.675,0.7666666666666667,0.6,0.675,0.8
123,attribute,no,0,0.7272727272727273,0.5636363636363636,0.7272727272727273,0.5636363636363636,1.0,1.0,1.0,1.0,0.5844155844155844,0.675,0.675,0.675,0.675,1.0
124,attribute,no,0,0.9090909090909091,0.8181818181818182,0.7272727272727273,0.5636363636363636,1.0,1.0,0.8,0.6,0.6883116883116883,0.875,0.7666666666666667,0.675,0.6,0.8
125,sentiment,no,1,0.0,1.0,0.0,1.0,0.2,0.6,0.0,1.0,1.0,0.875,1.0,0.875,1.0,0.8
127,object,no,0,1.0,1.0,1.0,1.0,1.0,1.0,0.6,0.4,1.0,1.0,0.7666666666666667,1.0,0.7666666666666667,0.6444444444444445
128,sentiment,no,0,1.0,1.0,1.0,1.0,1.0,1.0,1.0,1.0,1.0,1.0,1.0,1.0,1.0,1.0
129,attribute,no,0,1.0,1.0,0.5454545454545454,0.45454545454545453,1.0,1.0,0.8,0.6,0.6320346320346321,1.0,0.875,0.5416666666666666,0.5,0.8
130,object,no,0,1.0,1.0,1.0,1.0,1.0,1.0,0.8,0.6,1.0,1.0,0.875,1.0,0.875,0.8
131,object,no,0,0.9090909090909091,0.8181818181818182,0.2727272727272727,0.5636363636363636,0.8,0.6,0.6,0.4,0.4935064935064935,0.7666666666666667,0.675,0.475,0.5,0.5333333333333333
132,object,no,0,0.9090909090909091,0.8181818181818182,0.7272727272727273,0.5636363636363636,1.0,1.0,1.0,1.0,0.6883116883116883,0.875,0.875,0.675,0.675,1.0
133,object,no,0,1.0,1.0,0.9090909090909091,0.8181818181818182,0.8,0.6,0.6,0.4,0.9090909090909091,0.875,0.7666666666666667,0.7666666666666667,0.675,0.5333333333333333
134,positional,no,1,0.45454545454545453,0.45454545454545453,1.0,1.0,0.8,0.6,1.0,1.0,0.5844155844155844,0.475,0.5,0.875,1.0,0.8
135,positional,no,0,0.8181818181818182,0.6727272727272727,1.0,1.0,0.6,0.4,1.0,1.0,0.8268398268398268,0.6,0.7666666666666667,0.7666666666666667,1.0,0.6444444444444445
137,object,no,1,0.36363636363636365,0.4909090909090909,0.6363636363636364,0.4909090909090909,0.6,0.4,1.0,1.0,0.47619047619047616,0.475,0.475,0.5,0.6,0.6444444444444445
139,object,no,0,1.0,1.0,1.0,1.0,1.0,1.0,0.8,0.6,1.0,1.0,0.875,1.0,0.875,0.8
140,attribute,no,0,0.2727272727272727,0.5636363636363636,0.2727272727272727,0.5636363636363636,0.6,0.4,0.2,0.6,0.5844155844155844,0.5,0.6,0.5,0.6,0.4666666666666667
141,object,no,0,1.0,1.0,1.0,1.0,1.0,1.0,0.8,0.6,1.0,1.0,0.875,1.0,0.875,0.8
142,positional,no,0,1.0,1.0,0.9090909090909091,0.8181818181818182,0.8,0.6,0.6,0.4,0.9090909090909091,0.875,0.7666666666666667,0.7666666666666667,0.675,0.5333333333333333
143,object,no,0,0.36363636363636365,0.4909090909090909,0.7272727272727273,0.5636363636363636,1.0,1.0,1.0,1.0,0.4805194805194805,0.475,0.475,0.675,0.675,1.0
144,object,no,1,1.0,1.0,1.0,1.0,1.0,1.0,1.0,1.0,1.0,1.0,1.0,1.0,1.0,1.0
145,object,no,0,0.45454545454545453,0.45454545454545453,0.0,1.0,1.0,1.0,0.6,0.4,0.6320346320346321,0.5,0.4666666666666667,0.5416666666666666,0.675,0.6444444444444445
146,object,no,0,0.7272727272727273,0.5636363636363636,0.5454545454545454,0.45454545454545453,1.0,1.0,0.8,0.6,0.5151515151515151,0.675,0.6,0.5416666666666666,0.5,0.8
147,sentiment,no,0,1.0,1.0,0.18181818181818182,0.6727272727272727,0.8,0.6,0.0,1.0,0.4935064935064935,0.875,0.5416666666666666,0.5,0.7666666666666667,0.4666666666666667
148,positional,no,1,1.0,1.0,1.0,1.0,1.0,1.0,0.6,0.4,1.0,1.0,0.7666666666666667,1.0,0.7666666666666667,0.6444444444444445
149,positional,no,0,1.0,1.0,0.9090909090909091,0.8181818181818182,0.8,0.6,0.8,0.6,0.9090909090909091,0.875,0.875,0.7666666666666667,0.7666666666666667,0.6444444444444445
150,counting,no,0,1.0,1.0,0.09090909090909091,0.8181818181818182,1.0,1.0,0.4,0.4,0.4805194805194805,1.0,0.675,0.5,0.675,0.5333333333333333
151,positional,no,1,1.0,1.0,1.0,1.0,0.4,0.4,1.0,1.0,1.0,0.675,1.0,0.675,1.0,0.5333333333333333
152,attribute,no,1,0.45454545454545453,0.45454545454545453,1.0,1.0,0.2,0.6,0.6,0.4,0.5844155844155844,0.5,0.4666666666666667,0.6,0.7666666666666667,0.4666666666666667
153,counting,no,1,1.0,1.0,1.0,1.0,0.8,0.6,1.0,1.0,1.0,0.875,1.0,0.875,1.0,0.8
154,positional,no,1,0.9090909090909091,0.8181818181818182,0.2727272727272727,0.5636363636363636,0.4,0.4,0.4,0.4,0.4935064935064935,0.6,0.6,0.5416666666666666,0.5416666666666666,0.4666666666666667
155,counting,no,0,1.0,1.0,1.0,1.0,1.0,1.0,0.4,0.4,1.0,1.0,0.675,1.0,0.675,0.5333333333333333
156,object,no,0,1.0,1.0,1.0,1.0,1.0,1.0,0.8,0.6,1.0,1.0,0.875,1.0,0.875,0.8
157,positional,no,0,1.0,1.0,1.0,1.0,0.8,0.6,1.0,1.0,1.0,0.875,1.0,0.875,1.0,0.8
158,object,no,1,1.0,1.0,0.9090909090909091,0.8181818181818182,1.0,1.0,1.0,1.0,0.9090909090909091,1.0,1.0,0.875,0.875,1.0
159,object,no,1,0.36363636363636365,0.4909090909090909,0.36363636363636365,0.4909090909090909,1.0,1.0,1.0,1.0,0.5151515151515151,0.475,0.475,0.475,0.475,1.0
160,sentiment,no,0,1.0,1.0,1.0,1.0,1.0,1.0,1.0,1.0,1.0,1.0,1.0,1.0,1.0,1.0
161,counting,no,0,0.8181818181818182,0.6727272727272727,0.18181818181818182,0.6727272727272727,1.0,1.0,0.6,0.4,0.47619047619047616,0.7666666666666667,0.6,0.475,0.5416666666666666,0.6444444444444445
162,object,no,0,1.0,1.0,1.0,1.0,1.0,1.0,0.8,0.6,1.0,1.0,0.875,1.0,0.875,0.8
163,counting,no,0,0.9090909090909091,0.8181818181818182,0.9090909090909091,0.8181818181818182,1.0,1.0,0.6,0.4,0.8268398268398268,0.875,0.675,0.875,0.675,0.6444444444444445
164,positional,no,0,1.0,1.0,0.0,1.0,1.0,1.0,0.0,1.0,0.47619047619047616,1.0,0.5416666666666666,0.5416666666666666,1.0,0.4444444444444444
165,object,no,0,0.7272727272727273,0.5636363636363636,0.0,1.0,0.2,0.6,0.0,1.0,0.5151515151515151,0.475,0.4666666666666667,0.875,1.0,0.8
166,attribute,no,0,1.0,1.0,1.0,1.0,1.0,1.0,1.0,1.0,1.0,1.0,1.0,1.0,1.0,1.0
167,object,no,0,1.0,1.0,0.9090909090909091,0.8181818181818182,0.8,0.6,0.8,0.6,0.9090909090909091,0.875,0.875,0.7666666666666667,0.7666666666666667,0.6444444444444445
168,attribute,no,0,1.0,1.0,0.9090909090909091,0.8181818181818182,0.8,0.6,0.8,0.6,0.9090909090909091,0.875,0.875,0.7666666666666667,0.7666666666666667,0.6444444444444445
169,counting,no,0,1.0,1.0,0.7272727272727273,0.5636363636363636,0.6,0.4,1.0,1.0,0.7532467532467533,0.7666666666666667,1.0,0.5416666666666666,0.675,0.6444444444444445
170,object,no,1,0.45454545454545453,0.45454545454545453,0.7272727272727273,0.5636363636363636,1.0,1.0,0.8,0.6,0.4935064935064935,0.5,0.475,0.675,0.6,0.8
172,attribute,no,1,0.7272727272727273,0.5636363636363636,1.0,1.0,0.8,0.6,1.0,1.0,0.7532467532467533,0.6,0.675,0.875,1.0,0.8
173,attribute,no,0,1.0,1.0,1.0,1.0,0.6,0.4,1.0,1.0,1.0,0.7666666666666667,1.0,0.7666666666666667,1.0,0.6444444444444445
174,object,no,1,0.45454545454545453,0.45454545454545453,0.9090909090909091,0.8181818181818182,0.2,0.6,1.0,1.0,0.5454545454545454,0.5,0.5,0.5416666666666666,0.875,0.4666666666666667
175,positional,no,0,0.9090909090909091,0.8181818181818182,0.2727272727272727,0.5636363636363636,1.0,1.0,0.6,0.4,0.4935064935064935,0.875,0.675,0.4666666666666667,0.5,0.6444444444444445
176,object,no,0,1.0,1.0,0.7272727272727273,0.5636363636363636,0.6,0.4,0.4,0.4,0.7532467532467533,0.7666666666666667,0.675,0.5416666666666666,0.5,0.4444444444444444
177,object,no,0,1.0,1.0,0.9090909090909091,0.8181818181818182,1.0,1.0,0.8,0.6,0.9090909090909091,1.0,0.875,0.875,0.7666666666666667,0.8
178,attribute,no,0,1.0,1.0,1.0,1.0,0.6,0.4,0.8,0.6,1.0,0.7666666666666667,0.875,0.7666666666666667,0.875,0.5333333333333333
179,sentiment,no,1,0.9090909090909091,0.8181818181818182,0.36363636363636365,0.4909090909090909,0.8,0.6,0.8,0.6,0.5151515151515151,0.7666666666666667,0.7666666666666667,0.4666666666666667,0.4666666666666667,0.6444444444444445
180,sentiment,no,0,1.0,1.0,1.0,1.0,0.8,0.6,1.0,1.0,1.0,0.875,1.0,0.875,1.0,0.8
182,object,no,0,1.0,1.0,0.9090909090909091,0.8181818181818182,1.0,1.0,1.0,1.0,0.9090909090909091,1.0,1.0,0.875,0.875,1.0
183,positional,no,0,0.7272727272727273,0.5636363636363636,0.36363636363636365,0.4909090909090909,0.8,0.6,0.4,0.4,0.4805194805194805,0.6,0.5,0.4666666666666667,0.5,0.4666666666666667
185,positional,no,1,0.18181818181818182,0.6727272727272727,0.0,1.0,0.0,1.0,0.2,0.6,0.8268398268398268,0.7666666666666667,0.675,1.0,0.875,0.8
186,object,no,0,0.8181818181818182,0.6727272727272727,0.7272727272727273,0.5636363636363636,1.0,1.0,0.8,0.6,0.6320346320346321,0.7666666666666667,0.675,0.675,0.6,0.8
187,attribute,no,1,0.9090909090909091,0.8181818181818182,0.9090909090909091,0.8181818181818182,0.8,0.6,0.6,0.4,0.8268398268398268,0.7666666666666667,0.675,0.7666666666666667,0.675,0.5333333333333333
188,attribute,no,1,0.9090909090909091,0.8181818181818182,0.9090909090909091,0.8181818181818182,0.8,0.6,0.6,0.4,0.8268398268398268,0.7666666666666667,0.675,0.7666666666666667,0.675,0.5333333333333333
189,object,no,0,1.0,1.0,1.0,1.0,1.0,1.0,0.8,0.6,1.0,1.0,0.875,1.0,0.875,0.8
190,positional,no,0,1.0,1.0,1.0,1.0,1.0,1.0,1.0,1.0,1.0,1.0,1.0,1.0,1.0,1.0
191,attribute,no,0,1.0,1.0,0.8181818181818182,0.6727272727272727,1.0,1.0,1.0,1.0,0.8268398268398268,1.0,1.0,0.7666666666666667,0.7666666666666667,1.0
192,counting,no,0,0.9090909090909091,0.8181818181818182,0.9090909090909091,0.8181818181818182,1.0,1.0,0.2,0.6,0.8268398268398268,0.875,0.5416666666666666,0.875,0.5416666666666666,0.4666666666666667
193,object,no,0,1.0,1.0,0.8181818181818182,0.6727272727272727,0.8,0.6,0.8,0.6,0.8268398268398268,0.875,0.875,0.675,0.675,0.6444444444444445
194,sentiment,no,1,0.9090909090909091,0.8181818181818182,0.8181818181818182,0.6727272727272727,1.0,1.0,0.2,0.6,0.7532467532467533,0.875,0.5416666666666666,0.7666666666666667,0.5,0.4666666666666667
195,object,no,0,1.0,1.0,1.0,1.0,0.6,0.4,0.6,0.4,1.0,0.7666666666666667,0.7666666666666667,0.7666666666666667,0.7666666666666667,0.4666666666666667
196,counting,no,1,0.9090909090909091,0.8181818181818182,0.0,1.0,0.6,0.4,0.2,0.6,0.4805194805194805,0.675,0.5416666666666666,0.675,0.875,0.4666666666666667
197,object,no,0,1.0,1.0,1.0,1.0,1.0,1.0,0.8,0.6,1.0,1.0,0.875,1.0,0.875,0.8
199,positional,no,1,0.2727272727272727,0.5636363636363636,0.0,1.0,0.2,0.6,0.0,1.0,0.7532467532467533,0.6,0.675,0.875,1.0,0.8
200,positional,no,1,0.5454545454545454,0.45454545454545453,0.8181818181818182,0.6727272727272727,0.2,0.6,1.0,1.0,0.5454545454545454,0.475,0.5416666666666666,0.5,0.7666666666666667,0.4666666666666667
201,object,no,1,1.0,1.0,1.0,1.0,1.0,1.0,1.0,1.0,1.0,1.0,1.0,1.0,1.0,1.0
202,object,no,0,1.0,1.0,0.8181818181818182,0.6727272727272727,1.0,1.0,0.2,0.6,0.8268398268398268,1.0,0.6,0.7666666666666667,0.5,0.4666666666666667
204,object,no,1,1.0,1.0,1.0,1.0,1.0,1.0,1.0,1.0,1.0,1.0,1.0,1.0,1.0,1.0
205,counting,no,1,0.5454545454545454,0.45454545454545453,1.0,1.0,1.0,1.0,0.8,0.6,0.6320346320346321,0.5416666666666666,0.5,1.0,0.875,0.8
206,positional,no,0,1.0,1.0,0.9090909090909091,0.8181818181818182,0.8,0.6,1.0,1.0,0.9090909090909091,0.875,1.0,0.7666666666666667,0.875,0.8
207,object,no,1,0.5454545454545454,0.45454545454545453,0.6363636363636364,0.4909090909090909,1.0,1.0,1.0,1.0,0.4935064935064935,0.5416666666666666,0.5416666666666666,0.6,0.6,1.0
208,object,no,0,0.7272727272727273,0.5636363636363636,0.0,1.0,0.8,0.6,0.0,1.0,0.5151515151515151,0.6,0.4666666666666667,0.6,1.0,0.4666666666666667
209,positional,no,0,1.0,1.0,0.0,1.0,1.0,1.0,0.2,0.6,0.47619047619047616,1.0,0.6,0.5416666666666666,0.875,0.4666666666666667
210,object,no,0,1.0,1.0,1.0,1.0,1.0,1.0,1.0,1.0,1.0,1.0,1.0,1.0,1.0,1.0
211,positional,no,0,1.0,1.0,1.0,1.0,1.0,1.0,0.6,0.4,1.0,1.0,0.7666666666666667,1.0,0.7666666666666667,0.6444444444444445
212,object,no,0,1.0,1.0,1.0,1.0,0.8,0.6,1.0,1.0,1.0,0.875,1.0,0.875,1.0,0.8
213,attribute,no,0,1.0,1.0,0.18181818181818182,0.6727272727272727,0.8,0.6,0.6,0.4,0.4935064935064935,0.875,0.7666666666666667,0.5,0.5416666666666666,0.5333333333333333
214,sentiment,no,0,1.0,1.0,1.0,1.0,1.0,1.0,1.0,1.0,1.0,1.0,1.0,1.0,1.0,1.0
215,positional,no,1,0.45454545454545453,0.45454545454545453,0.7272727272727273,0.5636363636363636,1.0,1.0,0.8,0.6,0.4935064935064935,0.5,0.475,0.675,0.6,0.8
216,sentiment,no,0,0.45454545454545453,0.45454545454545453,0.0,1.0,0.4,0.4,0.0,1.0,0.6320346320346321,0.475,0.5416666666666666,0.7666666666666667,1.0,0.6444444444444445
217,object,no,0,1.0,1.0,1.0,1.0,1.0,1.0,1.0,1.0,1.0,1.0,1.0,1.0,1.0,1.0
218,object,no,1,0.7272727272727273,0.5636363636363636,0.7272727272727273,0.5636363636363636,0.8,0.6,1.0,1.0,0.5844155844155844,0.6,0.675,0.6,0.675,0.8
219,attribute,no,0,1.0,1.0,1.0,1.0,1.0,1.0,1.0,1.0,1.0,1.0,1.0,1.0,1.0,1.0
220,attribute,no,0,1.0,1.0,1.0,1.0,0.4,0.4,0.8,0.6,1.0,0.675,0.875,0.675,0.875,0.4666666666666667
221,sentiment,no,0,1.0,1.0,1.0,1.0,0.6,0.4,0.6,0.4,1.0,0.7666666666666667,0.7666666666666667,0.7666666666666667,0.7666666666666667,0.4666666666666667
222,positional,no,1,1.0,1.0,0.0,1.0,0.4,0.4,0.2,0.6,0.47619047619047616,0.675,0.6,0.7666666666666667,0.875,0.5333333333333333
223,attribute,no,1,0.7272727272727273,0.5636363636363636,0.6363636363636364,0.4909090909090909,0.8,0.6,0.4,0.4,0.5454545454545454,0.6,0.5,0.5416666666666666,0.475,0.4666666666666667
224,sentiment,no,0,0.7272727272727273,0.5636363636363636,0.0,1.0,0.4,0.4,0.0,1.0,0.5151515151515151,0.5,0.4666666666666667,0.7666666666666667,1.0,0.6444444444444445
225,object,no,0,1.0,1.0,1.0,1.0,1.0,1.0,0.8,0.6,1.0,1.0,0.875,1.0,0.875,0.8
226,object,no,0,0.8181818181818182,0.6727272727272727,0.6363636363636364,0.4909090909090909,1.0,1.0,0.6,0.4,0.5844155844155844,0.7666666666666667,0.6,0.6,0.5,0.6444444444444445
227,counting,no,0,1.0,1.0,1.0,1.0,1.0,1.0,0.6,0.4,1.0,1.0,0.7666666666666667,1.0,0.7666666666666667,0.6444444444444445
228,counting,no,0,0.7272727272727273,0.5636363636363636,0.0,1.0,0.6,0.4,0.4,0.4,0.5151515151515151,0.5416666666666666,0.5,0.675,0.7666666666666667,0.4444444444444444
229,positional,no,0,1.0,1.0,0.7272727272727273,0.5636363636363636,0.8,0.6,0.8,0.6,0.7532467532467533,0.875,0.875,0.6,0.6,0.6444444444444445
230,object,no,0,0.8181818181818182,0.6727272727272727,0.7272727272727273,0.5636363636363636,0.8,0.6,0.6,0.4,0.6320346320346321,0.675,0.6,0.6,0.5416666666666666,0.5333333333333333
231,object,no,0,1.0,1.0,1.0,1.0,1.0,1.0,0.8,0.6,1.0,1.0,0.875,1.0,0.875,0.8
232,positional,no,0,0.9090909090909091,0.8181818181818182,1.0,1.0,0.6,0.4,0.4,0.4,0.9090909090909091,0.675,0.6,0.7666666666666667,0.675,0.4444444444444444
233,sentiment,no,0,1.0,1.0,1.0,1.0,0.6,0.4,0.6,0.4,1.0,0.7666666666666667,0.7666666666666667,0.7666666666666667,0.7666666666666667,0.4666666666666667
234,attribute,no,0,0.9090909090909091,0.8181818181818182,0.7272727272727273,0.5636363636363636,0.8,0.6,0.2,0.6,0.6883116883116883,0.7666666666666667,0.5416666666666666,0.6,0.475,0.4444444444444444
235,positional,no,1,1.0,1.0,1.0,1.0,0.8,0.6,1.0,1.0,1.0,0.875,1.0,0.875,1.0,0.8
236,positional,no,1,0.45454545454545453,0.45454545454545453,0.6363636363636364,0.4909090909090909,0.4,0.4,0.8,0.6,0.4805194805194805,0.475,0.475,0.475,0.5416666666666666,0.4666666666666667
237,positional,no,0,1.0,1.0,1.0,1.0,1.0,1.0,1.0,1.0,1.0,1.0,1.0,1.0,1.0,1.0
238,object,no,1,1.0,1.0,1.0,1.0,1.0,1.0,0.8,0.6,1.0,1.0,0.875,1.0,0.875,0.8
240,object,no,0,0.8181818181818182,0.6727272727272727,0.36363636363636365,0.4909090909090909,1.0,1.0,0.8,0.6,0.4935064935064935,0.7666666666666667,0.675,0.475,0.4666666666666667,0.8
241,positional,no,0,1.0,1.0,0.9090909090909091,0.8181818181818182,0.8,0.6,1.0,1.0,0.9090909090909091,0.875,1.0,0.7666666666666667,0.875,0.8
242,counting,no,0,1.0,1.0,0.6363636363636364,0.4909090909090909,1.0,1.0,1.0,1.0,0.6883116883116883,1.0,1.0,0.6,0.6,1.0
243,counting,no,0,0.9090909090909091,0.8181818181818182,0.18181818181818182,0.6727272727272727,0.6,0.4,0.0,1.0,0.4805194805194805,0.675,0.5,0.5416666666666666,0.7666666666666667,0.5333333333333333
244,attribute,no,0,1.0,1.0,1.0,1.0,0.6,0.4,0.6,0.4,1.0,0.7666666666666667,0.7666666666666667,0.7666666666666667,0.7666666666666667,0.4666666666666667
245,attribute,no,1,1.0,1.0,1.0,1.0,1.0,1.0,0.6,0.4,1.0,1.0,0.7666666666666667,1.0,0.7666666666666667,0.6444444444444445
246,positional,no,1,0.09090909090909091,0.8181818181818182,0.0,1.0,0.0,1.0,0.0,1.0,0.9090909090909091,0.875,0.875,1.0,1.0,1.0
247,counting,no,1,0.6363636363636364,0.4909090909090909,1.0,1.0,0.8,0.6,1.0,1.0,0.6883116883116883,0.5416666666666666,0.6,0.875,1.0,0.8
248,counting,no,0,0.9090909090909091,0.8181818181818182,0.0,1.0,1.0,1.0,0.2,0.6,0.4805194805194805,0.875,0.5416666666666666,0.5416666666666666,0.875,0.4666666666666667
249,object,no,0,1.0,1.0,1.0,1.0,1.0,1.0,1.0,1.0,1.0,1.0,1.0,1.0,1.0,1.0
251,attribute,no,0,1.0,1.0,1.0,1.0,1.0,1.0,1.0,1.0,1.0,1.0,1.0,1.0,1.0,1.0
252,counting,no,0,0.9090909090909091,0.8181818181818182,1.0,1.0,1.0,1.0,0.6,0.4,0.9090909090909091,0.875,0.675,1.0,0.7666666666666667,0.6444444444444445
253,sentiment,no,0,1.0,1.0,1.0,1.0,1.0,1.0,1.0,1.0,1.0,1.0,1.0,1.0,1.0,1.0
255,counting,no,0,1.0,1.0,1.0,1.0,1.0,1.0,0.8,0.6,1.0,1.0,0.875,1.0,0.875,0.8
256,attribute,no,0,1.0,1.0,1.0,1.0,0.6,0.4,0.8,0.6,1.0,0.7666666666666667,0.875,0.7666666666666667,0.875,0.5333333333333333
257,object,no,1,0.9090909090909091,0.8181818181818182,1.0,1.0,1.0,1.0,1.0,1.0,0.9090909090909091,0.875,0.875,1.0,1.0,1.0
258,object,no,1,0.8181818181818182,0.6727272727272727,1.0,1.0,1.0,1.0,1.0,1.0,0.8268398268398268,0.7666666666666667,0.7666666666666667,1.0,1.0,1.0
259,counting,no,0,1.0,1.0,1.0,1.0,1.0,1.0,0.4,0.4,1.0,1.0,0.675,1.0,0.675,0.5333333333333333
260,attribute,no,0,1.0,1.0,1.0,1.0,1.0,1.0,1.0,1.0,1.0,1.0,1.0,1.0,1.0,1.0
261,object,no,0,1.0,1.0,1.0,1.0,1.0,1.0,1.0,1.0,1.0,1.0,1.0,1.0,1.0,1.0
262,attribute,no,0,1.0,1.0,0.9090909090909091,0.8181818181818182,0.8,0.6,0.8,0.6,0.9090909090909091,0.875,0.875,0.7666666666666667,0.7666666666666667,0.6444444444444445
263,attribute,no,0,1.0,1.0,1.0,1.0,1.0,1.0,1.0,1.0,1.0,1.0,1.0,1.0,1.0,1.0
264,attribute,no,0,1.0,1.0,1.0,1.0,1.0,1.0,1.0,1.0,1.0,1.0,1.0,1.0,1.0,1.0
265,attribute,no,0,1.0,1.0,1.0,1.0,1.0,1.0,1.0,1.0,1.0,1.0,1.0,1.0,1.0,1.0
266,positional,no,0,0.7272727272727273,0.5636363636363636,0.8181818181818182,0.6727272727272727,0.8,0.6,0.8,0.6,0.6320346320346321,0.6,0.6,0.675,0.675,0.6444444444444445
269,attribute,no,0,1.0,1.0,0.0,1.0,1.0,1.0,0.2,0.6,0.47619047619047616,1.0,0.6,0.5416666666666666,0.875,0.4666666666666667
270,object,no,0,1.0,1.0,1.0,1.0,0.8,0.6,0.8,0.6,1.0,0.875,0.875,0.875,0.875,0.6444444444444445
271,counting,no,0,1.0,1.0,0.0,1.0,1.0,1.0,0.0,1.0,0.47619047619047616,1.0,0.5416666666666666,0.5416666666666666,1.0,0.4444444444444444
272,object,no,0,0.8181818181818182,0.6727272727272727,0.36363636363636365,0.4909090909090909,1.0,1.0,0.4,0.4,0.4935064935064935,0.7666666666666667,0.5416666666666666,0.475,0.5,0.5333333333333333
274,object,no,0,1.0,1.0,0.5454545454545454,0.45454545454545453,1.0,1.0,0.2,0.6,0.6320346320346321,1.0,0.6,0.5416666666666666,0.475,0.4666666666666667
275,object,no,0,1.0,1.0,1.0,1.0,0.6,0.4,0.6,0.4,1.0,0.7666666666666667,0.7666666666666667,0.7666666666666667,0.7666666666666667,0.4666666666666667
276,counting,no,1,0.8181818181818182,0.6727272727272727,0.0,1.0,1.0,1.0,0.0,1.0,0.4935064935064935,0.7666666666666667,0.475,0.5416666666666666,1.0,0.4444444444444444
277,object,no,0,1.0,1.0,1.0,1.0,1.0,1.0,0.8,0.6,1.0,1.0,0.875,1.0,0.875,0.8
278,positional,no,0,0.7272727272727273,0.5636363636363636,0.9090909090909091,0.8181818181818182,0.4,0.4,0.6,0.4,0.6883116883116883,0.5,0.5416666666666666,0.6,0.675,0.4444444444444444
279,positional,no,0,0.2727272727272727,0.5636363636363636,1.0,1.0,0.4,0.4,0.8,0.6,0.5151515151515151,0.5416666666666666,0.475,0.675,0.875,0.4666666666666667
280,sentiment,no,1,0.2727272727272727,0.5636363636363636,0.8181818181818182,0.6727272727272727,0.0,1.0,0.0,1.0,0.4805194805194805,0.675,0.675,0.475,0.475,1.0
281,object,no,0,1.0,1.0,1.0,1.0,1.0,1.0,0.8,0.6,1.0,1.0,0.875,1.0,0.875,0.8
282,object,no,0,0.9090909090909091,0.8181818181818182,0.9090909090909091,0.8181818181818182,1.0,1.0,0.8,0.6,0.8268398268398268,0.875,0.7666666666666667,0.875,0.7666666666666667,0.8
283,positional,no,1,0.9090909090909091,0.8181818181818182,0.9090909090909091,0.8181818181818182,0.6,0.4,0.6,0.4,0.8268398268398268,0.675,0.675,0.675,0.675,0.4666666666666667
284,object,no,0,1.0,1.0,0.09090909090909091,0.8181818181818182,0.8,0.6,0.8,0.6,0.4805194805194805,0.875,0.875,0.5416666666666666,0.5416666666666666,0.6444444444444445
285,attribute,no,0,0.8181818181818182,0.6727272727272727,0.8181818181818182,0.6727272727272727,0.2,0.6,0.8,0.6,0.6883116883116883,0.5,0.675,0.5,0.675,0.4444444444444444
286,object,no,1,0.8181818181818182,0.6727272727272727,1.0,1.0,1.0,1.0,0.8,0.6,0.8268398268398268,0.7666666666666667,0.675,1.0,0.875,0.8
288,sentiment,no,0,1.0,1.0,1.0,1.0,1.0,1.0,1.0,1.0,1.0,1.0,1.0,1.0,1.0,1.0
290,sentiment,no,0,1.0,1.0,0.9090909090909091,0.8181818181818182,0.8,0.6,0.4,0.4,0.9090909090909091,0.875,0.675,0.7666666666666667,0.6,0.4666666666666667
291,object,no,0,1.0,1.0,1.0,1.0,1.0,1.0,1.0,1.0,1.0,1.0,1.0,1.0,1.0,1.0
292,attribute,no,0,1.0,1.0,0.9090909090909091,0.8181818181818182,1.0,1.0,1.0,1.0,0.9090909090909091,1.0,1.0,0.875,0.875,1.0
293,attribute,no,0,1.0,1.0,1.0,1.0,1.0,1.0,1.0,1.0,1.0,1.0,1.0,1.0,1.0,1.0
294,attribute,no,0,0.6363636363636364,0.4909090909090909,0.2727272727272727,0.5636363636363636,0.4,0.4,0.0,1.0,0.4805194805194805,0.475,0.475,0.5416666666666666,0.675,0.6444444444444445
295,object,no,0,1.0,1.0,0.8181818181818182,0.6727272727272727,0.8,0.6,0.6,0.4,0.8268398268398268,0.875,0.7666666666666667,0.675,0.6,0.5333333333333333
296,object,no,0,1.0,1.0,1.0,1.0,0.8,0.6,0.6,0.4,1.0,0.875,0.7666666666666667,0.875,0.7666666666666667,0.5333333333333333
297,counting,no,1,0.0,1.0,1.0,1.0,0.8,0.6,0.6,0.4,0.47619047619047616,0.6,0.675,0.875,0.7666666666666667,0.5333333333333333
298,attribute,no,0,1.0,1.0,1.0,1.0,1.0,1.0,1.0,1.0,1.0,1.0,1.0,1.0,1.0,1.0
299,object,no,0,0.45454545454545453,0.45454545454545453,0.5454545454545454,0.45454545454545453,0.8,0.6,0.8,0.6,0.47619047619047616,0.475,0.475,0.5,0.5,0.6444444444444445
301,object,no,0,1.0,1.0,1.0,1.0,1.0,1.0,0.8,0.6,1.0,1.0,0.875,1.0,0.875,0.8
302,sentiment,no,0,1.0,1.0,1.0,1.0,1.0,1.0,1.0,1.0,1.0,1.0,1.0,1.0,1.0,1.0
304,counting,no,0,1.0,1.0,0.0,1.0,1.0,1.0,0.2,0.6,0.47619047619047616,1.0,0.6,0.5416666666666666,0.875,0.4666666666666667
305,sentiment,no,0,1.0,1.0,1.0,1.0,1.0,1.0,1.0,1.0,1.0,1.0,1.0,1.0,1.0,1.0
306,object,no,0,1.0,1.0,0.9090909090909091,0.8181818181818182,1.0,1.0,1.0,1.0,0.9090909090909091,1.0,1.0,0.875,0.875,1.0
307,object,no,0,0.7272727272727273,0.5636363636363636,0.45454545454545453,0.45454545454545453,1.0,1.0,0.2,0.6,0.4935064935064935,0.675,0.475,0.5,0.5,0.4666666666666667
308,attribute,no,0,1.0,1.0,1.0,1.0,1.0,1.0,1.0,1.0,1.0,1.0,1.0,1.0,1.0,1.0
309,object,no,0,1.0,1.0,0.36363636363636365,0.4909090909090909,1.0,1.0,0.6,0.4,0.5454545454545454,1.0,0.7666666666666667,0.475,0.475,0.6444444444444445
310,sentiment,no,0,1.0,1.0,0.0,1.0,0.8,0.6,0.0,1.0,0.47619047619047616,0.875,0.5416666666666666,0.6,1.0,0.4666666666666667
311,object,no,1,1.0,1.0,1.0,1.0,0.6,0.4,1.0,1.0,1.0,0.7666666666666667,1.0,0.7666666666666667,1.0,0.6444444444444445
312,attribute,no,0,1.0,1.0,1.0,1.0,1.0,1.0,1.0,1.0,1.0,1.0,1.0,1.0,1.0,1.0
313,attribute,no,1,0.7272727272727273,0.5636363636363636,0.9090909090909091,0.8181818181818182,0.8,0.6,0.8,0.6,0.6883116883116883,0.6,0.6,0.7666666666666667,0.7666666666666667,0.6444444444444445
314,positional,no,0,0.9090909090909091,0.8181818181818182,0.45454545454545453,0.45454545454545453,0.8,0.6,0.6,0.4,0.5454545454545454,0.7666666666666667,0.675,0.475,0.4666666666666667,0.5333333333333333
315,positional,no,0,0.9090909090909091,0.8181818181818182,0.9090909090909091,0.8181818181818182,1.0,1.0,1.0,1.0,0.8268398268398268,0.875,0.875,0.875,0.875,1.0
316,object,no,0,1.0,1.0,1.0,1.0,0.8,0.6,0.8,0.6,1.0,0.875,0.875,0.875,0.875,0.6444444444444445
319,counting,no,0,1.0,1.0,0.0,1.0,0.6,0.4,0.2,0.6,0.47619047619047616,0.7666666666666667,0.6,0.675,0.875,0.4666666666666667
321,object,no,1,0.45454545454545453,0.45454545454545453,1.0,1.0,0.6,0.4,0.8,0.6,0.5844155844155844,0.4666666666666667,0.475,0.7666666666666667,0.875,0.5333333333333333
322,object,no,0,1.0,1.0,1.0,1.0,1.0,1.0,0.8,0.6,1.0,1.0,0.875,1.0,0.875,0.8
323,positional,no,1,0.6363636363636364,0.4909090909090909,0.8181818181818182,0.6727272727272727,0.4,0.4,1.0,1.0,0.5844155844155844,0.475,0.6,0.5416666666666666,0.7666666666666667,0.5333333333333333
324,positional,no,1,0.6363636363636364,0.4909090909090909,0.8181818181818182,0.6727272727272727,0.8,0.6,1.0,1.0,0.5844155844155844,0.5416666666666666,0.6,0.675,0.7666666666666667,0.8
325,sentiment,no,0,1.0,1.0,0.7272727272727273,0.5636363636363636,1.0,1.0,0.4,0.4,0.7532467532467533,1.0,0.675,0.675,0.5,0.5333333333333333
326,counting,no,0,1.0,1.0,0.0,1.0,0.2,0.6,0.0,1.0,0.47619047619047616,0.6,0.5416666666666666,0.875,1.0,0.8
327,counting,no,1,0.7272727272727273,0.5636363636363636,0.9090909090909091,0.8181818181818182,0.8,0.6,0.6,0.4,0.6883116883116883,0.6,0.5416666666666666,0.7666666666666667,0.675,0.5333333333333333
328,attribute,no,0,1.0,1.0,1.0,1.0,0.6,0.4,0.8,0.6,1.0,0.7666666666666667,0.875,0.7666666666666667,0.875,0.5333333333333333
329,object,no,0,1.0,1.0,1.0,1.0,1.0,1.0,0.8,0.6,1.0,1.0,0.875,1.0,0.875,0.8
330,object,no,0,0.8181818181818182,0.6727272727272727,0.8181818181818182,0.6727272727272727,1.0,1.0,0.8,0.6,0.6883116883116883,0.7666666666666667,0.675,0.7666666666666667,0.675,0.8
331,attribute,no,0,1.0,1.0,0.9090909090909091,0.8181818181818182,1.0,1.0,1.0,1.0,0.9090909090909091,1.0,1.0,0.875,0.875,1.0
332,positional,no,0,1.0,1.0,0.7272727272727273,0.5636363636363636,1.0,1.0,1.0,1.0,0.7532467532467533,1.0,1.0,0.675,0.675,1.0
333,attribute,no,0,1.0,1.0,1.0,1.0,1.0,1.0,1.0,1.0,1.0,1.0,1.0,1.0,1.0,1.0
334,positional,no,0,0.9090909090909091,0.8181818181818182,1.0,1.0,1.0,1.0,1.0,1.0,0.9090909090909091,0.875,0.875,1.0,1.0,1.0
335,object,no,1,0.6363636363636364,0.4909090909090909,0.9090909090909091,0.8181818181818182,1.0,1.0,1.0,1.0,0.6320346320346321,0.6,0.6,0.875,0.875,1.0
336,positional,no,1,1.0,1.0,0.0,1.0,1.0,1.0,0.0,1.0,0.47619047619047616,1.0,0.5416666666666666,0.5416666666666666,1.0,0.4444444444444444
337,positional,no,0,1.0,1.0,1.0,1.0,1.0,1.0,0.6,0.4,1.0,1.0,0.7666666666666667,1.0,0.7666666666666667,0.6444444444444445
338,object,no,1,0.6363636363636364,0.4909090909090909,0.9090909090909091,0.8181818181818182,0.4,0.4,0.6,0.4,0.6320346320346321,0.475,0.5,0.6,0.675,0.4444444444444444
339,attribute,no,0,1.0,1.0,1.0,1.0,1.0,1.0,1.0,1.0,1.0,1.0,1.0,1.0,1.0,1.0
340,attribute,no,0,1.0,1.0,1.0,1.0,1.0,1.0,1.0,1.0,1.0,1.0,1.0,1.0,1.0,1.0
341,object,no,0,0.5454545454545454,0.45454545454545453,0.2727272727272727,0.5636363636363636,0.8,0.6,0.8,0.6,0.4935064935064935,0.5,0.5,0.475,0.475,0.6444444444444445
342,object,no,0,1.0,1.0,0.9090909090909091,0.8181818181818182,1.0,1.0,1.0,1.0,0.9090909090909091,1.0,1.0,0.875,0.875,1.0
343,object,no,0,1.0,1.0,1.0,1.0,1.0,1.0,1.0,1.0,1.0,1.0,1.0,1.0,1.0,1.0
344,attribute,no,0,1.0,1.0,1.0,1.0,1.0,1.0,0.8,0.6,1.0,1.0,0.875,1.0,0.875,0.8
345,object,no,1,1.0,1.0,1.0,1.0,0.8,0.6,1.0,1.0,1.0,0.875,1.0,0.875,1.0,0.8
346,sentiment,no,1,1.0,1.0,1.0,1.0,1.0,1.0,1.0,1.0,1.0,1.0,1.0,1.0,1.0,1.0
347,positional,no,0,0.9090909090909091,0.8181818181818182,1.0,1.0,1.0,1.0,0.8,0.6,0.9090909090909091,0.875,0.7666666666666667,1.0,0.875,0.8
348,attribute,no,0,0.6363636363636364,0.4909090909090909,0.2727272727272727,0.5636363636363636,0.4,0.4,0.4,0.4,0.4805194805194805,0.475,0.475,0.5416666666666666,0.5416666666666666,0.4666666666666667
349,sentiment,no,0,1.0,1.0,0.0,1.0,1.0,1.0,0.6,0.4,0.47619047619047616,1.0,0.7666666666666667,0.5416666666666666,0.675,0.6444444444444445
350,object,no,0,0.7272727272727273,0.5636363636363636,0.0,1.0,1.0,1.0,0.2,0.6,0.5151515151515151,0.675,0.475,0.5416666666666666,0.875,0.4666666666666667
351,positional,no,0,1.0,1.0,0.2727272727272727,0.5636363636363636,1.0,1.0,0.6,0.4,0.5151515151515151,1.0,0.7666666666666667,0.4666666666666667,0.5,0.6444444444444445
352,attribute,no,0,1.0,1.0,1.0,1.0,1.0,1.0,1.0,1.0,1.0,1.0,1.0,1.0,1.0,1.0
353,positional,no,0,1.0,1.0,0.0,1.0,1.0,1.0,0.2,0.6,0.47619047619047616,1.0,0.6,0.5416666666666666,0.875,0.4666666666666667
355,positional,no,0,1.0,1.0,1.0,1.0,0.8,0.6,0.8,0.6,1.0,0.875,0.875,0.875,0.875,0.6444444444444445
356,attribute,no,1,0.2727272727272727,0.5636363636363636,0.5454545454545454,0.45454545454545453,0.2,0.6,0.8,0.6,0.4935064935064935,0.6,0.475,0.475,0.5,0.4444444444444444
357,attribute,no,0,0.9090909090909091,0.8181818181818182,1.0,1.0,0.8,0.6,0.8,0.6,0.9090909090909091,0.7666666666666667,0.7666666666666667,0.875,0.875,0.6444444444444445
358,counting,no,0,1.0,1.0,0.6363636363636364,0.4909090909090909,1.0,1.0,0.6,0.4,0.6883116883116883,1.0,0.7666666666666667,0.6,0.5,0.6444444444444445
359,attribute,no,0,0.45454545454545453,0.45454545454545453,0.2727272727272727,0.5636363636363636,0.6,0.4,0.8,0.6,0.5151515151515151,0.4666666666666667,0.475,0.5,0.475,0.5333333333333333
360,object,no,0,1.0,1.0,1.0,1.0,1.0,1.0,1.0,1.0,1.0,1.0,1.0,1.0,1.0,1.0
361,object,no,0,0.9090909090909091,0.8181818181818182,0.8181818181818182,0.6727272727272727,1.0,1.0,1.0,1.0,0.7532467532467533,0.875,0.875,0.7666666666666667,0.7666666666666667,1.0
362,object,no,0,1.0,1.0,1.0,1.0,1.0,1.0,1.0,1.0,1.0,1.0,1.0,1.0,1.0,1.0
363,sentiment,no,0,1.0,1.0,1.0,1.0,1.0,1.0,1.0,1.0,1.0,1.0,1.0,1.0,1.0,1.0
365,counting,no,0,0.9090909090909091,0.8181818181818182,0.9090909090909091,0.8181818181818182,1.0,1.0,0.6,0.4,0.8268398268398268,0.875,0.675,0.875,0.675,0.6444444444444445
366,object,no,0,1.0,1.0,1.0,1.0,1.0,1.0,0.8,0.6,1.0,1.0,0.875,1.0,0.875,0.8
367,attribute,no,0,1.0,1.0,1.0,1.0,0.6,0.4,1.0,1.0,1.0,0.7666666666666667,1.0,0.7666666666666667,1.0,0.6444444444444445
368,attribute,no,1,0.7272727272727273,0.5636363636363636,0.7272727272727273,0.5636363636363636,0.8,0.6,0.6,0.4,0.5844155844155844,0.6,0.5416666666666666,0.6,0.5416666666666666,0.5333333333333333
369,object,no,1,1.0,1.0,1.0,1.0,1.0,1.0,0.8,0.6,1.0,1.0,0.875,1.0,0.875,0.8
370,positional,no,0,1.0,1.0,1.0,1.0,1.0,1.0,0.6,0.4,1.0,1.0,0.7666666666666667,1.0,0.7666666666666667,0.6444444444444445
371,positional,no,0,1.0,1.0,1.0,1.0,1.0,1.0,0.8,0.6,1.0,1.0,0.875,1.0,0.875,0.8
372,attribute,no,0,1.0,1.0,1.0,1.0,1.0,1.0,1.0,1.0,1.0,1.0,1.0,1.0,1.0,1.0
373,positional,no,0,0.9090909090909091,0.8181818181818182,0.7272727272727273,0.5636363636363636,1.0,1.0,0.8,0.6,0.6883116883116883,0.875,0.7666666666666667,0.675,0.6,0.8
374,object,no,0,0.2727272727272727,0.5636363636363636,0.0,1.0,0.2,0.6,0.0,1.0,0.7532467532467533,0.6,0.675,0.875,1.0,0.8
375,counting,no,1,0.8181818181818182,0.6727272727272727,1.0,1.0,0.8,0.6,0.6,0.4,0.8268398268398268,0.675,0.6,0.875,0.7666666666666667,0.5333333333333333
376,positional,no,1,0.6363636363636364,0.4909090909090909,0.09090909090909091,0.8181818181818182,0.0,1.0,0.2,0.6,0.5151515151515151,0.475,0.4666666666666667,0.875,0.7666666666666667,0.8
377,object,no,0,1.0,1.0,1.0,1.0,1.0,1.0,1.0,1.0,1.0,1.0,1.0,1.0,1.0,1.0
378,object,no,0,0.8181818181818182,0.6727272727272727,0.36363636363636365,0.4909090909090909,1.0,1.0,1.0,1.0,0.4935064935064935,0.7666666666666667,0.7666666666666667,0.475,0.475,1.0
379,object,no,0,0.6363636363636364,0.4909090909090909,0.0,1.0,0.6,0.4,0.0,1.0,0.5454545454545454,0.5,0.475,0.675,1.0,0.5333333333333333
380,attribute,no,0,1.0,1.0,0.9090909090909091,0.8181818181818182,1.0,1.0,0.8,0.6,0.9090909090909091,1.0,0.875,0.875,0.7666666666666667,0.8
381,counting,no,0,1.0,1.0,0.0,1.0,1.0,1.0,0.0,1.0,0.47619047619047616,1.0,0.5416666666666666,0.5416666666666666,1.0,0.4444444444444444
382,attribute,no,0,1.0,1.0,0.0,1.0,1.0,1.0,0.0,1.0,0.47619047619047616,1.0,0.5416666666666666,0.5416666666666666,1.0,0.4444444444444444
383,object,no,0,1.0,1.0,0.45454545454545453,0.45454545454545453,1.0,1.0,0.6,0.4,0.5844155844155844,1.0,0.7666666666666667,0.5,0.4666666666666667,0.6444444444444445
384,attribute,no,0,1.0,1.0,0.0,1.0,1.0,1.0,0.4,0.4,0.47619047619047616,1.0,0.675,0.5416666666666666,0.7666666666666667,0.5333333333333333
385,sentiment,no,1,0.9090909090909091,0.8181818181818182,0.8181818181818182,0.6727272727272727,1.0,1.0,1.0,1.0,0.7532467532467533,0.875,0.875,0.7666666666666667,0.7666666666666667,1.0
386,attribute,no,0,0.9090909090909091,0.8181818181818182,0.8181818181818182,0.6727272727272727,1.0,1.0,0.8,0.6,0.7532467532467533,0.875,0.7666666666666667,0.7666666666666667,0.675,0.8
387,sentiment,no,0,0.9090909090909091,0.8181818181818182,1.0,1.0,0.4,0.4,1.0,1.0,0.9090909090909091,0.6,0.875,0.675,1.0,0.5333333333333333
388,attribute,no,0,1.0,1.0,1.0,1.0,0.4,0.4,1.0,1.0,1.0,0.675,1.0,0.675,1.0,0.5333333333333333
389,positional,no,0,1.0,1.0,1.0,1.0,0.6,0.4,0.8,0.6,1.0,0.7666666666666667,0.875,0.7666666666666667,0.875,0.5333333333333333
390,positional,no,0,1.0,1.0,0.0,1.0,1.0,1.0,0.2,0.6,0.47619047619047616,1.0,0.6,0.5416666666666666,0.875,0.4666666666666667
391,counting,no,0,1.0,1.0,1.0,1.0,1.0,1.0,0.4,0.4,1.0,1.0,0.675,1.0,0.675,0.5333333333333333
392,object,no,0,0.2727272727272727,0.5636363636363636,0.0,1.0,0.4,0.4,0.4,0.4,0.7532467532467533,0.5416666666666666,0.5416666666666666,0.7666666666666667,0.7666666666666667,0.4666666666666667
393,attribute,no,0,1.0,1.0,0.7272727272727273,0.5636363636363636,0.6,0.4,1.0,1.0,0.7532467532467533,0.7666666666666667,1.0,0.5416666666666666,0.675,0.6444444444444445
394,positional,no,0,1.0,1.0,1.0,1.0,1.0,1.0,1.0,1.0,1.0,1.0,1.0,1.0,1.0,1.0
395,attribute,no,0,1.0,1.0,1.0,1.0,1.0,1.0,1.0,1.0,1.0,1.0,1.0,1.0,1.0,1.0
396,object,no,0,0.8181818181818182,0.6727272727272727,0.6363636363636364,0.4909090909090909,1.0,1.0,1.0,1.0,0.5844155844155844,0.7666666666666667,0.7666666666666667,0.6,0.6,1.0
397,sentiment,no,0,0.2727272727272727,0.5636363636363636,0.09090909090909091,0.8181818181818182,1.0,1.0,1.0,1.0,0.6883116883116883,0.4666666666666667,0.4666666666666667,0.5,0.5,1.0
398,object,no,1,1.0,1.0,1.0,1.0,1.0,1.0,1.0,1.0,1.0,1.0,1.0,1.0,1.0,1.0
399,object,no,0,1.0,1.0,0.9090909090909091,0.8181818181818182,0.8,0.6,0.8,0.6,0.9090909090909091,0.875,0.875,0.7666666666666667,0.7666666666666667,0.6444444444444445
400,object,no,1,0.45454545454545453,0.45454545454545453,0.6363636363636364,0.4909090909090909,0.6,0.4,1.0,1.0,0.4805194805194805,0.4666666666666667,0.5,0.5,0.6,0.6444444444444445
401,attribute,no,0,1.0,1.0,0.18181818181818182,0.6727272727272727,0.8,0.6,0.4,0.4,0.4935064935064935,0.875,0.675,0.5,0.6,0.4666666666666667
402,positional,no,0,1.0,1.0,0.0,1.0,1.0,1.0,0.0,1.0,0.47619047619047616,1.0,0.5416666666666666,0.5416666666666666,1.0,0.4444444444444444
403,object,no,1,1.0,1.0,1.0,1.0,1.0,1.0,1.0,1.0,1.0,1.0,1.0,1.0,1.0,1.0
405,attribute,no,0,1.0,1.0,1.0,1.0,1.0,1.0,1.0,1.0,1.0,1.0,1.0,1.0,1.0,1.0
406,attribute,no,0,1.0,1.0,1.0,1.0,1.0,1.0,1.0,1.0,1.0,1.0,1.0,1.0,1.0,1.0
407,positional,no,0,1.0,1.0,1.0,1.0,1.0,1.0,0.6,0.4,1.0,1.0,0.7666666666666667,1.0,0.7666666666666667,0.6444444444444445
408,positional,no,1,0.5454545454545454,0.45454545454545453,1.0,1.0,0.2,0.6,1.0,1.0,0.6320346320346321,0.475,0.5416666666666666,0.6,1.0,0.4666666666666667
409,sentiment,no,1,1.0,1.0,1.0,1.0,1.0,1.0,1.0,1.0,1.0,1.0,1.0,1.0,1.0,1.0
410,counting,no,0,1.0,1.0,1.0,1.0,1.0,1.0,0.4,0.4,1.0,1.0,0.675,1.0,0.675,0.5333333333333333
412,attribute,no,0,0.8181818181818182,0.6727272727272727,0.8181818181818182,0.6727272727272727,0.8,0.6,1.0,1.0,0.6883116883116883,0.675,0.7666666666666667,0.675,0.7666666666666667,0.8
413,object,no,1,0.7272727272727273,0.5636363636363636,0.7272727272727273,0.5636363636363636,1.0,1.0,1.0,1.0,0.5844155844155844,0.675,0.675,0.675,0.675,1.0
415,object,no,0,1.0,1.0,1.0,1.0,1.0,1.0,0.8,0.6,1.0,1.0,0.875,1.0,0.875,0.8
416,object,no,0,1.0,1.0,1.0,1.0,0.8,0.6,1.0,1.0,1.0,0.875,1.0,0.875,1.0,0.8
417,sentiment,no,0,1.0,1.0,1.0,1.0,1.0,1.0,1.0,1.0,1.0,1.0,1.0,1.0,1.0,1.0
418,object,no,0,0.7272727272727273,0.5636363636363636,0.8181818181818182,0.6727272727272727,0.8,0.6,0.8,0.6,0.6320346320346321,0.6,0.6,0.675,0.675,0.6444444444444445
419,attribute,no,0,1.0,1.0,1.0,1.0,0.8,0.6,0.8,0.6,1.0,0.875,0.875,0.875,0.875,0.6444444444444445
421,object,no,0,1.0,1.0,1.0,1.0,0.8,0.6,0.6,0.4,1.0,0.875,0.7666666666666667,0.875,0.7666666666666667,0.5333333333333333
422,counting,no,0,0.7272727272727273,0.5636363636363636,0.09090909090909091,0.8181818181818182,1.0,1.0,0.0,1.0,0.4935064935064935,0.675,0.4666666666666667,0.5,0.875,0.4444444444444444
423,positional,no,0,1.0,1.0,0.45454545454545453,0.45454545454545453,1.0,1.0,0.4,0.4,0.5844155844155844,1.0,0.675,0.5,0.475,0.5333333333333333
424,object,no,0,0.6363636363636364,0.4909090909090909,0.36363636363636365,0.4909090909090909,0.8,0.6,0.2,0.6,0.47619047619047616,0.5416666666666666,0.4666666666666667,0.4666666666666667,0.5416666666666666,0.4444444444444444
425,attribute,no,0,1.0,1.0,0.9090909090909091,0.8181818181818182,1.0,1.0,0.8,0.6,0.9090909090909091,1.0,0.875,0.875,0.7666666666666667,0.8
426,object,no,0,1.0,1.0,1.0,1.0,1.0,1.0,0.8,0.6,1.0,1.0,0.875,1.0,0.875,0.8
428,attribute,no,0,1.0,1.0,0.9090909090909091,0.8181818181818182,1.0,1.0,0.8,0.6,0.9090909090909091,1.0,0.875,0.875,0.7666666666666667,0.8
429,object,no,0,1.0,1.0,1.0,1.0,0.8,0.6,0.8,0.6,1.0,0.875,0.875,0.875,0.875,0.6444444444444445
430,counting,no,0,1.0,1.0,0.0,1.0,1.0,1.0,0.0,1.0,0.47619047619047616,1.0,0.5416666666666666,0.5416666666666666,1.0,0.4444444444444444
431,positional,no,0,1.0,1.0,0.0,1.0,0.4,0.4,0.2,0.6,0.47619047619047616,0.675,0.6,0.7666666666666667,0.875,0.5333333333333333
432,counting,no,0,1.0,1.0,1.0,1.0,1.0,1.0,0.6,0.4,1.0,1.0,0.7666666666666667,1.0,0.7666666666666667,0.6444444444444445
434,counting,no,0,1.0,1.0,0.0,1.0,1.0,1.0,0.0,1.0,0.47619047619047616,1.0,0.5416666666666666,0.5416666666666666,1.0,0.4444444444444444
435,sentiment,no,1,0.9090909090909091,0.8181818181818182,0.5454545454545454,0.45454545454545453,1.0,1.0,0.2,0.6,0.5844155844155844,0.875,0.5416666666666666,0.5416666666666666,0.475,0.4666666666666667
436,object,no,1,0.9090909090909091,0.8181818181818182,0.9090909090909091,0.8181818181818182,1.0,1.0,1.0,1.0,0.8268398268398268,0.875,0.875,0.875,0.875,1.0
437,counting,no,1,0.0,1.0,1.0,1.0,0.0,1.0,1.0,1.0,0.47619047619047616,1.0,0.5416666666666666,0.5416666666666666,1.0,0.4444444444444444
438,attribute,no,0,0.9090909090909091,0.8181818181818182,0.9090909090909091,0.8181818181818182,1.0,1.0,1.0,1.0,0.8268398268398268,0.875,0.875,0.875,0.875,1.0
439,positional,no,1,1.0,1.0,0.8181818181818182,0.6727272727272727,1.0,1.0,0.8,0.6,0.8268398268398268,1.0,0.875,0.7666666666666667,0.675,0.8
440,object,no,0,1.0,1.0,1.0,1.0,1.0,1.0,0.6,0.4,1.0,1.0,0.7666666666666667,1.0,0.7666666666666667,0.6444444444444445
441,counting,no,0,1.0,1.0,0.36363636363636365,0.4909090909090909,1.0,1.0,0.4,0.4,0.5454545454545454,1.0,0.675,0.475,0.5,0.5333333333333333
442,object,no,1,0.36363636363636365,0.4909090909090909,1.0,1.0,0.4,0.4,0.6,0.4,0.5454545454545454,0.5,0.475,0.675,0.7666666666666667,0.4444444444444444
443,object,no,1,0.8181818181818182,0.6727272727272727,0.8181818181818182,0.6727272727272727,0.6,0.4,1.0,1.0,0.6883116883116883,0.6,0.7666666666666667,0.6,0.7666666666666667,0.6444444444444445
444,object,no,0,1.0,1.0,0.8181818181818182,0.6727272727272727,1.0,1.0,0.8,0.6,0.8268398268398268,1.0,0.875,0.7666666666666667,0.675,0.8
445,sentiment,no,1,0.36363636363636365,0.4909090909090909,0.9090909090909091,0.8181818181818182,0.2,0.6,0.8,0.6,0.5151515151515151,0.5416666666666666,0.4666666666666667,0.5416666666666666,0.7666666666666667,0.4444444444444444
446,counting,no,1,1.0,1.0,1.0,1.0,0.6,0.4,0.8,0.6,1.0,0.7666666666666667,0.875,0.7666666666666667,0.875,0.5333333333333333
447,counting,no,0,1.0,1.0,0.2727272727272727,0.5636363636363636,1.0,1.0,0.0,1.0,0.5151515151515151,1.0,0.5416666666666666,0.4666666666666667,0.675,0.4444444444444444
448,positional,no,1,0.2727272727272727,0.5636363636363636,1.0,1.0,0.6,0.4,1.0,1.0,0.5151515151515151,0.5,0.4666666666666667,0.7666666666666667,1.0,0.6444444444444445
449,counting,no,1,0.8181818181818182,0.6727272727272727,0.8181818181818182,0.6727272727272727,1.0,1.0,0.2,0.6,0.6883116883116883,0.7666666666666667,0.5,0.7666666666666667,0.5,0.4666666666666667
450,object,no,0,0.7272727272727273,0.5636363636363636,0.18181818181818182,0.6727272727272727,1.0,1.0,0.6,0.4,0.4805194805194805,0.675,0.5416666666666666,0.475,0.5416666666666666,0.6444444444444445
451,positional,no,0,0.9090909090909091,0.8181818181818182,1.0,1.0,1.0,1.0,1.0,1.0,0.9090909090909091,0.875,0.875,1.0,1.0,1.0
452,attribute,no,0,0.8181818181818182,0.6727272727272727,0.6363636363636364,0.4909090909090909,1.0,1.0,0.8,0.6,0.5844155844155844,0.7666666666666667,0.675,0.6,0.5416666666666666,0.8
454,counting,no,0,1.0,1.0,1.0,1.0,0.8,0.6,0.8,0.6,1.0,0.875,0.875,0.875,0.875,0.6444444444444445
455,object,no,0,0.8181818181818182,0.6727272727272727,0.8181818181818182,0.6727272727272727,0.8,0.6,0.8,0.6,0.6883116883116883,0.675,0.675,0.675,0.675,0.6444444444444445
456,object,no,0,1.0,1.0,0.9090909090909091,0.8181818181818182,1.0,1.0,0.8,0.6,0.9090909090909091,1.0,0.875,0.875,0.7666666666666667,0.8
457,counting,no,0,1.0,1.0,0.0,1.0,1.0,1.0,0.0,1.0,0.47619047619047616,1.0,0.5416666666666666,0.5416666666666666,1.0,0.4444444444444444
458,counting,no,0,1.0,1.0,1.0,1.0,1.0,1.0,0.6,0.4,1.0,1.0,0.7666666666666667,1.0,0.7666666666666667,0.6444444444444445
459,object,no,1,1.0,1.0,1.0,1.0,1.0,1.0,1.0,1.0,1.0,1.0,1.0,1.0,1.0,1.0
460,attribute,no,0,0.8181818181818182,0.6727272727272727,0.45454545454545453,0.45454545454545453,0.8,0.6,1.0,1.0,0.5151515151515151,0.675,0.7666666666666667,0.475,0.5,0.8
461,object,no,0,1.0,1.0,1.0,1.0,1.0,1.0,0.8,0.6,1.0,1.0,0.875,1.0,0.875,0.8
462,object,no,0,0.9090909090909091,0.8181818181818182,0.7272727272727273,0.5636363636363636,1.0,1.0,0.8,0.6,0.6883116883116883,0.875,0.7666666666666667,0.675,0.6,0.8
463,counting,no,0,1.0,1.0,1.0,1.0,1.0,1.0,0.8,0.6,1.0,1.0,0.875,1.0,0.875,0.8
464,counting,no,0,0.36363636363636365,0.4909090909090909,1.0,1.0,0.2,0.6,0.8,0.6,0.5454545454545454,0.5416666666666666,0.4666666666666667,0.6,0.875,0.4444444444444444
465,positional,no,1,1.0,1.0,1.0,1.0,1.0,1.0,0.8,0.6,1.0,1.0,0.875,1.0,0.875,0.8
466,counting,no,0,0.36363636363636365,0.4909090909090909,0.0,1.0,0.0,1.0,0.4,0.4,0.6883116883116883,0.6,0.5,1.0,0.7666666666666667,0.6444444444444445
467,object,no,0,1.0,1.0,0.36363636363636365,0.4909090909090909,1.0,1.0,0.0,1.0,0.5454545454545454,1.0,0.5416666666666666,0.475,0.6,0.4444444444444444
468,counting,no,0,0.45454545454545453,0.45454545454545453,0.0,1.0,0.0,1.0,0.4,0.4,0.6320346320346321,0.5416666666666666,0.475,1.0,0.7666666666666667,0.6444444444444445
469,object,no,1,1.0,1.0,1.0,1.0,1.0,1.0,0.8,0.6,1.0,1.0,0.875,1.0,0.875,0.8
470,object,no,0,1.0,1.0,0.9090909090909091,0.8181818181818182,0.8,0.6,0.6,0.4,0.9090909090909091,0.875,0.7666666666666667,0.7666666666666667,0.675,0.5333333333333333
471,object,no,0,0.36363636363636365,0.4909090909090909,0.18181818181818182,0.6727272727272727,1.0,1.0,0.6,0.4,0.5844155844155844,0.475,0.475,0.475,0.5416666666666666,0.6444444444444445
472,positional,no,1,1.0,1.0,1.0,1.0,0.6,0.4,0.6,0.4,1.0,0.7666666666666667,0.7666666666666667,0.7666666666666667,0.7666666666666667,0.4666666666666667
474,object,no,0,0.5454545454545454,0.45454545454545453,0.45454545454545453,0.45454545454545453,1.0,1.0,1.0,1.0,0.47619047619047616,0.5416666666666666,0.5416666666666666,0.5,0.5,1.0
475,object,no,0,1.0,1.0,1.0,1.0,1.0,1.0,1.0,1.0,1.0,1.0,1.0,1.0,1.0,1.0
477,positional,no,0,0.9090909090909091,0.8181818181818182,0.9090909090909091,0.8181818181818182,1.0,1.0,0.6,0.4,0.8268398268398268,0.875,0.675,0.875,0.675,0.6444444444444445
478,attribute,no,0,1.0,1.0,1.0,1.0,1.0,1.0,1.0,1.0,1.0,1.0,1.0,1.0,1.0,1.0
479,sentiment,no,1,1.0,1.0,0.9090909090909091,0.8181818181818182,0.8,0.6,0.4,0.4,0.9090909090909091,0.875,0.675,0.7666666666666667,0.6,0.4666666666666667
480,attribute,no,0,1.0,1.0,1.0,1.0,0.8,0.6,1.0,1.0,1.0,0.875,1.0,0.875,1.0,0.8
481,counting,no,0,1.0,1.0,0.0,1.0,1.0,1.0,0.0,1.0,0.47619047619047616,1.0,0.5416666666666666,0.5416666666666666,1.0,0.4444444444444444
482,object,no,1,1.0,1.0,1.0,1.0,1.0,1.0,1.0,1.0,1.0,1.0,1.0,1.0,1.0,1.0
483,sentiment,no,0,1.0,1.0,1.0,1.0,1.0,1.0,1.0,1.0,1.0,1.0,1.0,1.0,1.0,1.0
484,attribute,no,0,1.0,1.0,0.7272727272727273,0.5636363636363636,1.0,1.0,1.0,1.0,0.7532467532467533,1.0,1.0,0.675,0.675,1.0
485,positional,no,0,0.9090909090909091,0.8181818181818182,1.0,1.0,0.8,0.6,0.8,0.6,0.9090909090909091,0.7666666666666667,0.7666666666666667,0.875,0.875,0.6444444444444445
486,object,no,0,1.0,1.0,0.9090909090909091,0.8181818181818182,1.0,1.0,1.0,1.0,0.9090909090909091,1.0,1.0,0.875,0.875,1.0
487,object,no,1,1.0,1.0,1.0,1.0,1.0,1.0,1.0,1.0,1.0,1.0,1.0,1.0,1.0,1.0
488,object,no,0,1.0,1.0,0.7272727272727273,0.5636363636363636,1.0,1.0,1.0,1.0,0.7532467532467533,1.0,1.0,0.675,0.675,1.0
489,counting,no,0,1.0,1.0,0.9090909090909091,0.8181818181818182,1.0,1.0,0.6,0.4,0.9090909090909091,1.0,0.7666666666666667,0.875,0.675,0.6444444444444445
490,object,no,0,1.0,1.0,1.0,1.0,1.0,1.0,0.8,0.6,1.0,1.0,0.875,1.0,0.875,0.8
491,object,no,0,0.2727272727272727,0.5636363636363636,0.0,1.0,0.4,0.4,0.0,1.0,0.7532467532467533,0.5416666666666666,0.675,0.7666666666666667,1.0,0.6444444444444445
492,object,no,0,1.0,1.0,1.0,1.0,1.0,1.0,0.8,0.6,1.0,1.0,0.875,1.0,0.875,0.8
493,object,no,0,1.0,1.0,1.0,1.0,1.0,1.0,0.8,0.6,1.0,1.0,0.875,1.0,0.875,0.8
494,positional,no,0,1.0,1.0,1.0,1.0,1.0,1.0,1.0,1.0,1.0,1.0,1.0,1.0,1.0,1.0
496,attribute,no,0,0.6363636363636364,0.4909090909090909,1.0,1.0,1.0,1.0,1.0,1.0,0.6883116883116883,0.6,0.6,1.0,1.0,1.0
497,object,no,0,1.0,1.0,0.09090909090909091,0.8181818181818182,0.8,0.6,0.2,0.6,0.4805194805194805,0.875,0.6,0.5416666666666666,0.7666666666666667,0.4444444444444444
498,counting,no,1,0.36363636363636365,0.4909090909090909,0.6363636363636364,0.4909090909090909,0.2,0.6,1.0,1.0,0.47619047619047616,0.5416666666666666,0.475,0.4666666666666667,0.6,0.4666666666666667
499,counting,no,0,1.0,1.0,0.0,1.0,1.0,1.0,0.0,1.0,0.47619047619047616,1.0,0.5416666666666666,0.5416666666666666,1.0,0.4444444444444444
500,object,no,1,1.0,1.0,1.0,1.0,1.0,1.0,1.0,1.0,1.0,1.0,1.0,1.0,1.0,1.0
501,counting,no,0,1.0,1.0,1.0,1.0,1.0,1.0,1.0,1.0,1.0,1.0,1.0,1.0,1.0,1.0
502,sentiment,no,1,1.0,1.0,0.36363636363636365,0.4909090909090909,1.0,1.0,0.4,0.4,0.5454545454545454,1.0,0.675,0.475,0.5,0.5333333333333333
503,attribute,no,0,1.0,1.0,0.9090909090909091,0.8181818181818182,1.0,1.0,1.0,1.0,0.9090909090909091,1.0,1.0,0.875,0.875,1.0
504,positional,no,1,1.0,1.0,0.9090909090909091,0.8181818181818182,0.6,0.4,0.6,0.4,0.9090909090909091,0.7666666666666667,0.7666666666666667,0.675,0.675,0.4666666666666667
505,counting,no,1,1.0,1.0,0.18181818181818182,0.6727272727272727,0.4,0.4,0.4,0.4,0.4935064935064935,0.675,0.675,0.6,0.6,0.4666666666666667
506,object,no,0,1.0,1.0,0.5454545454545454,0.45454545454545453,1.0,1.0,1.0,1.0,0.6320346320346321,1.0,1.0,0.5416666666666666,0.5416666666666666,1.0
509,counting,no,1,1.0,1.0,1.0,1.0,1.0,1.0,0.2,0.6,1.0,1.0,0.6,1.0,0.6,0.4666666666666667
510,attribute,no,0,1.0,1.0,1.0,1.0,0.8,0.6,1.0,1.0,1.0,0.875,1.0,0.875,1.0,0.8
512,counting,no,0,1.0,1.0,1.0,1.0,1.0,1.0,0.4,0.4,1.0,1.0,0.675,1.0,0.675,0.5333333333333333
514,counting,no,0,1.0,1.0,0.0,1.0,1.0,1.0,0.0,1.0,0.47619047619047616,1.0,0.5416666666666666,0.5416666666666666,1.0,0.4444444444444444
515,object,no,0,1.0,1.0,1.0,1.0,1.0,1.0,1.0,1.0,1.0,1.0,1.0,1.0,1.0,1.0
516,attribute,no,0,1.0,1.0,1.0,1.0,0.8,0.6,0.8,0.6,1.0,0.875,0.875,0.875,0.875,0.6444444444444445
518,object,no,0,1.0,1.0,0.9090909090909091,0.8181818181818182,1.0,1.0,0.8,0.6,0.9090909090909091,1.0,0.875,0.875,0.7666666666666667,0.8
521,object,no,0,0.8181818181818182,0.6727272727272727,0.7272727272727273,0.5636363636363636,1.0,1.0,0.8,0.6,0.6320346320346321,0.7666666666666667,0.675,0.675,0.6,0.8
522,counting,no,0,1.0,1.0,0.0,1.0,1.0,1.0,0.0,1.0,0.47619047619047616,1.0,0.5416666666666666,0.5416666666666666,1.0,0.4444444444444444
523,sentiment,no,1,1.0,1.0,1.0,1.0,1.0,1.0,0.8,0.6,1.0,1.0,0.875,1.0,0.875,0.8
524,object,no,0,1.0,1.0,1.0,1.0,1.0,1.0,1.0,1.0,1.0,1.0,1.0,1.0,1.0,1.0
525,sentiment,no,1,0.8181818181818182,0.6727272727272727,0.6363636363636364,0.4909090909090909,1.0,1.0,0.6,0.4,0.5844155844155844,0.7666666666666667,0.6,0.6,0.5,0.6444444444444445
526,sentiment,no,0,1.0,1.0,1.0,1.0,1.0,1.0,1.0,1.0,1.0,1.0,1.0,1.0,1.0,1.0
527,sentiment,no,0,1.0,1.0,0.0,1.0,1.0,1.0,0.0,1.0,0.47619047619047616,1.0,0.5416666666666666,0.5416666666666666,1.0,0.4444444444444444
528,positional,no,0,1.0,1.0,0.8181818181818182,0.6727272727272727,1.0,1.0,1.0,1.0,0.8268398268398268,1.0,1.0,0.7666666666666667,0.7666666666666667,1.0
529,counting,no,0,0.8181818181818182,0.6727272727272727,0.0,1.0,0.4,0.4,0.4,0.4,0.4935064935064935,0.5416666666666666,0.5416666666666666,0.7666666666666667,0.7666666666666667,0.4666666666666667
530,attribute,no,0,1.0,1.0,1.0,1.0,1.0,1.0,1.0,1.0,1.0,1.0,1.0,1.0,1.0,1.0
531,object,no,1,0.8181818181818182,0.6727272727272727,1.0,1.0,0.8,0.6,0.8,0.6,0.8268398268398268,0.675,0.675,0.875,0.875,0.6444444444444445
532,positional,no,0,1.0,1.0,0.0,1.0,1.0,1.0,0.2,0.6,0.47619047619047616,1.0,0.6,0.5416666666666666,0.875,0.4666666666666667
534,attribute,no,0,1.0,1.0,1.0,1.0,1.0,1.0,1.0,1.0,1.0,1.0,1.0,1.0,1.0,1.0
535,object,no,0,0.8181818181818182,0.6727272727272727,0.9090909090909091,0.8181818181818182,1.0,1.0,0.6,0.4,0.7532467532467533,0.7666666666666667,0.6,0.875,0.675,0.6444444444444445
536,positional,no,1,1.0,1.0,0.0,1.0,0.8,0.6,0.0,1.0,0.47619047619047616,0.875,0.5416666666666666,0.6,1.0,0.4666666666666667
537,positional,no,0,0.8181818181818182,0.6727272727272727,0.18181818181818182,0.6727272727272727,1.0,1.0,0.8,0.6,0.47619047619047616,0.7666666666666667,0.675,0.475,0.5,0.8
538,attribute,no,0,0.9090909090909091,0.8181818181818182,0.7272727272727273,0.5636363636363636,1.0,1.0,1.0,1.0,0.6883116883116883,0.875,0.875,0.675,0.675,1.0
539,positional,no,0,1.0,1.0,1.0,1.0,1.0,1.0,0.8,0.6,1.0,1.0,0.875,1.0,0.875,0.8
540,sentiment,no,1,0.9090909090909091,0.8181818181818182,0.0,1.0,0.4,0.4,0.0,1.0,0.4805194805194805,0.6,0.5,0.7666666666666667,1.0,0.6444444444444445
541,sentiment,no,0,0.8181818181818182,0.6727272727272727,1.0,1.0,0.6,0.4,0.8,0.6,0.8268398268398268,0.6,0.675,0.7666666666666667,0.875,0.5333333333333333
542,positional,no,0,0.45454545454545453,0.45454545454545453,0.9090909090909091,0.8181818181818182,0.6,0.4,0.6,0.4,0.5454545454545454,0.4666666666666667,0.4666666666666667,0.675,0.675,0.4666666666666667
543,object,no,0,0.8181818181818182,0.6727272727272727,0.0,1.0,1.0,1.0,0.0,1.0,0.4935064935064935,0.7666666666666667,0.475,0.5416666666666666,1.0,0.4444444444444444
544,object,no,0,0.7272727272727273,0.5636363636363636,0.0,1.0,0.4,0.4,0.0,1.0,0.5151515151515151,0.5,0.4666666666666667,0.7666666666666667,1.0,0.6444444444444445
545,object,no,0,0.8181818181818182,0.6727272727272727,0.2727272727272727,0.5636363636363636,1.0,1.0,0.6,0.4,0.4805194805194805,0.7666666666666667,0.6,0.4666666666666667,0.5,0.6444444444444445
546,positional,no,0,1.0,1.0,1.0,1.0,1.0,1.0,0.8,0.6,1.0,1.0,0.875,1.0,0.875,0.8
547,positional,no,0,1.0,1.0,0.9090909090909091,0.8181818181818182,1.0,1.0,0.8,0.6,0.9090909090909091,1.0,0.875,0.875,0.7666666666666667,0.8
548,attribute,no,0,1.0,1.0,1.0,1.0,1.0,1.0,1.0,1.0,1.0,1.0,1.0,1.0,1.0,1.0
549,positional,no,1,1.0,1.0,0.8181818181818182,0.6727272727272727,0.8,0.6,0.4,0.4,0.8268398268398268,0.875,0.675,0.675,0.5416666666666666,0.4666666666666667
550,object,no,0,0.9090909090909091,0.8181818181818182,0.8181818181818182,0.6727272727272727,1.0,1.0,0.8,0.6,0.7532467532467533,0.875,0.7666666666666667,0.7666666666666667,0.675,0.8
551,counting,no,0,1.0,1.0,1.0,1.0,1.0,1.0,0.6,0.4,1.0,1.0,0.7666666666666667,1.0,0.7666666666666667,0.6444444444444445
552,attribute,no,0,1.0,1.0,1.0,1.0,0.8,0.6,1.0,1.0,1.0,0.875,1.0,0.875,1.0,0.8
553,object,no,1,0.5454545454545454,0.45454545454545453,0.5454545454545454,0.45454545454545453,0.2,0.6,0.4,0.4,0.4805194805194805,0.475,0.4666666666666667,0.475,0.4666666666666667,0.5333333333333333
554,positional,no,0,1.0,1.0,0.8181818181818182,0.6727272727272727,1.0,1.0,0.8,0.6,0.8268398268398268,1.0,0.875,0.7666666666666667,0.675,0.8
555,sentiment,no,0,1.0,1.0,1.0,1.0,1.0,1.0,1.0,1.0,1.0,1.0,1.0,1.0,1.0,1.0
556,object,no,1,0.8181818181818182,0.6727272727272727,0.7272727272727273,0.5636363636363636,1.0,1.0,1.0,1.0,0.6320346320346321,0.7666666666666667,0.7666666666666667,0.675,0.675,1.0
557,attribute,no,0,0.9090909090909091,0.8181818181818182,0.7272727272727273,0.5636363636363636,1.0,1.0,0.8,0.6,0.6883116883116883,0.875,0.7666666666666667,0.675,0.6,0.8
558,attribute,no,1,0.7272727272727273,0.5636363636363636,0.7272727272727273,0.5636363636363636,1.0,1.0,0.8,0.6,0.5844155844155844,0.675,0.6,0.675,0.6,0.8
559,attribute,no,0,1.0,1.0,1.0,1.0,1.0,1.0,1.0,1.0,1.0,1.0,1.0,1.0,1.0,1.0
560,object,no,0,1.0,1.0,1.0,1.0,1.0,1.0,0.8,0.6,1.0,1.0,0.875,1.0,0.875,0.8
561,object,no,0,1.0,1.0,0.9090909090909091,0.8181818181818182,0.8,0.6,0.8,0.6,0.9090909090909091,0.875,0.875,0.7666666666666667,0.7666666666666667,0.6444444444444445
562,counting,no,0,1.0,1.0,0.9090909090909091,0.8181818181818182,1.0,1.0,0.4,0.4,0.9090909090909091,1.0,0.675,0.875,0.6,0.5333333333333333
563,attribute,no,0,1.0,1.0,0.8181818181818182,0.6727272727272727,0.6,0.4,1.0,1.0,0.8268398268398268,0.7666666666666667,1.0,0.6,0.7666666666666667,0.6444444444444445
564,attribute,no,0,0.9090909090909091,0.8181818181818182,0.9090909090909091,0.8181818181818182,1.0,1.0,1.0,1.0,0.8268398268398268,0.875,0.875,0.875,0.875,1.0
565,object,no,0,1.0,1.0,0.8181818181818182,0.6727272727272727,1.0,1.0,1.0,1.0,0.8268398268398268,1.0,1.0,0.7666666666666667,0.7666666666666667,1.0
566,positional,no,0,0.5454545454545454,0.45454545454545453,0.36363636363636365,0.4909090909090909,1.0,1.0,0.8,0.6,0.4805194805194805,0.5416666666666666,0.5,0.475,0.4666666666666667,0.8
567,object,no,0,1.0,1.0,1.0,1.0,0.6,0.4,0.4,0.4,1.0,0.7666666666666667,0.675,0.7666666666666667,0.675,0.4444444444444444
568,object,no,0,1.0,1.0,1.0,1.0,1.0,1.0,1.0,1.0,1.0,1.0,1.0,1.0,1.0,1.0
569,attribute,no,1,0.6363636363636364,0.4909090909090909,0.6363636363636364,0.4909090909090909,1.0,1.0,1.0,1.0,0.5151515151515151,0.6,0.6,0.6,0.6,1.0
570,attribute,no,0,1.0,1.0,1.0,1.0,1.0,1.0,0.8,0.6,1.0,1.0,0.875,1.0,0.875,0.8
571,attribute,no,0,1.0,1.0,1.0,1.0,1.0,1.0,1.0,1.0,1.0,1.0,1.0,1.0,1.0,1.0
574,attribute,no,0,1.0,1.0,1.0,1.0,1.0,1.0,1.0,1.0,1.0,1.0,1.0,1.0,1.0,1.0
575,attribute,no,0,0.5454545454545454,0.45454545454545453,0.5454545454545454,0.45454545454545453,0.4,0.4,0.8,0.6,0.4805194805194805,0.4666666666666667,0.5,0.4666666666666667,0.5,0.4666666666666667
576,counting,no,1,0.9090909090909091,0.8181818181818182,1.0,1.0,1.0,1.0,0.4,0.4,0.9090909090909091,0.875,0.6,1.0,0.675,0.5333333333333333
578,sentiment,no,0,1.0,1.0,1.0,1.0,1.0,1.0,1.0,1.0,1.0,1.0,1.0,1.0,1.0,1.0
579,sentiment,no,1,1.0,1.0,1.0,1.0,1.0,1.0,1.0,1.0,1.0,1.0,1.0,1.0,1.0,1.0
580,positional,no,0,1.0,1.0,0.18181818181818182,0.6727272727272727,1.0,1.0,0.4,0.4,0.4935064935064935,1.0,0.675,0.475,0.6,0.5333333333333333
581,sentiment,no,1,0.09090909090909091,0.8181818181818182,0.09090909090909091,0.8181818181818182,0.0,1.0,0.0,1.0,0.8268398268398268,0.875,0.875,0.875,0.875,1.0
582,positional,no,0,1.0,1.0,1.0,1.0,1.0,1.0,1.0,1.0,1.0,1.0,1.0,1.0,1.0,1.0
583,positional,no,1,0.7272727272727273,0.5636363636363636,0.9090909090909091,0.8181818181818182,0.6,0.4,1.0,1.0,0.6883116883116883,0.5416666666666666,0.675,0.675,0.875,0.6444444444444445
584,attribute,no,0,1.0,1.0,0.9090909090909091,0.8181818181818182,0.6,0.4,0.8,0.6,0.9090909090909091,0.7666666666666667,0.875,0.675,0.7666666666666667,0.5333333333333333
585,object,no,0,0.9090909090909091,0.8181818181818182,0.09090909090909091,0.8181818181818182,1.0,1.0,0.4,0.4,0.47619047619047616,0.875,0.6,0.5,0.675,0.5333333333333333
586,positional,no,0,1.0,1.0,1.0,1.0,1.0,1.0,0.6,0.4,1.0,1.0,0.7666666666666667,1.0,0.7666666666666667,0.6444444444444445
587,object,no,0,0.9090909090909091,0.8181818181818182,0.0,1.0,0.6,0.4,0.0,1.0,0.4805194805194805,0.675,0.5,0.675,1.0,0.5333333333333333
588,positional,no,0,0.2727272727272727,0.5636363636363636,0.0,1.0,0.8,0.6,0.4,0.4,0.7532467532467533,0.475,0.5416666666666666,0.6,0.7666666666666667,0.4666666666666667
589,counting,no,0,1.0,1.0,1.0,1.0,1.0,1.0,0.6,0.4,1.0,1.0,0.7666666666666667,1.0,0.7666666666666667,0.6444444444444445
590,object,no,0,0.5454545454545454,0.45454545454545453,0.18181818181818182,0.6727272727272727,0.8,0.6,0.0,1.0,0.5151515151515151,0.5,0.5,0.5,0.7666666666666667,0.4666666666666667
591,object,no,0,1.0,1.0,1.0,1.0,1.0,1.0,1.0,1.0,1.0,1.0,1.0,1.0,1.0,1.0
592,attribute,no,0,1.0,1.0,0.9090909090909091,0.8181818181818182,1.0,1.0,1.0,1.0,0.9090909090909091,1.0,1.0,0.875,0.875,1.0
593,positional,no,1,1.0,1.0,1.0,1.0,0.8,0.6,1.0,1.0,1.0,0.875,1.0,0.875,1.0,0.8
594,attribute,no,0,1.0,1.0,1.0,1.0,1.0,1.0,1.0,1.0,1.0,1.0,1.0,1.0,1.0,1.0
595,attribute,no,0,1.0,1.0,1.0,1.0,1.0,1.0,1.0,1.0,1.0,1.0,1.0,1.0,1.0,1.0
597,positional,no,0,1.0,1.0,1.0,1.0,0.4,0.4,0.8,0.6,1.0,0.675,0.875,0.675,0.875,0.4666666666666667
598,counting,no,0,1.0,1.0,0.8181818181818182,0.6727272727272727,1.0,1.0,0.4,0.4,0.8268398268398268,1.0,0.675,0.7666666666666667,0.5416666666666666,0.5333333333333333
599,counting,no,0,1.0,1.0,0.09090909090909091,0.8181818181818182,0.8,0.6,0.2,0.6,0.4805194805194805,0.875,0.6,0.5416666666666666,0.7666666666666667,0.4444444444444444
600,sentiment,no,1,1.0,1.0,1.0,1.0,1.0,1.0,1.0,1.0,1.0,1.0,1.0,1.0,1.0,1.0
601,counting,no,0,1.0,1.0,0.0,1.0,0.6,0.4,0.2,0.6,0.47619047619047616,0.7666666666666667,0.6,0.675,0.875,0.4666666666666667
602,sentiment,no,0,0.9090909090909091,0.8181818181818182,0.9090909090909091,0.8181818181818182,0.8,0.6,1.0,1.0,0.8268398268398268,0.7666666666666667,0.875,0.7666666666666667,0.875,0.8
603,sentiment,no,0,0.0,1.0,0.0,1.0,0.0,1.0,0.0,1.0,1.0,1.0,1.0,1.0,1.0,1.0
604,counting,no,0,0.0,1.0,0.0,1.0,0.0,1.0,0.4,0.4,1.0,1.0,0.7666666666666667,1.0,0.7666666666666667,0.6444444444444445
605,attribute,no,0,1.0,1.0,0.9090909090909091,0.8181818181818182,1.0,1.0,1.0,1.0,0.9090909090909091,1.0,1.0,0.875,0.875,1.0
606,object,no,1,0.2727272727272727,0.5636363636363636,0.7272727272727273,0.5636363636363636,0.0,1.0,1.0,1.0,0.47619047619047616,0.675,0.4666666666666667,0.4666666666666667,0.675,0.4444444444444444
607,attribute,no,0,1.0,1.0,1.0,1.0,1.0,1.0,1.0,1.0,1.0,1.0,1.0,1.0,1.0,1.0
608,object,no,1,0.2727272727272727,0.5636363636363636,0.6363636363636364,0.4909090909090909,0.2,0.6,1.0,1.0,0.4805194805194805,0.6,0.4666666666666667,0.4666666666666667,0.6,0.4666666666666667
609,counting,no,0,1.0,1.0,0.0,1.0,1.0,1.0,0.0,1.0,0.47619047619047616,1.0,0.5416666666666666,0.5416666666666666,1.0,0.4444444444444444
610,counting,no,0,1.0,1.0,0.0,1.0,0.4,0.4,0.2,0.6,0.47619047619047616,0.675,0.6,0.7666666666666667,0.875,0.5333333333333333
612,object,no,1,0.09090909090909091,0.8181818181818182,0.2727272727272727,0.5636363636363636,0.2,0.6,0.4,0.4,0.6883116883116883,0.7666666666666667,0.675,0.6,0.5416666666666666,0.5333333333333333
613,object,no,0,1.0,1.0,1.0,1.0,0.8,0.6,0.6,0.4,1.0,0.875,0.7666666666666667,0.875,0.7666666666666667,0.5333333333333333
614,sentiment,no,1,0.18181818181818182,0.6727272727272727,0.7272727272727273,0.5636363636363636,0.2,0.6,0.6,0.4,0.4805194805194805,0.675,0.5416666666666666,0.475,0.5416666666666666,0.4666666666666667
616,sentiment,no,0,1.0,1.0,1.0,1.0,1.0,1.0,1.0,1.0,1.0,1.0,1.0,1.0,1.0,1.0
617,positional,no,1,0.8181818181818182,0.6727272727272727,0.8181818181818182,0.6727272727272727,0.8,0.6,0.6,0.4,0.6883116883116883,0.675,0.6,0.675,0.6,0.5333333333333333
618,sentiment,no,1,1.0,1.0,1.0,1.0,0.6,0.4,0.8,0.6,1.0,0.7666666666666667,0.875,0.7666666666666667,0.875,0.5333333333333333
619,counting,no,0,0.0,1.0,0.18181818181818182,0.6727272727272727,0.0,1.0,0.2,0.6,0.8268398268398268,1.0,0.875,0.7666666666666667,0.675,0.8
620,attribute,no,0,0.7272727272727273,0.5636363636363636,0.2727272727272727,0.5636363636363636,0.8,0.6,0.6,0.4,0.47619047619047616,0.6,0.5416666666666666,0.475,0.5,0.5333333333333333
621,object,no,0,1.0,1.0,0.9090909090909091,0.8181818181818182,1.0,1.0,0.8,0.6,0.9090909090909091,1.0,0.875,0.875,0.7666666666666667,0.8
623,sentiment,no,0,1.0,1.0,1.0,1.0,1.0,1.0,1.0,1.0,1.0,1.0,1.0,1.0,1.0,1.0
624,object,no,0,1.0,1.0,1.0,1.0,1.0,1.0,0.8,0.6,1.0,1.0,0.875,1.0,0.875,0.8
625,positional,no,0,1.0,1.0,1.0,1.0,1.0,1.0,1.0,1.0,1.0,1.0,1.0,1.0,1.0,1.0
626,attribute,no,1,0.9090909090909091,0.8181818181818182,0.7272727272727273,0.5636363636363636,0.6,0.4,0.8,0.6,0.6883116883116883,0.675,0.7666666666666667,0.5416666666666666,0.6,0.5333333333333333
627,attribute,no,0,0.8181818181818182,0.6727272727272727,0.9090909090909091,0.8181818181818182,0.4,0.4,0.8,0.6,0.7532467532467533,0.5416666666666666,0.675,0.6,0.7666666666666667,0.4666666666666667
628,object,no,0,1.0,1.0,0.9090909090909091,0.8181818181818182,0.6,0.4,0.6,0.4,0.9090909090909091,0.7666666666666667,0.7666666666666667,0.675,0.675,0.4666666666666667
629,attribute,no,1,0.8181818181818182,0.6727272727272727,0.9090909090909091,0.8181818181818182,0.6,0.4,0.8,0.6,0.7532467532467533,0.6,0.675,0.675,0.7666666666666667,0.5333333333333333
630,counting,no,0,1.0,1.0,0.9090909090909091,0.8181818181818182,1.0,1.0,1.0,1.0,0.9090909090909091,1.0,1.0,0.875,0.875,1.0
631,counting,no,0,1.0,1.0,0.6363636363636364,0.4909090909090909,1.0,1.0,0.0,1.0,0.6883116883116883,1.0,0.5416666666666666,0.6,0.475,0.4444444444444444
632,object,no,0,0.9090909090909091,0.8181818181818182,0.0,1.0,1.0,1.0,0.0,1.0,0.4805194805194805,0.875,0.5,0.5416666666666666,1.0,0.4444444444444444
633,positional,no,1,1.0,1.0,1.0,1.0,0.8,0.6,0.8,0.6,1.0,0.875,0.875,0.875,0.875,0.6444444444444445
634,attribute,no,0,0.9090909090909091,0.8181818181818182,0.8181818181818182,0.6727272727272727,1.0,1.0,0.8,0.6,0.7532467532467533,0.875,0.7666666666666667,0.7666666666666667,0.675,0.8
635,sentiment,no,0,1.0,1.0,1.0,1.0,1.0,1.0,0.8,0.6,1.0,1.0,0.875,1.0,0.875,0.8
636,object,no,1,1.0,1.0,1.0,1.0,1.0,1.0,1.0,1.0,1.0,1.0,1.0,1.0,1.0,1.0
637,sentiment,no,1,1.0,1.0,0.9090909090909091,0.8181818181818182,1.0,1.0,1.0,1.0,0.9090909090909091,1.0,1.0,0.875,0.875,1.0
639,sentiment,no,1,1.0,1.0,1.0,1.0,0.8,0.6,1.0,1.0,1.0,0.875,1.0,0.875,1.0,0.8
640,counting,no,0,1.0,1.0,0.0,1.0,1.0,1.0,0.0,1.0,0.47619047619047616,1.0,0.5416666666666666,0.5416666666666666,1.0,0.4444444444444444
641,object,no,0,1.0,1.0,1.0,1.0,1.0,1.0,0.8,0.6,1.0,1.0,0.875,1.0,0.875,0.8
643,attribute,no,0,0.8181818181818182,0.6727272727272727,1.0,1.0,1.0,1.0,1.0,1.0,0.8268398268398268,0.7666666666666667,0.7666666666666667,1.0,1.0,1.0
644,object,no,0,0.9090909090909091,0.8181818181818182,0.9090909090909091,0.8181818181818182,0.8,0.6,1.0,1.0,0.8268398268398268,0.7666666666666667,0.875,0.7666666666666667,0.875,0.8
645,positional,no,0,0.9090909090909091,0.8181818181818182,0.0,1.0,0.8,0.6,0.4,0.4,0.4805194805194805,0.7666666666666667,0.6,0.6,0.7666666666666667,0.4666666666666667
646,counting,no,0,1.0,1.0,1.0,1.0,1.0,1.0,0.6,0.4,1.0,1.0,0.7666666666666667,1.0,0.7666666666666667,0.6444444444444445
647,object,no,0,1.0,1.0,0.9090909090909091,0.8181818181818182,1.0,1.0,0.8,0.6,0.9090909090909091,1.0,0.875,0.875,0.7666666666666667,0.8
648,attribute,no,0,0.8181818181818182,0.6727272727272727,0.8181818181818182,0.6727272727272727,1.0,1.0,1.0,1.0,0.6883116883116883,0.7666666666666667,0.7666666666666667,0.7666666666666667,0.7666666666666667,1.0
649,attribute,no,0,1.0,1.0,1.0,1.0,1.0,1.0,1.0,1.0,1.0,1.0,1.0,1.0,1.0,1.0
650,positional,no,0,1.0,1.0,0.0,1.0,1.0,1.0,0.6,0.4,0.47619047619047616,1.0,0.7666666666666667,0.5416666666666666,0.675,0.6444444444444445
651,attribute,no,0,0.45454545454545453,0.45454545454545453,0.0,1.0,0.2,0.6,0.4,0.4,0.6320346320346321,0.5,0.475,0.875,0.7666666666666667,0.5333333333333333
652,positional,no,0,1.0,1.0,1.0,1.0,0.8,0.6,0.8,0.6,1.0,0.875,0.875,0.875,0.875,0.6444444444444445
654,object,no,1,1.0,1.0,1.0,1.0,1.0,1.0,1.0,1.0,1.0,1.0,1.0,1.0,1.0,1.0
655,positional,no,0,0.9090909090909091,0.8181818181818182,1.0,1.0,1.0,1.0,1.0,1.0,0.9090909090909091,0.875,0.875,1.0,1.0,1.0
656,object,no,1,0.5454545454545454,0.45454545454545453,1.0,1.0,0.4,0.4,0.8,0.6,0.6320346320346321,0.4666666666666667,0.5,0.675,0.875,0.4666666666666667
657,attribute,no,0,0.7272727272727273,0.5636363636363636,0.5454545454545454,0.45454545454545453,0.8,0.6,1.0,1.0,0.5151515151515151,0.6,0.675,0.5,0.5416666666666666,0.8
658,object,no,1,0.9090909090909091,0.8181818181818182,0.9090909090909091,0.8181818181818182,1.0,1.0,0.8,0.6,0.8268398268398268,0.875,0.7666666666666667,0.875,0.7666666666666667,0.8
659,object,no,0,1.0,1.0,1.0,1.0,1.0,1.0,0.8,0.6,1.0,1.0,0.875,1.0,0.875,0.8
660,counting,no,0,1.0,1.0,0.0,1.0,1.0,1.0,0.0,1.0,0.47619047619047616,1.0,0.5416666666666666,0.5416666666666666,1.0,0.4444444444444444
661,object,no,0,0.8181818181818182,0.6727272727272727,1.0,1.0,1.0,1.0,0.4,0.4,0.8268398268398268,0.7666666666666667,0.5416666666666666,1.0,0.675,0.5333333333333333
662,positional,no,0,1.0,1.0,1.0,1.0,0.8,0.6,1.0,1.0,1.0,0.875,1.0,0.875,1.0,0.8
663,sentiment,no,0,0.5454545454545454,0.45454545454545453,0.0,1.0,0.6,0.4,0.2,0.6,0.5844155844155844,0.475,0.475,0.675,0.875,0.4666666666666667
664,counting,no,0,0.5454545454545454,0.45454545454545453,1.0,1.0,0.8,0.6,1.0,1.0,0.6320346320346321,0.5,0.5416666666666666,0.875,1.0,0.8
665,attribute,no,0,1.0,1.0,1.0,1.0,1.0,1.0,0.8,0.6,1.0,1.0,0.875,1.0,0.875,0.8
666,object,no,0,1.0,1.0,1.0,1.0,1.0,1.0,1.0,1.0,1.0,1.0,1.0,1.0,1.0,1.0
667,object,no,0,1.0,1.0,1.0,1.0,1.0,1.0,0.8,0.6,1.0,1.0,0.875,1.0,0.875,0.8
668,counting,no,0,1.0,1.0,0.0,1.0,1.0,1.0,0.0,1.0,0.47619047619047616,1.0,0.5416666666666666,0.5416666666666666,1.0,0.4444444444444444
669,sentiment,no,1,0.9090909090909091,0.8181818181818182,1.0,1.0,1.0,1.0,1.0,1.0,0.9090909090909091,0.875,0.875,1.0,1.0,1.0
670,positional,no,0,1.0,1.0,1.0,1.0,1.0,1.0,1.0,1.0,1.0,1.0,1.0,1.0,1.0,1.0
671,positional,no,0,1.0,1.0,0.5454545454545454,0.45454545454545453,0.8,0.6,0.8,0.6,0.6320346320346321,0.875,0.875,0.5,0.5,0.6444444444444445
672,attribute,no,0,1.0,1.0,0.7272727272727273,0.5636363636363636,0.4,0.4,0.8,0.6,0.7532467532467533,0.675,0.875,0.5,0.6,0.4666666666666667
673,counting,no,1,1.0,1.0,0.0,1.0,1.0,1.0,0.0,1.0,0.47619047619047616,1.0,0.5416666666666666,0.5416666666666666,1.0,0.4444444444444444
674,positional,no,0,1.0,1.0,1.0,1.0,1.0,1.0,0.8,0.6,1.0,1.0,0.875,1.0,0.875,0.8
675,object,no,0,1.0,1.0,1.0,1.0,1.0,1.0,0.8,0.6,1.0,1.0,0.875,1.0,0.875,0.8
676,counting,no,0,1.0,1.0,0.0,1.0,0.6,0.4,0.2,0.6,0.47619047619047616,0.7666666666666667,0.6,0.675,0.875,0.4666666666666667
677,positional,no,1,0.7272727272727273,0.5636363636363636,1.0,1.0,0.2,0.6,1.0,1.0,0.7532467532467533,0.475,0.675,0.6,1.0,0.4666666666666667
678,object,no,1,1.0,1.0,1.0,1.0,1.0,1.0,0.8,0.6,1.0,1.0,0.875,1.0,0.875,0.8
679,object,no,0,1.0,1.0,0.9090909090909091,0.8181818181818182,1.0,1.0,1.0,1.0,0.9090909090909091,1.0,1.0,0.875,0.875,1.0
680,object,no,0,0.8181818181818182,0.6727272727272727,0.7272727272727273,0.5636363636363636,1.0,1.0,1.0,1.0,0.6320346320346321,0.7666666666666667,0.7666666666666667,0.675,0.675,1.0
681,attribute,no,0,1.0,1.0,1.0,1.0,0.6,0.4,1.0,1.0,1.0,0.7666666666666667,1.0,0.7666666666666667,1.0,0.6444444444444445
682,attribute,no,0,1.0,1.0,1.0,1.0,1.0,1.0,1.0,1.0,1.0,1.0,1.0,1.0,1.0,1.0
683,positional,no,0,1.0,1.0,1.0,1.0,1.0,1.0,1.0,1.0,1.0,1.0,1.0,1.0,1.0,1.0
684,positional,no,0,1.0,1.0,1.0,1.0,1.0,1.0,0.6,0.4,1.0,1.0,0.7666666666666667,1.0,0.7666666666666667,0.6444444444444445
686,positional,no,1,1.0,1.0,0.0,1.0,0.8,0.6,0.4,0.4,0.47619047619047616,0.875,0.675,0.6,0.7666666666666667,0.4666666666666667
687,attribute,no,0,1.0,1.0,1.0,1.0,1.0,1.0,1.0,1.0,1.0,1.0,1.0,1.0,1.0,1.0
688,counting,no,0,0.8181818181818182,0.6727272727272727,0.0,1.0,1.0,1.0,0.0,1.0,0.4935064935064935,0.7666666666666667,0.475,0.5416666666666666,1.0,0.4444444444444444
689,object,no,0,1.0,1.0,1.0,1.0,1.0,1.0,0.6,0.4,1.0,1.0,0.7666666666666667,1.0,0.7666666666666667,0.6444444444444445
690,positional,no,0,1.0,1.0,0.0,1.0,1.0,1.0,0.0,1.0,0.47619047619047616,1.0,0.5416666666666666,0.5416666666666666,1.0,0.4444444444444444
691,sentiment,no,1,1.0,1.0,1.0,1.0,0.6,0.4,0.8,0.6,1.0,0.7666666666666667,0.875,0.7666666666666667,0.875,0.5333333333333333
692,object,no,1,1.0,1.0,1.0,1.0,1.0,1.0,1.0,1.0,1.0,1.0,1.0,1.0,1.0,1.0
693,counting,no,1,0.8181818181818182,0.6727272727272727,0.18181818181818182,0.6727272727272727,1.0,1.0,0.2,0.6,0.47619047619047616,0.7666666666666667,0.5,0.475,0.675,0.4666666666666667
694,counting,no,1,0.5454545454545454,0.45454545454545453,0.8181818181818182,0.6727272727272727,1.0,1.0,0.4,0.4,0.5454545454545454,0.5416666666666666,0.4666666666666667,0.7666666666666667,0.5416666666666666,0.5333333333333333
696,object,no,0,0.9090909090909091,0.8181818181818182,0.36363636363636365,0.4909090909090909,1.0,1.0,0.8,0.6,0.5151515151515151,0.875,0.7666666666666667,0.475,0.4666666666666667,0.8
697,object,no,0,0.9090909090909091,0.8181818181818182,0.8181818181818182,0.6727272727272727,1.0,1.0,0.8,0.6,0.7532467532467533,0.875,0.7666666666666667,0.7666666666666667,0.675,0.8
698,attribute,no,0,0.9090909090909091,0.8181818181818182,0.8181818181818182,0.6727272727272727,1.0,1.0,0.6,0.4,0.7532467532467533,0.875,0.675,0.7666666666666667,0.6,0.6444444444444445
699,attribute,no,0,1.0,1.0,1.0,1.0,1.0,1.0,1.0,1.0,1.0,1.0,1.0,1.0,1.0,1.0
700,attribute,no,1,0.5454545454545454,0.45454545454545453,1.0,1.0,0.0,1.0,0.8,0.6,0.6320346320346321,0.5,0.5,0.5416666666666666,0.875,0.4666666666666667
701,positional,no,1,1.0,1.0,1.0,1.0,0.8,0.6,0.8,0.6,1.0,0.875,0.875,0.875,0.875,0.6444444444444445
702,sentiment,no,0,1.0,1.0,1.0,1.0,1.0,1.0,1.0,1.0,1.0,1.0,1.0,1.0,1.0,1.0
703,positional,no,1,0.7272727272727273,0.5636363636363636,0.36363636363636365,0.4909090909090909,0.4,0.4,0.4,0.4,0.4805194805194805,0.5,0.5,0.5,0.5,0.4666666666666667
704,object,no,0,1.0,1.0,0.9090909090909091,0.8181818181818182,1.0,1.0,1.0,1.0,0.9090909090909091,1.0,1.0,0.875,0.875,1.0
705,object,no,1,0.5454545454545454,0.45454545454545453,0.18181818181818182,0.6727272727272727,0.8,0.6,0.4,0.4,0.5151515151515151,0.5,0.4666666666666667,0.5,0.6,0.4666666666666667
706,attribute,no,1,0.7272727272727273,0.5636363636363636,0.8181818181818182,0.6727272727272727,1.0,1.0,1.0,1.0,0.6320346320346321,0.675,0.675,0.7666666666666667,0.7666666666666667,1.0
707,attribute,no,0,1.0,1.0,0.8181818181818182,0.6727272727272727,1.0,1.0,1.0,1.0,0.8268398268398268,1.0,1.0,0.7666666666666667,0.7666666666666667,1.0
708,object,no,0,1.0,1.0,0.09090909090909091,0.8181818181818182,1.0,1.0,0.2,0.6,0.4805194805194805,1.0,0.6,0.5,0.7666666666666667,0.4666666666666667
709,attribute,no,0,0.8181818181818182,0.6727272727272727,0.8181818181818182,0.6727272727272727,1.0,1.0,1.0,1.0,0.6883116883116883,0.7666666666666667,0.7666666666666667,0.7666666666666667,0.7666666666666667,1.0
710,positional,no,1,1.0,1.0,1.0,1.0,0.6,0.4,0.6,0.4,1.0,0.7666666666666667,0.7666666666666667,0.7666666666666667,0.7666666666666667,0.4666666666666667
711,sentiment,no,1,0.0,1.0,0.0,1.0,0.0,1.0,0.6,0.4,1.0,1.0,0.675,1.0,0.675,0.5333333333333333
712,attribute,no,0,0.7272727272727273,0.5636363636363636,0.7272727272727273,0.5636363636363636,0.8,0.6,0.8,0.6,0.5844155844155844,0.6,0.6,0.6,0.6,0.6444444444444445
713,attribute,no,0,1.0,1.0,0.36363636363636365,0.4909090909090909,1.0,1.0,0.4,0.4,0.5454545454545454,1.0,0.675,0.475,0.5,0.5333333333333333
714,positional,no,0,0.6363636363636364,0.4909090909090909,0.45454545454545453,0.45454545454545453,0.4,0.4,0.8,0.6,0.4805194805194805,0.475,0.5416666666666666,0.475,0.475,0.4666666666666667
715,attribute,no,0,1.0,1.0,1.0,1.0,1.0,1.0,1.0,1.0,1.0,1.0,1.0,1.0,1.0,1.0
716,object,no,0,1.0,1.0,0.9090909090909091,0.8181818181818182,1.0,1.0,0.8,0.6,0.9090909090909091,1.0,0.875,0.875,0.7666666666666667,0.8
717,object,no,1,0.6363636363636364,0.4909090909090909,0.36363636363636365,0.4909090909090909,1.0,1.0,0.4,0.4,0.47619047619047616,0.6,0.475,0.475,0.5,0.5333333333333333
718,counting,no,0,1.0,1.0,0.0,1.0,1.0,1.0,0.0,1.0,0.47619047619047616,1.0,0.5416666666666666,0.5416666666666666,1.0,0.4444444444444444
719,attribute,no,1,1.0,1.0,1.0,1.0,1.0,1.0,1.0,1.0,1.0,1.0,1.0,1.0,1.0,1.0
720,positional,no,0,1.0,1.0,0.09090909090909091,0.8181818181818182,1.0,1.0,0.4,0.4,0.4805194805194805,1.0,0.675,0.5,0.675,0.5333333333333333
721,attribute,no,1,0.9090909090909091,0.8181818181818182,0.9090909090909091,0.8181818181818182,0.8,0.6,0.8,0.6,0.8268398268398268,0.7666666666666667,0.7666666666666667,0.7666666666666667,0.7666666666666667,0.6444444444444445
722,object,no,0,1.0,1.0,1.0,1.0,1.0,1.0,1.0,1.0,1.0,1.0,1.0,1.0,1.0,1.0
723,object,no,0,0.8181818181818182,0.6727272727272727,0.45454545454545453,0.45454545454545453,1.0,1.0,0.8,0.6,0.5151515151515151,0.7666666666666667,0.675,0.5,0.475,0.8
724,attribute,no,1,0.7272727272727273,0.5636363636363636,0.8181818181818182,0.6727272727272727,0.2,0.6,0.6,0.4,0.6320346320346321,0.475,0.5416666666666666,0.5,0.6,0.4666666666666667
725,attribute,no,0,0.8181818181818182,0.6727272727272727,0.0,1.0,0.4,0.4,0.0,1.0,0.4935064935064935,0.5416666666666666,0.475,0.7666666666666667,1.0,0.6444444444444445
726,object,no,0,1.0,1.0,1.0,1.0,1.0,1.0,1.0,1.0,1.0,1.0,1.0,1.0,1.0,1.0
727,object,no,1,0.6363636363636364,0.4909090909090909,0.09090909090909091,0.8181818181818182,0.2,0.6,0.4,0.4,0.5151515151515151,0.4666666666666667,0.475,0.7666666666666667,0.675,0.5333333333333333
728,sentiment,no,0,1.0,1.0,1.0,1.0,1.0,1.0,1.0,1.0,1.0,1.0,1.0,1.0,1.0,1.0
729,counting,no,0,1.0,1.0,0.36363636363636365,0.4909090909090909,1.0,1.0,0.2,0.6,0.5454545454545454,1.0,0.6,0.475,0.5416666666666666,0.4666666666666667
730,counting,no,0,1.0,1.0,1.0,1.0,1.0,1.0,0.2,0.6,1.0,1.0,0.6,1.0,0.6,0.4666666666666667
731,counting,no,1,1.0,1.0,1.0,1.0,1.0,1.0,1.0,1.0,1.0,1.0,1.0,1.0,1.0,1.0
732,counting,no,0,0.8181818181818182,0.6727272727272727,0.0,1.0,0.8,0.6,0.0,1.0,0.4935064935064935,0.675,0.475,0.6,1.0,0.4666666666666667
733,attribute,no,0,1.0,1.0,0.9090909090909091,0.8181818181818182,1.0,1.0,0.6,0.4,0.9090909090909091,1.0,0.7666666666666667,0.875,0.675,0.6444444444444445
734,object,no,1,1.0,1.0,0.7272727272727273,0.5636363636363636,1.0,1.0,1.0,1.0,0.7532467532467533,1.0,1.0,0.675,0.675,1.0
735,object,no,1,1.0,1.0,1.0,1.0,1.0,1.0,1.0,1.0,1.0,1.0,1.0,1.0,1.0,1.0
737,object,no,0,1.0,1.0,0.9090909090909091,0.8181818181818182,1.0,1.0,0.8,0.6,0.9090909090909091,1.0,0.875,0.875,0.7666666666666667,0.8
738,counting,no,0,1.0,1.0,1.0,1.0,1.0,1.0,0.6,0.4,1.0,1.0,0.7666666666666667,1.0,0.7666666666666667,0.6444444444444445
739,object,no,0,1.0,1.0,1.0,1.0,1.0,1.0,0.8,0.6,1.0,1.0,0.875,1.0,0.875,0.8
740,object,no,0,0.9090909090909091,0.8181818181818182,0.6363636363636364,0.4909090909090909,0.8,0.6,0.4,0.4,0.6320346320346321,0.7666666666666667,0.6,0.5416666666666666,0.475,0.4666666666666667
741,attribute,no,1,0.36363636363636365,0.4909090909090909,0.5454545454545454,0.45454545454545453,1.0,1.0,0.8,0.6,0.4805194805194805,0.475,0.4666666666666667,0.5416666666666666,0.5,0.8
742,sentiment,no,1,1.0,1.0,1.0,1.0,1.0,1.0,0.8,0.6,1.0,1.0,0.875,1.0,0.875,0.8
744,object,no,0,0.9090909090909091,0.8181818181818182,0.0,1.0,1.0,1.0,0.6,0.4,0.4805194805194805,0.875,0.675,0.5416666666666666,0.675,0.6444444444444445
745,counting,no,0,1.0,1.0,0.8181818181818182,0.6727272727272727,1.0,1.0,0.6,0.4,0.8268398268398268,1.0,0.7666666666666667,0.7666666666666667,0.6,0.6444444444444445
746,object,no,1,0.9090909090909091,0.8181818181818182,0.9090909090909091,0.8181818181818182,0.6,0.4,1.0,1.0,0.8268398268398268,0.675,0.875,0.675,0.875,0.6444444444444445
747,object,no,0,1.0,1.0,1.0,1.0,1.0,1.0,1.0,1.0,1.0,1.0,1.0,1.0,1.0,1.0
748,object,no,0,0.5454545454545454,0.45454545454545453,0.8181818181818182,0.6727272727272727,1.0,1.0,0.8,0.6,0.5454545454545454,0.5416666666666666,0.5,0.7666666666666667,0.675,0.8
749,positional,no,1,0.9090909090909091,0.8181818181818182,1.0,1.0,1.0,1.0,1.0,1.0,0.9090909090909091,0.875,0.875,1.0,1.0,1.0
750,sentiment,no,0,1.0,1.0,1.0,1.0,0.8,0.6,0.8,0.6,1.0,0.875,0.875,0.875,0.875,0.6444444444444445
751,sentiment,no,0,1.0,1.0,1.0,1.0,1.0,1.0,0.8,0.6,1.0,1.0,0.875,1.0,0.875,0.8
752,attribute,no,0,1.0,1.0,1.0,1.0,0.8,0.6,0.8,0.6,1.0,0.875,0.875,0.875,0.875,0.6444444444444445
753,sentiment,no,0,1.0,1.0,1.0,1.0,1.0,1.0,0.8,0.6,1.0,1.0,0.875,1.0,0.875,0.8
754,attribute,no,0,1.0,1.0,1.0,1.0,1.0,1.0,1.0,1.0,1.0,1.0,1.0,1.0,1.0,1.0
756,object,no,0,0.9090909090909091,0.8181818181818182,0.7272727272727273,0.5636363636363636,1.0,1.0,0.6,0.4,0.6883116883116883,0.875,0.675,0.675,0.5416666666666666,0.6444444444444445
757,sentiment,no,0,1.0,1.0,1.0,1.0,1.0,1.0,1.0,1.0,1.0,1.0,1.0,1.0,1.0,1.0
758,attribute,no,1,0.0,1.0,0.6363636363636364,0.4909090909090909,0.0,1.0,0.2,0.6,0.5454545454545454,1.0,0.875,0.475,0.4666666666666667,0.8
759,positional,no,0,0.8181818181818182,0.6727272727272727,0.36363636363636365,0.4909090909090909,1.0,1.0,0.8,0.6,0.4935064935064935,0.7666666666666667,0.675,0.475,0.4666666666666667,0.8
761,object,no,1,0.9090909090909091,0.8181818181818182,0.9090909090909091,0.8181818181818182,1.0,1.0,1.0,1.0,0.8268398268398268,0.875,0.875,0.875,0.875,1.0
762,object,no,0,1.0,1.0,1.0,1.0,1.0,1.0,1.0,1.0,1.0,1.0,1.0,1.0,1.0,1.0
763,attribute,no,0,0.6363636363636364,0.4909090909090909,1.0,1.0,0.2,0.6,0.8,0.6,0.6883116883116883,0.4666666666666667,0.5416666666666666,0.6,0.875,0.4444444444444444
764,counting,no,0,1.0,1.0,0.0,1.0,1.0,1.0,0.0,1.0,0.47619047619047616,1.0,0.5416666666666666,0.5416666666666666,1.0,0.4444444444444444
765,object,no,0,0.9090909090909091,0.8181818181818182,0.6363636363636364,0.4909090909090909,1.0,1.0,1.0,1.0,0.6320346320346321,0.875,0.875,0.6,0.6,1.0
766,positional,no,0,1.0,1.0,0.09090909090909091,0.8181818181818182,0.8,0.6,0.0,1.0,0.4805194805194805,0.875,0.5416666666666666,0.5416666666666666,0.875,0.4666666666666667
767,positional,no,0,0.8181818181818182,0.6727272727272727,0.6363636363636364,0.4909090909090909,1.0,1.0,1.0,1.0,0.5844155844155844,0.7666666666666667,0.7666666666666667,0.6,0.6,1.0
768,attribute,no,1,0.6363636363636364,0.4909090909090909,0.7272727272727273,0.5636363636363636,0.4,0.4,0.6,0.4,0.5454545454545454,0.475,0.5,0.5,0.5416666666666666,0.4444444444444444
769,positional,no,0,0.8181818181818182,0.6727272727272727,0.5454545454545454,0.45454545454545453,0.6,0.4,0.8,0.6,0.5454545454545454,0.6,0.675,0.475,0.5,0.5333333333333333
770,counting,no,0,0.9090909090909091,0.8181818181818182,0.8181818181818182,0.6727272727272727,0.8,0.6,0.4,0.4,0.7532467532467533,0.7666666666666667,0.6,0.675,0.5416666666666666,0.4666666666666667
771,attribute,no,0,1.0,1.0,1.0,1.0,1.0,1.0,1.0,1.0,1.0,1.0,1.0,1.0,1.0,1.0
772,attribute,no,1,1.0,1.0,1.0,1.0,1.0,1.0,1.0,1.0,1.0,1.0,1.0,1.0,1.0,1.0
773,attribute,no,0,0.8181818181818182,0.6727272727272727,0.7272727272727273,0.5636363636363636,1.0,1.0,1.0,1.0,0.6320346320346321,0.7666666666666667,0.7666666666666667,0.675,0.675,1.0
774,counting,no,0,0.7272727272727273,0.5636363636363636,0.0,1.0,1.0,1.0,0.0,1.0,0.5151515151515151,0.675,0.4666666666666667,0.5416666666666666,1.0,0.4444444444444444
775,object,no,1,0.18181818181818182,0.6727272727272727,0.45454545454545453,0.45454545454545453,0.0,1.0,0.0,1.0,0.5454545454545454,0.7666666666666667,0.7666666666666667,0.5416666666666666,0.5416666666666666,1.0
776,attribute,no,0,1.0,1.0,0.0,1.0,0.6,0.4,0.2,0.6,0.47619047619047616,0.7666666666666667,0.6,0.675,0.875,0.4666666666666667
777,positional,no,0,1.0,1.0,0.9090909090909091,0.8181818181818182,1.0,1.0,0.8,0.6,0.9090909090909091,1.0,0.875,0.875,0.7666666666666667,0.8
778,object,no,1,1.0,1.0,1.0,1.0,1.0,1.0,1.0,1.0,1.0,1.0,1.0,1.0,1.0,1.0
779,positional,no,0,1.0,1.0,1.0,1.0,1.0,1.0,1.0,1.0,1.0,1.0,1.0,1.0,1.0,1.0
780,positional,no,0,0.9090909090909091,0.8181818181818182,0.9090909090909091,0.8181818181818182,1.0,1.0,1.0,1.0,0.8268398268398268,0.875,0.875,0.875,0.875,1.0
781,counting,no,0,0.9090909090909091,0.8181818181818182,0.7272727272727273,0.5636363636363636,0.2,0.6,0.8,0.6,0.6883116883116883,0.5416666666666666,0.7666666666666667,0.475,0.6,0.4444444444444444
782,object,no,0,1.0,1.0,0.9090909090909091,0.8181818181818182,1.0,1.0,0.4,0.4,0.9090909090909091,1.0,0.675,0.875,0.6,0.5333333333333333
783,sentiment,no,0,1.0,1.0,0.9090909090909091,0.8181818181818182,1.0,1.0,0.6,0.4,0.9090909090909091,1.0,0.7666666666666667,0.875,0.675,0.6444444444444445
784,object,no,0,1.0,1.0,1.0,1.0,1.0,1.0,1.0,1.0,1.0,1.0,1.0,1.0,1.0,1.0
785,counting,no,0,1.0,1.0,0.0,1.0,1.0,1.0,0.0,1.0,0.47619047619047616,1.0,0.5416666666666666,0.5416666666666666,1.0,0.4444444444444444
787,positional,no,0,1.0,1.0,0.6363636363636364,0.4909090909090909,0.8,0.6,0.8,0.6,0.6883116883116883,0.875,0.875,0.5416666666666666,0.5416666666666666,0.6444444444444445
788,counting,no,0,1.0,1.0,0.09090909090909091,0.8181818181818182,1.0,1.0,0.2,0.6,0.4805194805194805,1.0,0.6,0.5,0.7666666666666667,0.4666666666666667
789,object,no,1,0.9090909090909091,0.8181818181818182,1.0,1.0,0.6,0.4,1.0,1.0,0.9090909090909091,0.675,0.875,0.7666666666666667,1.0,0.6444444444444445
790,attribute,no,1,1.0,1.0,0.8181818181818182,0.6727272727272727,0.6,0.4,0.2,0.6,0.8268398268398268,0.7666666666666667,0.6,0.6,0.5,0.4666666666666667
791,object,no,0,1.0,1.0,1.0,1.0,1.0,1.0,0.8,0.6,1.0,1.0,0.875,1.0,0.875,0.8
792,positional,no,0,0.36363636363636365,0.4909090909090909,0.0,1.0,0.6,0.4,0.4,0.4,0.6883116883116883,0.475,0.5,0.675,0.7666666666666667,0.4444444444444444
793,positional,no,0,1.0,1.0,0.45454545454545453,0.45454545454545453,0.8,0.6,0.8,0.6,0.5844155844155844,0.875,0.875,0.475,0.475,0.6444444444444445
794,attribute,no,0,1.0,1.0,1.0,1.0,0.8,0.6,0.8,0.6,1.0,0.875,0.875,0.875,0.875,0.6444444444444445
795,object,no,0,1.0,1.0,1.0,1.0,1.0,1.0,0.6,0.4,1.0,1.0,0.7666666666666667,1.0,0.7666666666666667,0.6444444444444445
796,counting,no,0,1.0,1.0,1.0,1.0,1.0,1.0,0.8,0.6,1.0,1.0,0.875,1.0,0.875,0.8
797,object,no,0,1.0,1.0,1.0,1.0,1.0,1.0,1.0,1.0,1.0,1.0,1.0,1.0,1.0,1.0
799,counting,no,0,1.0,1.0,0.0,1.0,0.8,0.6,0.0,1.0,0.47619047619047616,0.875,0.5416666666666666,0.6,1.0,0.4666666666666667
800,sentiment,no,0,1.0,1.0,1.0,1.0,0.6,0.4,0.6,0.4,1.0,0.7666666666666667,0.7666666666666667,0.7666666666666667,0.7666666666666667,0.4666666666666667
801,object,no,1,1.0,1.0,0.18181818181818182,0.6727272727272727,1.0,1.0,0.2,0.6,0.4935064935064935,1.0,0.6,0.475,0.675,0.4666666666666667
802,object,no,0,0.9090909090909091,0.8181818181818182,0.9090909090909091,0.8181818181818182,1.0,1.0,0.8,0.6,0.8268398268398268,0.875,0.7666666666666667,0.875,0.7666666666666667,0.8
803,attribute,no,0,0.8181818181818182,0.6727272727272727,0.09090909090909091,0.8181818181818182,0.8,0.6,0.4,0.4,0.4805194805194805,0.675,0.5416666666666666,0.5416666666666666,0.675,0.4666666666666667
804,sentiment,no,1,0.9090909090909091,0.8181818181818182,1.0,1.0,1.0,1.0,1.0,1.0,0.9090909090909091,0.875,0.875,1.0,1.0,1.0
805,positional,no,0,1.0,1.0,1.0,1.0,0.6,0.4,0.8,0.6,1.0,0.7666666666666667,0.875,0.7666666666666667,0.875,0.5333333333333333
806,counting,no,1,0.8181818181818182,0.6727272727272727,0.0,1.0,1.0,1.0,0.0,1.0,0.4935064935064935,0.7666666666666667,0.475,0.5416666666666666,1.0,0.4444444444444444
807,attribute,no,1,0.0,1.0,0.9090909090909091,0.8181818181818182,0.8,0.6,0.6,0.4,0.4805194805194805,0.6,0.675,0.7666666666666667,0.675,0.5333333333333333
808,object,no,0,1.0,1.0,1.0,1.0,1.0,1.0,0.8,0.6,1.0,1.0,0.875,1.0,0.875,0.8
809,object,no,1,0.9090909090909091,0.8181818181818182,1.0,1.0,1.0,1.0,1.0,1.0,0.9090909090909091,0.875,0.875,1.0,1.0,1.0
810,counting,no,0,0.8181818181818182,0.6727272727272727,1.0,1.0,0.2,0.6,0.8,0.6,0.8268398268398268,0.5,0.675,0.6,0.875,0.4444444444444444
811,object,no,0,0.0,1.0,0.0,1.0,0.6,0.4,0.0,1.0,1.0,0.675,1.0,0.675,1.0,0.5333333333333333
812,object,no,0,0.9090909090909091,0.8181818181818182,0.9090909090909091,0.8181818181818182,0.8,0.6,0.8,0.6,0.8268398268398268,0.7666666666666667,0.7666666666666667,0.7666666666666667,0.7666666666666667,0.6444444444444445
813,attribute,no,0,1.0,1.0,1.0,1.0,1.0,1.0,1.0,1.0,1.0,1.0,1.0,1.0,1.0,1.0
814,counting,no,0,0.09090909090909091,0.8181818181818182,0.45454545454545453,0.45454545454545453,0.0,1.0,0.4,0.4,0.5844155844155844,0.875,0.675,0.5416666666666666,0.475,0.6444444444444445
815,object,no,1,0.8181818181818182,0.6727272727272727,0.9090909090909091,0.8181818181818182,1.0,1.0,0.8,0.6,0.7532467532467533,0.7666666666666667,0.675,0.875,0.7666666666666667,0.8
816,positional,no,1,0.0,1.0,0.0,1.0,0.6,0.4,0.0,1.0,1.0,0.675,1.0,0.675,1.0,0.5333333333333333
817,object,no,0,1.0,1.0,0.9090909090909091,0.8181818181818182,0.8,0.6,0.8,0.6,0.9090909090909091,0.875,0.875,0.7666666666666667,0.7666666666666667,0.6444444444444445
818,object,no,1,0.6363636363636364,0.4909090909090909,0.7272727272727273,0.5636363636363636,0.8,0.6,1.0,1.0,0.5454545454545454,0.5416666666666666,0.6,0.6,0.675,0.8
819,object,no,1,0.8181818181818182,0.6727272727272727,0.8181818181818182,0.6727272727272727,1.0,1.0,1.0,1.0,0.6883116883116883,0.7666666666666667,0.7666666666666667,0.7666666666666667,0.7666666666666667,1.0
820,sentiment,no,0,1.0,1.0,1.0,1.0,1.0,1.0,1.0,1.0,1.0,1.0,1.0,1.0,1.0,1.0
821,object,no,0,1.0,1.0,1.0,1.0,1.0,1.0,1.0,1.0,1.0,1.0,1.0,1.0,1.0,1.0
822,object,no,0,1.0,1.0,1.0,1.0,1.0,1.0,1.0,1.0,1.0,1.0,1.0,1.0,1.0,1.0
823,positional,no,0,1.0,1.0,0.36363636363636365,0.4909090909090909,1.0,1.0,1.0,1.0,0.5454545454545454,1.0,1.0,0.475,0.475,1.0
824,object,no,1,0.18181818181818182,0.6727272727272727,0.2727272727272727,0.5636363636363636,0.4,0.4,0.0,1.0,0.6320346320346321,0.6,0.7666666666666667,0.5416666666666666,0.675,0.6444444444444445
825,attribute,no,0,0.7272727272727273,0.5636363636363636,0.0,1.0,0.8,0.6,0.0,1.0,0.5151515151515151,0.6,0.4666666666666667,0.6,1.0,0.4666666666666667
826,object,no,1,0.18181818181818182,0.6727272727272727,0.18181818181818182,0.6727272727272727,0.4,0.4,0.8,0.6,0.6883116883116883,0.6,0.5,0.6,0.5,0.4666666666666667
827,attribute,no,1,0.6363636363636364,0.4909090909090909,1.0,1.0,0.6,0.4,0.8,0.6,0.6883116883116883,0.5,0.5416666666666666,0.7666666666666667,0.875,0.5333333333333333
828,positional,no,0,1.0,1.0,0.09090909090909091,0.8181818181818182,1.0,1.0,0.4,0.4,0.4805194805194805,1.0,0.675,0.5,0.675,0.5333333333333333
829,object,no,0,1.0,1.0,1.0,1.0,1.0,1.0,1.0,1.0,1.0,1.0,1.0,1.0,1.0,1.0
831,counting,no,0,1.0,1.0,0.0,1.0,0.8,0.6,0.2,0.6,0.47619047619047616,0.875,0.6,0.6,0.875,0.4444444444444444
832,attribute,no,0,0.9090909090909091,0.8181818181818182,0.6363636363636364,0.4909090909090909,1.0,1.0,0.8,0.6,0.6320346320346321,0.875,0.7666666666666667,0.6,0.5416666666666666,0.8
833,positional,no,0,1.0,1.0,0.9090909090909091,0.8181818181818182,1.0,1.0,0.6,0.4,0.9090909090909091,1.0,0.7666666666666667,0.875,0.675,0.6444444444444445
834,positional,no,0,1.0,1.0,1.0,1.0,1.0,1.0,0.8,0.6,1.0,1.0,0.875,1.0,0.875,0.8
835,object,no,1,0.2727272727272727,0.5636363636363636,0.18181818181818182,0.6727272727272727,1.0,1.0,1.0,1.0,0.6320346320346321,0.4666666666666667,0.4666666666666667,0.475,0.475,1.0
836,counting,no,0,1.0,1.0,0.2727272727272727,0.5636363636363636,1.0,1.0,0.4,0.4,0.5151515151515151,1.0,0.675,0.4666666666666667,0.5416666666666666,0.5333333333333333
837,object,no,0,1.0,1.0,0.8181818181818182,0.6727272727272727,1.0,1.0,0.8,0.6,0.8268398268398268,1.0,0.875,0.7666666666666667,0.675,0.8
838,positional,no,0,1.0,1.0,0.9090909090909091,0.8181818181818182,1.0,1.0,0.8,0.6,0.9090909090909091,1.0,0.875,0.875,0.7666666666666667,0.8
839,attribute,no,0,1.0,1.0,1.0,1.0,1.0,1.0,1.0,1.0,1.0,1.0,1.0,1.0,1.0,1.0
840,attribute,no,1,1.0,1.0,1.0,1.0,1.0,1.0,1.0,1.0,1.0,1.0,1.0,1.0,1.0,1.0
842,attribute,no,0,1.0,1.0,0.9090909090909091,0.8181818181818182,1.0,1.0,0.6,0.4,0.9090909090909091,1.0,0.7666666666666667,0.875,0.675,0.6444444444444445
843,sentiment,no,0,1.0,1.0,1.0,1.0,1.0,1.0,1.0,1.0,1.0,1.0,1.0,1.0,1.0,1.0
844,positional,no,0,1.0,1.0,1.0,1.0,1.0,1.0,1.0,1.0,1.0,1.0,1.0,1.0,1.0,1.0
845,sentiment,no,1,0.9090909090909091,0.8181818181818182,0.9090909090909091,0.8181818181818182,1.0,1.0,0.8,0.6,0.8268398268398268,0.875,0.7666666666666667,0.875,0.7666666666666667,0.8
846,attribute,no,0,1.0,1.0,1.0,1.0,1.0,1.0,0.8,0.6,1.0,1.0,0.875,1.0,0.875,0.8
847,attribute,no,1,0.0,1.0,1.0,1.0,0.0,1.0,1.0,1.0,0.47619047619047616,1.0,0.5416666666666666,0.5416666666666666,1.0,0.4444444444444444
848,object,no,0,1.0,1.0,0.9090909090909091,0.8181818181818182,1.0,1.0,0.8,0.6,0.9090909090909091,1.0,0.875,0.875,0.7666666666666667,0.8
849,attribute,no,1,1.0,1.0,0.9090909090909091,0.8181818181818182,1.0,1.0,1.0,1.0,0.9090909090909091,1.0,1.0,0.875,0.875,1.0
850,attribute,no,0,1.0,1.0,0.9090909090909091,0.8181818181818182,0.8,0.6,1.0,1.0,0.9090909090909091,0.875,1.0,0.7666666666666667,0.875,0.8
851,object,no,0,1.0,1.0,0.9090909090909091,0.8181818181818182,1.0,1.0,0.8,0.6,0.9090909090909091,1.0,0.875,0.875,0.7666666666666667,0.8
853,object,no,1,0.36363636363636365,0.4909090909090909,0.7272727272727273,0.5636363636363636,0.2,0.6,0.6,0.4,0.4805194805194805,0.5416666666666666,0.475,0.475,0.5416666666666666,0.4666666666666667
854,attribute,no,0,1.0,1.0,1.0,1.0,0.4,0.4,1.0,1.0,1.0,0.675,1.0,0.675,1.0,0.5333333333333333
855,attribute,no,0,0.6363636363636364,0.4909090909090909,0.45454545454545453,0.45454545454545453,1.0,1.0,0.8,0.6,0.4805194805194805,0.6,0.5416666666666666,0.5,0.475,0.8
856,sentiment,no,0,1.0,1.0,1.0,1.0,1.0,1.0,1.0,1.0,1.0,1.0,1.0,1.0,1.0,1.0
857,object,no,0,1.0,1.0,1.0,1.0,1.0,1.0,0.8,0.6,1.0,1.0,0.875,1.0,0.875,0.8
858,object,no,0,1.0,1.0,0.6363636363636364,0.4909090909090909,1.0,1.0,0.8,0.6,0.6883116883116883,1.0,0.875,0.6,0.5416666666666666,0.8
859,object,no,0,1.0,1.0,0.9090909090909091,0.8181818181818182,1.0,1.0,1.0,1.0,0.9090909090909091,1.0,1.0,0.875,0.875,1.0
860,object,no,0,0.8181818181818182,0.6727272727272727,0.8181818181818182,0.6727272727272727,0.8,0.6,0.6,0.4,0.6883116883116883,0.675,0.6,0.675,0.6,0.5333333333333333
861,counting,no,0,0.9090909090909091,0.8181818181818182,0.0,1.0,1.0,1.0,0.0,1.0,0.4805194805194805,0.875,0.5,0.5416666666666666,1.0,0.4444444444444444
862,object,no,1,0.6363636363636364,0.4909090909090909,0.7272727272727273,0.5636363636363636,0.4,0.4,1.0,1.0,0.5454545454545454,0.475,0.6,0.5,0.675,0.5333333333333333
863,object,no,0,0.8181818181818182,0.6727272727272727,0.6363636363636364,0.4909090909090909,0.8,0.6,0.0,1.0,0.5844155844155844,0.675,0.475,0.5416666666666666,0.475,0.4666666666666667
864,object,no,0,1.0,1.0,1.0,1.0,1.0,1.0,1.0,1.0,1.0,1.0,1.0,1.0,1.0,1.0
865,object,no,0,1.0,1.0,0.9090909090909091,0.8181818181818182,1.0,1.0,0.8,0.6,0.9090909090909091,1.0,0.875,0.875,0.7666666666666667,0.8
867,attribute,no,0,1.0,1.0,0.9090909090909091,0.8181818181818182,1.0,1.0,0.8,0.6,0.9090909090909091,1.0,0.875,0.875,0.7666666666666667,0.8
868,sentiment,no,0,0.5454545454545454,0.45454545454545453,0.0,1.0,1.0,1.0,0.0,1.0,0.5844155844155844,0.5416666666666666,0.5,0.5416666666666666,1.0,0.4444444444444444
869,attribute,no,0,1.0,1.0,1.0,1.0,1.0,1.0,1.0,1.0,1.0,1.0,1.0,1.0,1.0,1.0
870,sentiment,no,1,1.0,1.0,0.0,1.0,0.8,0.6,0.0,1.0,0.47619047619047616,0.875,0.5416666666666666,0.6,1.0,0.4666666666666667
871,object,no,0,1.0,1.0,0.9090909090909091,0.8181818181818182,1.0,1.0,1.0,1.0,0.9090909090909091,1.0,1.0,0.875,0.875,1.0
872,counting,no,0,0.9090909090909091,0.8181818181818182,0.6363636363636364,0.4909090909090909,0.4,0.4,0.6,0.4,0.6320346320346321,0.6,0.675,0.475,0.5,0.4444444444444444
873,object,no,1,1.0,1.0,1.0,1.0,1.0,1.0,1.0,1.0,1.0,1.0,1.0,1.0,1.0,1.0
875,attribute,no,0,1.0,1.0,1.0,1.0,0.8,0.6,1.0,1.0,1.0,0.875,1.0,0.875,1.0,0.8
877,object,no,0,0.8181818181818182,0.6727272727272727,0.45454545454545453,0.45454545454545453,0.6,0.4,0.4,0.4,0.5151515151515151,0.6,0.5416666666666666,0.4666666666666667,0.475,0.4444444444444444
878,sentiment,no,0,0.2727272727272727,0.5636363636363636,0.9090909090909091,0.8181818181818182,0.4,0.4,1.0,1.0,0.4935064935064935,0.5416666666666666,0.4666666666666667,0.6,0.875,0.5333333333333333
879,object,no,0,1.0,1.0,1.0,1.0,1.0,1.0,0.8,0.6,1.0,1.0,0.875,1.0,0.875,0.8
880,counting,no,1,0.6363636363636364,0.4909090909090909,0.0,1.0,0.8,0.6,0.0,1.0,0.5454545454545454,0.5416666666666666,0.475,0.6,1.0,0.4666666666666667
881,sentiment,no,0,0.0,1.0,1.0,1.0,0.0,1.0,0.6,0.4,0.47619047619047616,1.0,0.675,0.5416666666666666,0.7666666666666667,0.5333333333333333
882,positional,no,0,1.0,1.0,0.7272727272727273,0.5636363636363636,1.0,1.0,0.6,0.4,0.7532467532467533,1.0,0.7666666666666667,0.675,0.5416666666666666,0.6444444444444445
883,positional,no,0,1.0,1.0,1.0,1.0,1.0,1.0,1.0,1.0,1.0,1.0,1.0,1.0,1.0,1.0
884,positional,no,0,1.0,1.0,1.0,1.0,1.0,1.0,0.8,0.6,1.0,1.0,0.875,1.0,0.875,0.8
885,positional,no,1,1.0,1.0,1.0,1.0,1.0,1.0,1.0,1.0,1.0,1.0,1.0,1.0,1.0,1.0
886,attribute,no,0,0.7272727272727273,0.5636363636363636,0.7272727272727273,0.5636363636363636,1.0,1.0,1.0,1.0,0.5844155844155844,0.675,0.675,0.675,0.675,1.0
887,positional,no,0,1.0,1.0,1.0,1.0,1.0,1.0,1.0,1.0,1.0,1.0,1.0,1.0,1.0,1.0
888,attribute,no,0,0.9090909090909091,0.8181818181818182,0.9090909090909091,0.8181818181818182,0.6,0.4,0.8,0.6,0.8268398268398268,0.675,0.7666666666666667,0.675,0.7666666666666667,0.5333333333333333
889,attribute,no,0,1.0,1.0,1.0,1.0,0.8,0.6,0.6,0.4,1.0,0.875,0.7666666666666667,0.875,0.7666666666666667,0.5333333333333333
890,attribute,no,0,0.9090909090909091,0.8181818181818182,0.9090909090909091,0.8181818181818182,1.0,1.0,0.8,0.6,0.8268398268398268,0.875,0.7666666666666667,0.875,0.7666666666666667,0.8
891,attribute,no,0,0.6363636363636364,0.4909090909090909,0.36363636363636365,0.4909090909090909,0.4,0.4,0.6,0.4,0.47619047619047616,0.475,0.5,0.5,0.475,0.4444444444444444
893,attribute,no,0,1.0,1.0,1.0,1.0,1.0,1.0,1.0,1.0,1.0,1.0,1.0,1.0,1.0,1.0
894,positional,no,1,0.8181818181818182,0.6727272727272727,0.5454545454545454,0.45454545454545453,0.6,0.4,0.6,0.4,0.5454545454545454,0.6,0.6,0.475,0.475,0.4666666666666667
896,object,no,0,1.0,1.0,1.0,1.0,1.0,1.0,1.0,1.0,1.0,1.0,1.0,1.0,1.0,1.0
897,attribute,no,1,0.45454545454545453,0.45454545454545453,0.6363636363636364,0.4909090909090909,1.0,1.0,0.8,0.6,0.4805194805194805,0.5,0.475,0.6,0.5416666666666666,0.8
899,positional,no,1,1.0,1.0,0.0,1.0,1.0,1.0,0.0,1.0,0.47619047619047616,1.0,0.5416666666666666,0.5416666666666666,1.0,0.4444444444444444
900,sentiment,no,0,1.0,1.0,0.9090909090909091,0.8181818181818182,1.0,1.0,1.0,1.0,0.9090909090909091,1.0,1.0,0.875,0.875,1.0
901,counting,no,0,1.0,1.0,0.0,1.0,1.0,1.0,0.0,1.0,0.47619047619047616,1.0,0.5416666666666666,0.5416666666666666,1.0,0.4444444444444444
902,object,no,0,1.0,1.0,0.9090909090909091,0.8181818181818182,1.0,1.0,1.0,1.0,0.9090909090909091,1.0,1.0,0.875,0.875,1.0
903,sentiment,no,0,1.0,1.0,0.9090909090909091,0.8181818181818182,0.8,0.6,0.6,0.4,0.9090909090909091,0.875,0.7666666666666667,0.7666666666666667,0.675,0.5333333333333333
904,attribute,no,0,1.0,1.0,1.0,1.0,1.0,1.0,1.0,1.0,1.0,1.0,1.0,1.0,1.0,1.0
905,positional,no,0,0.8181818181818182,0.6727272727272727,0.0,1.0,0.6,0.4,0.0,1.0,0.4935064935064935,0.6,0.475,0.675,1.0,0.5333333333333333
906,positional,no,0,1.0,1.0,0.9090909090909091,0.8181818181818182,1.0,1.0,0.6,0.4,0.9090909090909091,1.0,0.7666666666666667,0.875,0.675,0.6444444444444445
907,object,no,0,1.0,1.0,1.0,1.0,1.0,1.0,0.8,0.6,1.0,1.0,0.875,1.0,0.875,0.8
908,positional,no,1,0.18181818181818182,0.6727272727272727,0.6363636363636364,0.4909090909090909,0.6,0.4,1.0,1.0,0.4935064935064935,0.5416666666666666,0.475,0.5,0.6,0.6444444444444445
909,object,no,1,1.0,1.0,1.0,1.0,0.8,0.6,1.0,1.0,1.0,0.875,1.0,0.875,1.0,0.8
910,counting,no,0,1.0,1.0,0.0,1.0,0.2,0.6,0.4,0.4,0.47619047619047616,0.6,0.675,0.875,0.7666666666666667,0.5333333333333333
911,positional,no,0,1.0,1.0,0.18181818181818182,0.6727272727272727,0.8,0.6,0.0,1.0,0.4935064935064935,0.875,0.5416666666666666,0.5,0.7666666666666667,0.4666666666666667
912,attribute,no,0,1.0,1.0,1.0,1.0,1.0,1.0,1.0,1.0,1.0,1.0,1.0,1.0,1.0,1.0
913,object,no,0,1.0,1.0,1.0,1.0,1.0,1.0,0.8,0.6,1.0,1.0,0.875,1.0,0.875,0.8
914,counting,no,0,0.9090909090909091,0.8181818181818182,0.0,1.0,1.0,1.0,0.0,1.0,0.4805194805194805,0.875,0.5,0.5416666666666666,1.0,0.4444444444444444
915,object,no,1,1.0,1.0,1.0,1.0,1.0,1.0,0.8,0.6,1.0,1.0,0.875,1.0,0.875,0.8
916,attribute,no,0,1.0,1.0,1.0,1.0,1.0,1.0,1.0,1.0,1.0,1.0,1.0,1.0,1.0,1.0
917,counting,no,0,1.0,1.0,1.0,1.0,1.0,1.0,0.8,0.6,1.0,1.0,0.875,1.0,0.875,0.8
918,counting,no,0,1.0,1.0,0.0,1.0,1.0,1.0,0.0,1.0,0.47619047619047616,1.0,0.5416666666666666,0.5416666666666666,1.0,0.4444444444444444
919,attribute,no,0,1.0,1.0,1.0,1.0,1.0,1.0,1.0,1.0,1.0,1.0,1.0,1.0,1.0,1.0
920,positional,no,0,0.7272727272727273,0.5636363636363636,0.09090909090909091,0.8181818181818182,0.8,0.6,0.6,0.4,0.4935064935064935,0.6,0.5416666666666666,0.5416666666666666,0.6,0.5333333333333333
921,positional,no,0,0.9090909090909091,0.8181818181818182,0.6363636363636364,0.4909090909090909,1.0,1.0,1.0,1.0,0.6320346320346321,0.875,0.875,0.6,0.6,1.0
922,object,no,0,0.7272727272727273,0.5636363636363636,0.9090909090909091,0.8181818181818182,0.8,0.6,1.0,1.0,0.6883116883116883,0.6,0.675,0.7666666666666667,0.875,0.8
923,object,no,1,0.18181818181818182,0.6727272727272727,0.36363636363636365,0.4909090909090909,0.6,0.4,0.0,1.0,0.5844155844155844,0.5416666666666666,0.7666666666666667,0.475,0.6,0.5333333333333333
924,object,no,0,0.7272727272727273,0.5636363636363636,0.8181818181818182,0.6727272727272727,1.0,1.0,0.8,0.6,0.6320346320346321,0.675,0.6,0.7666666666666667,0.675,0.8
925,attribute,no,0,1.0,1.0,1.0,1.0,1.0,1.0,0.8,0.6,1.0,1.0,0.875,1.0,0.875,0.8
926,attribute,no,0,1.0,1.0,1.0,1.0,0.2,0.6,0.8,0.6,1.0,0.6,0.875,0.6,0.875,0.4444444444444444
927,object,no,0,1.0,1.0,0.8181818181818182,0.6727272727272727,0.8,0.6,1.0,1.0,0.8268398268398268,0.875,1.0,0.675,0.7666666666666667,0.8
928,attribute,no,0,1.0,1.0,0.7272727272727273,0.5636363636363636,0.6,0.4,1.0,1.0,0.7532467532467533,0.7666666666666667,1.0,0.5416666666666666,0.675,0.6444444444444445
929,positional,no,0,1.0,1.0,0.0,1.0,1.0,1.0,0.8,0.6,0.47619047619047616,1.0,0.875,0.5416666666666666,0.6,0.8
930,attribute,no,0,1.0,1.0,1.0,1.0,1.0,1.0,1.0,1.0,1.0,1.0,1.0,1.0,1.0,1.0
931,object,no,0,1.0,1.0,0.9090909090909091,0.8181818181818182,0.8,0.6,0.8,0.6,0.9090909090909091,0.875,0.875,0.7666666666666667,0.7666666666666667,0.6444444444444445
932,positional,no,1,0.8181818181818182,0.6727272727272727,0.8181818181818182,0.6727272727272727,0.6,0.4,0.6,0.4,0.6883116883116883,0.6,0.6,0.6,0.6,0.4666666666666667
934,object,no,0,1.0,1.0,1.0,1.0,0.8,0.6,0.8,0.6,1.0,0.875,0.875,0.875,0.875,0.6444444444444445
935,counting,no,0,1.0,1.0,1.0,1.0,1.0,1.0,0.6,0.4,1.0,1.0,0.7666666666666667,1.0,0.7666666666666667,0.6444444444444445
937,attribute,no,0,1.0,1.0,1.0,1.0,1.0,1.0,0.8,0.6,1.0,1.0,0.875,1.0,0.875,0.8
939,attribute,no,0,1.0,1.0,1.0,1.0,1.0,1.0,1.0,1.0,1.0,1.0,1.0,1.0,1.0,1.0
940,object,no,0,0.9090909090909091,0.8181818181818182,0.9090909090909091,0.8181818181818182,1.0,1.0,0.8,0.6,0.8268398268398268,0.875,0.7666666666666667,0.875,0.7666666666666667,0.8
941,attribute,no,0,1.0,1.0,0.9090909090909091,0.8181818181818182,1.0,1.0,1.0,1.0,0.9090909090909091,1.0,1.0,0.875,0.875,1.0
942,object,no,0,1.0,1.0,1.0,1.0,1.0,1.0,1.0,1.0,1.0,1.0,1.0,1.0,1.0,1.0
943,object,no,0,1.0,1.0,1.0,1.0,1.0,1.0,0.8,0.6,1.0,1.0,0.875,1.0,0.875,0.8
944,counting,no,0,1.0,1.0,0.0,1.0,1.0,1.0,0.0,1.0,0.47619047619047616,1.0,0.5416666666666666,0.5416666666666666,1.0,0.4444444444444444
946,object,no,0,1.0,1.0,1.0,1.0,1.0,1.0,0.8,0.6,1.0,1.0,0.875,1.0,0.875,0.8
947,sentiment,no,1,0.9090909090909091,0.8181818181818182,1.0,1.0,1.0,1.0,1.0,1.0,0.9090909090909091,0.875,0.875,1.0,1.0,1.0
948,positional,no,0,1.0,1.0,0.7272727272727273,0.5636363636363636,0.4,0.4,1.0,1.0,0.7532467532467533,0.675,1.0,0.5,0.675,0.5333333333333333
949,counting,no,0,1.0,1.0,0.18181818181818182,0.6727272727272727,1.0,1.0,0.0,1.0,0.4935064935064935,1.0,0.5416666666666666,0.475,0.7666666666666667,0.4444444444444444
950,object,no,0,1.0,1.0,1.0,1.0,1.0,1.0,1.0,1.0,1.0,1.0,1.0,1.0,1.0,1.0
951,counting,no,0,0.9090909090909091,0.8181818181818182,0.18181818181818182,0.6727272727272727,1.0,1.0,0.4,0.4,0.4805194805194805,0.875,0.6,0.475,0.6,0.5333333333333333
952,attribute,no,0,1.0,1.0,0.7272727272727273,0.5636363636363636,0.8,0.6,0.4,0.4,0.7532467532467533,0.875,0.675,0.6,0.5,0.4666666666666667
953,positional,no,0,1.0,1.0,1.0,1.0,1.0,1.0,0.8,0.6,1.0,1.0,0.875,1.0,0.875,0.8
954,object,no,1,0.9090909090909091,0.8181818181818182,0.9090909090909091,0.8181818181818182,1.0,1.0,0.6,0.4,0.8268398268398268,0.875,0.675,0.875,0.675,0.6444444444444445
955,object,no,1,1.0,1.0,1.0,1.0,1.0,1.0,1.0,1.0,1.0,1.0,1.0,1.0,1.0,1.0
956,attribute,no,0,1.0,1.0,1.0,1.0,1.0,1.0,1.0,1.0,1.0,1.0,1.0,1.0,1.0,1.0
957,positional,no,0,1.0,1.0,1.0,1.0,1.0,1.0,0.6,0.4,1.0,1.0,0.7666666666666667,1.0,0.7666666666666667,0.6444444444444445
958,object,no,0,0.9090909090909091,0.8181818181818182,0.7272727272727273,0.5636363636363636,1.0,1.0,1.0,1.0,0.6883116883116883,0.875,0.875,0.675,0.675,1.0
959,attribute,no,0,1.0,1.0,0.8181818181818182,0.6727272727272727,1.0,1.0,1.0,1.0,0.8268398268398268,1.0,1.0,0.7666666666666667,0.7666666666666667,1.0
960,object,no,0,0.45454545454545453,0.45454545454545453,0.09090909090909091,0.8181818181818182,0.8,0.6,0.2,0.6,0.5844155844155844,0.475,0.5,0.5416666666666666,0.7666666666666667,0.4444444444444444
961,attribute,no,1,0.09090909090909091,0.8181818181818182,1.0,1.0,0.6,0.4,0.8,0.6,0.4805194805194805,0.6,0.5416666666666666,0.7666666666666667,0.875,0.5333333333333333
962,counting,no,1,0.18181818181818182,0.6727272727272727,0.09090909090909091,0.8181818181818182,0.6,0.4,0.4,0.4,0.7532467532467533,0.5416666666666666,0.6,0.6,0.675,0.4444444444444444
963,positional,no,0,1.0,1.0,0.8181818181818182,0.6727272727272727,1.0,1.0,1.0,1.0,0.8268398268398268,1.0,1.0,0.7666666666666667,0.7666666666666667,1.0
965,counting,no,0,1.0,1.0,0.0,1.0,0.8,0.6,0.0,1.0,0.47619047619047616,0.875,0.5416666666666666,0.6,1.0,0.4666666666666667
966,object,no,0,1.0,1.0,1.0,1.0,1.0,1.0,0.8,0.6,1.0,1.0,0.875,1.0,0.875,0.8
967,counting,no,0,0.6363636363636364,0.4909090909090909,0.18181818181818182,0.6727272727272727,0.0,1.0,0.4,0.4,0.4935064935064935,0.475,0.475,0.7666666666666667,0.6,0.6444444444444445
968,attribute,no,0,0.0,1.0,0.09090909090909091,0.8181818181818182,0.2,0.6,0.0,1.0,0.9090909090909091,0.875,1.0,0.7666666666666667,0.875,0.8
969,positional,no,1,0.6363636363636364,0.4909090909090909,0.7272727272727273,0.5636363636363636,0.4,0.4,0.6,0.4,0.5454545454545454,0.475,0.5,0.5,0.5416666666666666,0.4444444444444444
970,sentiment,no,0,1.0,1.0,1.0,1.0,1.0,1.0,0.8,0.6,1.0,1.0,0.875,1.0,0.875,0.8
971,object,no,0,0.9090909090909091,0.8181818181818182,0.2727272727272727,0.5636363636363636,1.0,1.0,0.8,0.6,0.4935064935064935,0.875,0.7666666666666667,0.4666666666666667,0.475,0.8
972,attribute,no,1,0.6363636363636364,0.4909090909090909,0.7272727272727273,0.5636363636363636,1.0,1.0,1.0,1.0,0.5454545454545454,0.6,0.6,0.675,0.675,1.0
973,object,no,0,1.0,1.0,1.0,1.0,1.0,1.0,1.0,1.0,1.0,1.0,1.0,1.0,1.0,1.0
974,attribute,no,0,1.0,1.0,0.9090909090909091,0.8181818181818182,0.4,0.4,1.0,1.0,0.9090909090909091,0.675,1.0,0.6,0.875,0.5333333333333333
975,attribute,no,0,1.0,1.0,1.0,1.0,1.0,1.0,1.0,1.0,1.0,1.0,1.0,1.0,1.0,1.0
976,object,no,0,1.0,1.0,0.8181818181818182,0.6727272727272727,1.0,1.0,0.8,0.6,0.8268398268398268,1.0,0.875,0.7666666666666667,0.675,0.8
977,attribute,no,0,0.9090909090909091,0.8181818181818182,0.9090909090909091,0.8181818181818182,1.0,1.0,1.0,1.0,0.8268398268398268,0.875,0.875,0.875,0.875,1.0
978,attribute,no,0,1.0,1.0,1.0,1.0,1.0,1.0,1.0,1.0,1.0,1.0,1.0,1.0,1.0,1.0
979,attribute,no,1,0.8181818181818182,0.6727272727272727,1.0,1.0,0.8,0.6,0.4,0.4,0.8268398268398268,0.675,0.5416666666666666,0.875,0.675,0.4666666666666667
980,attribute,no,1,0.0,1.0,0.7272727272727273,0.5636363636363636,0.4,0.4,1.0,1.0,0.5151515151515151,0.7666666666666667,0.5416666666666666,0.5,0.675,0.5333333333333333
981,attribute,no,0,1.0,1.0,1.0,1.0,1.0,1.0,1.0,1.0,1.0,1.0,1.0,1.0,1.0,1.0
982,attribute,no,1,1.0,1.0,0.9090909090909091,0.8181818181818182,1.0,1.0,0.6,0.4,0.9090909090909091,1.0,0.7666666666666667,0.875,0.675,0.6444444444444445
983,object,no,0,1.0,1.0,0.9090909090909091,0.8181818181818182,0.8,0.6,1.0,1.0,0.9090909090909091,0.875,1.0,0.7666666666666667,0.875,0.8
984,object,no,0,1.0,1.0,1.0,1.0,0.8,0.6,0.8,0.6,1.0,0.875,0.875,0.875,0.875,0.6444444444444445
985,object,no,0,1.0,1.0,1.0,1.0,1.0,1.0,1.0,1.0,1.0,1.0,1.0,1.0,1.0,1.0
986,object,no,0,0.9090909090909091,0.8181818181818182,0.36363636363636365,0.4909090909090909,1.0,1.0,0.0,1.0,0.5151515151515151,0.875,0.5,0.475,0.6,0.4444444444444444
987,sentiment,no,1,1.0,1.0,0.7272727272727273,0.5636363636363636,0.8,0.6,0.8,0.6,0.7532467532467533,0.875,0.875,0.6,0.6,0.6444444444444445
988,attribute,no,0,1.0,1.0,0.36363636363636365,0.4909090909090909,1.0,1.0,0.4,0.4,0.5454545454545454,1.0,0.675,0.475,0.5,0.5333333333333333
989,object,no,1,1.0,1.0,1.0,1.0,1.0,1.0,1.0,1.0,1.0,1.0,1.0,1.0,1.0,1.0
990,attribute,no,0,0.7272727272727273,0.5636363636363636,0.18181818181818182,0.6727272727272727,0.4,0.4,0.0,1.0,0.4805194805194805,0.5,0.4666666666666667,0.6,0.7666666666666667,0.6444444444444445
991,positional,no,1,0.6363636363636364,0.4909090909090909,1.0,1.0,0.8,0.6,1.0,1.0,0.6883116883116883,0.5416666666666666,0.6,0.875,1.0,0.8
992,attribute,no,0,1.0,1.0,1.0,1.0,1.0,1.0,1.0,1.0,1.0,1.0,1.0,1.0,1.0,1.0
993,object,no,0,1.0,1.0,0.9090909090909091,0.8181818181818182,1.0,1.0,0.8,0.6,0.9090909090909091,1.0,0.875,0.875,0.7666666666666667,0.8
994,counting,no,0,1.0,1.0,0.0,1.0,1.0,1.0,0.4,0.4,0.47619047619047616,1.0,0.675,0.5416666666666666,0.7666666666666667,0.5333333333333333
995,attribute,no,0,1.0,1.0,1.0,1.0,1.0,1.0,1.0,1.0,1.0,1.0,1.0,1.0,1.0,1.0
996,attribute,no,0,1.0,1.0,1.0,1.0,1.0,1.0,1.0,1.0,1.0,1.0,1.0,1.0,1.0,1.0
997,positional,no,0,1.0,1.0,1.0,1.0,1.0,1.0,1.0,1.0,1.0,1.0,1.0,1.0,1.0,1.0
998,attribute,no,0,1.0,1.0,1.0,1.0,0.8,0.6,1.0,1.0,1.0,0.875,1.0,0.875,1.0,0.8
999,sentiment,no,1,0.7272727272727273,0.5636363636363636,0.6363636363636364,0.4909090909090909,1.0,1.0,0.6,0.4,0.5454545454545454,0.675,0.5416666666666666,0.6,0.5,0.6444444444444445
1000,attribute,no,0,1.0,1.0,1.0,1.0,1.0,1.0,1.0,1.0,1.0,1.0,1.0,1.0,1.0,1.0
1001,counting,no,0,1.0,1.0,1.0,1.0,1.0,1.0,0.6,0.4,1.0,1.0,0.7666666666666667,1.0,0.7666666666666667,0.6444444444444445
1002,object,no,0,1.0,1.0,1.0,1.0,1.0,1.0,0.8,0.6,1.0,1.0,0.875,1.0,0.875,0.8
1003,positional,no,0,0.7272727272727273,0.5636363636363636,0.0,1.0,0.6,0.4,0.4,0.4,0.5151515151515151,0.5416666666666666,0.5,0.675,0.7666666666666667,0.4444444444444444
1004,attribute,no,0,1.0,1.0,0.8181818181818182,0.6727272727272727,1.0,1.0,1.0,1.0,0.8268398268398268,1.0,1.0,0.7666666666666667,0.7666666666666667,1.0
1005,counting,no,0,0.45454545454545453,0.45454545454545453,0.0,1.0,0.6,0.4,0.2,0.6,0.6320346320346321,0.4666666666666667,0.5,0.675,0.875,0.4666666666666667
1006,object,no,1,1.0,1.0,1.0,1.0,1.0,1.0,1.0,1.0,1.0,1.0,1.0,1.0,1.0,1.0
1008,counting,no,0,1.0,1.0,0.09090909090909091,0.8181818181818182,1.0,1.0,0.0,1.0,0.4805194805194805,1.0,0.5416666666666666,0.5,0.875,0.4444444444444444
1009,object,no,1,0.9090909090909091,0.8181818181818182,1.0,1.0,1.0,1.0,1.0,1.0,0.9090909090909091,0.875,0.875,1.0,1.0,1.0
1010,object,no,0,1.0,1.0,1.0,1.0,1.0,1.0,0.8,0.6,1.0,1.0,0.875,1.0,0.875,0.8
1012,attribute,no,0,1.0,1.0,0.9090909090909091,0.8181818181818182,0.8,0.6,1.0,1.0,0.9090909090909091,0.875,1.0,0.7666666666666667,0.875,0.8
1013,attribute,no,0,0.9090909090909091,0.8181818181818182,0.5454545454545454,0.45454545454545453,0.8,0.6,0.8,0.6,0.5844155844155844,0.7666666666666667,0.7666666666666667,0.5,0.5,0.6444444444444445
1014,attribute,no,0,1.0,1.0,1.0,1.0,0.4,0.4,0.6,0.4,1.0,0.675,0.7666666666666667,0.675,0.7666666666666667,0.4444444444444444
1015,object,no,1,0.8181818181818182,0.6727272727272727,1.0,1.0,1.0,1.0,1.0,1.0,0.8268398268398268,0.7666666666666667,0.7666666666666667,1.0,1.0,1.0
1016,attribute,no,0,1.0,1.0,1.0,1.0,0.8,0.6,1.0,1.0,1.0,0.875,1.0,0.875,1.0,0.8
1017,positional,no,1,0.8181818181818182,0.6727272727272727,0.0,1.0,0.8,0.6,0.0,1.0,0.4935064935064935,0.675,0.475,0.6,1.0,0.4666666666666667
1018,object,no,0,1.0,1.0,0.9090909090909091,0.8181818181818182,1.0,1.0,0.8,0.6,0.9090909090909091,1.0,0.875,0.875,0.7666666666666667,0.8
1019,attribute,no,0,0.9090909090909091,0.8181818181818182,0.09090909090909091,0.8181818181818182,0.8,0.6,0.6,0.4,0.47619047619047616,0.7666666666666667,0.675,0.5416666666666666,0.6,0.5333333333333333
1020,attribute,no,0,1.0,1.0,1.0,1.0,1.0,1.0,1.0,1.0,1.0,1.0,1.0,1.0,1.0,1.0
1021,object,no,1,1.0,1.0,1.0,1.0,0.8,0.6,1.0,1.0,1.0,0.875,1.0,0.875,1.0,0.8
1022,attribute,no,0,0.9090909090909091,0.8181818181818182,0.45454545454545453,0.45454545454545453,1.0,1.0,0.4,0.4,0.5454545454545454,0.875,0.6,0.5,0.475,0.5333333333333333
1023,object,no,0,0.45454545454545453,0.45454545454545453,0.09090909090909091,0.8181818181818182,0.4,0.4,0.0,1.0,0.5844155844155844,0.475,0.5416666666666666,0.675,0.875,0.6444444444444445
1024,object,no,1,1.0,1.0,1.0,1.0,1.0,1.0,1.0,1.0,1.0,1.0,1.0,1.0,1.0,1.0
1027,object,no,1,0.9090909090909091,0.8181818181818182,0.8181818181818182,0.6727272727272727,0.8,0.6,1.0,1.0,0.7532467532467533,0.7666666666666667,0.875,0.675,0.7666666666666667,0.8
1028,attribute,no,0,1.0,1.0,1.0,1.0,0.8,0.6,1.0,1.0,1.0,0.875,1.0,0.875,1.0,0.8
1029,attribute,no,0,1.0,1.0,1.0,1.0,1.0,1.0,1.0,1.0,1.0,1.0,1.0,1.0,1.0,1.0
1030,positional,no,1,1.0,1.0,1.0,1.0,1.0,1.0,0.8,0.6,1.0,1.0,0.875,1.0,0.875,0.8
1031,object,no,0,0.9090909090909091,0.8181818181818182,0.9090909090909091,0.8181818181818182,0.8,0.6,0.8,0.6,0.8268398268398268,0.7666666666666667,0.7666666666666667,0.7666666666666667,0.7666666666666667,0.6444444444444445
1032,positional,no,0,1.0,1.0,1.0,1.0,0.8,0.6,0.8,0.6,1.0,0.875,0.875,0.875,0.875,0.6444444444444445
1033,sentiment,no,0,0.9090909090909091,0.8181818181818182,0.9090909090909091,0.8181818181818182,1.0,1.0,1.0,1.0,0.8268398268398268,0.875,0.875,0.875,0.875,1.0
1034,attribute,no,0,0.9090909090909091,0.8181818181818182,1.0,1.0,1.0,1.0,1.0,1.0,0.9090909090909091,0.875,0.875,1.0,1.0,1.0
1035,object,no,0,0.8181818181818182,0.6727272727272727,0.45454545454545453,0.45454545454545453,0.8,0.6,0.6,0.4,0.5151515151515151,0.675,0.6,0.475,0.4666666666666667,0.5333333333333333
1036,object,no,0,1.0,1.0,1.0,1.0,1.0,1.0,0.8,0.6,1.0,1.0,0.875,1.0,0.875,0.8
1037,counting,no,0,1.0,1.0,1.0,1.0,1.0,1.0,0.4,0.4,1.0,1.0,0.675,1.0,0.675,0.5333333333333333
1038,attribute,no,0,0.9090909090909091,0.8181818181818182,0.6363636363636364,0.4909090909090909,1.0,1.0,1.0,1.0,0.6320346320346321,0.875,0.875,0.6,0.6,1.0
1039,object,no,1,0.09090909090909091,0.8181818181818182,0.5454545454545454,0.45454545454545453,0.2,0.6,0.6,0.4,0.5454545454545454,0.7666666666666667,0.6,0.475,0.475,0.4666666666666667
1040,attribute,no,0,0.9090909090909091,0.8181818181818182,1.0,1.0,1.0,1.0,1.0,1.0,0.9090909090909091,0.875,0.875,1.0,1.0,1.0
1041,object,no,1,0.9090909090909091,0.8181818181818182,1.0,1.0,1.0,1.0,0.8,0.6,0.9090909090909091,0.875,0.7666666666666667,1.0,0.875,0.8
1042,positional,no,0,1.0,1.0,1.0,1.0,1.0,1.0,0.6,0.4,1.0,1.0,0.7666666666666667,1.0,0.7666666666666667,0.6444444444444445
1043,positional,no,0,1.0,1.0,1.0,1.0,1.0,1.0,0.8,0.6,1.0,1.0,0.875,1.0,0.875,0.8
1044,object,no,1,0.45454545454545453,0.45454545454545453,1.0,1.0,0.8,0.6,1.0,1.0,0.5844155844155844,0.475,0.5,0.875,1.0,0.8
1045,attribute,no,0,1.0,1.0,1.0,1.0,0.2,0.6,0.6,0.4,1.0,0.6,0.7666666666666667,0.6,0.7666666666666667,0.4666666666666667
1046,object,no,0,1.0,1.0,1.0,1.0,0.8,0.6,0.8,0.6,1.0,0.875,0.875,0.875,0.875,0.6444444444444445
1048,positional,no,1,0.8181818181818182,0.6727272727272727,0.7272727272727273,0.5636363636363636,0.8,0.6,0.4,0.4,0.6320346320346321,0.675,0.5416666666666666,0.6,0.5,0.4666666666666667
1049,attribute,no,1,1.0,1.0,1.0,1.0,0.8,0.6,0.6,0.4,1.0,0.875,0.7666666666666667,0.875,0.7666666666666667,0.5333333333333333
1051,object,no,0,1.0,1.0,0.45454545454545453,0.45454545454545453,1.0,1.0,0.4,0.4,0.5844155844155844,1.0,0.675,0.5,0.475,0.5333333333333333
1052,sentiment,no,1,1.0,1.0,0.9090909090909091,0.8181818181818182,1.0,1.0,1.0,1.0,0.9090909090909091,1.0,1.0,0.875,0.875,1.0
1053,object,no,0,1.0,1.0,1.0,1.0,0.8,0.6,0.8,0.6,1.0,0.875,0.875,0.875,0.875,0.6444444444444445
1054,attribute,no,0,1.0,1.0,1.0,1.0,1.0,1.0,1.0,1.0,1.0,1.0,1.0,1.0,1.0,1.0
1055,sentiment,no,1,1.0,1.0,0.7272727272727273,0.5636363636363636,1.0,1.0,1.0,1.0,0.7532467532467533,1.0,1.0,0.675,0.675,1.0
1057,attribute,no,0,1.0,1.0,1.0,1.0,1.0,1.0,1.0,1.0,1.0,1.0,1.0,1.0,1.0,1.0
1058,object,no,0,0.9090909090909091,0.8181818181818182,0.0,1.0,1.0,1.0,0.6,0.4,0.4805194805194805,0.875,0.675,0.5416666666666666,0.675,0.6444444444444445
1059,positional,no,0,1.0,1.0,0.09090909090909091,0.8181818181818182,1.0,1.0,0.0,1.0,0.4805194805194805,1.0,0.5416666666666666,0.5,0.875,0.4444444444444444
1060,object,no,1,0.7272727272727273,0.5636363636363636,0.7272727272727273,0.5636363636363636,1.0,1.0,1.0,1.0,0.5844155844155844,0.675,0.675,0.675,0.675,1.0
1062,object,no,0,0.6363636363636364,0.4909090909090909,0.09090909090909091,0.8181818181818182,0.6,0.4,0.4,0.4,0.5151515151515151,0.5,0.475,0.6,0.675,0.4444444444444444
1063,positional,no,0,1.0,1.0,0.18181818181818182,0.6727272727272727,1.0,1.0,0.4,0.4,0.4935064935064935,1.0,0.675,0.475,0.6,0.5333333333333333
1064,sentiment,no,0,1.0,1.0,0.9090909090909091,0.8181818181818182,1.0,1.0,0.8,0.6,0.9090909090909091,1.0,0.875,0.875,0.7666666666666667,0.8
1066,sentiment,no,1,1.0,1.0,0.6363636363636364,0.4909090909090909,1.0,1.0,1.0,1.0,0.6883116883116883,1.0,1.0,0.6,0.6,1.0
1067,attribute,no,0,1.0,1.0,1.0,1.0,1.0,1.0,1.0,1.0,1.0,1.0,1.0,1.0,1.0,1.0
1069,positional,no,0,0.9090909090909091,0.8181818181818182,0.45454545454545453,0.45454545454545453,1.0,1.0,0.8,0.6,0.5454545454545454,0.875,0.7666666666666667,0.5,0.475,0.8
1070,object,no,0,0.8181818181818182,0.6727272727272727,0.5454545454545454,0.45454545454545453,1.0,1.0,0.8,0.6,0.5454545454545454,0.7666666666666667,0.675,0.5416666666666666,0.5,0.8
1072,attribute,no,0,1.0,1.0,1.0,1.0,1.0,1.0,1.0,1.0,1.0,1.0,1.0,1.0,1.0,1.0
1073,object,no,1,0.8181818181818182,0.6727272727272727,0.8181818181818182,0.6727272727272727,1.0,1.0,0.6,0.4,0.6883116883116883,0.7666666666666667,0.6,0.7666666666666667,0.6,0.6444444444444445
1074,object,no,0,1.0,1.0,1.0,1.0,0.8,0.6,1.0,1.0,1.0,0.875,1.0,0.875,1.0,0.8
1075,counting,no,0,1.0,1.0,0.9090909090909091,0.8181818181818182,1.0,1.0,0.6,0.4,0.9090909090909091,1.0,0.7666666666666667,0.875,0.675,0.6444444444444445
1076,object,no,0,1.0,1.0,1.0,1.0,1.0,1.0,1.0,1.0,1.0,1.0,1.0,1.0,1.0,1.0
1077,object,no,1,0.5454545454545454,0.45454545454545453,0.7272727272727273,0.5636363636363636,0.0,1.0,0.4,0.4,0.5151515151515151,0.5,0.4666666666666667,0.4666666666666667,0.5,0.6444444444444445
1078,positional,no,0,1.0,1.0,0.9090909090909091,0.8181818181818182,1.0,1.0,0.4,0.4,0.9090909090909091,1.0,0.675,0.875,0.6,0.5333333333333333
1079,attribute,no,0,0.9090909090909091,0.8181818181818182,0.7272727272727273,0.5636363636363636,0.8,0.6,0.8,0.6,0.6883116883116883,0.7666666666666667,0.7666666666666667,0.6,0.6,0.6444444444444445
1080,attribute,no,0,1.0,1.0,1.0,1.0,1.0,1.0,1.0,1.0,1.0,1.0,1.0,1.0,1.0,1.0
1081,sentiment,no,0,0.9090909090909091,0.8181818181818182,1.0,1.0,1.0,1.0,0.8,0.6,0.9090909090909091,0.875,0.7666666666666667,1.0,0.875,0.8
1082,sentiment,no,1,0.36363636363636365,0.4909090909090909,0.09090909090909091,0.8181818181818182,0.4,0.4,0.0,1.0,0.6320346320346321,0.5,0.6,0.675,0.875,0.6444444444444445
1083,counting,no,0,1.0,1.0,0.0,1.0,1.0,1.0,0.0,1.0,0.47619047619047616,1.0,0.5416666666666666,0.5416666666666666,1.0,0.4444444444444444
1085,counting,no,0,0.9090909090909091,0.8181818181818182,0.8181818181818182,0.6727272727272727,1.0,1.0,0.6,0.4,0.7532467532467533,0.875,0.675,0.7666666666666667,0.6,0.6444444444444445
1086,attribute,no,0,1.0,1.0,0.9090909090909091,0.8181818181818182,1.0,1.0,0.6,0.4,0.9090909090909091,1.0,0.7666666666666667,0.875,0.675,0.6444444444444445
1087,attribute,no,1,0.36363636363636365,0.4909090909090909,0.8181818181818182,0.6727272727272727,0.8,0.6,0.6,0.4,0.4935064935064935,0.4666666666666667,0.475,0.675,0.6,0.5333333333333333
1088,object,no,0,1.0,1.0,0.7272727272727273,0.5636363636363636,0.6,0.4,0.4,0.4,0.7532467532467533,0.7666666666666667,0.675,0.5416666666666666,0.5,0.4444444444444444
1089,object,no,0,0.9090909090909091,0.8181818181818182,0.5454545454545454,0.45454545454545453,1.0,1.0,1.0,1.0,0.5844155844155844,0.875,0.875,0.5416666666666666,0.5416666666666666,1.0
1091,sentiment,no,0,1.0,1.0,1.0,1.0,1.0,1.0,1.0,1.0,1.0,1.0,1.0,1.0,1.0,1.0
1092,attribute,no,1,0.09090909090909091,0.8181818181818182,0.8181818181818182,0.6727272727272727,0.6,0.4,1.0,1.0,0.4805194805194805,0.6,0.5,0.6,0.7666666666666667,0.6444444444444445
1093,object,no,1,0.9090909090909091,0.8181818181818182,1.0,1.0,1.0,1.0,1.0,1.0,0.9090909090909091,0.875,0.875,1.0,1.0,1.0
1094,sentiment,no,1,1.0,1.0,1.0,1.0,1.0,1.0,0.8,0.6,1.0,1.0,0.875,1.0,0.875,0.8
1095,sentiment,no,1,1.0,1.0,0.0,1.0,1.0,1.0,0.0,1.0,0.47619047619047616,1.0,0.5416666666666666,0.5416666666666666,1.0,0.4444444444444444
1096,attribute,no,0,1.0,1.0,1.0,1.0,0.8,0.6,0.8,0.6,1.0,0.875,0.875,0.875,0.875,0.6444444444444445
1097,object,no,0,1.0,1.0,1.0,1.0,1.0,1.0,0.8,0.6,1.0,1.0,0.875,1.0,0.875,0.8
1098,sentiment,no,0,1.0,1.0,1.0,1.0,1.0,1.0,0.6,0.4,1.0,1.0,0.7666666666666667,1.0,0.7666666666666667,0.6444444444444445
1099,object,no,1,1.0,1.0,1.0,1.0,1.0,1.0,0.8,0.6,1.0,1.0,0.875,1.0,0.875,0.8
1100,positional,no,0,1.0,1.0,1.0,1.0,1.0,1.0,0.8,0.6,1.0,1.0,0.875,1.0,0.875,0.8
