id,type,truth,hal_label,QA_ITA,PA_ITA,QA_ITC,PA_ITC,QA_FSA,PA_FSA,QA_FSC,PA_FSC,PA_ITA_ITC,PA_ITA_FSA,PA_ITA_FSC,PA_ITC_FSA,PA_ITC_FSC,PA_FSA_FSC
1,attribute,yes,0,1.0,1.0,0.6363636363636364,0.4909090909090909,1.0,1.0,0.0,1.0,0.6883116883116883,1.0,0.5416666666666666,0.6,0.475,0.4444444444444444
2,object,yes,0,1.0,1.0,0.09090909090909091,0.8181818181818182,1.0,1.0,0.0,1.0,0.4805194805194805,1.0,0.5416666666666666,0.5,0.875,0.4444444444444444
3,object,yes,0,1.0,1.0,1.0,1.0,1.0,1.0,0.6,0.4,1.0,1.0,0.7666666666666667,1.0,0.7666666666666667,0.6444444444444445
4,counting,yes,0,1.0,1.0,0.09090909090909091,0.8181818181818182,1.0,1.0,0.2,0.6,0.4805194805194805,1.0,0.6,0.5,0.7666666666666667,0.4666666666666667
5,positional,yes,0,1.0,1.0,0.09090909090909091,0.8181818181818182,1.0,1.0,0.0,1.0,0.4805194805194805,1.0,0.5416666666666666,0.5,0.875,0.4444444444444444
6,attribute,yes,0,1.0,1.0,0.0,1.0,1.0,1.0,0.0,1.0,0.47619047619047616,1.0,0.5416666666666666,0.5416666666666666,1.0,0.4444444444444444
7,counting,yes,0,1.0,1.0,0.9090909090909091,0.8181818181818182,1.0,1.0,0.6,0.4,0.9090909090909091,1.0,0.7666666666666667,0.875,0.675,0.6444444444444445
8,sentiment,yes,0,0.0,1.0,1.0,1.0,0.8,0.6,0.8,0.6,0.47619047619047616,0.6,0.6,0.875,0.875,0.6444444444444445
9,attribute,yes,0,1.0,1.0,0.8181818181818182,0.6727272727272727,1.0,1.0,0.6,0.4,0.8268398268398268,1.0,0.7666666666666667,0.7666666666666667,0.6,0.6444444444444445
10,attribute,yes,0,1.0,1.0,0.6363636363636364,0.4909090909090909,1.0,1.0,0.0,1.0,0.6883116883116883,1.0,0.5416666666666666,0.6,0.475,0.4444444444444444
11,attribute,yes,1,1.0,1.0,0.5454545454545454,0.45454545454545453,0.4,0.4,1.0,1.0,0.6320346320346321,0.675,1.0,0.4666666666666667,0.5416666666666666,0.5333333333333333
12,attribute,yes,0,1.0,1.0,0.18181818181818182,0.6727272727272727,0.6,0.4,0.4,0.4,0.4935064935064935,0.7666666666666667,0.675,0.5416666666666666,0.6,0.4444444444444444
13,object,yes,0,0.0,1.0,1.0,1.0,0.6,0.4,1.0,1.0,0.47619047619047616,0.675,0.5416666666666666,0.7666666666666667,1.0,0.6444444444444445
14,attribute,yes,0,1.0,1.0,1.0,1.0,1.0,1.0,0.8,0.6,1.0,1.0,0.875,1.0,0.875,0.8
15,attribute,yes,0,0.2727272727272727,0.5636363636363636,0.9090909090909091,0.8181818181818182,0.8,0.6,0.4,0.4,0.4935064935064935,0.475,0.5416666666666666,0.7666666666666667,0.6,0.4666666666666667
16,object,yes,0,1.0,1.0,0.6363636363636364,0.4909090909090909,1.0,1.0,0.6,0.4,0.6883116883116883,1.0,0.7666666666666667,0.6,0.5,0.6444444444444445
17,attribute,yes,0,1.0,1.0,0.0,1.0,1.0,1.0,0.2,0.6,0.47619047619047616,1.0,0.6,0.5416666666666666,0.875,0.4666666666666667
18,positional,yes,0,1.0,1.0,0.36363636363636365,0.4909090909090909,1.0,1.0,0.0,1.0,0.5454545454545454,1.0,0.5416666666666666,0.475,0.6,0.4444444444444444
19,counting,yes,1,0.2727272727272727,0.5636363636363636,0.0,1.0,0.0,1.0,0.6,0.4,0.7532467532467533,0.675,0.5,1.0,0.675,0.5333333333333333
20,counting,yes,0,0.5454545454545454,0.45454545454545453,0.9090909090909091,0.8181818181818182,0.8,0.6,0.2,0.6,0.5844155844155844,0.5,0.475,0.7666666666666667,0.5416666666666666,0.4444444444444444
21,counting,yes,1,0.8181818181818182,0.6727272727272727,0.0,1.0,0.8,0.6,0.0,1.0,0.4935064935064935,0.675,0.475,0.6,1.0,0.4666666666666667
22,positional,yes,0,1.0,1.0,1.0,1.0,1.0,1.0,0.6,0.4,1.0,1.0,0.7666666666666667,1.0,0.7666666666666667,0.6444444444444445
23,attribute,yes,1,0.0,1.0,0.0,1.0,0.0,1.0,0.2,0.6,1.0,1.0,0.875,1.0,0.875,0.8
24,sentiment,yes,0,1.0,1.0,1.0,1.0,1.0,1.0,1.0,1.0,1.0,1.0,1.0,1.0,1.0,1.0
25,positional,yes,1,1.0,1.0,0.8181818181818182,0.6727272727272727,0.2,0.6,1.0,1.0,0.8268398268398268,0.6,1.0,0.5,0.7666666666666667,0.4666666666666667
26,attribute,yes,0,0.7272727272727273,0.5636363636363636,0.09090909090909091,0.8181818181818182,1.0,1.0,0.0,1.0,0.4935064935064935,0.675,0.4666666666666667,0.5,0.875,0.4444444444444444
27,positional,yes,0,1.0,1.0,0.09090909090909091,0.8181818181818182,1.0,1.0,0.0,1.0,0.4805194805194805,1.0,0.5416666666666666,0.5,0.875,0.4444444444444444
28,object,yes,0,1.0,1.0,0.5454545454545454,0.45454545454545453,1.0,1.0,0.0,1.0,0.6320346320346321,1.0,0.5416666666666666,0.5416666666666666,0.5,0.4444444444444444
30,attribute,yes,0,0.9090909090909091,0.8181818181818182,0.7272727272727273,0.5636363636363636,1.0,1.0,0.0,1.0,0.6883116883116883,0.875,0.5,0.675,0.4666666666666667,0.4444444444444444
31,object,yes,0,1.0,1.0,1.0,1.0,1.0,1.0,0.4,0.4,1.0,1.0,0.675,1.0,0.675,0.5333333333333333
32,sentiment,yes,0,1.0,1.0,1.0,1.0,1.0,1.0,0.8,0.6,1.0,1.0,0.875,1.0,0.875,0.8
33,counting,yes,0,1.0,1.0,1.0,1.0,1.0,1.0,0.4,0.4,1.0,1.0,0.675,1.0,0.675,0.5333333333333333
34,object,yes,0,1.0,1.0,1.0,1.0,1.0,1.0,0.6,0.4,1.0,1.0,0.7666666666666667,1.0,0.7666666666666667,0.6444444444444445
35,counting,yes,0,1.0,1.0,1.0,1.0,1.0,1.0,0.4,0.4,1.0,1.0,0.675,1.0,0.675,0.5333333333333333
36,object,yes,0,1.0,1.0,1.0,1.0,0.8,0.6,0.6,0.4,1.0,0.875,0.7666666666666667,0.875,0.7666666666666667,0.5333333333333333
37,attribute,yes,0,1.0,1.0,0.18181818181818182,0.6727272727272727,1.0,1.0,0.0,1.0,0.4935064935064935,1.0,0.5416666666666666,0.475,0.7666666666666667,0.4444444444444444
38,positional,yes,0,1.0,1.0,0.9090909090909091,0.8181818181818182,1.0,1.0,0.4,0.4,0.9090909090909091,1.0,0.675,0.875,0.6,0.5333333333333333
39,counting,yes,0,1.0,1.0,0.09090909090909091,0.8181818181818182,1.0,1.0,0.0,1.0,0.4805194805194805,1.0,0.5416666666666666,0.5,0.875,0.4444444444444444
40,positional,yes,0,1.0,1.0,1.0,1.0,0.8,0.6,0.6,0.4,1.0,0.875,0.7666666666666667,0.875,0.7666666666666667,0.5333333333333333
41,object,yes,0,1.0,1.0,1.0,1.0,1.0,1.0,0.2,0.6,1.0,1.0,0.6,1.0,0.6,0.4666666666666667
42,sentiment,yes,0,0.9090909090909091,0.8181818181818182,1.0,1.0,1.0,1.0,0.8,0.6,0.9090909090909091,0.875,0.7666666666666667,1.0,0.875,0.8
43,object,yes,0,1.0,1.0,1.0,1.0,1.0,1.0,0.6,0.4,1.0,1.0,0.7666666666666667,1.0,0.7666666666666667,0.6444444444444445
45,sentiment,yes,0,0.7272727272727273,0.5636363636363636,1.0,1.0,0.8,0.6,0.6,0.4,0.7532467532467533,0.6,0.5416666666666666,0.875,0.7666666666666667,0.5333333333333333
46,object,yes,0,1.0,1.0,1.0,1.0,1.0,1.0,0.2,0.6,1.0,1.0,0.6,1.0,0.6,0.4666666666666667
47,attribute,yes,0,1.0,1.0,1.0,1.0,1.0,1.0,0.2,0.6,1.0,1.0,0.6,1.0,0.6,0.4666666666666667
48,object,yes,0,0.9090909090909091,0.8181818181818182,1.0,1.0,1.0,1.0,0.4,0.4,0.9090909090909091,0.875,0.6,1.0,0.675,0.5333333333333333
49,object,yes,0,1.0,1.0,1.0,1.0,1.0,1.0,0.4,0.4,1.0,1.0,0.675,1.0,0.675,0.5333333333333333
50,object,yes,0,1.0,1.0,1.0,1.0,1.0,1.0,0.4,0.4,1.0,1.0,0.675,1.0,0.675,0.5333333333333333
51,counting,yes,1,1.0,1.0,0.0,1.0,0.2,0.6,0.4,0.4,0.47619047619047616,0.6,0.675,0.875,0.7666666666666667,0.5333333333333333
52,object,yes,0,0.7272727272727273,0.5636363636363636,0.9090909090909091,0.8181818181818182,1.0,1.0,0.2,0.6,0.6883116883116883,0.675,0.475,0.875,0.5416666666666666,0.4666666666666667
55,attribute,yes,0,1.0,1.0,1.0,1.0,1.0,1.0,0.8,0.6,1.0,1.0,0.875,1.0,0.875,0.8
56,attribute,yes,0,0.18181818181818182,0.6727272727272727,0.0,1.0,0.2,0.6,0.0,1.0,0.8268398268398268,0.675,0.7666666666666667,0.875,1.0,0.8
57,sentiment,yes,0,1.0,1.0,1.0,1.0,1.0,1.0,1.0,1.0,1.0,1.0,1.0,1.0,1.0,1.0
58,counting,yes,0,1.0,1.0,1.0,1.0,1.0,1.0,0.4,0.4,1.0,1.0,0.675,1.0,0.675,0.5333333333333333
59,object,yes,0,1.0,1.0,1.0,1.0,1.0,1.0,0.2,0.6,1.0,1.0,0.6,1.0,0.6,0.4666666666666667
60,attribute,yes,0,1.0,1.0,0.8181818181818182,0.6727272727272727,1.0,1.0,0.2,0.6,0.8268398268398268,1.0,0.6,0.7666666666666667,0.5,0.4666666666666667
61,object,yes,0,1.0,1.0,1.0,1.0,1.0,1.0,0.6,0.4,1.0,1.0,0.7666666666666667,1.0,0.7666666666666667,0.6444444444444445
62,attribute,yes,0,1.0,1.0,1.0,1.0,0.8,0.6,0.8,0.6,1.0,0.875,0.875,0.875,0.875,0.6444444444444445
63,object,yes,0,1.0,1.0,0.7272727272727273,0.5636363636363636,1.0,1.0,0.4,0.4,0.7532467532467533,1.0,0.675,0.675,0.5,0.5333333333333333
65,counting,yes,0,0.09090909090909091,0.8181818181818182,1.0,1.0,0.8,0.6,0.6,0.4,0.4805194805194805,0.5416666666666666,0.6,0.875,0.7666666666666667,0.5333333333333333
66,object,yes,0,1.0,1.0,0.6363636363636364,0.4909090909090909,1.0,1.0,0.0,1.0,0.6883116883116883,1.0,0.5416666666666666,0.6,0.475,0.4444444444444444
67,object,yes,0,1.0,1.0,1.0,1.0,1.0,1.0,1.0,1.0,1.0,1.0,1.0,1.0,1.0,1.0
68,attribute,yes,0,1.0,1.0,0.18181818181818182,0.6727272727272727,1.0,1.0,0.0,1.0,0.4935064935064935,1.0,0.5416666666666666,0.475,0.7666666666666667,0.4444444444444444
69,sentiment,yes,0,1.0,1.0,1.0,1.0,1.0,1.0,0.2,0.6,1.0,1.0,0.6,1.0,0.6,0.4666666666666667
70,attribute,yes,0,0.7272727272727273,0.5636363636363636,0.0,1.0,1.0,1.0,0.0,1.0,0.5151515151515151,0.675,0.4666666666666667,0.5416666666666666,1.0,0.4444444444444444
71,attribute,yes,0,0.8181818181818182,0.6727272727272727,0.18181818181818182,0.6727272727272727,1.0,1.0,0.0,1.0,0.47619047619047616,0.7666666666666667,0.475,0.475,0.7666666666666667,0.4444444444444444
72,counting,yes,0,1.0,1.0,1.0,1.0,1.0,1.0,0.6,0.4,1.0,1.0,0.7666666666666667,1.0,0.7666666666666667,0.6444444444444445
74,object,yes,0,1.0,1.0,0.0,1.0,1.0,1.0,0.0,1.0,0.47619047619047616,1.0,0.5416666666666666,0.5416666666666666,1.0,0.4444444444444444
75,object,yes,1,0.9090909090909091,0.8181818181818182,0.2727272727272727,0.5636363636363636,0.2,0.6,1.0,1.0,0.4935064935064935,0.5416666666666666,0.875,0.6,0.4666666666666667,0.4666666666666667
77,object,yes,0,1.0,1.0,0.18181818181818182,0.6727272727272727,0.8,0.6,0.2,0.6,0.4935064935064935,0.875,0.6,0.5,0.675,0.4444444444444444
79,sentiment,yes,0,1.0,1.0,0.36363636363636365,0.4909090909090909,1.0,1.0,0.4,0.4,0.5454545454545454,1.0,0.675,0.475,0.5,0.5333333333333333
81,attribute,yes,0,0.7272727272727273,0.5636363636363636,1.0,1.0,1.0,1.0,1.0,1.0,0.7532467532467533,0.675,0.675,1.0,1.0,1.0
82,object,yes,0,1.0,1.0,1.0,1.0,1.0,1.0,0.4,0.4,1.0,1.0,0.675,1.0,0.675,0.5333333333333333
83,object,yes,0,1.0,1.0,1.0,1.0,1.0,1.0,0.4,0.4,1.0,1.0,0.675,1.0,0.675,0.5333333333333333
84,sentiment,yes,0,1.0,1.0,1.0,1.0,1.0,1.0,0.2,0.6,1.0,1.0,0.6,1.0,0.6,0.4666666666666667
86,counting,yes,0,0.0,1.0,1.0,1.0,0.8,0.6,0.8,0.6,0.47619047619047616,0.6,0.6,0.875,0.875,0.6444444444444445
87,object,yes,0,1.0,1.0,0.2727272727272727,0.5636363636363636,1.0,1.0,0.0,1.0,0.5151515151515151,1.0,0.5416666666666666,0.4666666666666667,0.675,0.4444444444444444
88,positional,yes,1,1.0,1.0,0.0,1.0,0.4,0.4,0.2,0.6,0.47619047619047616,0.675,0.6,0.7666666666666667,0.875,0.5333333333333333
89,object,yes,0,1.0,1.0,0.36363636363636365,0.4909090909090909,0.8,0.6,0.4,0.4,0.5454545454545454,0.875,0.675,0.4666666666666667,0.5,0.4666666666666667
91,sentiment,yes,0,1.0,1.0,1.0,1.0,1.0,1.0,1.0,1.0,1.0,1.0,1.0,1.0,1.0,1.0
92,positional,yes,0,1.0,1.0,0.7272727272727273,0.5636363636363636,1.0,1.0,0.8,0.6,0.7532467532467533,1.0,0.875,0.675,0.6,0.8
93,object,yes,0,0.9090909090909091,0.8181818181818182,1.0,1.0,1.0,1.0,0.6,0.4,0.9090909090909091,0.875,0.675,1.0,0.7666666666666667,0.6444444444444445
94,sentiment,yes,0,1.0,1.0,1.0,1.0,1.0,1.0,0.8,0.6,1.0,1.0,0.875,1.0,0.875,0.8
95,object,yes,0,1.0,1.0,0.18181818181818182,0.6727272727272727,1.0,1.0,0.0,1.0,0.4935064935064935,1.0,0.5416666666666666,0.475,0.7666666666666667,0.4444444444444444
96,attribute,yes,1,1.0,1.0,0.45454545454545453,0.45454545454545453,0.8,0.6,0.8,0.6,0.5844155844155844,0.875,0.875,0.475,0.475,0.6444444444444445
97,object,yes,0,1.0,1.0,1.0,1.0,1.0,1.0,0.2,0.6,1.0,1.0,0.6,1.0,0.6,0.4666666666666667
98,attribute,yes,0,0.8181818181818182,0.6727272727272727,0.0,1.0,1.0,1.0,0.0,1.0,0.4935064935064935,0.7666666666666667,0.475,0.5416666666666666,1.0,0.4444444444444444
99,attribute,yes,0,1.0,1.0,0.18181818181818182,0.6727272727272727,1.0,1.0,0.0,1.0,0.4935064935064935,1.0,0.5416666666666666,0.475,0.7666666666666667,0.4444444444444444
100,attribute,yes,1,0.5454545454545454,0.45454545454545453,1.0,1.0,0.0,1.0,1.0,1.0,0.6320346320346321,0.5,0.5416666666666666,0.5416666666666666,1.0,0.4444444444444444
101,object,yes,0,0.7272727272727273,0.5636363636363636,0.45454545454545453,0.45454545454545453,1.0,1.0,0.0,1.0,0.4935064935064935,0.675,0.4666666666666667,0.5,0.5416666666666666,0.4444444444444444
102,counting,yes,0,1.0,1.0,0.09090909090909091,0.8181818181818182,1.0,1.0,0.0,1.0,0.4805194805194805,1.0,0.5416666666666666,0.5,0.875,0.4444444444444444
104,object,yes,0,1.0,1.0,1.0,1.0,1.0,1.0,0.8,0.6,1.0,1.0,0.875,1.0,0.875,0.8
105,sentiment,yes,0,1.0,1.0,0.0,1.0,1.0,1.0,0.2,0.6,0.47619047619047616,1.0,0.6,0.5416666666666666,0.875,0.4666666666666667
106,counting,yes,1,1.0,1.0,0.6363636363636364,0.4909090909090909,0.2,0.6,0.8,0.6,0.6883116883116883,0.6,0.875,0.4666666666666667,0.5416666666666666,0.4444444444444444
107,positional,yes,0,1.0,1.0,0.09090909090909091,0.8181818181818182,1.0,1.0,0.0,1.0,0.4805194805194805,1.0,0.5416666666666666,0.5,0.875,0.4444444444444444
108,positional,yes,0,1.0,1.0,1.0,1.0,1.0,1.0,0.2,0.6,1.0,1.0,0.6,1.0,0.6,0.4666666666666667
109,object,yes,0,1.0,1.0,1.0,1.0,1.0,1.0,0.8,0.6,1.0,1.0,0.875,1.0,0.875,0.8
110,sentiment,yes,1,0.0,1.0,0.0,1.0,0.0,1.0,0.0,1.0,1.0,1.0,1.0,1.0,1.0,1.0
112,attribute,yes,0,1.0,1.0,1.0,1.0,1.0,1.0,0.8,0.6,1.0,1.0,0.875,1.0,0.875,0.8
113,positional,yes,0,1.0,1.0,0.18181818181818182,0.6727272727272727,1.0,1.0,0.0,1.0,0.4935064935064935,1.0,0.5416666666666666,0.475,0.7666666666666667,0.4444444444444444
114,attribute,yes,0,1.0,1.0,0.36363636363636365,0.4909090909090909,1.0,1.0,0.0,1.0,0.5454545454545454,1.0,0.5416666666666666,0.475,0.6,0.4444444444444444
115,counting,yes,0,1.0,1.0,0.7272727272727273,0.5636363636363636,1.0,1.0,0.8,0.6,0.7532467532467533,1.0,0.875,0.675,0.6,0.8
116,object,yes,0,0.7272727272727273,0.5636363636363636,1.0,1.0,1.0,1.0,0.8,0.6,0.7532467532467533,0.675,0.6,1.0,0.875,0.8
117,counting,yes,0,1.0,1.0,0.36363636363636365,0.4909090909090909,1.0,1.0,0.4,0.4,0.5454545454545454,1.0,0.675,0.475,0.5,0.5333333333333333
118,positional,yes,0,1.0,1.0,0.09090909090909091,0.8181818181818182,1.0,1.0,0.0,1.0,0.4805194805194805,1.0,0.5416666666666666,0.5,0.875,0.4444444444444444
119,positional,yes,0,1.0,1.0,0.2727272727272727,0.5636363636363636,1.0,1.0,0.0,1.0,0.5151515151515151,1.0,0.5416666666666666,0.4666666666666667,0.675,0.4444444444444444
120,counting,yes,0,1.0,1.0,0.09090909090909091,0.8181818181818182,1.0,1.0,0.4,0.4,0.4805194805194805,1.0,0.675,0.5,0.675,0.5333333333333333
121,sentiment,yes,1,0.0,1.0,0.0,1.0,0.0,1.0,0.0,1.0,1.0,1.0,1.0,1.0,1.0,1.0
122,object,yes,0,0.9090909090909091,0.8181818181818182,0.36363636363636365,0.4909090909090909,1.0,1.0,0.2,0.6,0.5151515151515151,0.875,0.5416666666666666,0.475,0.5416666666666666,0.4666666666666667
123,attribute,yes,0,1.0,1.0,1.0,1.0,1.0,1.0,0.8,0.6,1.0,1.0,0.875,1.0,0.875,0.8
124,attribute,yes,0,1.0,1.0,0.0,1.0,1.0,1.0,0.0,1.0,0.47619047619047616,1.0,0.5416666666666666,0.5416666666666666,1.0,0.4444444444444444
125,sentiment,yes,1,0.36363636363636365,0.4909090909090909,1.0,1.0,0.2,0.6,1.0,1.0,0.5454545454545454,0.5416666666666666,0.475,0.6,1.0,0.4666666666666667
126,counting,yes,0,1.0,1.0,0.5454545454545454,0.45454545454545453,1.0,1.0,0.6,0.4,0.6320346320346321,1.0,0.7666666666666667,0.5416666666666666,0.475,0.6444444444444445
127,object,yes,0,0.9090909090909091,0.8181818181818182,0.7272727272727273,0.5636363636363636,1.0,1.0,0.6,0.4,0.6883116883116883,0.875,0.675,0.675,0.5416666666666666,0.6444444444444445
128,sentiment,yes,0,1.0,1.0,0.45454545454545453,0.45454545454545453,1.0,1.0,0.4,0.4,0.5844155844155844,1.0,0.675,0.5,0.475,0.5333333333333333
129,attribute,yes,0,1.0,1.0,0.0,1.0,0.8,0.6,0.0,1.0,0.47619047619047616,0.875,0.5416666666666666,0.6,1.0,0.4666666666666667
130,object,yes,0,1.0,1.0,1.0,1.0,1.0,1.0,1.0,1.0,1.0,1.0,1.0,1.0,1.0,1.0
131,object,yes,0,1.0,1.0,1.0,1.0,1.0,1.0,0.6,0.4,1.0,1.0,0.7666666666666667,1.0,0.7666666666666667,0.6444444444444445
132,object,yes,0,1.0,1.0,1.0,1.0,1.0,1.0,1.0,1.0,1.0,1.0,1.0,1.0,1.0,1.0
133,object,yes,0,1.0,1.0,1.0,1.0,1.0,1.0,0.4,0.4,1.0,1.0,0.675,1.0,0.675,0.5333333333333333
134,positional,yes,0,0.7272727272727273,0.5636363636363636,0.18181818181818182,0.6727272727272727,1.0,1.0,0.0,1.0,0.4805194805194805,0.675,0.4666666666666667,0.475,0.7666666666666667,0.4444444444444444
135,positional,yes,0,0.6363636363636364,0.4909090909090909,0.36363636363636365,0.4909090909090909,1.0,1.0,0.0,1.0,0.47619047619047616,0.6,0.475,0.475,0.6,0.4444444444444444
137,object,yes,0,1.0,1.0,0.18181818181818182,0.6727272727272727,1.0,1.0,0.0,1.0,0.4935064935064935,1.0,0.5416666666666666,0.475,0.7666666666666667,0.4444444444444444
138,object,yes,0,1.0,1.0,1.0,1.0,1.0,1.0,0.4,0.4,1.0,1.0,0.675,1.0,0.675,0.5333333333333333
140,attribute,yes,0,1.0,1.0,0.09090909090909091,0.8181818181818182,1.0,1.0,0.0,1.0,0.4805194805194805,1.0,0.5416666666666666,0.5,0.875,0.4444444444444444
141,object,yes,0,1.0,1.0,1.0,1.0,1.0,1.0,0.4,0.4,1.0,1.0,0.675,1.0,0.675,0.5333333333333333
142,positional,yes,0,1.0,1.0,1.0,1.0,1.0,1.0,0.8,0.6,1.0,1.0,0.875,1.0,0.875,0.8
143,object,yes,0,1.0,1.0,1.0,1.0,1.0,1.0,0.4,0.4,1.0,1.0,0.675,1.0,0.675,0.5333333333333333
144,object,yes,0,1.0,1.0,1.0,1.0,1.0,1.0,0.8,0.6,1.0,1.0,0.875,1.0,0.875,0.8
145,object,yes,0,0.8181818181818182,0.6727272727272727,0.7272727272727273,0.5636363636363636,1.0,1.0,0.2,0.6,0.6320346320346321,0.7666666666666667,0.5,0.675,0.475,0.4666666666666667
146,object,yes,0,0.0,1.0,0.8181818181818182,0.6727272727272727,0.4,0.4,0.6,0.4,0.4935064935064935,0.7666666666666667,0.675,0.5416666666666666,0.6,0.4444444444444444
147,sentiment,yes,0,0.9090909090909091,0.8181818181818182,1.0,1.0,1.0,1.0,0.6,0.4,0.9090909090909091,0.875,0.675,1.0,0.7666666666666667,0.6444444444444445
148,positional,yes,0,0.9090909090909091,0.8181818181818182,1.0,1.0,1.0,1.0,0.4,0.4,0.9090909090909091,0.875,0.6,1.0,0.675,0.5333333333333333
149,positional,yes,0,1.0,1.0,0.7272727272727273,0.5636363636363636,1.0,1.0,0.0,1.0,0.7532467532467533,1.0,0.5416666666666666,0.675,0.4666666666666667,0.4444444444444444
151,positional,yes,0,1.0,1.0,1.0,1.0,1.0,1.0,0.6,0.4,1.0,1.0,0.7666666666666667,1.0,0.7666666666666667,0.6444444444444445
152,attribute,yes,0,1.0,1.0,0.09090909090909091,0.8181818181818182,1.0,1.0,0.0,1.0,0.4805194805194805,1.0,0.5416666666666666,0.5,0.875,0.4444444444444444
153,counting,yes,0,1.0,1.0,0.8181818181818182,0.6727272727272727,1.0,1.0,1.0,1.0,0.8268398268398268,1.0,1.0,0.7666666666666667,0.7666666666666667,1.0
154,positional,yes,1,0.6363636363636364,0.4909090909090909,0.8181818181818182,0.6727272727272727,0.0,1.0,1.0,1.0,0.5844155844155844,0.475,0.6,0.475,0.7666666666666667,0.4444444444444444
156,object,yes,0,1.0,1.0,1.0,1.0,1.0,1.0,0.8,0.6,1.0,1.0,0.875,1.0,0.875,0.8
157,positional,yes,0,1.0,1.0,0.9090909090909091,0.8181818181818182,1.0,1.0,0.2,0.6,0.9090909090909091,1.0,0.6,0.875,0.5416666666666666,0.4666666666666667
158,object,yes,0,1.0,1.0,1.0,1.0,0.8,0.6,1.0,1.0,1.0,0.875,1.0,0.875,1.0,0.8
159,object,yes,0,1.0,1.0,1.0,1.0,1.0,1.0,0.8,0.6,1.0,1.0,0.875,1.0,0.875,0.8
160,sentiment,yes,0,1.0,1.0,1.0,1.0,1.0,1.0,1.0,1.0,1.0,1.0,1.0,1.0,1.0,1.0
161,counting,yes,0,1.0,1.0,0.18181818181818182,0.6727272727272727,1.0,1.0,0.8,0.6,0.4935064935064935,1.0,0.875,0.475,0.5,0.8
162,object,yes,0,1.0,1.0,1.0,1.0,1.0,1.0,0.2,0.6,1.0,1.0,0.6,1.0,0.6,0.4666666666666667
163,counting,yes,0,1.0,1.0,1.0,1.0,1.0,1.0,1.0,1.0,1.0,1.0,1.0,1.0,1.0,1.0
164,positional,yes,0,0.9090909090909091,0.8181818181818182,0.45454545454545453,0.45454545454545453,1.0,1.0,0.0,1.0,0.5454545454545454,0.875,0.5,0.5,0.5416666666666666,0.4444444444444444
165,object,yes,0,1.0,1.0,1.0,1.0,1.0,1.0,0.6,0.4,1.0,1.0,0.7666666666666667,1.0,0.7666666666666667,0.6444444444444445
166,attribute,yes,0,1.0,1.0,0.09090909090909091,0.8181818181818182,1.0,1.0,0.0,1.0,0.4805194805194805,1.0,0.5416666666666666,0.5,0.875,0.4444444444444444
167,object,yes,0,1.0,1.0,0.0,1.0,1.0,1.0,0.0,1.0,0.47619047619047616,1.0,0.5416666666666666,0.5416666666666666,1.0,0.4444444444444444
168,attribute,yes,0,0.9090909090909091,0.8181818181818182,0.7272727272727273,0.5636363636363636,1.0,1.0,0.6,0.4,0.6883116883116883,0.875,0.675,0.675,0.5416666666666666,0.6444444444444445
169,counting,yes,0,1.0,1.0,1.0,1.0,1.0,1.0,0.4,0.4,1.0,1.0,0.675,1.0,0.675,0.5333333333333333
170,object,yes,0,0.9090909090909091,0.8181818181818182,1.0,1.0,1.0,1.0,1.0,1.0,0.9090909090909091,0.875,0.875,1.0,1.0,1.0
172,attribute,yes,0,1.0,1.0,1.0,1.0,1.0,1.0,0.2,0.6,1.0,1.0,0.6,1.0,0.6,0.4666666666666667
173,attribute,yes,0,1.0,1.0,0.18181818181818182,0.6727272727272727,1.0,1.0,0.0,1.0,0.4935064935064935,1.0,0.5416666666666666,0.475,0.7666666666666667,0.4444444444444444
174,object,yes,0,1.0,1.0,1.0,1.0,1.0,1.0,0.6,0.4,1.0,1.0,0.7666666666666667,1.0,0.7666666666666667,0.6444444444444445
175,positional,yes,0,1.0,1.0,1.0,1.0,1.0,1.0,0.4,0.4,1.0,1.0,0.675,1.0,0.675,0.5333333333333333
176,object,yes,0,1.0,1.0,1.0,1.0,1.0,1.0,0.8,0.6,1.0,1.0,0.875,1.0,0.875,0.8
177,object,yes,0,1.0,1.0,1.0,1.0,1.0,1.0,0.8,0.6,1.0,1.0,0.875,1.0,0.875,0.8
178,attribute,yes,1,0.09090909090909091,0.8181818181818182,0.45454545454545453,0.45454545454545453,0.2,0.6,0.2,0.6,0.5844155844155844,0.7666666666666667,0.7666666666666667,0.5,0.5,0.6444444444444445
179,sentiment,yes,1,1.0,1.0,0.0,1.0,0.8,0.6,0.6,0.4,0.47619047619047616,0.875,0.7666666666666667,0.6,0.675,0.5333333333333333
180,sentiment,yes,0,1.0,1.0,1.0,1.0,1.0,1.0,0.6,0.4,1.0,1.0,0.7666666666666667,1.0,0.7666666666666667,0.6444444444444445
182,object,yes,0,1.0,1.0,1.0,1.0,1.0,1.0,0.4,0.4,1.0,1.0,0.675,1.0,0.675,0.5333333333333333
183,positional,yes,0,0.8181818181818182,0.6727272727272727,1.0,1.0,0.8,0.6,0.8,0.6,0.8268398268398268,0.675,0.675,0.875,0.875,0.6444444444444445
184,counting,yes,0,1.0,1.0,0.36363636363636365,0.4909090909090909,1.0,1.0,0.2,0.6,0.5454545454545454,1.0,0.6,0.475,0.5416666666666666,0.4666666666666667
185,positional,yes,0,1.0,1.0,0.5454545454545454,0.45454545454545453,1.0,1.0,0.0,1.0,0.6320346320346321,1.0,0.5416666666666666,0.5416666666666666,0.5,0.4444444444444444
186,object,yes,0,0.9090909090909091,0.8181818181818182,1.0,1.0,1.0,1.0,0.4,0.4,0.9090909090909091,0.875,0.6,1.0,0.675,0.5333333333333333
187,attribute,yes,0,0.9090909090909091,0.8181818181818182,0.9090909090909091,0.8181818181818182,1.0,1.0,0.6,0.4,0.8268398268398268,0.875,0.675,0.875,0.675,0.6444444444444445
189,object,yes,0,1.0,1.0,0.45454545454545453,0.45454545454545453,1.0,1.0,0.2,0.6,0.5844155844155844,1.0,0.6,0.5,0.5,0.4666666666666667
190,positional,yes,0,1.0,1.0,1.0,1.0,0.8,0.6,0.2,0.6,1.0,0.875,0.6,0.875,0.6,0.4444444444444444
191,attribute,yes,0,0.6363636363636364,0.4909090909090909,1.0,1.0,1.0,1.0,1.0,1.0,0.6883116883116883,0.6,0.6,1.0,1.0,1.0
193,object,yes,1,1.0,1.0,1.0,1.0,0.4,0.4,1.0,1.0,1.0,0.675,1.0,0.675,1.0,0.5333333333333333
195,object,yes,0,1.0,1.0,1.0,1.0,1.0,1.0,0.4,0.4,1.0,1.0,0.675,1.0,0.675,0.5333333333333333
196,counting,yes,0,1.0,1.0,1.0,1.0,1.0,1.0,0.2,0.6,1.0,1.0,0.6,1.0,0.6,0.4666666666666667
197,object,yes,0,1.0,1.0,1.0,1.0,1.0,1.0,0.8,0.6,1.0,1.0,0.875,1.0,0.875,0.8
199,positional,yes,0,0.8181818181818182,0.6727272727272727,0.9090909090909091,0.8181818181818182,1.0,1.0,0.8,0.6,0.7532467532467533,0.7666666666666667,0.675,0.875,0.7666666666666667,0.8
200,positional,yes,0,1.0,1.0,0.45454545454545453,0.45454545454545453,1.0,1.0,0.2,0.6,0.5844155844155844,1.0,0.6,0.5,0.5,0.4666666666666667
201,object,yes,0,1.0,1.0,1.0,1.0,1.0,1.0,0.4,0.4,1.0,1.0,0.675,1.0,0.675,0.5333333333333333
202,object,yes,0,0.7272727272727273,0.5636363636363636,0.36363636363636365,0.4909090909090909,1.0,1.0,0.6,0.4,0.4805194805194805,0.675,0.5416666666666666,0.475,0.475,0.6444444444444445
204,object,yes,0,1.0,1.0,1.0,1.0,1.0,1.0,1.0,1.0,1.0,1.0,1.0,1.0,1.0,1.0
205,counting,yes,0,1.0,1.0,0.0,1.0,1.0,1.0,0.8,0.6,0.47619047619047616,1.0,0.875,0.5416666666666666,0.6,0.8
206,positional,yes,0,1.0,1.0,1.0,1.0,1.0,1.0,0.6,0.4,1.0,1.0,0.7666666666666667,1.0,0.7666666666666667,0.6444444444444445
207,object,yes,0,1.0,1.0,1.0,1.0,1.0,1.0,0.2,0.6,1.0,1.0,0.6,1.0,0.6,0.4666666666666667
209,positional,yes,0,1.0,1.0,0.09090909090909091,0.8181818181818182,1.0,1.0,0.0,1.0,0.4805194805194805,1.0,0.5416666666666666,0.5,0.875,0.4444444444444444
210,object,yes,0,0.5454545454545454,0.45454545454545453,0.6363636363636364,0.4909090909090909,0.8,0.6,0.2,0.6,0.4935064935064935,0.5,0.475,0.5416666666666666,0.4666666666666667,0.4444444444444444
211,positional,yes,0,1.0,1.0,0.2727272727272727,0.5636363636363636,1.0,1.0,0.2,0.6,0.5151515151515151,1.0,0.6,0.4666666666666667,0.6,0.4666666666666667
212,object,yes,0,1.0,1.0,0.0,1.0,1.0,1.0,0.0,1.0,0.47619047619047616,1.0,0.5416666666666666,0.5416666666666666,1.0,0.4444444444444444
213,attribute,yes,1,0.0,1.0,0.8181818181818182,0.6727272727272727,0.0,1.0,1.0,1.0,0.4935064935064935,1.0,0.5416666666666666,0.475,0.7666666666666667,0.4444444444444444
215,positional,yes,0,1.0,1.0,1.0,1.0,1.0,1.0,0.2,0.6,1.0,1.0,0.6,1.0,0.6,0.4666666666666667
216,sentiment,yes,0,1.0,1.0,0.9090909090909091,0.8181818181818182,1.0,1.0,0.4,0.4,0.9090909090909091,1.0,0.675,0.875,0.6,0.5333333333333333
217,object,yes,0,1.0,1.0,1.0,1.0,0.8,0.6,0.8,0.6,1.0,0.875,0.875,0.875,0.875,0.6444444444444445
218,object,yes,0,1.0,1.0,1.0,1.0,1.0,1.0,0.8,0.6,1.0,1.0,0.875,1.0,0.875,0.8
219,attribute,yes,0,1.0,1.0,0.0,1.0,1.0,1.0,0.0,1.0,0.47619047619047616,1.0,0.5416666666666666,0.5416666666666666,1.0,0.4444444444444444
220,attribute,yes,0,1.0,1.0,0.0,1.0,1.0,1.0,0.0,1.0,0.47619047619047616,1.0,0.5416666666666666,0.5416666666666666,1.0,0.4444444444444444
221,sentiment,yes,0,1.0,1.0,1.0,1.0,1.0,1.0,0.8,0.6,1.0,1.0,0.875,1.0,0.875,0.8
222,positional,yes,0,1.0,1.0,1.0,1.0,1.0,1.0,1.0,1.0,1.0,1.0,1.0,1.0,1.0,1.0
223,attribute,yes,0,1.0,1.0,0.0,1.0,1.0,1.0,0.0,1.0,0.47619047619047616,1.0,0.5416666666666666,0.5416666666666666,1.0,0.4444444444444444
224,sentiment,yes,0,1.0,1.0,1.0,1.0,1.0,1.0,0.8,0.6,1.0,1.0,0.875,1.0,0.875,0.8
226,object,yes,1,0.9090909090909091,0.8181818181818182,0.0,1.0,0.8,0.6,0.0,1.0,0.4805194805194805,0.7666666666666667,0.5,0.6,1.0,0.4666666666666667
227,counting,yes,0,1.0,1.0,0.0,1.0,1.0,1.0,0.0,1.0,0.47619047619047616,1.0,0.5416666666666666,0.5416666666666666,1.0,0.4444444444444444
228,counting,yes,0,0.9090909090909091,0.8181818181818182,1.0,1.0,1.0,1.0,0.4,0.4,0.9090909090909091,0.875,0.6,1.0,0.675,0.5333333333333333
229,positional,yes,0,1.0,1.0,0.36363636363636365,0.4909090909090909,1.0,1.0,0.2,0.6,0.5454545454545454,1.0,0.6,0.475,0.5416666666666666,0.4666666666666667
230,object,yes,0,1.0,1.0,1.0,1.0,1.0,1.0,0.6,0.4,1.0,1.0,0.7666666666666667,1.0,0.7666666666666667,0.6444444444444445
231,object,yes,0,1.0,1.0,1.0,1.0,1.0,1.0,0.4,0.4,1.0,1.0,0.675,1.0,0.675,0.5333333333333333
232,positional,yes,0,1.0,1.0,0.2727272727272727,0.5636363636363636,1.0,1.0,0.0,1.0,0.5151515151515151,1.0,0.5416666666666666,0.4666666666666667,0.675,0.4444444444444444
233,sentiment,yes,0,1.0,1.0,1.0,1.0,1.0,1.0,0.8,0.6,1.0,1.0,0.875,1.0,0.875,0.8
234,attribute,yes,0,0.7272727272727273,0.5636363636363636,0.0,1.0,1.0,1.0,0.0,1.0,0.5151515151515151,0.675,0.4666666666666667,0.5416666666666666,1.0,0.4444444444444444
235,positional,yes,0,1.0,1.0,1.0,1.0,1.0,1.0,0.4,0.4,1.0,1.0,0.675,1.0,0.675,0.5333333333333333
236,positional,yes,0,1.0,1.0,0.45454545454545453,0.45454545454545453,1.0,1.0,0.0,1.0,0.5844155844155844,1.0,0.5416666666666666,0.5,0.5416666666666666,0.4444444444444444
237,positional,yes,0,1.0,1.0,1.0,1.0,1.0,1.0,0.8,0.6,1.0,1.0,0.875,1.0,0.875,0.8
238,object,yes,0,1.0,1.0,1.0,1.0,1.0,1.0,0.4,0.4,1.0,1.0,0.675,1.0,0.675,0.5333333333333333
240,object,yes,0,1.0,1.0,0.6363636363636364,0.4909090909090909,1.0,1.0,0.2,0.6,0.6883116883116883,1.0,0.6,0.6,0.4666666666666667,0.4666666666666667
241,positional,yes,0,1.0,1.0,0.2727272727272727,0.5636363636363636,1.0,1.0,0.0,1.0,0.5151515151515151,1.0,0.5416666666666666,0.4666666666666667,0.675,0.4444444444444444
243,counting,yes,0,1.0,1.0,0.2727272727272727,0.5636363636363636,1.0,1.0,0.2,0.6,0.5151515151515151,1.0,0.6,0.4666666666666667,0.6,0.4666666666666667
244,attribute,yes,1,0.09090909090909091,0.8181818181818182,0.9090909090909091,0.8181818181818182,0.6,0.4,1.0,1.0,0.47619047619047616,0.6,0.5,0.675,0.875,0.6444444444444445
245,attribute,yes,1,0.7272727272727273,0.5636363636363636,0.9090909090909091,0.8181818181818182,0.2,0.6,1.0,1.0,0.6883116883116883,0.475,0.675,0.5416666666666666,0.875,0.4666666666666667
246,positional,yes,0,1.0,1.0,0.09090909090909091,0.8181818181818182,1.0,1.0,0.0,1.0,0.4805194805194805,1.0,0.5416666666666666,0.5,0.875,0.4444444444444444
247,counting,yes,0,1.0,1.0,1.0,1.0,1.0,1.0,0.2,0.6,1.0,1.0,0.6,1.0,0.6,0.4666666666666667
248,counting,yes,0,1.0,1.0,0.09090909090909091,0.8181818181818182,1.0,1.0,0.0,1.0,0.4805194805194805,1.0,0.5416666666666666,0.5,0.875,0.4444444444444444
249,object,yes,0,1.0,1.0,0.09090909090909091,0.8181818181818182,1.0,1.0,0.4,0.4,0.4805194805194805,1.0,0.675,0.5,0.675,0.5333333333333333
251,attribute,yes,0,1.0,1.0,1.0,1.0,1.0,1.0,1.0,1.0,1.0,1.0,1.0,1.0,1.0,1.0
252,counting,yes,0,0.9090909090909091,0.8181818181818182,1.0,1.0,1.0,1.0,0.6,0.4,0.9090909090909091,0.875,0.675,1.0,0.7666666666666667,0.6444444444444445
253,sentiment,yes,0,1.0,1.0,1.0,1.0,1.0,1.0,0.4,0.4,1.0,1.0,0.675,1.0,0.675,0.5333333333333333
256,attribute,yes,0,1.0,1.0,0.0,1.0,1.0,1.0,0.0,1.0,0.47619047619047616,1.0,0.5416666666666666,0.5416666666666666,1.0,0.4444444444444444
258,object,yes,0,1.0,1.0,1.0,1.0,1.0,1.0,0.4,0.4,1.0,1.0,0.675,1.0,0.675,0.5333333333333333
259,counting,yes,0,1.0,1.0,0.5454545454545454,0.45454545454545453,1.0,1.0,0.6,0.4,0.6320346320346321,1.0,0.7666666666666667,0.5416666666666666,0.475,0.6444444444444445
260,attribute,yes,1,0.0,1.0,0.6363636363636364,0.4909090909090909,0.0,1.0,1.0,1.0,0.5454545454545454,1.0,0.5416666666666666,0.475,0.6,0.4444444444444444
262,attribute,yes,0,1.0,1.0,0.2727272727272727,0.5636363636363636,1.0,1.0,0.2,0.6,0.5151515151515151,1.0,0.6,0.4666666666666667,0.6,0.4666666666666667
263,attribute,yes,0,0.9090909090909091,0.8181818181818182,1.0,1.0,1.0,1.0,0.6,0.4,0.9090909090909091,0.875,0.675,1.0,0.7666666666666667,0.6444444444444445
264,attribute,yes,0,1.0,1.0,1.0,1.0,1.0,1.0,0.6,0.4,1.0,1.0,0.7666666666666667,1.0,0.7666666666666667,0.6444444444444445
265,attribute,yes,0,1.0,1.0,0.7272727272727273,0.5636363636363636,1.0,1.0,0.2,0.6,0.7532467532467533,1.0,0.6,0.675,0.475,0.4666666666666667
266,positional,yes,1,0.36363636363636365,0.4909090909090909,0.0,1.0,0.0,1.0,0.6,0.4,0.6883116883116883,0.6,0.475,1.0,0.675,0.5333333333333333
269,attribute,yes,1,0.09090909090909091,0.8181818181818182,0.7272727272727273,0.5636363636363636,0.0,1.0,1.0,1.0,0.4935064935064935,0.875,0.5,0.4666666666666667,0.675,0.4444444444444444
270,object,yes,0,1.0,1.0,0.0,1.0,0.6,0.4,0.4,0.4,0.47619047619047616,0.7666666666666667,0.675,0.675,0.7666666666666667,0.4444444444444444
271,counting,yes,0,0.0,1.0,1.0,1.0,0.8,0.6,0.6,0.4,0.47619047619047616,0.6,0.675,0.875,0.7666666666666667,0.5333333333333333
272,object,yes,0,1.0,1.0,1.0,1.0,1.0,1.0,0.4,0.4,1.0,1.0,0.675,1.0,0.675,0.5333333333333333
273,sentiment,yes,0,1.0,1.0,1.0,1.0,1.0,1.0,0.8,0.6,1.0,1.0,0.875,1.0,0.875,0.8
274,object,yes,1,0.8181818181818182,0.6727272727272727,0.0,1.0,0.4,0.4,0.0,1.0,0.4935064935064935,0.5416666666666666,0.475,0.7666666666666667,1.0,0.6444444444444445
275,object,yes,0,1.0,1.0,0.0,1.0,1.0,1.0,0.0,1.0,0.47619047619047616,1.0,0.5416666666666666,0.5416666666666666,1.0,0.4444444444444444
276,counting,yes,0,0.18181818181818182,0.6727272727272727,1.0,1.0,0.8,0.6,0.8,0.6,0.4935064935064935,0.5,0.5,0.875,0.875,0.6444444444444445
277,object,yes,0,1.0,1.0,1.0,1.0,1.0,1.0,1.0,1.0,1.0,1.0,1.0,1.0,1.0,1.0
278,positional,yes,0,1.0,1.0,1.0,1.0,1.0,1.0,0.6,0.4,1.0,1.0,0.7666666666666667,1.0,0.7666666666666667,0.6444444444444445
279,positional,yes,0,1.0,1.0,1.0,1.0,1.0,1.0,0.8,0.6,1.0,1.0,0.875,1.0,0.875,0.8
280,sentiment,yes,0,1.0,1.0,1.0,1.0,1.0,1.0,0.8,0.6,1.0,1.0,0.875,1.0,0.875,0.8
281,object,yes,0,1.0,1.0,0.36363636363636365,0.4909090909090909,1.0,1.0,0.0,1.0,0.5454545454545454,1.0,0.5416666666666666,0.475,0.6,0.4444444444444444
282,object,yes,0,1.0,1.0,1.0,1.0,1.0,1.0,0.2,0.6,1.0,1.0,0.6,1.0,0.6,0.4666666666666667
283,positional,yes,0,1.0,1.0,1.0,1.0,1.0,1.0,0.4,0.4,1.0,1.0,0.675,1.0,0.675,0.5333333333333333
284,object,yes,0,1.0,1.0,1.0,1.0,1.0,1.0,0.8,0.6,1.0,1.0,0.875,1.0,0.875,0.8
285,attribute,yes,0,0.8181818181818182,0.6727272727272727,1.0,1.0,1.0,1.0,0.8,0.6,0.8268398268398268,0.7666666666666667,0.675,1.0,0.875,0.8
288,sentiment,yes,1,0.0,1.0,1.0,1.0,0.2,0.6,1.0,1.0,0.47619047619047616,0.875,0.5416666666666666,0.6,1.0,0.4666666666666667
289,counting,yes,0,1.0,1.0,0.45454545454545453,0.45454545454545453,1.0,1.0,0.4,0.4,0.5844155844155844,1.0,0.675,0.5,0.475,0.5333333333333333
290,sentiment,yes,1,1.0,1.0,0.0,1.0,0.4,0.4,0.2,0.6,0.47619047619047616,0.675,0.6,0.7666666666666667,0.875,0.5333333333333333
291,object,yes,0,1.0,1.0,1.0,1.0,1.0,1.0,0.6,0.4,1.0,1.0,0.7666666666666667,1.0,0.7666666666666667,0.6444444444444445
292,attribute,yes,0,1.0,1.0,1.0,1.0,1.0,1.0,0.4,0.4,1.0,1.0,0.675,1.0,0.675,0.5333333333333333
293,attribute,yes,0,1.0,1.0,0.2727272727272727,0.5636363636363636,1.0,1.0,0.0,1.0,0.5151515151515151,1.0,0.5416666666666666,0.4666666666666667,0.675,0.4444444444444444
294,attribute,yes,0,0.6363636363636364,0.4909090909090909,0.8181818181818182,0.6727272727272727,1.0,1.0,0.2,0.6,0.5844155844155844,0.6,0.4666666666666667,0.7666666666666667,0.5,0.4666666666666667
295,object,yes,0,1.0,1.0,1.0,1.0,1.0,1.0,0.2,0.6,1.0,1.0,0.6,1.0,0.6,0.4666666666666667
296,object,yes,0,1.0,1.0,0.09090909090909091,0.8181818181818182,1.0,1.0,0.0,1.0,0.4805194805194805,1.0,0.5416666666666666,0.5,0.875,0.4444444444444444
297,counting,yes,0,1.0,1.0,0.0,1.0,1.0,1.0,0.0,1.0,0.47619047619047616,1.0,0.5416666666666666,0.5416666666666666,1.0,0.4444444444444444
298,attribute,yes,0,1.0,1.0,0.0,1.0,1.0,1.0,0.0,1.0,0.47619047619047616,1.0,0.5416666666666666,0.5416666666666666,1.0,0.4444444444444444
300,object,yes,0,1.0,1.0,1.0,1.0,1.0,1.0,0.6,0.4,1.0,1.0,0.7666666666666667,1.0,0.7666666666666667,0.6444444444444445
301,object,yes,0,0.9090909090909091,0.8181818181818182,1.0,1.0,1.0,1.0,0.2,0.6,0.9090909090909091,0.875,0.5416666666666666,1.0,0.6,0.4666666666666667
302,sentiment,yes,0,1.0,1.0,0.36363636363636365,0.4909090909090909,1.0,1.0,0.4,0.4,0.5454545454545454,1.0,0.675,0.475,0.5,0.5333333333333333
304,counting,yes,1,0.09090909090909091,0.8181818181818182,0.0,1.0,0.0,1.0,0.8,0.6,0.9090909090909091,0.875,0.5416666666666666,1.0,0.6,0.4666666666666667
305,sentiment,yes,1,1.0,1.0,1.0,1.0,1.0,1.0,0.8,0.6,1.0,1.0,0.875,1.0,0.875,0.8
306,object,yes,0,0.7272727272727273,0.5636363636363636,0.6363636363636364,0.4909090909090909,1.0,1.0,0.2,0.6,0.5454545454545454,0.675,0.475,0.6,0.4666666666666667,0.4666666666666667
308,attribute,yes,0,1.0,1.0,1.0,1.0,0.8,0.6,0.4,0.4,1.0,0.875,0.675,0.875,0.675,0.4666666666666667
310,sentiment,yes,0,1.0,1.0,1.0,1.0,1.0,1.0,1.0,1.0,1.0,1.0,1.0,1.0,1.0,1.0
311,object,yes,0,1.0,1.0,0.09090909090909091,0.8181818181818182,1.0,1.0,0.0,1.0,0.4805194805194805,1.0,0.5416666666666666,0.5,0.875,0.4444444444444444
312,attribute,yes,0,1.0,1.0,0.0,1.0,1.0,1.0,0.0,1.0,0.47619047619047616,1.0,0.5416666666666666,0.5416666666666666,1.0,0.4444444444444444
313,attribute,yes,0,0.9090909090909091,0.8181818181818182,0.09090909090909091,0.8181818181818182,1.0,1.0,0.2,0.6,0.47619047619047616,0.875,0.5416666666666666,0.5,0.7666666666666667,0.4666666666666667
314,positional,yes,0,0.9090909090909091,0.8181818181818182,1.0,1.0,0.6,0.4,0.6,0.4,0.9090909090909091,0.675,0.675,0.7666666666666667,0.7666666666666667,0.4666666666666667
315,positional,yes,0,1.0,1.0,1.0,1.0,1.0,1.0,0.2,0.6,1.0,1.0,0.6,1.0,0.6,0.4666666666666667
316,object,yes,0,0.9090909090909091,0.8181818181818182,0.45454545454545453,0.45454545454545453,1.0,1.0,0.0,1.0,0.5454545454545454,0.875,0.5,0.5,0.5416666666666666,0.4444444444444444
317,sentiment,yes,0,1.0,1.0,1.0,1.0,1.0,1.0,1.0,1.0,1.0,1.0,1.0,1.0,1.0,1.0
318,counting,yes,0,1.0,1.0,1.0,1.0,1.0,1.0,0.4,0.4,1.0,1.0,0.675,1.0,0.675,0.5333333333333333
321,object,yes,0,0.7272727272727273,0.5636363636363636,0.7272727272727273,0.5636363636363636,0.4,0.4,0.8,0.6,0.5844155844155844,0.5,0.6,0.5,0.6,0.4666666666666667
322,object,yes,0,0.8181818181818182,0.6727272727272727,1.0,1.0,1.0,1.0,0.2,0.6,0.8268398268398268,0.7666666666666667,0.5,1.0,0.6,0.4666666666666667
323,positional,yes,0,1.0,1.0,0.2727272727272727,0.5636363636363636,1.0,1.0,0.0,1.0,0.5151515151515151,1.0,0.5416666666666666,0.4666666666666667,0.675,0.4444444444444444
324,positional,yes,0,0.9090909090909091,0.8181818181818182,0.6363636363636364,0.4909090909090909,1.0,1.0,0.0,1.0,0.6320346320346321,0.875,0.5,0.6,0.475,0.4444444444444444
325,sentiment,yes,0,1.0,1.0,0.0,1.0,1.0,1.0,0.0,1.0,0.47619047619047616,1.0,0.5416666666666666,0.5416666666666666,1.0,0.4444444444444444
326,counting,yes,0,1.0,1.0,1.0,1.0,1.0,1.0,0.4,0.4,1.0,1.0,0.675,1.0,0.675,0.5333333333333333
327,counting,yes,0,0.9090909090909091,0.8181818181818182,1.0,1.0,1.0,1.0,0.4,0.4,0.9090909090909091,0.875,0.6,1.0,0.675,0.5333333333333333
328,attribute,yes,0,1.0,1.0,0.0,1.0,1.0,1.0,0.0,1.0,0.47619047619047616,1.0,0.5416666666666666,0.5416666666666666,1.0,0.4444444444444444
330,object,yes,0,1.0,1.0,1.0,1.0,1.0,1.0,0.6,0.4,1.0,1.0,0.7666666666666667,1.0,0.7666666666666667,0.6444444444444445
331,attribute,yes,0,1.0,1.0,0.36363636363636365,0.4909090909090909,1.0,1.0,0.2,0.6,0.5454545454545454,1.0,0.6,0.475,0.5416666666666666,0.4666666666666667
332,positional,yes,0,1.0,1.0,1.0,1.0,1.0,1.0,0.2,0.6,1.0,1.0,0.6,1.0,0.6,0.4666666666666667
333,attribute,yes,0,1.0,1.0,0.6363636363636364,0.4909090909090909,1.0,1.0,0.0,1.0,0.6883116883116883,1.0,0.5416666666666666,0.6,0.475,0.4444444444444444
334,positional,yes,0,1.0,1.0,0.36363636363636365,0.4909090909090909,1.0,1.0,0.2,0.6,0.5454545454545454,1.0,0.6,0.475,0.5416666666666666,0.4666666666666667
335,object,yes,0,1.0,1.0,1.0,1.0,1.0,1.0,0.2,0.6,1.0,1.0,0.6,1.0,0.6,0.4666666666666667
336,positional,yes,0,1.0,1.0,1.0,1.0,1.0,1.0,0.6,0.4,1.0,1.0,0.7666666666666667,1.0,0.7666666666666667,0.6444444444444445
337,positional,yes,0,1.0,1.0,0.5454545454545454,0.45454545454545453,1.0,1.0,0.0,1.0,0.6320346320346321,1.0,0.5416666666666666,0.5416666666666666,0.5,0.4444444444444444
338,object,yes,0,1.0,1.0,0.2727272727272727,0.5636363636363636,1.0,1.0,0.0,1.0,0.5151515151515151,1.0,0.5416666666666666,0.4666666666666667,0.675,0.4444444444444444
339,attribute,yes,0,1.0,1.0,0.0,1.0,1.0,1.0,0.0,1.0,0.47619047619047616,1.0,0.5416666666666666,0.5416666666666666,1.0,0.4444444444444444
340,attribute,yes,0,1.0,1.0,1.0,1.0,1.0,1.0,0.2,0.6,1.0,1.0,0.6,1.0,0.6,0.4666666666666667
341,object,yes,0,0.7272727272727273,0.5636363636363636,0.5454545454545454,0.45454545454545453,1.0,1.0,0.0,1.0,0.5151515151515151,0.675,0.4666666666666667,0.5416666666666666,0.5,0.4444444444444444
342,object,yes,0,1.0,1.0,1.0,1.0,1.0,1.0,0.8,0.6,1.0,1.0,0.875,1.0,0.875,0.8
343,object,yes,0,1.0,1.0,1.0,1.0,1.0,1.0,0.8,0.6,1.0,1.0,0.875,1.0,0.875,0.8
344,attribute,yes,0,0.7272727272727273,0.5636363636363636,1.0,1.0,0.8,0.6,0.4,0.4,0.7532467532467533,0.6,0.5,0.875,0.675,0.4666666666666667
345,object,yes,0,1.0,1.0,0.5454545454545454,0.45454545454545453,1.0,1.0,0.0,1.0,0.6320346320346321,1.0,0.5416666666666666,0.5416666666666666,0.5,0.4444444444444444
346,sentiment,yes,0,1.0,1.0,1.0,1.0,1.0,1.0,0.6,0.4,1.0,1.0,0.7666666666666667,1.0,0.7666666666666667,0.6444444444444445
347,positional,yes,0,1.0,1.0,1.0,1.0,1.0,1.0,0.2,0.6,1.0,1.0,0.6,1.0,0.6,0.4666666666666667
348,attribute,yes,0,0.7272727272727273,0.5636363636363636,0.09090909090909091,0.8181818181818182,1.0,1.0,0.0,1.0,0.4935064935064935,0.675,0.4666666666666667,0.5,0.875,0.4444444444444444
349,sentiment,yes,0,1.0,1.0,1.0,1.0,1.0,1.0,0.8,0.6,1.0,1.0,0.875,1.0,0.875,0.8
350,object,yes,0,0.5454545454545454,0.45454545454545453,0.7272727272727273,0.5636363636363636,1.0,1.0,0.6,0.4,0.5151515151515151,0.5416666666666666,0.475,0.675,0.5416666666666666,0.6444444444444445
351,positional,yes,0,1.0,1.0,0.45454545454545453,0.45454545454545453,1.0,1.0,0.6,0.4,0.5844155844155844,1.0,0.7666666666666667,0.5,0.4666666666666667,0.6444444444444445
352,attribute,yes,1,0.09090909090909091,0.8181818181818182,1.0,1.0,0.2,0.6,0.8,0.6,0.4805194805194805,0.7666666666666667,0.5416666666666666,0.6,0.875,0.4444444444444444
353,positional,yes,0,0.8181818181818182,0.6727272727272727,1.0,1.0,1.0,1.0,0.8,0.6,0.8268398268398268,0.7666666666666667,0.675,1.0,0.875,0.8
354,object,yes,0,1.0,1.0,1.0,1.0,1.0,1.0,0.4,0.4,1.0,1.0,0.675,1.0,0.675,0.5333333333333333
355,positional,yes,1,0.0,1.0,1.0,1.0,0.0,1.0,1.0,1.0,0.47619047619047616,1.0,0.5416666666666666,0.5416666666666666,1.0,0.4444444444444444
356,attribute,yes,0,0.7272727272727273,0.5636363636363636,0.18181818181818182,0.6727272727272727,1.0,1.0,0.0,1.0,0.4805194805194805,0.675,0.4666666666666667,0.475,0.7666666666666667,0.4444444444444444
357,attribute,yes,0,1.0,1.0,0.09090909090909091,0.8181818181818182,1.0,1.0,0.0,1.0,0.4805194805194805,1.0,0.5416666666666666,0.5,0.875,0.4444444444444444
359,attribute,yes,0,1.0,1.0,0.0,1.0,1.0,1.0,0.2,0.6,0.47619047619047616,1.0,0.6,0.5416666666666666,0.875,0.4666666666666667
360,object,yes,0,1.0,1.0,1.0,1.0,1.0,1.0,0.4,0.4,1.0,1.0,0.675,1.0,0.675,0.5333333333333333
361,object,yes,0,1.0,1.0,1.0,1.0,1.0,1.0,0.8,0.6,1.0,1.0,0.875,1.0,0.875,0.8
362,object,yes,1,0.09090909090909091,0.8181818181818182,1.0,1.0,0.0,1.0,1.0,1.0,0.4805194805194805,0.875,0.5,0.5416666666666666,1.0,0.4444444444444444
363,sentiment,yes,0,1.0,1.0,1.0,1.0,1.0,1.0,0.6,0.4,1.0,1.0,0.7666666666666667,1.0,0.7666666666666667,0.6444444444444445
365,counting,yes,0,1.0,1.0,0.09090909090909091,0.8181818181818182,1.0,1.0,0.0,1.0,0.4805194805194805,1.0,0.5416666666666666,0.5,0.875,0.4444444444444444
366,object,yes,0,1.0,1.0,1.0,1.0,1.0,1.0,0.2,0.6,1.0,1.0,0.6,1.0,0.6,0.4666666666666667
367,attribute,yes,0,1.0,1.0,0.09090909090909091,0.8181818181818182,1.0,1.0,0.0,1.0,0.4805194805194805,1.0,0.5416666666666666,0.5,0.875,0.4444444444444444
368,attribute,yes,1,0.09090909090909091,0.8181818181818182,0.0,1.0,0.0,1.0,0.8,0.6,0.9090909090909091,0.875,0.5416666666666666,1.0,0.6,0.4666666666666667
369,object,yes,0,1.0,1.0,0.0,1.0,1.0,1.0,0.2,0.6,0.47619047619047616,1.0,0.6,0.5416666666666666,0.875,0.4666666666666667
370,positional,yes,0,1.0,1.0,0.09090909090909091,0.8181818181818182,1.0,1.0,0.0,1.0,0.4805194805194805,1.0,0.5416666666666666,0.5,0.875,0.4444444444444444
371,positional,yes,0,1.0,1.0,0.5454545454545454,0.45454545454545453,1.0,1.0,0.0,1.0,0.6320346320346321,1.0,0.5416666666666666,0.5416666666666666,0.5,0.4444444444444444
372,attribute,yes,0,1.0,1.0,0.0,1.0,1.0,1.0,0.0,1.0,0.47619047619047616,1.0,0.5416666666666666,0.5416666666666666,1.0,0.4444444444444444
373,positional,yes,0,1.0,1.0,0.0,1.0,1.0,1.0,0.0,1.0,0.47619047619047616,1.0,0.5416666666666666,0.5416666666666666,1.0,0.4444444444444444
374,object,yes,0,1.0,1.0,0.0,1.0,0.6,0.4,0.4,0.4,0.47619047619047616,0.7666666666666667,0.675,0.675,0.7666666666666667,0.4444444444444444
375,counting,yes,0,1.0,1.0,1.0,1.0,1.0,1.0,0.6,0.4,1.0,1.0,0.7666666666666667,1.0,0.7666666666666667,0.6444444444444445
376,positional,yes,0,1.0,1.0,0.5454545454545454,0.45454545454545453,1.0,1.0,0.0,1.0,0.6320346320346321,1.0,0.5416666666666666,0.5416666666666666,0.5,0.4444444444444444
378,object,yes,0,0.0,1.0,1.0,1.0,0.6,0.4,0.8,0.6,0.47619047619047616,0.675,0.6,0.7666666666666667,0.875,0.5333333333333333
379,object,yes,0,1.0,1.0,1.0,1.0,1.0,1.0,1.0,1.0,1.0,1.0,1.0,1.0,1.0,1.0
380,attribute,yes,0,0.7272727272727273,0.5636363636363636,0.0,1.0,1.0,1.0,0.2,0.6,0.5151515151515151,0.675,0.475,0.5416666666666666,0.875,0.4666666666666667
381,counting,yes,0,1.0,1.0,0.09090909090909091,0.8181818181818182,1.0,1.0,0.2,0.6,0.4805194805194805,1.0,0.6,0.5,0.7666666666666667,0.4666666666666667
382,attribute,yes,1,0.0,1.0,0.36363636363636365,0.4909090909090909,0.0,1.0,0.6,0.4,0.6883116883116883,1.0,0.675,0.6,0.475,0.5333333333333333
383,object,yes,0,1.0,1.0,0.45454545454545453,0.45454545454545453,1.0,1.0,0.0,1.0,0.5844155844155844,1.0,0.5416666666666666,0.5,0.5416666666666666,0.4444444444444444
384,attribute,yes,0,0.0,1.0,1.0,1.0,0.4,0.4,0.8,0.6,0.47619047619047616,0.7666666666666667,0.6,0.675,0.875,0.4666666666666667
385,sentiment,yes,1,0.8181818181818182,0.6727272727272727,0.8181818181818182,0.6727272727272727,0.4,0.4,0.8,0.6,0.6883116883116883,0.5416666666666666,0.675,0.5416666666666666,0.675,0.4666666666666667
386,attribute,yes,0,1.0,1.0,0.8181818181818182,0.6727272727272727,1.0,1.0,0.8,0.6,0.8268398268398268,1.0,0.875,0.7666666666666667,0.675,0.8
387,sentiment,yes,1,0.2727272727272727,0.5636363636363636,0.0,1.0,0.2,0.6,0.6,0.4,0.7532467532467533,0.6,0.5,0.875,0.675,0.4666666666666667
388,attribute,yes,0,1.0,1.0,0.0,1.0,1.0,1.0,0.0,1.0,0.47619047619047616,1.0,0.5416666666666666,0.5416666666666666,1.0,0.4444444444444444
389,positional,yes,0,1.0,1.0,1.0,1.0,1.0,1.0,1.0,1.0,1.0,1.0,1.0,1.0,1.0,1.0
390,positional,yes,0,1.0,1.0,0.09090909090909091,0.8181818181818182,1.0,1.0,0.2,0.6,0.4805194805194805,1.0,0.6,0.5,0.7666666666666667,0.4666666666666667
391,counting,yes,1,0.09090909090909091,0.8181818181818182,0.0,1.0,0.2,0.6,0.0,1.0,0.9090909090909091,0.7666666666666667,0.875,0.875,1.0,0.8
392,object,yes,0,1.0,1.0,1.0,1.0,1.0,1.0,1.0,1.0,1.0,1.0,1.0,1.0,1.0,1.0
393,attribute,yes,0,0.9090909090909091,0.8181818181818182,1.0,1.0,1.0,1.0,0.4,0.4,0.9090909090909091,0.875,0.6,1.0,0.675,0.5333333333333333
394,positional,yes,1,0.0,1.0,0.0,1.0,0.2,0.6,0.2,0.6,1.0,0.875,0.875,0.875,0.875,0.6444444444444445
395,attribute,yes,0,1.0,1.0,0.0,1.0,1.0,1.0,0.0,1.0,0.47619047619047616,1.0,0.5416666666666666,0.5416666666666666,1.0,0.4444444444444444
396,object,yes,0,1.0,1.0,0.0,1.0,1.0,1.0,0.0,1.0,0.47619047619047616,1.0,0.5416666666666666,0.5416666666666666,1.0,0.4444444444444444
397,sentiment,yes,0,0.8181818181818182,0.6727272727272727,1.0,1.0,0.6,0.4,1.0,1.0,0.8268398268398268,0.6,0.7666666666666667,0.7666666666666667,1.0,0.6444444444444445
398,object,yes,0,1.0,1.0,0.9090909090909091,0.8181818181818182,1.0,1.0,0.0,1.0,0.9090909090909091,1.0,0.5416666666666666,0.875,0.5,0.4444444444444444
399,object,yes,0,1.0,1.0,1.0,1.0,1.0,1.0,0.6,0.4,1.0,1.0,0.7666666666666667,1.0,0.7666666666666667,0.6444444444444445
400,object,yes,0,1.0,1.0,0.5454545454545454,0.45454545454545453,1.0,1.0,0.0,1.0,0.6320346320346321,1.0,0.5416666666666666,0.5416666666666666,0.5,0.4444444444444444
401,attribute,yes,0,1.0,1.0,0.0,1.0,1.0,1.0,0.0,1.0,0.47619047619047616,1.0,0.5416666666666666,0.5416666666666666,1.0,0.4444444444444444
402,positional,yes,0,0.18181818181818182,0.6727272727272727,1.0,1.0,0.8,0.6,0.4,0.4,0.4935064935064935,0.5,0.6,0.875,0.675,0.4666666666666667
403,object,yes,0,1.0,1.0,0.2727272727272727,0.5636363636363636,1.0,1.0,0.4,0.4,0.5151515151515151,1.0,0.675,0.4666666666666667,0.5416666666666666,0.5333333333333333
405,attribute,yes,0,0.9090909090909091,0.8181818181818182,1.0,1.0,1.0,1.0,0.6,0.4,0.9090909090909091,0.875,0.675,1.0,0.7666666666666667,0.6444444444444445
406,attribute,yes,0,0.09090909090909091,0.8181818181818182,1.0,1.0,0.2,0.6,0.6,0.4,0.4805194805194805,0.7666666666666667,0.6,0.6,0.7666666666666667,0.4666666666666667
407,positional,yes,0,1.0,1.0,0.9090909090909091,0.8181818181818182,0.8,0.6,0.6,0.4,0.9090909090909091,0.875,0.7666666666666667,0.7666666666666667,0.675,0.5333333333333333
408,positional,yes,0,1.0,1.0,1.0,1.0,1.0,1.0,0.6,0.4,1.0,1.0,0.7666666666666667,1.0,0.7666666666666667,0.6444444444444445
409,sentiment,yes,1,0.0,1.0,1.0,1.0,0.0,1.0,1.0,1.0,0.47619047619047616,1.0,0.5416666666666666,0.5416666666666666,1.0,0.4444444444444444
410,counting,yes,0,0.7272727272727273,0.5636363636363636,0.36363636363636365,0.4909090909090909,1.0,1.0,0.0,1.0,0.4805194805194805,0.675,0.4666666666666667,0.475,0.6,0.4444444444444444
411,counting,yes,0,1.0,1.0,0.2727272727272727,0.5636363636363636,1.0,1.0,0.4,0.4,0.5151515151515151,1.0,0.675,0.4666666666666667,0.5416666666666666,0.5333333333333333
412,attribute,yes,0,1.0,1.0,0.0,1.0,1.0,1.0,0.0,1.0,0.47619047619047616,1.0,0.5416666666666666,0.5416666666666666,1.0,0.4444444444444444
413,object,yes,0,1.0,1.0,0.36363636363636365,0.4909090909090909,1.0,1.0,0.0,1.0,0.5454545454545454,1.0,0.5416666666666666,0.475,0.6,0.4444444444444444
414,counting,yes,0,1.0,1.0,0.7272727272727273,0.5636363636363636,1.0,1.0,0.2,0.6,0.7532467532467533,1.0,0.6,0.675,0.475,0.4666666666666667
415,object,yes,0,1.0,1.0,0.0,1.0,1.0,1.0,0.0,1.0,0.47619047619047616,1.0,0.5416666666666666,0.5416666666666666,1.0,0.4444444444444444
416,object,yes,0,1.0,1.0,1.0,1.0,1.0,1.0,1.0,1.0,1.0,1.0,1.0,1.0,1.0,1.0
417,sentiment,yes,0,0.0,1.0,1.0,1.0,0.6,0.4,1.0,1.0,0.47619047619047616,0.675,0.5416666666666666,0.7666666666666667,1.0,0.6444444444444445
418,object,yes,0,0.9090909090909091,0.8181818181818182,0.09090909090909091,0.8181818181818182,1.0,1.0,0.4,0.4,0.47619047619047616,0.875,0.6,0.5,0.675,0.5333333333333333
419,attribute,yes,0,1.0,1.0,0.0,1.0,1.0,1.0,0.0,1.0,0.47619047619047616,1.0,0.5416666666666666,0.5416666666666666,1.0,0.4444444444444444
420,sentiment,yes,0,1.0,1.0,0.9090909090909091,0.8181818181818182,1.0,1.0,0.2,0.6,0.9090909090909091,1.0,0.6,0.875,0.5416666666666666,0.4666666666666667
421,object,yes,0,1.0,1.0,1.0,1.0,1.0,1.0,0.4,0.4,1.0,1.0,0.675,1.0,0.675,0.5333333333333333
422,counting,yes,0,1.0,1.0,1.0,1.0,1.0,1.0,0.8,0.6,1.0,1.0,0.875,1.0,0.875,0.8
423,positional,yes,0,1.0,1.0,1.0,1.0,0.8,0.6,0.4,0.4,1.0,0.875,0.675,0.875,0.675,0.4666666666666667
425,attribute,yes,0,0.9090909090909091,0.8181818181818182,0.09090909090909091,0.8181818181818182,1.0,1.0,0.0,1.0,0.47619047619047616,0.875,0.5,0.5,0.875,0.4444444444444444
426,object,yes,0,1.0,1.0,1.0,1.0,1.0,1.0,0.6,0.4,1.0,1.0,0.7666666666666667,1.0,0.7666666666666667,0.6444444444444445
428,attribute,yes,0,1.0,1.0,0.0,1.0,1.0,1.0,0.2,0.6,0.47619047619047616,1.0,0.6,0.5416666666666666,0.875,0.4666666666666667
429,object,yes,0,1.0,1.0,1.0,1.0,1.0,1.0,1.0,1.0,1.0,1.0,1.0,1.0,1.0,1.0
431,positional,yes,0,0.6363636363636364,0.4909090909090909,0.36363636363636365,0.4909090909090909,1.0,1.0,0.0,1.0,0.47619047619047616,0.6,0.475,0.475,0.6,0.4444444444444444
433,counting,yes,0,1.0,1.0,1.0,1.0,1.0,1.0,0.2,0.6,1.0,1.0,0.6,1.0,0.6,0.4666666666666667
434,counting,yes,0,1.0,1.0,1.0,1.0,1.0,1.0,0.6,0.4,1.0,1.0,0.7666666666666667,1.0,0.7666666666666667,0.6444444444444445
435,sentiment,yes,1,1.0,1.0,0.0,1.0,1.0,1.0,0.2,0.6,0.47619047619047616,1.0,0.6,0.5416666666666666,0.875,0.4666666666666667
436,object,yes,0,1.0,1.0,1.0,1.0,1.0,1.0,1.0,1.0,1.0,1.0,1.0,1.0,1.0,1.0
437,counting,yes,0,1.0,1.0,0.45454545454545453,0.45454545454545453,1.0,1.0,0.2,0.6,0.5844155844155844,1.0,0.6,0.5,0.5,0.4666666666666667
438,attribute,yes,0,1.0,1.0,0.2727272727272727,0.5636363636363636,1.0,1.0,0.0,1.0,0.5151515151515151,1.0,0.5416666666666666,0.4666666666666667,0.675,0.4444444444444444
439,positional,yes,0,1.0,1.0,0.8181818181818182,0.6727272727272727,1.0,1.0,0.6,0.4,0.8268398268398268,1.0,0.7666666666666667,0.7666666666666667,0.6,0.6444444444444445
440,object,yes,0,1.0,1.0,0.6363636363636364,0.4909090909090909,1.0,1.0,0.2,0.6,0.6883116883116883,1.0,0.6,0.6,0.4666666666666667,0.4666666666666667
441,counting,yes,0,1.0,1.0,1.0,1.0,1.0,1.0,0.6,0.4,1.0,1.0,0.7666666666666667,1.0,0.7666666666666667,0.6444444444444445
442,object,yes,1,0.9090909090909091,0.8181818181818182,0.0,1.0,0.6,0.4,0.2,0.6,0.4805194805194805,0.675,0.5416666666666666,0.675,0.875,0.4666666666666667
443,object,yes,0,1.0,1.0,1.0,1.0,1.0,1.0,1.0,1.0,1.0,1.0,1.0,1.0,1.0,1.0
444,object,yes,0,0.5454545454545454,0.45454545454545453,1.0,1.0,1.0,1.0,1.0,1.0,0.6320346320346321,0.5416666666666666,0.5416666666666666,1.0,1.0,1.0
445,sentiment,yes,0,1.0,1.0,1.0,1.0,1.0,1.0,0.4,0.4,1.0,1.0,0.675,1.0,0.675,0.5333333333333333
446,counting,yes,0,1.0,1.0,0.09090909090909091,0.8181818181818182,1.0,1.0,0.0,1.0,0.4805194805194805,1.0,0.5416666666666666,0.5,0.875,0.4444444444444444
447,counting,yes,0,0.5454545454545454,0.45454545454545453,1.0,1.0,1.0,1.0,0.2,0.6,0.6320346320346321,0.5416666666666666,0.475,1.0,0.6,0.4666666666666667
448,positional,yes,0,1.0,1.0,1.0,1.0,1.0,1.0,0.8,0.6,1.0,1.0,0.875,1.0,0.875,0.8
449,counting,yes,0,1.0,1.0,1.0,1.0,1.0,1.0,0.2,0.6,1.0,1.0,0.6,1.0,0.6,0.4666666666666667
451,positional,yes,0,1.0,1.0,1.0,1.0,1.0,1.0,0.2,0.6,1.0,1.0,0.6,1.0,0.6,0.4666666666666667
452,attribute,yes,0,0.7272727272727273,0.5636363636363636,0.09090909090909091,0.8181818181818182,1.0,1.0,0.0,1.0,0.4935064935064935,0.675,0.4666666666666667,0.5,0.875,0.4444444444444444
455,object,yes,0,1.0,1.0,0.09090909090909091,0.8181818181818182,1.0,1.0,0.0,1.0,0.4805194805194805,1.0,0.5416666666666666,0.5,0.875,0.4444444444444444
457,counting,yes,0,1.0,1.0,0.0,1.0,1.0,1.0,0.2,0.6,0.47619047619047616,1.0,0.6,0.5416666666666666,0.875,0.4666666666666667
458,counting,yes,0,1.0,1.0,0.36363636363636365,0.4909090909090909,1.0,1.0,0.8,0.6,0.5454545454545454,1.0,0.875,0.475,0.4666666666666667,0.8
459,object,yes,0,1.0,1.0,1.0,1.0,1.0,1.0,0.4,0.4,1.0,1.0,0.675,1.0,0.675,0.5333333333333333
460,attribute,yes,0,1.0,1.0,0.0,1.0,1.0,1.0,0.0,1.0,0.47619047619047616,1.0,0.5416666666666666,0.5416666666666666,1.0,0.4444444444444444
461,object,yes,0,1.0,1.0,0.2727272727272727,0.5636363636363636,1.0,1.0,0.0,1.0,0.5151515151515151,1.0,0.5416666666666666,0.4666666666666667,0.675,0.4444444444444444
462,object,yes,0,1.0,1.0,1.0,1.0,0.6,0.4,0.8,0.6,1.0,0.7666666666666667,0.875,0.7666666666666667,0.875,0.5333333333333333
463,counting,yes,0,1.0,1.0,0.5454545454545454,0.45454545454545453,1.0,1.0,1.0,1.0,0.6320346320346321,1.0,1.0,0.5416666666666666,0.5416666666666666,1.0
464,counting,yes,0,1.0,1.0,0.09090909090909091,0.8181818181818182,1.0,1.0,0.0,1.0,0.4805194805194805,1.0,0.5416666666666666,0.5,0.875,0.4444444444444444
465,positional,yes,0,0.45454545454545453,0.45454545454545453,0.7272727272727273,0.5636363636363636,0.8,0.6,0.2,0.6,0.4935064935064935,0.475,0.5,0.6,0.475,0.4444444444444444
466,counting,yes,1,0.18181818181818182,0.6727272727272727,0.0,1.0,0.6,0.4,0.4,0.4,0.8268398268398268,0.5416666666666666,0.6,0.675,0.7666666666666667,0.4444444444444444
467,object,yes,0,1.0,1.0,1.0,1.0,1.0,1.0,0.4,0.4,1.0,1.0,0.675,1.0,0.675,0.5333333333333333
469,object,yes,0,1.0,1.0,1.0,1.0,1.0,1.0,0.4,0.4,1.0,1.0,0.675,1.0,0.675,0.5333333333333333
470,object,yes,0,1.0,1.0,1.0,1.0,1.0,1.0,0.8,0.6,1.0,1.0,0.875,1.0,0.875,0.8
471,object,yes,0,1.0,1.0,0.8181818181818182,0.6727272727272727,1.0,1.0,0.2,0.6,0.8268398268398268,1.0,0.6,0.7666666666666667,0.5,0.4666666666666667
472,positional,yes,0,1.0,1.0,1.0,1.0,1.0,1.0,0.2,0.6,1.0,1.0,0.6,1.0,0.6,0.4666666666666667
473,sentiment,yes,1,1.0,1.0,0.0,1.0,1.0,1.0,0.2,0.6,0.47619047619047616,1.0,0.6,0.5416666666666666,0.875,0.4666666666666667
474,object,yes,0,1.0,1.0,1.0,1.0,1.0,1.0,0.4,0.4,1.0,1.0,0.675,1.0,0.675,0.5333333333333333
475,object,yes,0,1.0,1.0,0.18181818181818182,0.6727272727272727,1.0,1.0,0.0,1.0,0.4935064935064935,1.0,0.5416666666666666,0.475,0.7666666666666667,0.4444444444444444
477,positional,yes,0,0.8181818181818182,0.6727272727272727,1.0,1.0,1.0,1.0,0.4,0.4,0.8268398268398268,0.7666666666666667,0.5416666666666666,1.0,0.675,0.5333333333333333
478,attribute,yes,1,0.0,1.0,1.0,1.0,0.0,1.0,1.0,1.0,0.47619047619047616,1.0,0.5416666666666666,0.5416666666666666,1.0,0.4444444444444444
479,sentiment,yes,0,1.0,1.0,1.0,1.0,1.0,1.0,0.8,0.6,1.0,1.0,0.875,1.0,0.875,0.8
480,attribute,yes,0,1.0,1.0,0.0,1.0,1.0,1.0,0.0,1.0,0.47619047619047616,1.0,0.5416666666666666,0.5416666666666666,1.0,0.4444444444444444
482,object,yes,0,1.0,1.0,1.0,1.0,1.0,1.0,0.2,0.6,1.0,1.0,0.6,1.0,0.6,0.4666666666666667
483,sentiment,yes,0,1.0,1.0,1.0,1.0,1.0,1.0,0.8,0.6,1.0,1.0,0.875,1.0,0.875,0.8
484,attribute,yes,1,0.7272727272727273,0.5636363636363636,0.0,1.0,1.0,1.0,0.6,0.4,0.5151515151515151,0.675,0.5416666666666666,0.5416666666666666,0.675,0.6444444444444445
485,positional,yes,0,1.0,1.0,1.0,1.0,1.0,1.0,0.4,0.4,1.0,1.0,0.675,1.0,0.675,0.5333333333333333
486,object,yes,0,1.0,1.0,1.0,1.0,0.8,0.6,0.4,0.4,1.0,0.875,0.675,0.875,0.675,0.4666666666666667
487,object,yes,0,1.0,1.0,1.0,1.0,1.0,1.0,0.4,0.4,1.0,1.0,0.675,1.0,0.675,0.5333333333333333
488,object,yes,0,1.0,1.0,1.0,1.0,1.0,1.0,1.0,1.0,1.0,1.0,1.0,1.0,1.0,1.0
490,object,yes,0,0.45454545454545453,0.45454545454545453,1.0,1.0,0.8,0.6,0.8,0.6,0.5844155844155844,0.475,0.475,0.875,0.875,0.6444444444444445
491,object,yes,1,1.0,1.0,0.5454545454545454,0.45454545454545453,0.6,0.4,1.0,1.0,0.6320346320346321,0.7666666666666667,1.0,0.475,0.5416666666666666,0.6444444444444445
492,object,yes,1,0.36363636363636365,0.4909090909090909,0.0,1.0,0.8,0.6,0.6,0.4,0.6883116883116883,0.4666666666666667,0.475,0.6,0.675,0.5333333333333333
493,object,yes,0,1.0,1.0,0.0,1.0,1.0,1.0,0.0,1.0,0.47619047619047616,1.0,0.5416666666666666,0.5416666666666666,1.0,0.4444444444444444
494,positional,yes,0,1.0,1.0,0.09090909090909091,0.8181818181818182,1.0,1.0,0.0,1.0,0.4805194805194805,1.0,0.5416666666666666,0.5,0.875,0.4444444444444444
496,attribute,yes,0,1.0,1.0,1.0,1.0,1.0,1.0,0.2,0.6,1.0,1.0,0.6,1.0,0.6,0.4666666666666667
497,object,yes,0,1.0,1.0,0.36363636363636365,0.4909090909090909,1.0,1.0,0.2,0.6,0.5454545454545454,1.0,0.6,0.475,0.5416666666666666,0.4666666666666667
498,counting,yes,0,1.0,1.0,0.2727272727272727,0.5636363636363636,1.0,1.0,0.0,1.0,0.5151515151515151,1.0,0.5416666666666666,0.4666666666666667,0.675,0.4444444444444444
499,counting,yes,0,1.0,1.0,0.09090909090909091,0.8181818181818182,1.0,1.0,0.0,1.0,0.4805194805194805,1.0,0.5416666666666666,0.5,0.875,0.4444444444444444
500,object,yes,0,1.0,1.0,0.18181818181818182,0.6727272727272727,1.0,1.0,0.2,0.6,0.4935064935064935,1.0,0.6,0.475,0.675,0.4666666666666667
502,sentiment,yes,1,0.0,1.0,0.9090909090909091,0.8181818181818182,0.0,1.0,0.8,0.6,0.4805194805194805,1.0,0.6,0.5,0.7666666666666667,0.4666666666666667
503,attribute,yes,0,1.0,1.0,0.0,1.0,1.0,1.0,0.0,1.0,0.47619047619047616,1.0,0.5416666666666666,0.5416666666666666,1.0,0.4444444444444444
504,positional,yes,0,1.0,1.0,0.0,1.0,1.0,1.0,0.0,1.0,0.47619047619047616,1.0,0.5416666666666666,0.5416666666666666,1.0,0.4444444444444444
506,object,yes,0,1.0,1.0,0.36363636363636365,0.4909090909090909,1.0,1.0,0.0,1.0,0.5454545454545454,1.0,0.5416666666666666,0.475,0.6,0.4444444444444444
508,sentiment,yes,1,1.0,1.0,0.0,1.0,0.8,0.6,0.0,1.0,0.47619047619047616,0.875,0.5416666666666666,0.6,1.0,0.4666666666666667
509,counting,yes,0,1.0,1.0,0.09090909090909091,0.8181818181818182,1.0,1.0,0.0,1.0,0.4805194805194805,1.0,0.5416666666666666,0.5,0.875,0.4444444444444444
510,attribute,yes,0,1.0,1.0,1.0,1.0,1.0,1.0,0.6,0.4,1.0,1.0,0.7666666666666667,1.0,0.7666666666666667,0.6444444444444445
512,counting,yes,1,0.0,1.0,0.0,1.0,0.0,1.0,0.6,0.4,1.0,1.0,0.675,1.0,0.675,0.5333333333333333
516,attribute,yes,0,1.0,1.0,1.0,1.0,1.0,1.0,0.2,0.6,1.0,1.0,0.6,1.0,0.6,0.4666666666666667
517,counting,yes,0,1.0,1.0,0.45454545454545453,0.45454545454545453,1.0,1.0,0.0,1.0,0.5844155844155844,1.0,0.5416666666666666,0.5,0.5416666666666666,0.4444444444444444
518,object,yes,0,1.0,1.0,1.0,1.0,1.0,1.0,0.2,0.6,1.0,1.0,0.6,1.0,0.6,0.4666666666666667
519,counting,yes,1,0.0,1.0,0.0,1.0,0.0,1.0,0.6,0.4,1.0,1.0,0.675,1.0,0.675,0.5333333333333333
521,object,yes,0,0.7272727272727273,0.5636363636363636,0.45454545454545453,0.45454545454545453,1.0,1.0,0.4,0.4,0.4935064935064935,0.675,0.5,0.5,0.475,0.5333333333333333
522,counting,yes,0,1.0,1.0,0.5454545454545454,0.45454545454545453,1.0,1.0,0.4,0.4,0.6320346320346321,1.0,0.675,0.5416666666666666,0.4666666666666667,0.5333333333333333
523,sentiment,yes,1,0.0,1.0,1.0,1.0,0.0,1.0,1.0,1.0,0.47619047619047616,1.0,0.5416666666666666,0.5416666666666666,1.0,0.4444444444444444
525,sentiment,yes,0,0.09090909090909091,0.8181818181818182,0.18181818181818182,0.6727272727272727,0.8,0.6,0.0,1.0,0.7532467532467533,0.5416666666666666,0.875,0.5,0.7666666666666667,0.4666666666666667
526,sentiment,yes,0,1.0,1.0,1.0,1.0,1.0,1.0,1.0,1.0,1.0,1.0,1.0,1.0,1.0,1.0
527,sentiment,yes,0,0.8181818181818182,0.6727272727272727,0.6363636363636364,0.4909090909090909,1.0,1.0,0.8,0.6,0.5844155844155844,0.7666666666666667,0.675,0.6,0.5416666666666666,0.8
528,positional,yes,0,1.0,1.0,0.45454545454545453,0.45454545454545453,1.0,1.0,0.0,1.0,0.5844155844155844,1.0,0.5416666666666666,0.5,0.5416666666666666,0.4444444444444444
529,counting,yes,0,0.8181818181818182,0.6727272727272727,0.09090909090909091,0.8181818181818182,1.0,1.0,0.0,1.0,0.4805194805194805,0.7666666666666667,0.475,0.5,0.875,0.4444444444444444
530,attribute,yes,1,0.0,1.0,1.0,1.0,0.0,1.0,1.0,1.0,0.47619047619047616,1.0,0.5416666666666666,0.5416666666666666,1.0,0.4444444444444444
531,object,yes,0,1.0,1.0,1.0,1.0,1.0,1.0,0.8,0.6,1.0,1.0,0.875,1.0,0.875,0.8
532,positional,yes,0,1.0,1.0,0.09090909090909091,0.8181818181818182,1.0,1.0,0.0,1.0,0.4805194805194805,1.0,0.5416666666666666,0.5,0.875,0.4444444444444444
533,counting,yes,0,1.0,1.0,1.0,1.0,1.0,1.0,0.6,0.4,1.0,1.0,0.7666666666666667,1.0,0.7666666666666667,0.6444444444444445
534,attribute,yes,0,0.8181818181818182,0.6727272727272727,0.6363636363636364,0.4909090909090909,1.0,1.0,0.0,1.0,0.5844155844155844,0.7666666666666667,0.475,0.6,0.475,0.4444444444444444
535,object,yes,0,1.0,1.0,1.0,1.0,1.0,1.0,0.4,0.4,1.0,1.0,0.675,1.0,0.675,0.5333333333333333
536,positional,yes,0,1.0,1.0,0.0,1.0,1.0,1.0,0.0,1.0,0.47619047619047616,1.0,0.5416666666666666,0.5416666666666666,1.0,0.4444444444444444
537,positional,yes,0,1.0,1.0,0.09090909090909091,0.8181818181818182,1.0,1.0,0.0,1.0,0.4805194805194805,1.0,0.5416666666666666,0.5,0.875,0.4444444444444444
538,attribute,yes,0,1.0,1.0,1.0,1.0,1.0,1.0,0.8,0.6,1.0,1.0,0.875,1.0,0.875,0.8
539,positional,yes,0,1.0,1.0,0.09090909090909091,0.8181818181818182,1.0,1.0,0.0,1.0,0.4805194805194805,1.0,0.5416666666666666,0.5,0.875,0.4444444444444444
540,sentiment,yes,1,0.9090909090909091,0.8181818181818182,0.0,1.0,0.6,0.4,0.2,0.6,0.4805194805194805,0.675,0.5416666666666666,0.675,0.875,0.4666666666666667
541,sentiment,yes,1,0.0,1.0,0.0,1.0,0.0,1.0,0.0,1.0,1.0,1.0,1.0,1.0,1.0,1.0
542,positional,yes,0,1.0,1.0,0.0,1.0,1.0,1.0,0.0,1.0,0.47619047619047616,1.0,0.5416666666666666,0.5416666666666666,1.0,0.4444444444444444
545,object,yes,0,1.0,1.0,1.0,1.0,1.0,1.0,0.2,0.6,1.0,1.0,0.6,1.0,0.6,0.4666666666666667
546,positional,yes,0,1.0,1.0,0.09090909090909091,0.8181818181818182,1.0,1.0,0.0,1.0,0.4805194805194805,1.0,0.5416666666666666,0.5,0.875,0.4444444444444444
547,positional,yes,0,1.0,1.0,0.9090909090909091,0.8181818181818182,1.0,1.0,0.2,0.6,0.9090909090909091,1.0,0.6,0.875,0.5416666666666666,0.4666666666666667
548,attribute,yes,0,1.0,1.0,0.9090909090909091,0.8181818181818182,1.0,1.0,0.8,0.6,0.9090909090909091,1.0,0.875,0.875,0.7666666666666667,0.8
549,positional,yes,0,1.0,1.0,1.0,1.0,1.0,1.0,0.4,0.4,1.0,1.0,0.675,1.0,0.675,0.5333333333333333
550,object,yes,0,1.0,1.0,1.0,1.0,1.0,1.0,0.8,0.6,1.0,1.0,0.875,1.0,0.875,0.8
552,attribute,yes,0,1.0,1.0,1.0,1.0,1.0,1.0,0.2,0.6,1.0,1.0,0.6,1.0,0.6,0.4666666666666667
553,object,yes,1,0.5454545454545454,0.45454545454545453,0.0,1.0,0.4,0.4,0.0,1.0,0.5844155844155844,0.4666666666666667,0.5,0.7666666666666667,1.0,0.6444444444444445
554,positional,yes,0,1.0,1.0,1.0,1.0,1.0,1.0,0.8,0.6,1.0,1.0,0.875,1.0,0.875,0.8
555,sentiment,yes,0,1.0,1.0,1.0,1.0,1.0,1.0,0.6,0.4,1.0,1.0,0.7666666666666667,1.0,0.7666666666666667,0.6444444444444445
556,object,yes,1,1.0,1.0,1.0,1.0,0.2,0.6,1.0,1.0,1.0,0.6,1.0,0.6,1.0,0.4666666666666667
557,attribute,yes,0,0.7272727272727273,0.5636363636363636,0.7272727272727273,0.5636363636363636,1.0,1.0,0.0,1.0,0.5844155844155844,0.675,0.4666666666666667,0.675,0.4666666666666667,0.4444444444444444
558,attribute,yes,0,1.0,1.0,0.0,1.0,1.0,1.0,0.0,1.0,0.47619047619047616,1.0,0.5416666666666666,0.5416666666666666,1.0,0.4444444444444444
559,attribute,yes,0,1.0,1.0,0.09090909090909091,0.8181818181818182,1.0,1.0,0.0,1.0,0.4805194805194805,1.0,0.5416666666666666,0.5,0.875,0.4444444444444444
560,object,yes,0,1.0,1.0,1.0,1.0,1.0,1.0,0.8,0.6,1.0,1.0,0.875,1.0,0.875,0.8
561,object,yes,0,1.0,1.0,1.0,1.0,1.0,1.0,1.0,1.0,1.0,1.0,1.0,1.0,1.0,1.0
562,counting,yes,1,0.0,1.0,0.0,1.0,0.0,1.0,0.0,1.0,1.0,1.0,1.0,1.0,1.0,1.0
563,attribute,yes,0,1.0,1.0,0.0,1.0,1.0,1.0,0.0,1.0,0.47619047619047616,1.0,0.5416666666666666,0.5416666666666666,1.0,0.4444444444444444
564,attribute,yes,0,0.18181818181818182,0.6727272727272727,1.0,1.0,0.8,0.6,0.2,0.6,0.4935064935064935,0.5,0.675,0.875,0.6,0.4444444444444444
565,object,yes,0,1.0,1.0,1.0,1.0,1.0,1.0,0.2,0.6,1.0,1.0,0.6,1.0,0.6,0.4666666666666667
566,positional,yes,0,1.0,1.0,0.6363636363636364,0.4909090909090909,1.0,1.0,0.6,0.4,0.6883116883116883,1.0,0.7666666666666667,0.6,0.5,0.6444444444444445
567,object,yes,0,1.0,1.0,0.5454545454545454,0.45454545454545453,1.0,1.0,0.2,0.6,0.6320346320346321,1.0,0.6,0.5416666666666666,0.475,0.4666666666666667
568,object,yes,0,1.0,1.0,1.0,1.0,1.0,1.0,0.8,0.6,1.0,1.0,0.875,1.0,0.875,0.8
569,attribute,yes,0,0.7272727272727273,0.5636363636363636,0.0,1.0,1.0,1.0,0.0,1.0,0.5151515151515151,0.675,0.4666666666666667,0.5416666666666666,1.0,0.4444444444444444
570,attribute,yes,0,1.0,1.0,1.0,1.0,1.0,1.0,0.4,0.4,1.0,1.0,0.675,1.0,0.675,0.5333333333333333
571,attribute,yes,0,1.0,1.0,1.0,1.0,1.0,1.0,0.6,0.4,1.0,1.0,0.7666666666666667,1.0,0.7666666666666667,0.6444444444444445
573,counting,yes,0,1.0,1.0,1.0,1.0,1.0,1.0,0.6,0.4,1.0,1.0,0.7666666666666667,1.0,0.7666666666666667,0.6444444444444445
574,attribute,yes,0,1.0,1.0,0.8181818181818182,0.6727272727272727,1.0,1.0,0.2,0.6,0.8268398268398268,1.0,0.6,0.7666666666666667,0.5,0.4666666666666667
575,attribute,yes,0,1.0,1.0,1.0,1.0,1.0,1.0,0.4,0.4,1.0,1.0,0.675,1.0,0.675,0.5333333333333333
578,sentiment,yes,0,1.0,1.0,1.0,1.0,1.0,1.0,0.8,0.6,1.0,1.0,0.875,1.0,0.875,0.8
579,sentiment,yes,0,1.0,1.0,0.18181818181818182,0.6727272727272727,1.0,1.0,0.4,0.4,0.4935064935064935,1.0,0.675,0.475,0.6,0.5333333333333333
580,positional,yes,0,0.9090909090909091,0.8181818181818182,0.5454545454545454,0.45454545454545453,1.0,1.0,0.0,1.0,0.5844155844155844,0.875,0.5,0.5416666666666666,0.5,0.4444444444444444
581,sentiment,yes,0,1.0,1.0,0.5454545454545454,0.45454545454545453,1.0,1.0,0.2,0.6,0.6320346320346321,1.0,0.6,0.5416666666666666,0.475,0.4666666666666667
582,positional,yes,0,0.6363636363636364,0.4909090909090909,0.09090909090909091,0.8181818181818182,0.8,0.6,0.2,0.6,0.5151515151515151,0.5416666666666666,0.4666666666666667,0.5416666666666666,0.7666666666666667,0.4444444444444444
583,positional,yes,0,1.0,1.0,1.0,1.0,1.0,1.0,0.8,0.6,1.0,1.0,0.875,1.0,0.875,0.8
584,attribute,yes,0,1.0,1.0,1.0,1.0,1.0,1.0,0.4,0.4,1.0,1.0,0.675,1.0,0.675,0.5333333333333333
585,object,yes,0,1.0,1.0,0.45454545454545453,0.45454545454545453,1.0,1.0,0.4,0.4,0.5844155844155844,1.0,0.675,0.5,0.475,0.5333333333333333
586,positional,yes,0,1.0,1.0,0.09090909090909091,0.8181818181818182,1.0,1.0,0.0,1.0,0.4805194805194805,1.0,0.5416666666666666,0.5,0.875,0.4444444444444444
588,positional,yes,0,1.0,1.0,1.0,1.0,1.0,1.0,0.4,0.4,1.0,1.0,0.675,1.0,0.675,0.5333333333333333
589,counting,yes,0,1.0,1.0,1.0,1.0,1.0,1.0,0.2,0.6,1.0,1.0,0.6,1.0,0.6,0.4666666666666667
590,object,yes,0,0.7272727272727273,0.5636363636363636,1.0,1.0,1.0,1.0,0.8,0.6,0.7532467532467533,0.675,0.6,1.0,0.875,0.8
591,object,yes,0,1.0,1.0,1.0,1.0,1.0,1.0,0.2,0.6,1.0,1.0,0.6,1.0,0.6,0.4666666666666667
592,attribute,yes,0,0.6363636363636364,0.4909090909090909,0.0,1.0,1.0,1.0,0.0,1.0,0.5454545454545454,0.6,0.475,0.5416666666666666,1.0,0.4444444444444444
593,positional,yes,0,1.0,1.0,1.0,1.0,1.0,1.0,0.4,0.4,1.0,1.0,0.675,1.0,0.675,0.5333333333333333
594,attribute,yes,0,1.0,1.0,0.45454545454545453,0.45454545454545453,1.0,1.0,0.0,1.0,0.5844155844155844,1.0,0.5416666666666666,0.5,0.5416666666666666,0.4444444444444444
595,attribute,yes,0,1.0,1.0,1.0,1.0,1.0,1.0,0.2,0.6,1.0,1.0,0.6,1.0,0.6,0.4666666666666667
597,positional,yes,0,0.9090909090909091,0.8181818181818182,0.45454545454545453,0.45454545454545453,1.0,1.0,0.0,1.0,0.5454545454545454,0.875,0.5,0.5,0.5416666666666666,0.4444444444444444
598,counting,yes,0,1.0,1.0,0.09090909090909091,0.8181818181818182,1.0,1.0,0.2,0.6,0.4805194805194805,1.0,0.6,0.5,0.7666666666666667,0.4666666666666667
599,counting,yes,0,1.0,1.0,0.09090909090909091,0.8181818181818182,1.0,1.0,0.2,0.6,0.4805194805194805,1.0,0.6,0.5,0.7666666666666667,0.4666666666666667
600,sentiment,yes,0,1.0,1.0,0.45454545454545453,0.45454545454545453,1.0,1.0,0.0,1.0,0.5844155844155844,1.0,0.5416666666666666,0.5,0.5416666666666666,0.4444444444444444
601,counting,yes,0,1.0,1.0,1.0,1.0,1.0,1.0,0.4,0.4,1.0,1.0,0.675,1.0,0.675,0.5333333333333333
602,sentiment,yes,0,0.7272727272727273,0.5636363636363636,1.0,1.0,1.0,1.0,1.0,1.0,0.7532467532467533,0.675,0.675,1.0,1.0,1.0
603,sentiment,yes,0,1.0,1.0,1.0,1.0,1.0,1.0,0.8,0.6,1.0,1.0,0.875,1.0,0.875,0.8
604,counting,yes,1,0.2727272727272727,0.5636363636363636,0.7272727272727273,0.5636363636363636,0.0,1.0,1.0,1.0,0.47619047619047616,0.675,0.4666666666666667,0.4666666666666667,0.675,0.4444444444444444
605,attribute,yes,0,1.0,1.0,0.0,1.0,1.0,1.0,0.0,1.0,0.47619047619047616,1.0,0.5416666666666666,0.5416666666666666,1.0,0.4444444444444444
606,object,yes,0,0.6363636363636364,0.4909090909090909,1.0,1.0,1.0,1.0,0.8,0.6,0.6883116883116883,0.6,0.5416666666666666,1.0,0.875,0.8
607,attribute,yes,0,0.8181818181818182,0.6727272727272727,0.2727272727272727,0.5636363636363636,1.0,1.0,0.8,0.6,0.4805194805194805,0.7666666666666667,0.675,0.4666666666666667,0.475,0.8
608,object,yes,0,1.0,1.0,1.0,1.0,1.0,1.0,0.2,0.6,1.0,1.0,0.6,1.0,0.6,0.4666666666666667
611,counting,yes,0,1.0,1.0,0.0,1.0,1.0,1.0,0.4,0.4,0.47619047619047616,1.0,0.675,0.5416666666666666,0.7666666666666667,0.5333333333333333
612,object,yes,0,1.0,1.0,1.0,1.0,1.0,1.0,0.4,0.4,1.0,1.0,0.675,1.0,0.675,0.5333333333333333
613,object,yes,0,1.0,1.0,1.0,1.0,1.0,1.0,1.0,1.0,1.0,1.0,1.0,1.0,1.0,1.0
614,sentiment,yes,0,1.0,1.0,1.0,1.0,1.0,1.0,1.0,1.0,1.0,1.0,1.0,1.0,1.0,1.0
616,sentiment,yes,1,0.0,1.0,0.18181818181818182,0.6727272727272727,0.0,1.0,0.2,0.6,0.8268398268398268,1.0,0.875,0.7666666666666667,0.675,0.8
617,positional,yes,0,1.0,1.0,1.0,1.0,1.0,1.0,0.6,0.4,1.0,1.0,0.7666666666666667,1.0,0.7666666666666667,0.6444444444444445
618,sentiment,yes,0,1.0,1.0,1.0,1.0,1.0,1.0,0.6,0.4,1.0,1.0,0.7666666666666667,1.0,0.7666666666666667,0.6444444444444445
619,counting,yes,0,1.0,1.0,1.0,1.0,1.0,1.0,1.0,1.0,1.0,1.0,1.0,1.0,1.0,1.0
620,attribute,yes,0,0.9090909090909091,0.8181818181818182,1.0,1.0,1.0,1.0,0.2,0.6,0.9090909090909091,0.875,0.5416666666666666,1.0,0.6,0.4666666666666667
621,object,yes,0,1.0,1.0,1.0,1.0,1.0,1.0,0.6,0.4,1.0,1.0,0.7666666666666667,1.0,0.7666666666666667,0.6444444444444445
622,sentiment,yes,1,0.9090909090909091,0.8181818181818182,0.0,1.0,0.2,0.6,0.2,0.6,0.4805194805194805,0.5416666666666666,0.5416666666666666,0.875,0.875,0.6444444444444445
623,sentiment,yes,0,1.0,1.0,1.0,1.0,1.0,1.0,1.0,1.0,1.0,1.0,1.0,1.0,1.0,1.0
624,object,yes,0,1.0,1.0,0.36363636363636365,0.4909090909090909,1.0,1.0,0.0,1.0,0.5454545454545454,1.0,0.5416666666666666,0.475,0.6,0.4444444444444444
625,positional,yes,0,0.7272727272727273,0.5636363636363636,1.0,1.0,1.0,1.0,1.0,1.0,0.7532467532467533,0.675,0.675,1.0,1.0,1.0
626,attribute,yes,0,0.7272727272727273,0.5636363636363636,0.7272727272727273,0.5636363636363636,1.0,1.0,0.2,0.6,0.5844155844155844,0.675,0.475,0.675,0.475,0.4666666666666667
627,attribute,yes,1,0.09090909090909091,0.8181818181818182,0.6363636363636364,0.4909090909090909,0.0,1.0,1.0,1.0,0.5151515151515151,0.875,0.5,0.475,0.6,0.4444444444444444
628,object,yes,0,1.0,1.0,0.8181818181818182,0.6727272727272727,1.0,1.0,0.6,0.4,0.8268398268398268,1.0,0.7666666666666667,0.7666666666666667,0.6,0.6444444444444445
629,attribute,yes,1,0.09090909090909091,0.8181818181818182,0.09090909090909091,0.8181818181818182,0.0,1.0,0.2,0.6,0.8268398268398268,0.875,0.7666666666666667,0.875,0.7666666666666667,0.8
631,counting,yes,1,0.9090909090909091,0.8181818181818182,0.0,1.0,0.6,0.4,0.2,0.6,0.4805194805194805,0.675,0.5416666666666666,0.675,0.875,0.4666666666666667
632,object,yes,0,1.0,1.0,0.09090909090909091,0.8181818181818182,1.0,1.0,0.0,1.0,0.4805194805194805,1.0,0.5416666666666666,0.5,0.875,0.4444444444444444
633,positional,yes,0,1.0,1.0,1.0,1.0,1.0,1.0,0.8,0.6,1.0,1.0,0.875,1.0,0.875,0.8
634,attribute,yes,0,0.7272727272727273,0.5636363636363636,0.0,1.0,1.0,1.0,0.0,1.0,0.5151515151515151,0.675,0.4666666666666667,0.5416666666666666,1.0,0.4444444444444444
635,sentiment,yes,0,1.0,1.0,1.0,1.0,1.0,1.0,0.8,0.6,1.0,1.0,0.875,1.0,0.875,0.8
636,object,yes,0,1.0,1.0,1.0,1.0,1.0,1.0,0.8,0.6,1.0,1.0,0.875,1.0,0.875,0.8
637,sentiment,yes,0,0.8181818181818182,0.6727272727272727,1.0,1.0,0.6,0.4,0.6,0.4,0.8268398268398268,0.6,0.6,0.7666666666666667,0.7666666666666667,0.4666666666666667
639,sentiment,yes,0,1.0,1.0,0.7272727272727273,0.5636363636363636,1.0,1.0,0.8,0.6,0.7532467532467533,1.0,0.875,0.675,0.6,0.8
640,counting,yes,0,1.0,1.0,1.0,1.0,1.0,1.0,0.4,0.4,1.0,1.0,0.675,1.0,0.675,0.5333333333333333
641,object,yes,0,1.0,1.0,1.0,1.0,0.8,0.6,0.4,0.4,1.0,0.875,0.675,0.875,0.675,0.4666666666666667
643,attribute,yes,0,1.0,1.0,0.45454545454545453,0.45454545454545453,1.0,1.0,0.4,0.4,0.5844155844155844,1.0,0.675,0.5,0.475,0.5333333333333333
644,object,yes,0,0.18181818181818182,0.6727272727272727,1.0,1.0,0.4,0.4,1.0,1.0,0.4935064935064935,0.6,0.475,0.675,1.0,0.5333333333333333
645,positional,yes,0,0.9090909090909091,0.8181818181818182,0.45454545454545453,0.45454545454545453,1.0,1.0,0.0,1.0,0.5454545454545454,0.875,0.5,0.5,0.5416666666666666,0.4444444444444444
647,object,yes,0,1.0,1.0,1.0,1.0,1.0,1.0,0.8,0.6,1.0,1.0,0.875,1.0,0.875,0.8
648,attribute,yes,1,0.9090909090909091,0.8181818181818182,0.0,1.0,0.4,0.4,0.4,0.4,0.4805194805194805,0.6,0.6,0.7666666666666667,0.7666666666666667,0.4666666666666667
649,attribute,yes,0,1.0,1.0,1.0,1.0,1.0,1.0,0.8,0.6,1.0,1.0,0.875,1.0,0.875,0.8
650,positional,yes,0,1.0,1.0,0.9090909090909091,0.8181818181818182,1.0,1.0,0.8,0.6,0.9090909090909091,1.0,0.875,0.875,0.7666666666666667,0.8
651,attribute,yes,0,0.7272727272727273,0.5636363636363636,0.7272727272727273,0.5636363636363636,1.0,1.0,0.4,0.4,0.5844155844155844,0.675,0.5,0.675,0.5,0.5333333333333333
652,positional,yes,0,0.09090909090909091,0.8181818181818182,0.0,1.0,0.8,0.6,0.0,1.0,0.9090909090909091,0.5416666666666666,0.875,0.6,1.0,0.4666666666666667
654,object,yes,1,1.0,1.0,0.0,1.0,0.8,0.6,0.6,0.4,0.47619047619047616,0.875,0.7666666666666667,0.6,0.675,0.5333333333333333
655,positional,yes,0,1.0,1.0,1.0,1.0,1.0,1.0,0.6,0.4,1.0,1.0,0.7666666666666667,1.0,0.7666666666666667,0.6444444444444445
656,object,yes,0,1.0,1.0,1.0,1.0,1.0,1.0,0.4,0.4,1.0,1.0,0.675,1.0,0.675,0.5333333333333333
657,attribute,yes,0,1.0,1.0,0.36363636363636365,0.4909090909090909,1.0,1.0,0.0,1.0,0.5454545454545454,1.0,0.5416666666666666,0.475,0.6,0.4444444444444444
658,object,yes,0,0.45454545454545453,0.45454545454545453,1.0,1.0,0.6,0.4,1.0,1.0,0.5844155844155844,0.4666666666666667,0.5,0.7666666666666667,1.0,0.6444444444444445
660,counting,yes,0,1.0,1.0,0.18181818181818182,0.6727272727272727,1.0,1.0,0.0,1.0,0.4935064935064935,1.0,0.5416666666666666,0.475,0.7666666666666667,0.4444444444444444
661,object,yes,0,1.0,1.0,0.0,1.0,1.0,1.0,0.0,1.0,0.47619047619047616,1.0,0.5416666666666666,0.5416666666666666,1.0,0.4444444444444444
662,positional,yes,0,1.0,1.0,1.0,1.0,1.0,1.0,0.2,0.6,1.0,1.0,0.6,1.0,0.6,0.4666666666666667
663,sentiment,yes,0,1.0,1.0,1.0,1.0,1.0,1.0,1.0,1.0,1.0,1.0,1.0,1.0,1.0,1.0
665,attribute,yes,0,0.7272727272727273,0.5636363636363636,1.0,1.0,1.0,1.0,0.8,0.6,0.7532467532467533,0.675,0.6,1.0,0.875,0.8
667,object,yes,0,1.0,1.0,1.0,1.0,1.0,1.0,0.8,0.6,1.0,1.0,0.875,1.0,0.875,0.8
668,counting,yes,1,0.0,1.0,1.0,1.0,0.0,1.0,1.0,1.0,0.47619047619047616,1.0,0.5416666666666666,0.5416666666666666,1.0,0.4444444444444444
669,sentiment,yes,0,1.0,1.0,0.0,1.0,1.0,1.0,0.0,1.0,0.47619047619047616,1.0,0.5416666666666666,0.5416666666666666,1.0,0.4444444444444444
670,positional,yes,0,1.0,1.0,0.36363636363636365,0.4909090909090909,1.0,1.0,0.0,1.0,0.5454545454545454,1.0,0.5416666666666666,0.475,0.6,0.4444444444444444
671,positional,yes,0,1.0,1.0,0.09090909090909091,0.8181818181818182,1.0,1.0,0.0,1.0,0.4805194805194805,1.0,0.5416666666666666,0.5,0.875,0.4444444444444444
672,attribute,yes,0,1.0,1.0,0.36363636363636365,0.4909090909090909,1.0,1.0,0.6,0.4,0.5454545454545454,1.0,0.7666666666666667,0.475,0.475,0.6444444444444445
673,counting,yes,0,1.0,1.0,1.0,1.0,1.0,1.0,0.6,0.4,1.0,1.0,0.7666666666666667,1.0,0.7666666666666667,0.6444444444444445
674,positional,yes,1,0.18181818181818182,0.6727272727272727,0.18181818181818182,0.6727272727272727,0.0,1.0,0.8,0.6,0.6883116883116883,0.7666666666666667,0.5,0.7666666666666667,0.5,0.4666666666666667
675,object,yes,0,0.5454545454545454,0.45454545454545453,0.7272727272727273,0.5636363636363636,1.0,1.0,0.2,0.6,0.5151515151515151,0.5416666666666666,0.475,0.675,0.475,0.4666666666666667
676,counting,yes,0,1.0,1.0,0.09090909090909091,0.8181818181818182,1.0,1.0,0.0,1.0,0.4805194805194805,1.0,0.5416666666666666,0.5,0.875,0.4444444444444444
677,positional,yes,1,0.0,1.0,0.0,1.0,0.0,1.0,0.4,0.4,1.0,1.0,0.7666666666666667,1.0,0.7666666666666667,0.6444444444444445
678,object,yes,0,1.0,1.0,1.0,1.0,1.0,1.0,0.6,0.4,1.0,1.0,0.7666666666666667,1.0,0.7666666666666667,0.6444444444444445
679,object,yes,0,1.0,1.0,1.0,1.0,0.8,0.6,1.0,1.0,1.0,0.875,1.0,0.875,1.0,0.8
680,object,yes,0,1.0,1.0,1.0,1.0,1.0,1.0,0.8,0.6,1.0,1.0,0.875,1.0,0.875,0.8
681,attribute,yes,0,0.5454545454545454,0.45454545454545453,1.0,1.0,0.8,0.6,0.8,0.6,0.6320346320346321,0.5,0.5,0.875,0.875,0.6444444444444445
682,attribute,yes,0,1.0,1.0,1.0,1.0,1.0,1.0,0.8,0.6,1.0,1.0,0.875,1.0,0.875,0.8
683,positional,yes,0,1.0,1.0,0.7272727272727273,0.5636363636363636,1.0,1.0,0.0,1.0,0.7532467532467533,1.0,0.5416666666666666,0.675,0.4666666666666667,0.4444444444444444
684,positional,yes,0,1.0,1.0,0.0,1.0,1.0,1.0,0.0,1.0,0.47619047619047616,1.0,0.5416666666666666,0.5416666666666666,1.0,0.4444444444444444
685,sentiment,yes,0,1.0,1.0,0.18181818181818182,0.6727272727272727,1.0,1.0,0.2,0.6,0.4935064935064935,1.0,0.6,0.475,0.675,0.4666666666666667
686,positional,yes,0,0.9090909090909091,0.8181818181818182,1.0,1.0,1.0,1.0,0.8,0.6,0.9090909090909091,0.875,0.7666666666666667,1.0,0.875,0.8
687,attribute,yes,1,0.0,1.0,1.0,1.0,0.0,1.0,1.0,1.0,0.47619047619047616,1.0,0.5416666666666666,0.5416666666666666,1.0,0.4444444444444444
688,counting,yes,0,1.0,1.0,0.6363636363636364,0.4909090909090909,1.0,1.0,0.4,0.4,0.6883116883116883,1.0,0.675,0.6,0.475,0.5333333333333333
689,object,yes,0,1.0,1.0,0.09090909090909091,0.8181818181818182,1.0,1.0,0.0,1.0,0.4805194805194805,1.0,0.5416666666666666,0.5,0.875,0.4444444444444444
690,positional,yes,0,1.0,1.0,0.2727272727272727,0.5636363636363636,1.0,1.0,0.4,0.4,0.5151515151515151,1.0,0.675,0.4666666666666667,0.5416666666666666,0.5333333333333333
691,sentiment,yes,0,1.0,1.0,0.18181818181818182,0.6727272727272727,1.0,1.0,0.2,0.6,0.4935064935064935,1.0,0.6,0.475,0.675,0.4666666666666667
692,object,yes,0,1.0,1.0,1.0,1.0,1.0,1.0,0.4,0.4,1.0,1.0,0.675,1.0,0.675,0.5333333333333333
693,counting,yes,0,1.0,1.0,1.0,1.0,1.0,1.0,0.4,0.4,1.0,1.0,0.675,1.0,0.675,0.5333333333333333
694,counting,yes,1,1.0,1.0,0.0,1.0,0.6,0.4,0.4,0.4,0.47619047619047616,0.7666666666666667,0.675,0.675,0.7666666666666667,0.4444444444444444
695,sentiment,yes,0,1.0,1.0,1.0,1.0,1.0,1.0,1.0,1.0,1.0,1.0,1.0,1.0,1.0,1.0
697,object,yes,0,1.0,1.0,0.2727272727272727,0.5636363636363636,1.0,1.0,0.4,0.4,0.5151515151515151,1.0,0.675,0.4666666666666667,0.5416666666666666,0.5333333333333333
698,attribute,yes,0,1.0,1.0,0.0,1.0,1.0,1.0,0.0,1.0,0.47619047619047616,1.0,0.5416666666666666,0.5416666666666666,1.0,0.4444444444444444
699,attribute,yes,0,1.0,1.0,1.0,1.0,1.0,1.0,0.6,0.4,1.0,1.0,0.7666666666666667,1.0,0.7666666666666667,0.6444444444444445
700,attribute,yes,1,0.9090909090909091,0.8181818181818182,0.0,1.0,1.0,1.0,0.8,0.6,0.4805194805194805,0.875,0.7666666666666667,0.5416666666666666,0.6,0.8
701,positional,yes,0,1.0,1.0,0.36363636363636365,0.4909090909090909,1.0,1.0,0.0,1.0,0.5454545454545454,1.0,0.5416666666666666,0.475,0.6,0.4444444444444444
702,sentiment,yes,1,0.0,1.0,0.0,1.0,0.0,1.0,0.2,0.6,1.0,1.0,0.875,1.0,0.875,0.8
703,positional,yes,0,1.0,1.0,0.2727272727272727,0.5636363636363636,1.0,1.0,0.0,1.0,0.5151515151515151,1.0,0.5416666666666666,0.4666666666666667,0.675,0.4444444444444444
704,object,yes,0,1.0,1.0,1.0,1.0,1.0,1.0,0.8,0.6,1.0,1.0,0.875,1.0,0.875,0.8
705,object,yes,0,1.0,1.0,1.0,1.0,1.0,1.0,0.2,0.6,1.0,1.0,0.6,1.0,0.6,0.4666666666666667
706,attribute,yes,0,1.0,1.0,1.0,1.0,1.0,1.0,0.8,0.6,1.0,1.0,0.875,1.0,0.875,0.8
707,attribute,yes,0,0.9090909090909091,0.8181818181818182,1.0,1.0,1.0,1.0,1.0,1.0,0.9090909090909091,0.875,0.875,1.0,1.0,1.0
708,object,yes,0,1.0,1.0,1.0,1.0,1.0,1.0,1.0,1.0,1.0,1.0,1.0,1.0,1.0,1.0
709,attribute,yes,0,1.0,1.0,0.0,1.0,1.0,1.0,0.0,1.0,0.47619047619047616,1.0,0.5416666666666666,0.5416666666666666,1.0,0.4444444444444444
710,positional,yes,0,1.0,1.0,1.0,1.0,1.0,1.0,0.4,0.4,1.0,1.0,0.675,1.0,0.675,0.5333333333333333
711,sentiment,yes,1,1.0,1.0,0.0,1.0,0.6,0.4,0.2,0.6,0.47619047619047616,0.7666666666666667,0.6,0.675,0.875,0.4666666666666667
712,attribute,yes,0,0.6363636363636364,0.4909090909090909,0.7272727272727273,0.5636363636363636,1.0,1.0,0.4,0.4,0.5454545454545454,0.6,0.475,0.675,0.5,0.5333333333333333
713,attribute,yes,1,0.0,1.0,0.09090909090909091,0.8181818181818182,0.0,1.0,0.8,0.6,0.9090909090909091,1.0,0.6,0.875,0.5416666666666666,0.4666666666666667
714,positional,yes,0,1.0,1.0,0.2727272727272727,0.5636363636363636,1.0,1.0,0.0,1.0,0.5151515151515151,1.0,0.5416666666666666,0.4666666666666667,0.675,0.4444444444444444
715,attribute,yes,0,0.6363636363636364,0.4909090909090909,1.0,1.0,0.6,0.4,0.6,0.4,0.6883116883116883,0.5,0.5,0.7666666666666667,0.7666666666666667,0.4666666666666667
716,object,yes,0,1.0,1.0,1.0,1.0,1.0,1.0,0.4,0.4,1.0,1.0,0.675,1.0,0.675,0.5333333333333333
717,object,yes,0,1.0,1.0,0.45454545454545453,0.45454545454545453,1.0,1.0,0.2,0.6,0.5844155844155844,1.0,0.6,0.5,0.5,0.4666666666666667
718,counting,yes,0,1.0,1.0,0.0,1.0,1.0,1.0,0.0,1.0,0.47619047619047616,1.0,0.5416666666666666,0.5416666666666666,1.0,0.4444444444444444
719,attribute,yes,0,1.0,1.0,0.0,1.0,1.0,1.0,0.0,1.0,0.47619047619047616,1.0,0.5416666666666666,0.5416666666666666,1.0,0.4444444444444444
720,positional,yes,0,1.0,1.0,0.5454545454545454,0.45454545454545453,1.0,1.0,0.0,1.0,0.6320346320346321,1.0,0.5416666666666666,0.5416666666666666,0.5,0.4444444444444444
721,attribute,yes,0,1.0,1.0,0.18181818181818182,0.6727272727272727,1.0,1.0,0.4,0.4,0.4935064935064935,1.0,0.675,0.475,0.6,0.5333333333333333
722,object,yes,0,1.0,1.0,1.0,1.0,1.0,1.0,0.4,0.4,1.0,1.0,0.675,1.0,0.675,0.5333333333333333
723,object,yes,1,0.0,1.0,0.9090909090909091,0.8181818181818182,0.0,1.0,1.0,1.0,0.4805194805194805,1.0,0.5416666666666666,0.5,0.875,0.4444444444444444
724,attribute,yes,0,1.0,1.0,1.0,1.0,1.0,1.0,1.0,1.0,1.0,1.0,1.0,1.0,1.0,1.0
725,attribute,yes,1,1.0,1.0,0.0,1.0,0.6,0.4,0.6,0.4,0.47619047619047616,0.7666666666666667,0.7666666666666667,0.675,0.675,0.4666666666666667
726,object,yes,0,1.0,1.0,1.0,1.0,1.0,1.0,0.2,0.6,1.0,1.0,0.6,1.0,0.6,0.4666666666666667
727,object,yes,0,1.0,1.0,0.7272727272727273,0.5636363636363636,1.0,1.0,0.0,1.0,0.7532467532467533,1.0,0.5416666666666666,0.675,0.4666666666666667,0.4444444444444444
728,sentiment,yes,0,0.36363636363636365,0.4909090909090909,0.09090909090909091,0.8181818181818182,0.4,0.4,0.2,0.6,0.6320346320346321,0.5,0.5416666666666666,0.675,0.7666666666666667,0.5333333333333333
729,counting,yes,1,1.0,1.0,0.0,1.0,1.0,1.0,0.0,1.0,0.47619047619047616,1.0,0.5416666666666666,0.5416666666666666,1.0,0.4444444444444444
730,counting,yes,0,1.0,1.0,1.0,1.0,1.0,1.0,0.4,0.4,1.0,1.0,0.675,1.0,0.675,0.5333333333333333
731,counting,yes,0,0.9090909090909091,0.8181818181818182,1.0,1.0,1.0,1.0,0.4,0.4,0.9090909090909091,0.875,0.6,1.0,0.675,0.5333333333333333
732,counting,yes,0,1.0,1.0,0.09090909090909091,0.8181818181818182,1.0,1.0,0.0,1.0,0.4805194805194805,1.0,0.5416666666666666,0.5,0.875,0.4444444444444444
733,attribute,yes,0,1.0,1.0,1.0,1.0,1.0,1.0,0.2,0.6,1.0,1.0,0.6,1.0,0.6,0.4666666666666667
734,object,yes,0,1.0,1.0,1.0,1.0,0.8,0.6,0.4,0.4,1.0,0.875,0.675,0.875,0.675,0.4666666666666667
735,object,yes,0,1.0,1.0,0.0,1.0,1.0,1.0,0.0,1.0,0.47619047619047616,1.0,0.5416666666666666,0.5416666666666666,1.0,0.4444444444444444
736,sentiment,yes,1,0.9090909090909091,0.8181818181818182,0.0,1.0,1.0,1.0,0.2,0.6,0.4805194805194805,0.875,0.5416666666666666,0.5416666666666666,0.875,0.4666666666666667
737,object,yes,0,1.0,1.0,0.9090909090909091,0.8181818181818182,1.0,1.0,0.2,0.6,0.9090909090909091,1.0,0.6,0.875,0.5416666666666666,0.4666666666666667
738,counting,yes,0,1.0,1.0,1.0,1.0,1.0,1.0,0.4,0.4,1.0,1.0,0.675,1.0,0.675,0.5333333333333333
741,attribute,yes,0,0.9090909090909091,0.8181818181818182,0.18181818181818182,0.6727272727272727,1.0,1.0,0.0,1.0,0.4805194805194805,0.875,0.5,0.475,0.7666666666666667,0.4444444444444444
742,sentiment,yes,0,1.0,1.0,1.0,1.0,1.0,1.0,1.0,1.0,1.0,1.0,1.0,1.0,1.0,1.0
743,counting,yes,0,1.0,1.0,0.09090909090909091,0.8181818181818182,1.0,1.0,0.4,0.4,0.4805194805194805,1.0,0.675,0.5,0.675,0.5333333333333333
744,object,yes,0,1.0,1.0,0.9090909090909091,0.8181818181818182,1.0,1.0,1.0,1.0,0.9090909090909091,1.0,1.0,0.875,0.875,1.0
745,counting,yes,1,0.09090909090909091,0.8181818181818182,0.2727272727272727,0.5636363636363636,0.0,1.0,0.8,0.6,0.6883116883116883,0.875,0.5416666666666666,0.675,0.475,0.4666666666666667
746,object,yes,0,1.0,1.0,1.0,1.0,1.0,1.0,1.0,1.0,1.0,1.0,1.0,1.0,1.0,1.0
747,object,yes,0,1.0,1.0,1.0,1.0,1.0,1.0,0.2,0.6,1.0,1.0,0.6,1.0,0.6,0.4666666666666667
748,object,yes,0,1.0,1.0,0.45454545454545453,0.45454545454545453,1.0,1.0,0.0,1.0,0.5844155844155844,1.0,0.5416666666666666,0.5,0.5416666666666666,0.4444444444444444
749,positional,yes,1,0.36363636363636365,0.4909090909090909,0.0,1.0,0.0,1.0,0.8,0.6,0.6883116883116883,0.6,0.4666666666666667,1.0,0.6,0.4666666666666667
750,sentiment,yes,0,1.0,1.0,1.0,1.0,1.0,1.0,0.8,0.6,1.0,1.0,0.875,1.0,0.875,0.8
751,sentiment,yes,0,1.0,1.0,1.0,1.0,1.0,1.0,0.6,0.4,1.0,1.0,0.7666666666666667,1.0,0.7666666666666667,0.6444444444444445
752,attribute,yes,0,1.0,1.0,0.8181818181818182,0.6727272727272727,1.0,1.0,0.2,0.6,0.8268398268398268,1.0,0.6,0.7666666666666667,0.5,0.4666666666666667
753,sentiment,yes,1,0.0,1.0,0.8181818181818182,0.6727272727272727,0.2,0.6,1.0,1.0,0.4935064935064935,0.875,0.5416666666666666,0.5,0.7666666666666667,0.4666666666666667
754,attribute,yes,1,0.2727272727272727,0.5636363636363636,0.0,1.0,0.0,1.0,0.2,0.6,0.7532467532467533,0.675,0.6,1.0,0.875,0.8
756,object,yes,1,1.0,1.0,0.45454545454545453,0.45454545454545453,0.6,0.4,0.6,0.4,0.5844155844155844,0.7666666666666667,0.7666666666666667,0.4666666666666667,0.4666666666666667,0.4666666666666667
757,sentiment,yes,0,1.0,1.0,1.0,1.0,1.0,1.0,0.8,0.6,1.0,1.0,0.875,1.0,0.875,0.8
758,attribute,yes,1,0.0,1.0,0.9090909090909091,0.8181818181818182,0.0,1.0,1.0,1.0,0.4805194805194805,1.0,0.5416666666666666,0.5,0.875,0.4444444444444444
759,positional,yes,0,1.0,1.0,1.0,1.0,1.0,1.0,0.6,0.4,1.0,1.0,0.7666666666666667,1.0,0.7666666666666667,0.6444444444444445
760,counting,yes,0,1.0,1.0,1.0,1.0,1.0,1.0,0.6,0.4,1.0,1.0,0.7666666666666667,1.0,0.7666666666666667,0.6444444444444445
762,object,yes,0,1.0,1.0,0.0,1.0,1.0,1.0,0.0,1.0,0.47619047619047616,1.0,0.5416666666666666,0.5416666666666666,1.0,0.4444444444444444
763,attribute,yes,1,0.0,1.0,0.09090909090909091,0.8181818181818182,0.0,1.0,0.8,0.6,0.9090909090909091,1.0,0.6,0.875,0.5416666666666666,0.4666666666666667
765,object,yes,0,1.0,1.0,1.0,1.0,1.0,1.0,0.2,0.6,1.0,1.0,0.6,1.0,0.6,0.4666666666666667
766,positional,yes,0,1.0,1.0,1.0,1.0,1.0,1.0,0.4,0.4,1.0,1.0,0.675,1.0,0.675,0.5333333333333333
767,positional,yes,0,0.9090909090909091,0.8181818181818182,0.36363636363636365,0.4909090909090909,1.0,1.0,0.0,1.0,0.5151515151515151,0.875,0.5,0.475,0.6,0.4444444444444444
768,attribute,yes,0,1.0,1.0,0.0,1.0,1.0,1.0,0.0,1.0,0.47619047619047616,1.0,0.5416666666666666,0.5416666666666666,1.0,0.4444444444444444
769,positional,yes,0,1.0,1.0,0.8181818181818182,0.6727272727272727,1.0,1.0,0.0,1.0,0.8268398268398268,1.0,0.5416666666666666,0.7666666666666667,0.475,0.4444444444444444
770,counting,yes,1,1.0,1.0,0.0,1.0,1.0,1.0,0.0,1.0,0.47619047619047616,1.0,0.5416666666666666,0.5416666666666666,1.0,0.4444444444444444
771,attribute,yes,1,0.36363636363636365,0.4909090909090909,0.6363636363636364,0.4909090909090909,0.0,1.0,1.0,1.0,0.47619047619047616,0.6,0.475,0.475,0.6,0.4444444444444444
772,attribute,yes,0,0.7272727272727273,0.5636363636363636,0.0,1.0,1.0,1.0,0.0,1.0,0.5151515151515151,0.675,0.4666666666666667,0.5416666666666666,1.0,0.4444444444444444
773,attribute,yes,1,0.45454545454545453,0.45454545454545453,0.0,1.0,0.0,1.0,0.4,0.4,0.6320346320346321,0.5416666666666666,0.475,1.0,0.7666666666666667,0.6444444444444445
774,counting,yes,0,1.0,1.0,1.0,1.0,1.0,1.0,0.2,0.6,1.0,1.0,0.6,1.0,0.6,0.4666666666666667
775,object,yes,0,1.0,1.0,0.8181818181818182,0.6727272727272727,1.0,1.0,0.2,0.6,0.8268398268398268,1.0,0.6,0.7666666666666667,0.5,0.4666666666666667
776,attribute,yes,0,1.0,1.0,0.7272727272727273,0.5636363636363636,1.0,1.0,0.0,1.0,0.7532467532467533,1.0,0.5416666666666666,0.675,0.4666666666666667,0.4444444444444444
777,positional,yes,0,0.9090909090909091,0.8181818181818182,0.0,1.0,1.0,1.0,0.0,1.0,0.4805194805194805,0.875,0.5,0.5416666666666666,1.0,0.4444444444444444
778,object,yes,0,0.9090909090909091,0.8181818181818182,1.0,1.0,0.8,0.6,0.6,0.4,0.9090909090909091,0.7666666666666667,0.675,0.875,0.7666666666666667,0.5333333333333333
779,positional,yes,0,1.0,1.0,0.09090909090909091,0.8181818181818182,1.0,1.0,0.0,1.0,0.4805194805194805,1.0,0.5416666666666666,0.5,0.875,0.4444444444444444
780,positional,yes,0,1.0,1.0,0.2727272727272727,0.5636363636363636,1.0,1.0,0.0,1.0,0.5151515151515151,1.0,0.5416666666666666,0.4666666666666667,0.675,0.4444444444444444
782,object,yes,0,1.0,1.0,0.18181818181818182,0.6727272727272727,1.0,1.0,0.2,0.6,0.4935064935064935,1.0,0.6,0.475,0.675,0.4666666666666667
784,object,yes,0,1.0,1.0,1.0,1.0,1.0,1.0,0.4,0.4,1.0,1.0,0.675,1.0,0.675,0.5333333333333333
787,positional,yes,0,1.0,1.0,0.9090909090909091,0.8181818181818182,1.0,1.0,0.2,0.6,0.9090909090909091,1.0,0.6,0.875,0.5416666666666666,0.4666666666666667
789,object,yes,0,1.0,1.0,1.0,1.0,1.0,1.0,0.2,0.6,1.0,1.0,0.6,1.0,0.6,0.4666666666666667
790,attribute,yes,1,0.0,1.0,0.18181818181818182,0.6727272727272727,0.0,1.0,0.4,0.4,0.8268398268398268,1.0,0.7666666666666667,0.7666666666666667,0.6,0.6444444444444445
792,positional,yes,1,0.5454545454545454,0.45454545454545453,0.0,1.0,0.2,0.6,0.6,0.4,0.5844155844155844,0.475,0.475,0.875,0.675,0.4666666666666667
793,positional,yes,1,0.45454545454545453,0.45454545454545453,0.2727272727272727,0.5636363636363636,0.0,1.0,1.0,1.0,0.5151515151515151,0.5416666666666666,0.5,0.675,0.4666666666666667,0.4444444444444444
794,attribute,yes,1,0.0,1.0,0.8181818181818182,0.6727272727272727,0.0,1.0,1.0,1.0,0.4935064935064935,1.0,0.5416666666666666,0.475,0.7666666666666667,0.4444444444444444
795,object,yes,0,1.0,1.0,0.09090909090909091,0.8181818181818182,1.0,1.0,0.0,1.0,0.4805194805194805,1.0,0.5416666666666666,0.5,0.875,0.4444444444444444
797,object,yes,0,1.0,1.0,1.0,1.0,1.0,1.0,0.4,0.4,1.0,1.0,0.675,1.0,0.675,0.5333333333333333
798,counting,yes,0,1.0,1.0,0.7272727272727273,0.5636363636363636,1.0,1.0,0.4,0.4,0.7532467532467533,1.0,0.675,0.675,0.5,0.5333333333333333
799,counting,yes,0,1.0,1.0,0.09090909090909091,0.8181818181818182,1.0,1.0,0.0,1.0,0.4805194805194805,1.0,0.5416666666666666,0.5,0.875,0.4444444444444444
800,sentiment,yes,1,1.0,1.0,0.0,1.0,0.2,0.6,0.0,1.0,0.47619047619047616,0.6,0.5416666666666666,0.875,1.0,0.8
801,object,yes,0,1.0,1.0,0.09090909090909091,0.8181818181818182,1.0,1.0,0.2,0.6,0.4805194805194805,1.0,0.6,0.5,0.7666666666666667,0.4666666666666667
802,object,yes,0,1.0,1.0,1.0,1.0,1.0,1.0,0.2,0.6,1.0,1.0,0.6,1.0,0.6,0.4666666666666667
803,attribute,yes,1,0.18181818181818182,0.6727272727272727,0.7272727272727273,0.5636363636363636,0.4,0.4,0.6,0.4,0.4805194805194805,0.6,0.5416666666666666,0.5,0.5416666666666666,0.4444444444444444
804,sentiment,yes,0,1.0,1.0,1.0,1.0,1.0,1.0,0.8,0.6,1.0,1.0,0.875,1.0,0.875,0.8
805,positional,yes,0,1.0,1.0,0.09090909090909091,0.8181818181818182,1.0,1.0,0.0,1.0,0.4805194805194805,1.0,0.5416666666666666,0.5,0.875,0.4444444444444444
806,counting,yes,0,0.0,1.0,1.0,1.0,0.4,0.4,0.4,0.4,0.47619047619047616,0.7666666666666667,0.7666666666666667,0.675,0.675,0.4666666666666667
807,attribute,yes,0,1.0,1.0,1.0,1.0,1.0,1.0,0.2,0.6,1.0,1.0,0.6,1.0,0.6,0.4666666666666667
808,object,yes,0,1.0,1.0,1.0,1.0,1.0,1.0,0.8,0.6,1.0,1.0,0.875,1.0,0.875,0.8
809,object,yes,0,0.9090909090909091,0.8181818181818182,1.0,1.0,1.0,1.0,0.4,0.4,0.9090909090909091,0.875,0.6,1.0,0.675,0.5333333333333333
810,counting,yes,0,0.0,1.0,1.0,1.0,0.8,0.6,0.4,0.4,0.47619047619047616,0.6,0.7666666666666667,0.875,0.675,0.4666666666666667
811,object,yes,0,1.0,1.0,0.45454545454545453,0.45454545454545453,1.0,1.0,0.0,1.0,0.5844155844155844,1.0,0.5416666666666666,0.5,0.5416666666666666,0.4444444444444444
812,object,yes,0,1.0,1.0,1.0,1.0,1.0,1.0,1.0,1.0,1.0,1.0,1.0,1.0,1.0,1.0
813,attribute,yes,0,1.0,1.0,0.0,1.0,1.0,1.0,0.0,1.0,0.47619047619047616,1.0,0.5416666666666666,0.5416666666666666,1.0,0.4444444444444444
814,counting,yes,0,0.0,1.0,1.0,1.0,0.4,0.4,0.8,0.6,0.47619047619047616,0.7666666666666667,0.6,0.675,0.875,0.4666666666666667
815,object,yes,0,1.0,1.0,0.09090909090909091,0.8181818181818182,1.0,1.0,0.0,1.0,0.4805194805194805,1.0,0.5416666666666666,0.5,0.875,0.4444444444444444
816,positional,yes,0,0.9090909090909091,0.8181818181818182,0.9090909090909091,0.8181818181818182,1.0,1.0,0.4,0.4,0.8268398268398268,0.875,0.6,0.875,0.6,0.5333333333333333
817,object,yes,0,0.7272727272727273,0.5636363636363636,1.0,1.0,1.0,1.0,0.8,0.6,0.7532467532467533,0.675,0.6,1.0,0.875,0.8
819,object,yes,1,1.0,1.0,0.0,1.0,0.2,0.6,0.6,0.4,0.47619047619047616,0.6,0.7666666666666667,0.875,0.675,0.4666666666666667
820,sentiment,yes,1,0.0,1.0,0.0,1.0,0.0,1.0,0.0,1.0,1.0,1.0,1.0,1.0,1.0,1.0
822,object,yes,0,0.8181818181818182,0.6727272727272727,1.0,1.0,1.0,1.0,0.2,0.6,0.8268398268398268,0.7666666666666667,0.5,1.0,0.6,0.4666666666666667
823,positional,yes,0,1.0,1.0,1.0,1.0,1.0,1.0,0.4,0.4,1.0,1.0,0.675,1.0,0.675,0.5333333333333333
824,object,yes,0,0.9090909090909091,0.8181818181818182,1.0,1.0,1.0,1.0,0.4,0.4,0.9090909090909091,0.875,0.6,1.0,0.675,0.5333333333333333
825,attribute,yes,0,0.8181818181818182,0.6727272727272727,0.09090909090909091,0.8181818181818182,1.0,1.0,0.2,0.6,0.4805194805194805,0.7666666666666667,0.5,0.5,0.7666666666666667,0.4666666666666667
826,object,yes,0,0.09090909090909091,0.8181818181818182,1.0,1.0,0.4,0.4,1.0,1.0,0.4805194805194805,0.675,0.5,0.675,1.0,0.5333333333333333
827,attribute,yes,0,1.0,1.0,0.9090909090909091,0.8181818181818182,1.0,1.0,0.2,0.6,0.9090909090909091,1.0,0.6,0.875,0.5416666666666666,0.4666666666666667
828,positional,yes,0,1.0,1.0,0.45454545454545453,0.45454545454545453,1.0,1.0,0.6,0.4,0.5844155844155844,1.0,0.7666666666666667,0.5,0.4666666666666667,0.6444444444444445
829,object,yes,0,1.0,1.0,1.0,1.0,1.0,1.0,1.0,1.0,1.0,1.0,1.0,1.0,1.0,1.0
831,counting,yes,0,1.0,1.0,0.18181818181818182,0.6727272727272727,1.0,1.0,0.2,0.6,0.4935064935064935,1.0,0.6,0.475,0.675,0.4666666666666667
832,attribute,yes,1,1.0,1.0,0.0,1.0,0.8,0.6,0.4,0.4,0.47619047619047616,0.875,0.675,0.6,0.7666666666666667,0.4666666666666667
833,positional,yes,0,1.0,1.0,1.0,1.0,1.0,1.0,0.8,0.6,1.0,1.0,0.875,1.0,0.875,0.8
834,positional,yes,0,1.0,1.0,0.45454545454545453,0.45454545454545453,1.0,1.0,0.0,1.0,0.5844155844155844,1.0,0.5416666666666666,0.5,0.5416666666666666,0.4444444444444444
835,object,yes,0,0.2727272727272727,0.5636363636363636,0.9090909090909091,0.8181818181818182,0.8,0.6,0.8,0.6,0.4935064935064935,0.475,0.475,0.7666666666666667,0.7666666666666667,0.6444444444444445
836,counting,yes,0,1.0,1.0,1.0,1.0,1.0,1.0,0.4,0.4,1.0,1.0,0.675,1.0,0.675,0.5333333333333333
837,object,yes,0,1.0,1.0,0.9090909090909091,0.8181818181818182,1.0,1.0,0.8,0.6,0.9090909090909091,1.0,0.875,0.875,0.7666666666666667,0.8
838,positional,yes,0,1.0,1.0,0.18181818181818182,0.6727272727272727,1.0,1.0,0.0,1.0,0.4935064935064935,1.0,0.5416666666666666,0.475,0.7666666666666667,0.4444444444444444
839,attribute,yes,0,1.0,1.0,1.0,1.0,1.0,1.0,0.2,0.6,1.0,1.0,0.6,1.0,0.6,0.4666666666666667
840,attribute,yes,1,1.0,1.0,0.6363636363636364,0.4909090909090909,0.2,0.6,1.0,1.0,0.6883116883116883,0.6,1.0,0.4666666666666667,0.6,0.4666666666666667
842,attribute,yes,0,1.0,1.0,0.09090909090909091,0.8181818181818182,1.0,1.0,0.0,1.0,0.4805194805194805,1.0,0.5416666666666666,0.5,0.875,0.4444444444444444
843,sentiment,yes,0,1.0,1.0,1.0,1.0,1.0,1.0,0.8,0.6,1.0,1.0,0.875,1.0,0.875,0.8
844,positional,yes,0,1.0,1.0,0.09090909090909091,0.8181818181818182,1.0,1.0,0.0,1.0,0.4805194805194805,1.0,0.5416666666666666,0.5,0.875,0.4444444444444444
845,sentiment,yes,1,1.0,1.0,0.0,1.0,0.8,0.6,0.8,0.6,0.47619047619047616,0.875,0.875,0.6,0.6,0.6444444444444445
846,attribute,yes,0,1.0,1.0,0.0,1.0,1.0,1.0,0.0,1.0,0.47619047619047616,1.0,0.5416666666666666,0.5416666666666666,1.0,0.4444444444444444
847,attribute,yes,1,0.36363636363636365,0.4909090909090909,0.09090909090909091,0.8181818181818182,0.0,1.0,0.6,0.4,0.6320346320346321,0.6,0.475,0.875,0.6,0.5333333333333333
848,object,yes,0,1.0,1.0,1.0,1.0,1.0,1.0,0.2,0.6,1.0,1.0,0.6,1.0,0.6,0.4666666666666667
849,attribute,yes,0,1.0,1.0,1.0,1.0,1.0,1.0,0.6,0.4,1.0,1.0,0.7666666666666667,1.0,0.7666666666666667,0.6444444444444445
850,attribute,yes,0,0.7272727272727273,0.5636363636363636,1.0,1.0,1.0,1.0,1.0,1.0,0.7532467532467533,0.675,0.675,1.0,1.0,1.0
851,object,yes,0,1.0,1.0,1.0,1.0,1.0,1.0,0.4,0.4,1.0,1.0,0.675,1.0,0.675,0.5333333333333333
852,counting,yes,0,1.0,1.0,0.5454545454545454,0.45454545454545453,1.0,1.0,0.0,1.0,0.6320346320346321,1.0,0.5416666666666666,0.5416666666666666,0.5,0.4444444444444444
853,object,yes,0,1.0,1.0,1.0,1.0,1.0,1.0,0.4,0.4,1.0,1.0,0.675,1.0,0.675,0.5333333333333333
854,attribute,yes,0,1.0,1.0,0.0,1.0,1.0,1.0,0.0,1.0,0.47619047619047616,1.0,0.5416666666666666,0.5416666666666666,1.0,0.4444444444444444
855,attribute,yes,0,1.0,1.0,0.09090909090909091,0.8181818181818182,1.0,1.0,0.0,1.0,0.4805194805194805,1.0,0.5416666666666666,0.5,0.875,0.4444444444444444
856,sentiment,yes,0,1.0,1.0,1.0,1.0,1.0,1.0,0.8,0.6,1.0,1.0,0.875,1.0,0.875,0.8
857,object,yes,0,1.0,1.0,0.45454545454545453,0.45454545454545453,1.0,1.0,0.0,1.0,0.5844155844155844,1.0,0.5416666666666666,0.5,0.5416666666666666,0.4444444444444444
858,object,yes,0,1.0,1.0,0.7272727272727273,0.5636363636363636,1.0,1.0,0.2,0.6,0.7532467532467533,1.0,0.6,0.675,0.475,0.4666666666666667
859,object,yes,0,1.0,1.0,0.0,1.0,1.0,1.0,0.0,1.0,0.47619047619047616,1.0,0.5416666666666666,0.5416666666666666,1.0,0.4444444444444444
860,object,yes,0,1.0,1.0,0.45454545454545453,0.45454545454545453,1.0,1.0,0.0,1.0,0.5844155844155844,1.0,0.5416666666666666,0.5,0.5416666666666666,0.4444444444444444
861,counting,yes,0,0.6363636363636364,0.4909090909090909,1.0,1.0,1.0,1.0,0.6,0.4,0.6883116883116883,0.6,0.5,1.0,0.7666666666666667,0.6444444444444445
862,object,yes,1,1.0,1.0,0.0,1.0,1.0,1.0,0.0,1.0,0.47619047619047616,1.0,0.5416666666666666,0.5416666666666666,1.0,0.4444444444444444
863,object,yes,0,0.7272727272727273,0.5636363636363636,0.6363636363636364,0.4909090909090909,1.0,1.0,0.0,1.0,0.5454545454545454,0.675,0.4666666666666667,0.6,0.475,0.4444444444444444
864,object,yes,0,0.7272727272727273,0.5636363636363636,1.0,1.0,1.0,1.0,0.8,0.6,0.7532467532467533,0.675,0.6,1.0,0.875,0.8
865,object,yes,0,0.7272727272727273,0.5636363636363636,0.36363636363636365,0.4909090909090909,1.0,1.0,0.0,1.0,0.4805194805194805,0.675,0.4666666666666667,0.475,0.6,0.4444444444444444
867,attribute,yes,0,1.0,1.0,0.09090909090909091,0.8181818181818182,1.0,1.0,0.0,1.0,0.4805194805194805,1.0,0.5416666666666666,0.5,0.875,0.4444444444444444
868,sentiment,yes,0,1.0,1.0,1.0,1.0,1.0,1.0,0.8,0.6,1.0,1.0,0.875,1.0,0.875,0.8
869,attribute,yes,0,1.0,1.0,1.0,1.0,1.0,1.0,1.0,1.0,1.0,1.0,1.0,1.0,1.0,1.0
870,sentiment,yes,1,1.0,1.0,0.09090909090909091,0.8181818181818182,0.2,0.6,0.6,0.4,0.4805194805194805,0.6,0.7666666666666667,0.7666666666666667,0.6,0.4666666666666667
871,object,yes,0,0.9090909090909091,0.8181818181818182,1.0,1.0,0.4,0.4,0.8,0.6,0.9090909090909091,0.6,0.7666666666666667,0.675,0.875,0.4666666666666667
872,counting,yes,0,0.9090909090909091,0.8181818181818182,1.0,1.0,0.6,0.4,1.0,1.0,0.9090909090909091,0.675,0.875,0.7666666666666667,1.0,0.6444444444444445
873,object,yes,0,1.0,1.0,1.0,1.0,1.0,1.0,0.2,0.6,1.0,1.0,0.6,1.0,0.6,0.4666666666666667
874,sentiment,yes,1,1.0,1.0,0.0,1.0,0.8,0.6,0.0,1.0,0.47619047619047616,0.875,0.5416666666666666,0.6,1.0,0.4666666666666667
875,attribute,yes,0,1.0,1.0,0.45454545454545453,0.45454545454545453,1.0,1.0,0.0,1.0,0.5844155844155844,1.0,0.5416666666666666,0.5,0.5416666666666666,0.4444444444444444
876,sentiment,yes,0,1.0,1.0,1.0,1.0,1.0,1.0,1.0,1.0,1.0,1.0,1.0,1.0,1.0,1.0
877,object,yes,0,1.0,1.0,0.18181818181818182,0.6727272727272727,1.0,1.0,0.4,0.4,0.4935064935064935,1.0,0.675,0.475,0.6,0.5333333333333333
878,sentiment,yes,0,1.0,1.0,0.9090909090909091,0.8181818181818182,1.0,1.0,0.2,0.6,0.9090909090909091,1.0,0.6,0.875,0.5416666666666666,0.4666666666666667
879,object,yes,0,1.0,1.0,0.09090909090909091,0.8181818181818182,1.0,1.0,0.0,1.0,0.4805194805194805,1.0,0.5416666666666666,0.5,0.875,0.4444444444444444
880,counting,yes,0,1.0,1.0,0.9090909090909091,0.8181818181818182,1.0,1.0,0.2,0.6,0.9090909090909091,1.0,0.6,0.875,0.5416666666666666,0.4666666666666667
881,sentiment,yes,0,1.0,1.0,0.7272727272727273,0.5636363636363636,1.0,1.0,0.4,0.4,0.7532467532467533,1.0,0.675,0.675,0.5,0.5333333333333333
882,positional,yes,0,1.0,1.0,0.7272727272727273,0.5636363636363636,1.0,1.0,0.4,0.4,0.7532467532467533,1.0,0.675,0.675,0.5,0.5333333333333333
883,positional,yes,0,1.0,1.0,1.0,1.0,1.0,1.0,1.0,1.0,1.0,1.0,1.0,1.0,1.0,1.0
884,positional,yes,0,1.0,1.0,0.0,1.0,1.0,1.0,0.0,1.0,0.47619047619047616,1.0,0.5416666666666666,0.5416666666666666,1.0,0.4444444444444444
885,positional,yes,0,1.0,1.0,1.0,1.0,1.0,1.0,0.2,0.6,1.0,1.0,0.6,1.0,0.6,0.4666666666666667
886,attribute,yes,0,0.7272727272727273,0.5636363636363636,0.45454545454545453,0.45454545454545453,1.0,1.0,0.2,0.6,0.4935064935064935,0.675,0.475,0.5,0.5,0.4666666666666667
887,positional,yes,0,1.0,1.0,0.09090909090909091,0.8181818181818182,1.0,1.0,0.4,0.4,0.4805194805194805,1.0,0.675,0.5,0.675,0.5333333333333333
888,attribute,yes,0,0.7272727272727273,0.5636363636363636,0.0,1.0,1.0,1.0,0.0,1.0,0.5151515151515151,0.675,0.4666666666666667,0.5416666666666666,1.0,0.4444444444444444
889,attribute,yes,0,0.7272727272727273,0.5636363636363636,0.09090909090909091,0.8181818181818182,1.0,1.0,0.2,0.6,0.4935064935064935,0.675,0.475,0.5,0.7666666666666667,0.4666666666666667
890,attribute,yes,1,0.0,1.0,0.8181818181818182,0.6727272727272727,0.0,1.0,1.0,1.0,0.4935064935064935,1.0,0.5416666666666666,0.475,0.7666666666666667,0.4444444444444444
891,attribute,yes,0,1.0,1.0,0.7272727272727273,0.5636363636363636,1.0,1.0,0.0,1.0,0.7532467532467533,1.0,0.5416666666666666,0.675,0.4666666666666667,0.4444444444444444
893,attribute,yes,0,1.0,1.0,1.0,1.0,1.0,1.0,0.8,0.6,1.0,1.0,0.875,1.0,0.875,0.8
894,positional,yes,0,1.0,1.0,0.09090909090909091,0.8181818181818182,1.0,1.0,0.0,1.0,0.4805194805194805,1.0,0.5416666666666666,0.5,0.875,0.4444444444444444
896,object,yes,0,1.0,1.0,0.18181818181818182,0.6727272727272727,1.0,1.0,0.2,0.6,0.4935064935064935,1.0,0.6,0.475,0.675,0.4666666666666667
897,attribute,yes,0,1.0,1.0,0.2727272727272727,0.5636363636363636,1.0,1.0,0.0,1.0,0.5151515151515151,1.0,0.5416666666666666,0.4666666666666667,0.675,0.4444444444444444
899,positional,yes,0,1.0,1.0,1.0,1.0,1.0,1.0,0.6,0.4,1.0,1.0,0.7666666666666667,1.0,0.7666666666666667,0.6444444444444445
900,sentiment,yes,0,1.0,1.0,1.0,1.0,1.0,1.0,0.8,0.6,1.0,1.0,0.875,1.0,0.875,0.8
901,counting,yes,0,1.0,1.0,1.0,1.0,1.0,1.0,0.4,0.4,1.0,1.0,0.675,1.0,0.675,0.5333333333333333
902,object,yes,0,1.0,1.0,1.0,1.0,1.0,1.0,0.6,0.4,1.0,1.0,0.7666666666666667,1.0,0.7666666666666667,0.6444444444444445
903,sentiment,yes,0,0.6363636363636364,0.4909090909090909,1.0,1.0,1.0,1.0,1.0,1.0,0.6883116883116883,0.6,0.6,1.0,1.0,1.0
904,attribute,yes,1,0.45454545454545453,0.45454545454545453,0.2727272727272727,0.5636363636363636,0.6,0.4,0.2,0.6,0.5151515151515151,0.4666666666666667,0.5,0.5,0.6,0.4666666666666667
905,positional,yes,0,1.0,1.0,0.09090909090909091,0.8181818181818182,1.0,1.0,0.0,1.0,0.4805194805194805,1.0,0.5416666666666666,0.5,0.875,0.4444444444444444
906,positional,yes,1,0.09090909090909091,0.8181818181818182,0.5454545454545454,0.45454545454545453,0.0,1.0,1.0,1.0,0.5454545454545454,0.875,0.5,0.5,0.5416666666666666,0.4444444444444444
907,object,yes,0,0.9090909090909091,0.8181818181818182,0.6363636363636364,0.4909090909090909,1.0,1.0,0.0,1.0,0.6320346320346321,0.875,0.5,0.6,0.475,0.4444444444444444
908,positional,yes,0,1.0,1.0,0.09090909090909091,0.8181818181818182,1.0,1.0,0.0,1.0,0.4805194805194805,1.0,0.5416666666666666,0.5,0.875,0.4444444444444444
909,object,yes,0,0.8181818181818182,0.6727272727272727,1.0,1.0,1.0,1.0,0.2,0.6,0.8268398268398268,0.7666666666666667,0.5,1.0,0.6,0.4666666666666667
910,counting,yes,0,0.7272727272727273,0.5636363636363636,1.0,1.0,1.0,1.0,0.4,0.4,0.7532467532467533,0.675,0.5,1.0,0.675,0.5333333333333333
911,positional,yes,0,1.0,1.0,0.0,1.0,1.0,1.0,0.0,1.0,0.47619047619047616,1.0,0.5416666666666666,0.5416666666666666,1.0,0.4444444444444444
912,attribute,yes,1,0.5454545454545454,0.45454545454545453,1.0,1.0,0.0,1.0,1.0,1.0,0.6320346320346321,0.5,0.5416666666666666,0.5416666666666666,1.0,0.4444444444444444
913,object,yes,0,1.0,1.0,1.0,1.0,1.0,1.0,0.2,0.6,1.0,1.0,0.6,1.0,0.6,0.4666666666666667
914,counting,yes,1,1.0,1.0,0.0,1.0,0.6,0.4,0.4,0.4,0.47619047619047616,0.7666666666666667,0.675,0.675,0.7666666666666667,0.4444444444444444
915,object,yes,0,1.0,1.0,0.36363636363636365,0.4909090909090909,1.0,1.0,1.0,1.0,0.5454545454545454,1.0,1.0,0.475,0.475,1.0
916,attribute,yes,0,0.9090909090909091,0.8181818181818182,0.6363636363636364,0.4909090909090909,1.0,1.0,0.2,0.6,0.6320346320346321,0.875,0.5416666666666666,0.6,0.4666666666666667,0.4666666666666667
917,counting,yes,0,0.45454545454545453,0.45454545454545453,1.0,1.0,0.6,0.4,0.8,0.6,0.5844155844155844,0.4666666666666667,0.475,0.7666666666666667,0.875,0.5333333333333333
918,counting,yes,0,1.0,1.0,1.0,1.0,1.0,1.0,0.8,0.6,1.0,1.0,0.875,1.0,0.875,0.8
919,attribute,yes,0,1.0,1.0,1.0,1.0,1.0,1.0,1.0,1.0,1.0,1.0,1.0,1.0,1.0,1.0
920,positional,yes,0,1.0,1.0,0.9090909090909091,0.8181818181818182,1.0,1.0,0.6,0.4,0.9090909090909091,1.0,0.7666666666666667,0.875,0.675,0.6444444444444445
921,positional,yes,0,1.0,1.0,1.0,1.0,1.0,1.0,0.6,0.4,1.0,1.0,0.7666666666666667,1.0,0.7666666666666667,0.6444444444444445
922,object,yes,0,1.0,1.0,1.0,1.0,1.0,1.0,1.0,1.0,1.0,1.0,1.0,1.0,1.0,1.0
923,object,yes,0,1.0,1.0,0.2727272727272727,0.5636363636363636,1.0,1.0,0.2,0.6,0.5151515151515151,1.0,0.6,0.4666666666666667,0.6,0.4666666666666667
924,object,yes,0,1.0,1.0,0.18181818181818182,0.6727272727272727,1.0,1.0,0.0,1.0,0.4935064935064935,1.0,0.5416666666666666,0.475,0.7666666666666667,0.4444444444444444
925,attribute,yes,1,1.0,1.0,0.0,1.0,0.6,0.4,0.2,0.6,0.47619047619047616,0.7666666666666667,0.6,0.675,0.875,0.4666666666666667
926,attribute,yes,1,0.7272727272727273,0.5636363636363636,0.6363636363636364,0.4909090909090909,0.2,0.6,1.0,1.0,0.5454545454545454,0.475,0.675,0.4666666666666667,0.6,0.4666666666666667
927,object,yes,0,0.5454545454545454,0.45454545454545453,1.0,1.0,1.0,1.0,0.6,0.4,0.6320346320346321,0.5416666666666666,0.475,1.0,0.7666666666666667,0.6444444444444445
928,attribute,yes,0,1.0,1.0,1.0,1.0,1.0,1.0,0.8,0.6,1.0,1.0,0.875,1.0,0.875,0.8
929,positional,yes,0,1.0,1.0,0.5454545454545454,0.45454545454545453,1.0,1.0,0.0,1.0,0.6320346320346321,1.0,0.5416666666666666,0.5416666666666666,0.5,0.4444444444444444
930,attribute,yes,0,1.0,1.0,1.0,1.0,1.0,1.0,0.8,0.6,1.0,1.0,0.875,1.0,0.875,0.8
931,object,yes,0,1.0,1.0,1.0,1.0,1.0,1.0,0.8,0.6,1.0,1.0,0.875,1.0,0.875,0.8
932,positional,yes,0,1.0,1.0,0.18181818181818182,0.6727272727272727,1.0,1.0,0.0,1.0,0.4935064935064935,1.0,0.5416666666666666,0.475,0.7666666666666667,0.4444444444444444
934,object,yes,0,1.0,1.0,1.0,1.0,1.0,1.0,0.4,0.4,1.0,1.0,0.675,1.0,0.675,0.5333333333333333
935,counting,yes,0,1.0,1.0,0.0,1.0,1.0,1.0,0.0,1.0,0.47619047619047616,1.0,0.5416666666666666,0.5416666666666666,1.0,0.4444444444444444
936,counting,yes,0,1.0,1.0,1.0,1.0,1.0,1.0,0.2,0.6,1.0,1.0,0.6,1.0,0.6,0.4666666666666667
937,attribute,yes,0,1.0,1.0,0.0,1.0,1.0,1.0,0.2,0.6,0.47619047619047616,1.0,0.6,0.5416666666666666,0.875,0.4666666666666667
939,attribute,yes,0,1.0,1.0,0.18181818181818182,0.6727272727272727,1.0,1.0,0.0,1.0,0.4935064935064935,1.0,0.5416666666666666,0.475,0.7666666666666667,0.4444444444444444
940,object,yes,0,1.0,1.0,1.0,1.0,1.0,1.0,0.8,0.6,1.0,1.0,0.875,1.0,0.875,0.8
941,attribute,yes,0,1.0,1.0,0.9090909090909091,0.8181818181818182,1.0,1.0,0.6,0.4,0.9090909090909091,1.0,0.7666666666666667,0.875,0.675,0.6444444444444445
943,object,yes,0,1.0,1.0,1.0,1.0,0.8,0.6,1.0,1.0,1.0,0.875,1.0,0.875,1.0,0.8
944,counting,yes,0,0.09090909090909091,0.8181818181818182,0.8181818181818182,0.6727272727272727,0.8,0.6,0.4,0.4,0.4805194805194805,0.5416666666666666,0.675,0.675,0.5416666666666666,0.4666666666666667
945,counting,yes,0,1.0,1.0,1.0,1.0,1.0,1.0,0.4,0.4,1.0,1.0,0.675,1.0,0.675,0.5333333333333333
946,object,yes,0,1.0,1.0,1.0,1.0,1.0,1.0,0.4,0.4,1.0,1.0,0.675,1.0,0.675,0.5333333333333333
947,sentiment,yes,1,0.6363636363636364,0.4909090909090909,0.0,1.0,0.6,0.4,0.0,1.0,0.5454545454545454,0.5,0.475,0.675,1.0,0.5333333333333333
948,positional,yes,0,1.0,1.0,0.45454545454545453,0.45454545454545453,1.0,1.0,0.4,0.4,0.5844155844155844,1.0,0.675,0.5,0.475,0.5333333333333333
949,counting,yes,0,1.0,1.0,1.0,1.0,1.0,1.0,0.4,0.4,1.0,1.0,0.675,1.0,0.675,0.5333333333333333
951,counting,yes,0,1.0,1.0,0.45454545454545453,0.45454545454545453,1.0,1.0,0.2,0.6,0.5844155844155844,1.0,0.6,0.5,0.5,0.4666666666666667
952,attribute,yes,0,1.0,1.0,1.0,1.0,1.0,1.0,0.8,0.6,1.0,1.0,0.875,1.0,0.875,0.8
953,positional,yes,0,1.0,1.0,0.9090909090909091,0.8181818181818182,1.0,1.0,0.2,0.6,0.9090909090909091,1.0,0.6,0.875,0.5416666666666666,0.4666666666666667
954,object,yes,0,1.0,1.0,1.0,1.0,1.0,1.0,0.4,0.4,1.0,1.0,0.675,1.0,0.675,0.5333333333333333
955,object,yes,1,0.7272727272727273,0.5636363636363636,0.0,1.0,0.8,0.6,0.4,0.4,0.5151515151515151,0.6,0.5,0.6,0.7666666666666667,0.4666666666666667
956,attribute,yes,0,1.0,1.0,0.18181818181818182,0.6727272727272727,1.0,1.0,0.0,1.0,0.4935064935064935,1.0,0.5416666666666666,0.475,0.7666666666666667,0.4444444444444444
957,positional,yes,0,0.9090909090909091,0.8181818181818182,1.0,1.0,1.0,1.0,0.6,0.4,0.9090909090909091,0.875,0.675,1.0,0.7666666666666667,0.6444444444444445
958,object,yes,0,0.36363636363636365,0.4909090909090909,1.0,1.0,0.0,1.0,1.0,1.0,0.5454545454545454,0.6,0.475,0.5416666666666666,1.0,0.4444444444444444
959,attribute,yes,0,0.9090909090909091,0.8181818181818182,1.0,1.0,1.0,1.0,1.0,1.0,0.9090909090909091,0.875,0.875,1.0,1.0,1.0
961,attribute,yes,0,1.0,1.0,0.0,1.0,1.0,1.0,0.0,1.0,0.47619047619047616,1.0,0.5416666666666666,0.5416666666666666,1.0,0.4444444444444444
962,counting,yes,0,1.0,1.0,1.0,1.0,1.0,1.0,0.4,0.4,1.0,1.0,0.675,1.0,0.675,0.5333333333333333
963,positional,yes,0,1.0,1.0,0.7272727272727273,0.5636363636363636,1.0,1.0,0.0,1.0,0.7532467532467533,1.0,0.5416666666666666,0.675,0.4666666666666667,0.4444444444444444
964,attribute,yes,0,1.0,1.0,0.5454545454545454,0.45454545454545453,1.0,1.0,0.0,1.0,0.6320346320346321,1.0,0.5416666666666666,0.5416666666666666,0.5,0.4444444444444444
965,counting,yes,0,1.0,1.0,0.0,1.0,0.8,0.6,0.0,1.0,0.47619047619047616,0.875,0.5416666666666666,0.6,1.0,0.4666666666666667
967,counting,yes,0,0.9090909090909091,0.8181818181818182,1.0,1.0,1.0,1.0,0.4,0.4,0.9090909090909091,0.875,0.6,1.0,0.675,0.5333333333333333
968,attribute,yes,0,0.9090909090909091,0.8181818181818182,1.0,1.0,1.0,1.0,0.2,0.6,0.9090909090909091,0.875,0.5416666666666666,1.0,0.6,0.4666666666666667
969,positional,yes,0,1.0,1.0,1.0,1.0,1.0,1.0,0.6,0.4,1.0,1.0,0.7666666666666667,1.0,0.7666666666666667,0.6444444444444445
970,sentiment,yes,0,1.0,1.0,1.0,1.0,1.0,1.0,0.4,0.4,1.0,1.0,0.675,1.0,0.675,0.5333333333333333
971,object,yes,0,1.0,1.0,0.36363636363636365,0.4909090909090909,1.0,1.0,0.2,0.6,0.5454545454545454,1.0,0.6,0.475,0.5416666666666666,0.4666666666666667
972,attribute,yes,0,1.0,1.0,0.09090909090909091,0.8181818181818182,1.0,1.0,0.0,1.0,0.4805194805194805,1.0,0.5416666666666666,0.5,0.875,0.4444444444444444
973,object,yes,0,1.0,1.0,1.0,1.0,1.0,1.0,0.2,0.6,1.0,1.0,0.6,1.0,0.6,0.4666666666666667
974,attribute,yes,0,1.0,1.0,0.0,1.0,1.0,1.0,0.0,1.0,0.47619047619047616,1.0,0.5416666666666666,0.5416666666666666,1.0,0.4444444444444444
975,attribute,yes,0,1.0,1.0,1.0,1.0,1.0,1.0,1.0,1.0,1.0,1.0,1.0,1.0,1.0,1.0
976,object,yes,0,1.0,1.0,0.09090909090909091,0.8181818181818182,1.0,1.0,0.2,0.6,0.4805194805194805,1.0,0.6,0.5,0.7666666666666667,0.4666666666666667
977,attribute,yes,1,0.6363636363636364,0.4909090909090909,0.0,1.0,0.0,1.0,0.4,0.4,0.5454545454545454,0.475,0.475,1.0,0.7666666666666667,0.6444444444444445
978,attribute,yes,0,1.0,1.0,1.0,1.0,1.0,1.0,0.6,0.4,1.0,1.0,0.7666666666666667,1.0,0.7666666666666667,0.6444444444444445
979,attribute,yes,0,1.0,1.0,0.09090909090909091,0.8181818181818182,1.0,1.0,0.0,1.0,0.4805194805194805,1.0,0.5416666666666666,0.5,0.875,0.4444444444444444
980,attribute,yes,0,0.6363636363636364,0.4909090909090909,0.7272727272727273,0.5636363636363636,1.0,1.0,0.8,0.6,0.5454545454545454,0.6,0.5416666666666666,0.675,0.6,0.8
981,attribute,yes,0,0.6363636363636364,0.4909090909090909,1.0,1.0,1.0,1.0,0.4,0.4,0.6883116883116883,0.6,0.475,1.0,0.675,0.5333333333333333
982,attribute,yes,0,1.0,1.0,1.0,1.0,1.0,1.0,0.6,0.4,1.0,1.0,0.7666666666666667,1.0,0.7666666666666667,0.6444444444444445
983,object,yes,0,1.0,1.0,1.0,1.0,1.0,1.0,0.8,0.6,1.0,1.0,0.875,1.0,0.875,0.8
984,object,yes,0,1.0,1.0,1.0,1.0,0.8,0.6,0.8,0.6,1.0,0.875,0.875,0.875,0.875,0.6444444444444445
985,object,yes,0,1.0,1.0,1.0,1.0,1.0,1.0,0.6,0.4,1.0,1.0,0.7666666666666667,1.0,0.7666666666666667,0.6444444444444445
986,object,yes,0,1.0,1.0,0.0,1.0,1.0,1.0,0.0,1.0,0.47619047619047616,1.0,0.5416666666666666,0.5416666666666666,1.0,0.4444444444444444
987,sentiment,yes,0,1.0,1.0,1.0,1.0,1.0,1.0,0.8,0.6,1.0,1.0,0.875,1.0,0.875,0.8
988,attribute,yes,0,1.0,1.0,1.0,1.0,1.0,1.0,0.2,0.6,1.0,1.0,0.6,1.0,0.6,0.4666666666666667
989,object,yes,1,0.8181818181818182,0.6727272727272727,0.0,1.0,0.8,0.6,0.8,0.6,0.4935064935064935,0.675,0.675,0.6,0.6,0.6444444444444445
990,attribute,yes,0,0.7272727272727273,0.5636363636363636,1.0,1.0,1.0,1.0,0.8,0.6,0.7532467532467533,0.675,0.6,1.0,0.875,0.8
991,positional,yes,0,0.9090909090909091,0.8181818181818182,1.0,1.0,1.0,1.0,0.4,0.4,0.9090909090909091,0.875,0.6,1.0,0.675,0.5333333333333333
992,attribute,yes,1,1.0,1.0,0.0,1.0,0.2,0.6,0.4,0.4,0.47619047619047616,0.6,0.675,0.875,0.7666666666666667,0.5333333333333333
993,object,yes,0,1.0,1.0,1.0,1.0,1.0,1.0,0.4,0.4,1.0,1.0,0.675,1.0,0.675,0.5333333333333333
994,counting,yes,0,1.0,1.0,0.0,1.0,1.0,1.0,0.0,1.0,0.47619047619047616,1.0,0.5416666666666666,0.5416666666666666,1.0,0.4444444444444444
995,attribute,yes,0,0.5454545454545454,0.45454545454545453,1.0,1.0,1.0,1.0,0.8,0.6,0.6320346320346321,0.5416666666666666,0.5,1.0,0.875,0.8
996,attribute,yes,0,0.9090909090909091,0.8181818181818182,0.18181818181818182,0.6727272727272727,1.0,1.0,0.2,0.6,0.4805194805194805,0.875,0.5416666666666666,0.475,0.675,0.4666666666666667
997,positional,yes,0,1.0,1.0,1.0,1.0,1.0,1.0,0.2,0.6,1.0,1.0,0.6,1.0,0.6,0.4666666666666667
998,attribute,yes,0,1.0,1.0,0.0,1.0,1.0,1.0,0.0,1.0,0.47619047619047616,1.0,0.5416666666666666,0.5416666666666666,1.0,0.4444444444444444
999,sentiment,yes,1,1.0,1.0,0.0,1.0,1.0,1.0,0.0,1.0,0.47619047619047616,1.0,0.5416666666666666,0.5416666666666666,1.0,0.4444444444444444
1000,attribute,yes,0,1.0,1.0,0.0,1.0,1.0,1.0,0.0,1.0,0.47619047619047616,1.0,0.5416666666666666,0.5416666666666666,1.0,0.4444444444444444
1001,counting,yes,0,1.0,1.0,1.0,1.0,1.0,1.0,0.6,0.4,1.0,1.0,0.7666666666666667,1.0,0.7666666666666667,0.6444444444444445
1002,object,yes,0,1.0,1.0,1.0,1.0,0.8,0.6,0.4,0.4,1.0,0.875,0.675,0.875,0.675,0.4666666666666667
1003,positional,yes,0,1.0,1.0,1.0,1.0,1.0,1.0,0.4,0.4,1.0,1.0,0.675,1.0,0.675,0.5333333333333333
1004,attribute,yes,0,0.6363636363636364,0.4909090909090909,1.0,1.0,1.0,1.0,0.8,0.6,0.6883116883116883,0.6,0.5416666666666666,1.0,0.875,0.8
1005,counting,yes,0,1.0,1.0,0.5454545454545454,0.45454545454545453,1.0,1.0,0.0,1.0,0.6320346320346321,1.0,0.5416666666666666,0.5416666666666666,0.5,0.4444444444444444
1006,object,yes,0,1.0,1.0,1.0,1.0,1.0,1.0,0.6,0.4,1.0,1.0,0.7666666666666667,1.0,0.7666666666666667,0.6444444444444445
1007,object,yes,0,0.9090909090909091,0.8181818181818182,1.0,1.0,1.0,1.0,1.0,1.0,0.9090909090909091,0.875,0.875,1.0,1.0,1.0
1008,counting,yes,0,0.0,1.0,1.0,1.0,0.8,0.6,0.6,0.4,0.47619047619047616,0.6,0.675,0.875,0.7666666666666667,0.5333333333333333
1009,object,yes,0,1.0,1.0,1.0,1.0,1.0,1.0,0.2,0.6,1.0,1.0,0.6,1.0,0.6,0.4666666666666667
1010,object,yes,0,1.0,1.0,1.0,1.0,1.0,1.0,0.6,0.4,1.0,1.0,0.7666666666666667,1.0,0.7666666666666667,0.6444444444444445
1012,attribute,yes,0,1.0,1.0,1.0,1.0,1.0,1.0,1.0,1.0,1.0,1.0,1.0,1.0,1.0,1.0
1013,attribute,yes,0,1.0,1.0,0.45454545454545453,0.45454545454545453,1.0,1.0,0.6,0.4,0.5844155844155844,1.0,0.7666666666666667,0.5,0.4666666666666667,0.6444444444444445
1014,attribute,yes,0,0.09090909090909091,0.8181818181818182,0.6363636363636364,0.4909090909090909,0.4,0.4,1.0,1.0,0.5151515151515151,0.675,0.5,0.475,0.6,0.5333333333333333
1015,object,yes,0,1.0,1.0,0.9090909090909091,0.8181818181818182,1.0,1.0,0.4,0.4,0.9090909090909091,1.0,0.675,0.875,0.6,0.5333333333333333
1016,attribute,yes,1,0.6363636363636364,0.4909090909090909,0.09090909090909091,0.8181818181818182,0.0,1.0,1.0,1.0,0.5151515151515151,0.475,0.6,0.875,0.5,0.4444444444444444
1017,positional,yes,0,1.0,1.0,0.8181818181818182,0.6727272727272727,1.0,1.0,0.0,1.0,0.8268398268398268,1.0,0.5416666666666666,0.7666666666666667,0.475,0.4444444444444444
1018,object,yes,0,0.8181818181818182,0.6727272727272727,0.5454545454545454,0.45454545454545453,1.0,1.0,0.0,1.0,0.5454545454545454,0.7666666666666667,0.475,0.5416666666666666,0.5,0.4444444444444444
1019,attribute,yes,0,1.0,1.0,0.18181818181818182,0.6727272727272727,1.0,1.0,0.0,1.0,0.4935064935064935,1.0,0.5416666666666666,0.475,0.7666666666666667,0.4444444444444444
1020,attribute,yes,0,1.0,1.0,0.0,1.0,1.0,1.0,0.2,0.6,0.47619047619047616,1.0,0.6,0.5416666666666666,0.875,0.4666666666666667
1021,object,yes,0,0.9090909090909091,0.8181818181818182,1.0,1.0,1.0,1.0,0.8,0.6,0.9090909090909091,0.875,0.7666666666666667,1.0,0.875,0.8
1022,attribute,yes,1,0.0,1.0,0.0,1.0,0.0,1.0,0.0,1.0,1.0,1.0,1.0,1.0,1.0,1.0
1023,object,yes,0,1.0,1.0,1.0,1.0,1.0,1.0,0.4,0.4,1.0,1.0,0.675,1.0,0.675,0.5333333333333333
1024,object,yes,1,0.8181818181818182,0.6727272727272727,0.0,1.0,0.6,0.4,0.4,0.4,0.4935064935064935,0.6,0.5416666666666666,0.675,0.7666666666666667,0.4444444444444444
1026,counting,yes,0,1.0,1.0,0.09090909090909091,0.8181818181818182,1.0,1.0,0.0,1.0,0.4805194805194805,1.0,0.5416666666666666,0.5,0.875,0.4444444444444444
1027,object,yes,0,1.0,1.0,1.0,1.0,1.0,1.0,0.6,0.4,1.0,1.0,0.7666666666666667,1.0,0.7666666666666667,0.6444444444444445
1028,attribute,yes,0,1.0,1.0,0.0,1.0,1.0,1.0,0.0,1.0,0.47619047619047616,1.0,0.5416666666666666,0.5416666666666666,1.0,0.4444444444444444
1029,attribute,yes,0,1.0,1.0,0.5454545454545454,0.45454545454545453,1.0,1.0,0.0,1.0,0.6320346320346321,1.0,0.5416666666666666,0.5416666666666666,0.5,0.4444444444444444
1030,positional,yes,0,1.0,1.0,0.0,1.0,1.0,1.0,0.0,1.0,0.47619047619047616,1.0,0.5416666666666666,0.5416666666666666,1.0,0.4444444444444444
1031,object,yes,0,1.0,1.0,1.0,1.0,1.0,1.0,0.4,0.4,1.0,1.0,0.675,1.0,0.675,0.5333333333333333
1032,positional,yes,1,0.18181818181818182,0.6727272727272727,0.36363636363636365,0.4909090909090909,0.0,1.0,0.6,0.4,0.5844155844155844,0.7666666666666667,0.5416666666666666,0.6,0.475,0.5333333333333333
1033,sentiment,yes,0,0.8181818181818182,0.6727272727272727,1.0,1.0,1.0,1.0,0.8,0.6,0.8268398268398268,0.7666666666666667,0.675,1.0,0.875,0.8
1034,attribute,yes,0,1.0,1.0,0.09090909090909091,0.8181818181818182,1.0,1.0,0.0,1.0,0.4805194805194805,1.0,0.5416666666666666,0.5,0.875,0.4444444444444444
1035,object,yes,0,1.0,1.0,0.0,1.0,1.0,1.0,0.0,1.0,0.47619047619047616,1.0,0.5416666666666666,0.5416666666666666,1.0,0.4444444444444444
1036,object,yes,0,1.0,1.0,1.0,1.0,1.0,1.0,0.6,0.4,1.0,1.0,0.7666666666666667,1.0,0.7666666666666667,0.6444444444444445
1038,attribute,yes,0,1.0,1.0,0.0,1.0,1.0,1.0,0.0,1.0,0.47619047619047616,1.0,0.5416666666666666,0.5416666666666666,1.0,0.4444444444444444
1039,object,yes,0,1.0,1.0,1.0,1.0,1.0,1.0,0.8,0.6,1.0,1.0,0.875,1.0,0.875,0.8
1040,attribute,yes,0,1.0,1.0,0.09090909090909091,0.8181818181818182,1.0,1.0,0.0,1.0,0.4805194805194805,1.0,0.5416666666666666,0.5,0.875,0.4444444444444444
1041,object,yes,0,1.0,1.0,1.0,1.0,1.0,1.0,0.6,0.4,1.0,1.0,0.7666666666666667,1.0,0.7666666666666667,0.6444444444444445
1042,positional,yes,0,1.0,1.0,0.09090909090909091,0.8181818181818182,1.0,1.0,0.0,1.0,0.4805194805194805,1.0,0.5416666666666666,0.5,0.875,0.4444444444444444
1043,positional,yes,0,1.0,1.0,1.0,1.0,1.0,1.0,0.2,0.6,1.0,1.0,0.6,1.0,0.6,0.4666666666666667
1044,object,yes,0,0.9090909090909091,0.8181818181818182,1.0,1.0,1.0,1.0,0.2,0.6,0.9090909090909091,0.875,0.5416666666666666,1.0,0.6,0.4666666666666667
1045,attribute,yes,0,1.0,1.0,0.0,1.0,1.0,1.0,0.0,1.0,0.47619047619047616,1.0,0.5416666666666666,0.5416666666666666,1.0,0.4444444444444444
1047,counting,yes,0,1.0,1.0,0.09090909090909091,0.8181818181818182,1.0,1.0,0.0,1.0,0.4805194805194805,1.0,0.5416666666666666,0.5,0.875,0.4444444444444444
1048,positional,yes,0,1.0,1.0,0.18181818181818182,0.6727272727272727,1.0,1.0,0.6,0.4,0.4935064935064935,1.0,0.7666666666666667,0.475,0.5416666666666666,0.6444444444444445
1049,attribute,yes,1,0.09090909090909091,0.8181818181818182,0.09090909090909091,0.8181818181818182,0.0,1.0,0.2,0.6,0.8268398268398268,0.875,0.7666666666666667,0.875,0.7666666666666667,0.8
1050,object,yes,1,0.36363636363636365,0.4909090909090909,0.0,1.0,0.0,1.0,0.4,0.4,0.6883116883116883,0.6,0.5,1.0,0.7666666666666667,0.6444444444444445
1052,sentiment,yes,0,1.0,1.0,1.0,1.0,1.0,1.0,0.6,0.4,1.0,1.0,0.7666666666666667,1.0,0.7666666666666667,0.6444444444444445
1053,object,yes,0,0.9090909090909091,0.8181818181818182,1.0,1.0,1.0,1.0,0.4,0.4,0.9090909090909091,0.875,0.6,1.0,0.675,0.5333333333333333
1054,attribute,yes,1,0.0,1.0,0.9090909090909091,0.8181818181818182,0.0,1.0,1.0,1.0,0.4805194805194805,1.0,0.5416666666666666,0.5,0.875,0.4444444444444444
1055,sentiment,yes,0,0.9090909090909091,0.8181818181818182,1.0,1.0,1.0,1.0,1.0,1.0,0.9090909090909091,0.875,0.875,1.0,1.0,1.0
1056,counting,yes,0,0.5454545454545454,0.45454545454545453,1.0,1.0,0.8,0.6,0.4,0.4,0.6320346320346321,0.5,0.4666666666666667,0.875,0.675,0.4666666666666667
1057,attribute,yes,0,0.6363636363636364,0.4909090909090909,1.0,1.0,1.0,1.0,1.0,1.0,0.6883116883116883,0.6,0.6,1.0,1.0,1.0
1059,positional,yes,0,1.0,1.0,1.0,1.0,1.0,1.0,0.6,0.4,1.0,1.0,0.7666666666666667,1.0,0.7666666666666667,0.6444444444444445
1060,object,yes,0,1.0,1.0,1.0,1.0,1.0,1.0,0.8,0.6,1.0,1.0,0.875,1.0,0.875,0.8
1061,counting,yes,0,1.0,1.0,1.0,1.0,1.0,1.0,0.6,0.4,1.0,1.0,0.7666666666666667,1.0,0.7666666666666667,0.6444444444444445
1063,positional,yes,0,1.0,1.0,1.0,1.0,1.0,1.0,0.8,0.6,1.0,1.0,0.875,1.0,0.875,0.8
1064,sentiment,yes,1,1.0,1.0,0.09090909090909091,0.8181818181818182,1.0,1.0,0.0,1.0,0.4805194805194805,1.0,0.5416666666666666,0.5,0.875,0.4444444444444444
1065,counting,yes,0,1.0,1.0,0.7272727272727273,0.5636363636363636,1.0,1.0,0.4,0.4,0.7532467532467533,1.0,0.675,0.675,0.5,0.5333333333333333
1066,sentiment,yes,0,1.0,1.0,0.9090909090909091,0.8181818181818182,1.0,1.0,0.2,0.6,0.9090909090909091,1.0,0.6,0.875,0.5416666666666666,0.4666666666666667
1067,attribute,yes,0,0.9090909090909091,0.8181818181818182,0.7272727272727273,0.5636363636363636,1.0,1.0,0.4,0.4,0.6883116883116883,0.875,0.6,0.675,0.5,0.5333333333333333
1068,counting,yes,0,1.0,1.0,0.09090909090909091,0.8181818181818182,1.0,1.0,0.0,1.0,0.4805194805194805,1.0,0.5416666666666666,0.5,0.875,0.4444444444444444
1069,positional,yes,0,1.0,1.0,0.9090909090909091,0.8181818181818182,1.0,1.0,0.4,0.4,0.9090909090909091,1.0,0.675,0.875,0.6,0.5333333333333333
1070,object,yes,0,1.0,1.0,0.5454545454545454,0.45454545454545453,1.0,1.0,0.0,1.0,0.6320346320346321,1.0,0.5416666666666666,0.5416666666666666,0.5,0.4444444444444444
1071,counting,yes,1,0.0,1.0,0.0,1.0,0.0,1.0,0.6,0.4,1.0,1.0,0.675,1.0,0.675,0.5333333333333333
1072,attribute,yes,0,1.0,1.0,1.0,1.0,1.0,1.0,1.0,1.0,1.0,1.0,1.0,1.0,1.0,1.0
1073,object,yes,0,1.0,1.0,0.09090909090909091,0.8181818181818182,1.0,1.0,0.2,0.6,0.4805194805194805,1.0,0.6,0.5,0.7666666666666667,0.4666666666666667
1074,object,yes,0,1.0,1.0,1.0,1.0,1.0,1.0,0.2,0.6,1.0,1.0,0.6,1.0,0.6,0.4666666666666667
1076,object,yes,0,1.0,1.0,1.0,1.0,1.0,1.0,0.2,0.6,1.0,1.0,0.6,1.0,0.6,0.4666666666666667
1077,object,yes,0,1.0,1.0,0.36363636363636365,0.4909090909090909,1.0,1.0,0.0,1.0,0.5454545454545454,1.0,0.5416666666666666,0.475,0.6,0.4444444444444444
1078,positional,yes,0,1.0,1.0,0.09090909090909091,0.8181818181818182,1.0,1.0,0.0,1.0,0.4805194805194805,1.0,0.5416666666666666,0.5,0.875,0.4444444444444444
1079,attribute,yes,0,1.0,1.0,0.6363636363636364,0.4909090909090909,1.0,1.0,0.2,0.6,0.6883116883116883,1.0,0.6,0.6,0.4666666666666667,0.4666666666666667
1080,attribute,yes,0,1.0,1.0,1.0,1.0,1.0,1.0,1.0,1.0,1.0,1.0,1.0,1.0,1.0,1.0
1081,sentiment,yes,0,1.0,1.0,1.0,1.0,1.0,1.0,1.0,1.0,1.0,1.0,1.0,1.0,1.0,1.0
1082,sentiment,yes,0,0.18181818181818182,0.6727272727272727,1.0,1.0,0.8,0.6,1.0,1.0,0.4935064935064935,0.5,0.475,0.875,1.0,0.8
1085,counting,yes,0,1.0,1.0,1.0,1.0,1.0,1.0,0.6,0.4,1.0,1.0,0.7666666666666667,1.0,0.7666666666666667,0.6444444444444445
1086,attribute,yes,0,1.0,1.0,0.5454545454545454,0.45454545454545453,1.0,1.0,0.0,1.0,0.6320346320346321,1.0,0.5416666666666666,0.5416666666666666,0.5,0.4444444444444444
1087,attribute,yes,1,1.0,1.0,0.7272727272727273,0.5636363636363636,0.2,0.6,1.0,1.0,0.7532467532467533,0.6,1.0,0.475,0.675,0.4666666666666667
1088,object,yes,0,0.0,1.0,1.0,1.0,0.6,0.4,0.4,0.4,0.47619047619047616,0.675,0.7666666666666667,0.7666666666666667,0.675,0.4444444444444444
1089,object,yes,0,1.0,1.0,1.0,1.0,1.0,1.0,0.2,0.6,1.0,1.0,0.6,1.0,0.6,0.4666666666666667
1091,sentiment,yes,0,0.8181818181818182,0.6727272727272727,1.0,1.0,1.0,1.0,1.0,1.0,0.8268398268398268,0.7666666666666667,0.7666666666666667,1.0,1.0,1.0
1092,attribute,yes,0,1.0,1.0,1.0,1.0,1.0,1.0,0.2,0.6,1.0,1.0,0.6,1.0,0.6,0.4666666666666667
1093,object,yes,0,1.0,1.0,0.5454545454545454,0.45454545454545453,1.0,1.0,0.0,1.0,0.6320346320346321,1.0,0.5416666666666666,0.5416666666666666,0.5,0.4444444444444444
1094,sentiment,yes,0,0.45454545454545453,0.45454545454545453,0.0,1.0,0.8,0.6,0.0,1.0,0.6320346320346321,0.475,0.5416666666666666,0.6,1.0,0.4666666666666667
1095,sentiment,yes,0,1.0,1.0,0.09090909090909091,0.8181818181818182,1.0,1.0,0.0,1.0,0.4805194805194805,1.0,0.5416666666666666,0.5,0.875,0.4444444444444444
1096,attribute,yes,0,1.0,1.0,0.0,1.0,1.0,1.0,0.0,1.0,0.47619047619047616,1.0,0.5416666666666666,0.5416666666666666,1.0,0.4444444444444444
1098,sentiment,yes,0,1.0,1.0,0.7272727272727273,0.5636363636363636,1.0,1.0,0.4,0.4,0.7532467532467533,1.0,0.675,0.675,0.5,0.5333333333333333
1099,object,yes,0,0.09090909090909091,0.8181818181818182,0.45454545454545453,0.45454545454545453,0.6,0.4,0.2,0.6,0.5844155844155844,0.6,0.7666666666666667,0.4666666666666667,0.5,0.4666666666666667
1100,positional,yes,0,1.0,1.0,1.0,1.0,1.0,1.0,0.2,0.6,1.0,1.0,0.6,1.0,0.6,0.4666666666666667
1104,counting,yes,1,0.0,1.0,0.0,1.0,0.2,0.6,0.6,0.4,1.0,0.875,0.675,0.875,0.675,0.4666666666666667
1105,attribute,yes,0,1.0,1.0,0.0,1.0,1.0,1.0,0.0,1.0,0.47619047619047616,1.0,0.5416666666666666,0.5416666666666666,1.0,0.4444444444444444
1106,object,yes,0,1.0,1.0,0.36363636363636365,0.4909090909090909,1.0,1.0,0.0,1.0,0.5454545454545454,1.0,0.5416666666666666,0.475,0.6,0.4444444444444444
1107,object,yes,0,0.8181818181818182,0.6727272727272727,1.0,1.0,1.0,1.0,0.4,0.4,0.8268398268398268,0.7666666666666667,0.5416666666666666,1.0,0.675,0.5333333333333333
1108,sentiment,yes,0,0.8181818181818182,0.6727272727272727,1.0,1.0,1.0,1.0,1.0,1.0,0.8268398268398268,0.7666666666666667,0.7666666666666667,1.0,1.0,1.0
1110,object,yes,0,1.0,1.0,0.36363636363636365,0.4909090909090909,1.0,1.0,0.6,0.4,0.5454545454545454,1.0,0.7666666666666667,0.475,0.475,0.6444444444444445
1111,attribute,yes,0,1.0,1.0,0.8181818181818182,0.6727272727272727,1.0,1.0,0.8,0.6,0.8268398268398268,1.0,0.875,0.7666666666666667,0.675,0.8
1112,sentiment,yes,0,1.0,1.0,0.0,1.0,1.0,1.0,0.0,1.0,0.47619047619047616,1.0,0.5416666666666666,0.5416666666666666,1.0,0.4444444444444444
1114,positional,yes,0,1.0,1.0,1.0,1.0,1.0,1.0,0.4,0.4,1.0,1.0,0.675,1.0,0.675,0.5333333333333333
1115,counting,yes,0,0.9090909090909091,0.8181818181818182,1.0,1.0,1.0,1.0,0.6,0.4,0.9090909090909091,0.875,0.675,1.0,0.7666666666666667,0.6444444444444445
1116,sentiment,yes,0,1.0,1.0,0.5454545454545454,0.45454545454545453,1.0,1.0,0.2,0.6,0.6320346320346321,1.0,0.6,0.5416666666666666,0.475,0.4666666666666667
1117,attribute,yes,1,0.18181818181818182,0.6727272727272727,0.0,1.0,0.2,0.6,0.2,0.6,0.8268398268398268,0.675,0.675,0.875,0.875,0.6444444444444445
1118,attribute,yes,0,1.0,1.0,1.0,1.0,1.0,1.0,0.8,0.6,1.0,1.0,0.875,1.0,0.875,0.8
1119,positional,yes,0,1.0,1.0,0.9090909090909091,0.8181818181818182,1.0,1.0,0.8,0.6,0.9090909090909091,1.0,0.875,0.875,0.7666666666666667,0.8
1121,attribute,yes,0,0.9090909090909091,0.8181818181818182,0.36363636363636365,0.4909090909090909,1.0,1.0,0.2,0.6,0.5151515151515151,0.875,0.5416666666666666,0.475,0.5416666666666666,0.4666666666666667
1122,object,yes,0,1.0,1.0,0.7272727272727273,0.5636363636363636,1.0,1.0,0.2,0.6,0.7532467532467533,1.0,0.6,0.675,0.475,0.4666666666666667
1123,object,yes,0,0.6363636363636364,0.4909090909090909,1.0,1.0,1.0,1.0,0.2,0.6,0.6883116883116883,0.6,0.4666666666666667,1.0,0.6,0.4666666666666667
1124,attribute,yes,0,1.0,1.0,0.8181818181818182,0.6727272727272727,1.0,1.0,0.2,0.6,0.8268398268398268,1.0,0.6,0.7666666666666667,0.5,0.4666666666666667
1125,positional,yes,0,1.0,1.0,0.09090909090909091,0.8181818181818182,1.0,1.0,0.0,1.0,0.4805194805194805,1.0,0.5416666666666666,0.5,0.875,0.4444444444444444
1126,object,yes,0,1.0,1.0,1.0,1.0,1.0,1.0,1.0,1.0,1.0,1.0,1.0,1.0,1.0,1.0
1127,attribute,yes,0,0.09090909090909091,0.8181818181818182,1.0,1.0,0.8,0.6,0.2,0.6,0.4805194805194805,0.5416666666666666,0.7666666666666667,0.875,0.6,0.4444444444444444
1128,sentiment,yes,0,1.0,1.0,1.0,1.0,1.0,1.0,0.8,0.6,1.0,1.0,0.875,1.0,0.875,0.8
1130,attribute,yes,0,1.0,1.0,1.0,1.0,1.0,1.0,0.8,0.6,1.0,1.0,0.875,1.0,0.875,0.8
1131,object,yes,0,1.0,1.0,1.0,1.0,1.0,1.0,0.6,0.4,1.0,1.0,0.7666666666666667,1.0,0.7666666666666667,0.6444444444444445
1132,attribute,yes,0,0.7272727272727273,0.5636363636363636,1.0,1.0,1.0,1.0,1.0,1.0,0.7532467532467533,0.675,0.675,1.0,1.0,1.0
1133,attribute,yes,1,0.45454545454545453,0.45454545454545453,0.0,1.0,0.0,1.0,0.4,0.4,0.6320346320346321,0.5416666666666666,0.475,1.0,0.7666666666666667,0.6444444444444445
1134,positional,yes,0,1.0,1.0,0.0,1.0,1.0,1.0,0.0,1.0,0.47619047619047616,1.0,0.5416666666666666,0.5416666666666666,1.0,0.4444444444444444
1135,positional,yes,0,1.0,1.0,0.09090909090909091,0.8181818181818182,1.0,1.0,0.0,1.0,0.4805194805194805,1.0,0.5416666666666666,0.5,0.875,0.4444444444444444
1136,counting,yes,0,1.0,1.0,0.18181818181818182,0.6727272727272727,1.0,1.0,0.0,1.0,0.4935064935064935,1.0,0.5416666666666666,0.475,0.7666666666666667,0.4444444444444444
1137,counting,yes,0,1.0,1.0,0.0,1.0,1.0,1.0,0.0,1.0,0.47619047619047616,1.0,0.5416666666666666,0.5416666666666666,1.0,0.4444444444444444
1138,sentiment,yes,1,0.0,1.0,0.9090909090909091,0.8181818181818182,0.0,1.0,0.8,0.6,0.4805194805194805,1.0,0.6,0.5,0.7666666666666667,0.4666666666666667
1139,attribute,yes,0,1.0,1.0,0.18181818181818182,0.6727272727272727,1.0,1.0,0.0,1.0,0.4935064935064935,1.0,0.5416666666666666,0.475,0.7666666666666667,0.4444444444444444
1140,positional,yes,0,1.0,1.0,1.0,1.0,1.0,1.0,0.8,0.6,1.0,1.0,0.875,1.0,0.875,0.8
1141,counting,yes,0,1.0,1.0,0.5454545454545454,0.45454545454545453,1.0,1.0,0.2,0.6,0.6320346320346321,1.0,0.6,0.5416666666666666,0.475,0.4666666666666667
1142,positional,yes,0,1.0,1.0,0.18181818181818182,0.6727272727272727,1.0,1.0,0.0,1.0,0.4935064935064935,1.0,0.5416666666666666,0.475,0.7666666666666667,0.4444444444444444
1143,attribute,yes,0,1.0,1.0,0.0,1.0,1.0,1.0,0.0,1.0,0.47619047619047616,1.0,0.5416666666666666,0.5416666666666666,1.0,0.4444444444444444
1145,object,yes,0,1.0,1.0,1.0,1.0,1.0,1.0,0.4,0.4,1.0,1.0,0.675,1.0,0.675,0.5333333333333333
1148,object,yes,0,1.0,1.0,0.6363636363636364,0.4909090909090909,1.0,1.0,0.2,0.6,0.6883116883116883,1.0,0.6,0.6,0.4666666666666667,0.4666666666666667
1149,object,yes,0,1.0,1.0,1.0,1.0,1.0,1.0,0.6,0.4,1.0,1.0,0.7666666666666667,1.0,0.7666666666666667,0.6444444444444445
1150,attribute,yes,0,1.0,1.0,0.6363636363636364,0.4909090909090909,1.0,1.0,0.8,0.6,0.6883116883116883,1.0,0.875,0.6,0.5416666666666666,0.8
1153,sentiment,yes,0,1.0,1.0,1.0,1.0,1.0,1.0,0.8,0.6,1.0,1.0,0.875,1.0,0.875,0.8
1154,object,yes,0,1.0,1.0,1.0,1.0,1.0,1.0,0.8,0.6,1.0,1.0,0.875,1.0,0.875,0.8
1155,sentiment,yes,1,0.45454545454545453,0.45454545454545453,0.18181818181818182,0.6727272727272727,0.2,0.6,0.6,0.4,0.5454545454545454,0.5,0.4666666666666667,0.675,0.5416666666666666,0.4666666666666667
1158,attribute,yes,0,0.8181818181818182,0.6727272727272727,0.0,1.0,1.0,1.0,0.0,1.0,0.4935064935064935,0.7666666666666667,0.475,0.5416666666666666,1.0,0.4444444444444444
1159,object,yes,0,1.0,1.0,0.09090909090909091,0.8181818181818182,1.0,1.0,0.0,1.0,0.4805194805194805,1.0,0.5416666666666666,0.5,0.875,0.4444444444444444
1161,object,yes,0,1.0,1.0,1.0,1.0,1.0,1.0,0.2,0.6,1.0,1.0,0.6,1.0,0.6,0.4666666666666667
1162,object,yes,0,1.0,1.0,0.45454545454545453,0.45454545454545453,1.0,1.0,0.0,1.0,0.5844155844155844,1.0,0.5416666666666666,0.5,0.5416666666666666,0.4444444444444444
1163,positional,yes,0,1.0,1.0,1.0,1.0,1.0,1.0,0.6,0.4,1.0,1.0,0.7666666666666667,1.0,0.7666666666666667,0.6444444444444445
1165,counting,yes,0,1.0,1.0,1.0,1.0,1.0,1.0,0.4,0.4,1.0,1.0,0.675,1.0,0.675,0.5333333333333333
1166,object,yes,0,1.0,1.0,1.0,1.0,0.8,0.6,0.4,0.4,1.0,0.875,0.675,0.875,0.675,0.4666666666666667
1168,object,yes,0,1.0,1.0,0.45454545454545453,0.45454545454545453,1.0,1.0,0.0,1.0,0.5844155844155844,1.0,0.5416666666666666,0.5,0.5416666666666666,0.4444444444444444
1169,object,yes,0,1.0,1.0,1.0,1.0,0.8,0.6,0.6,0.4,1.0,0.875,0.7666666666666667,0.875,0.7666666666666667,0.5333333333333333
1170,attribute,yes,0,1.0,1.0,1.0,1.0,1.0,1.0,0.2,0.6,1.0,1.0,0.6,1.0,0.6,0.4666666666666667
1171,counting,yes,0,1.0,1.0,0.18181818181818182,0.6727272727272727,1.0,1.0,0.0,1.0,0.4935064935064935,1.0,0.5416666666666666,0.475,0.7666666666666667,0.4444444444444444
1172,object,yes,0,1.0,1.0,1.0,1.0,1.0,1.0,1.0,1.0,1.0,1.0,1.0,1.0,1.0,1.0
1174,attribute,yes,0,1.0,1.0,1.0,1.0,1.0,1.0,0.2,0.6,1.0,1.0,0.6,1.0,0.6,0.4666666666666667
1175,sentiment,yes,0,1.0,1.0,1.0,1.0,1.0,1.0,0.2,0.6,1.0,1.0,0.6,1.0,0.6,0.4666666666666667
1176,counting,yes,0,0.9090909090909091,0.8181818181818182,1.0,1.0,1.0,1.0,0.4,0.4,0.9090909090909091,0.875,0.6,1.0,0.675,0.5333333333333333
1177,counting,yes,0,0.6363636363636364,0.4909090909090909,1.0,1.0,1.0,1.0,0.6,0.4,0.6883116883116883,0.6,0.5,1.0,0.7666666666666667,0.6444444444444445
1179,attribute,yes,0,0.8181818181818182,0.6727272727272727,1.0,1.0,1.0,1.0,0.2,0.6,0.8268398268398268,0.7666666666666667,0.5,1.0,0.6,0.4666666666666667
1180,attribute,yes,0,1.0,1.0,1.0,1.0,1.0,1.0,0.4,0.4,1.0,1.0,0.675,1.0,0.675,0.5333333333333333
1182,positional,yes,0,0.9090909090909091,0.8181818181818182,1.0,1.0,1.0,1.0,0.6,0.4,0.9090909090909091,0.875,0.675,1.0,0.7666666666666667,0.6444444444444445
1183,counting,yes,0,1.0,1.0,0.36363636363636365,0.4909090909090909,1.0,1.0,0.0,1.0,0.5454545454545454,1.0,0.5416666666666666,0.475,0.6,0.4444444444444444
1184,object,yes,0,0.9090909090909091,0.8181818181818182,1.0,1.0,1.0,1.0,0.2,0.6,0.9090909090909091,0.875,0.5416666666666666,1.0,0.6,0.4666666666666667
1185,sentiment,yes,0,1.0,1.0,1.0,1.0,1.0,1.0,1.0,1.0,1.0,1.0,1.0,1.0,1.0,1.0
1187,object,yes,1,0.2727272727272727,0.5636363636363636,0.0,1.0,0.6,0.4,0.6,0.4,0.7532467532467533,0.5,0.5,0.675,0.675,0.4666666666666667
1188,attribute,yes,0,0.7272727272727273,0.5636363636363636,1.0,1.0,1.0,1.0,0.6,0.4,0.7532467532467533,0.675,0.5416666666666666,1.0,0.7666666666666667,0.6444444444444445
1189,counting,yes,0,1.0,1.0,0.36363636363636365,0.4909090909090909,1.0,1.0,0.4,0.4,0.5454545454545454,1.0,0.675,0.475,0.5,0.5333333333333333
1190,attribute,yes,1,0.2727272727272727,0.5636363636363636,0.0,1.0,0.0,1.0,0.8,0.6,0.7532467532467533,0.675,0.475,1.0,0.6,0.4666666666666667
1191,object,yes,0,0.09090909090909091,0.8181818181818182,1.0,1.0,0.6,0.4,0.4,0.4,0.4805194805194805,0.6,0.675,0.7666666666666667,0.675,0.4444444444444444
1192,object,yes,0,1.0,1.0,1.0,1.0,0.6,0.4,1.0,1.0,1.0,0.7666666666666667,1.0,0.7666666666666667,1.0,0.6444444444444445
1193,object,yes,0,1.0,1.0,0.2727272727272727,0.5636363636363636,1.0,1.0,0.0,1.0,0.5151515151515151,1.0,0.5416666666666666,0.4666666666666667,0.675,0.4444444444444444
1195,counting,yes,0,0.9090909090909091,0.8181818181818182,1.0,1.0,1.0,1.0,0.4,0.4,0.9090909090909091,0.875,0.6,1.0,0.675,0.5333333333333333
1197,counting,yes,0,1.0,1.0,0.09090909090909091,0.8181818181818182,0.8,0.6,0.0,1.0,0.4805194805194805,0.875,0.5416666666666666,0.5416666666666666,0.875,0.4666666666666667
1199,object,yes,0,1.0,1.0,0.6363636363636364,0.4909090909090909,1.0,1.0,0.2,0.6,0.6883116883116883,1.0,0.6,0.6,0.4666666666666667,0.4666666666666667
1201,positional,yes,0,1.0,1.0,0.09090909090909091,0.8181818181818182,1.0,1.0,0.0,1.0,0.4805194805194805,1.0,0.5416666666666666,0.5,0.875,0.4444444444444444
1202,sentiment,yes,0,1.0,1.0,1.0,1.0,1.0,1.0,0.8,0.6,1.0,1.0,0.875,1.0,0.875,0.8
1203,attribute,yes,0,1.0,1.0,0.36363636363636365,0.4909090909090909,1.0,1.0,0.0,1.0,0.5454545454545454,1.0,0.5416666666666666,0.475,0.6,0.4444444444444444
1204,positional,yes,0,1.0,1.0,1.0,1.0,1.0,1.0,0.6,0.4,1.0,1.0,0.7666666666666667,1.0,0.7666666666666667,0.6444444444444445
1205,counting,yes,0,1.0,1.0,0.9090909090909091,0.8181818181818182,1.0,1.0,0.4,0.4,0.9090909090909091,1.0,0.675,0.875,0.6,0.5333333333333333
1206,attribute,yes,0,1.0,1.0,0.6363636363636364,0.4909090909090909,1.0,1.0,0.0,1.0,0.6883116883116883,1.0,0.5416666666666666,0.6,0.475,0.4444444444444444
1207,counting,yes,0,0.9090909090909091,0.8181818181818182,0.7272727272727273,0.5636363636363636,1.0,1.0,0.0,1.0,0.6883116883116883,0.875,0.5,0.675,0.4666666666666667,0.4444444444444444
1209,attribute,yes,0,0.7272727272727273,0.5636363636363636,0.0,1.0,1.0,1.0,0.0,1.0,0.5151515151515151,0.675,0.4666666666666667,0.5416666666666666,1.0,0.4444444444444444
1210,attribute,yes,1,0.2727272727272727,0.5636363636363636,0.9090909090909091,0.8181818181818182,0.0,1.0,1.0,1.0,0.4935064935064935,0.675,0.4666666666666667,0.5,0.875,0.4444444444444444
1211,positional,yes,0,0.7272727272727273,0.5636363636363636,0.0,1.0,0.6,0.4,0.2,0.6,0.5151515151515151,0.5416666666666666,0.475,0.675,0.875,0.4666666666666667
1213,sentiment,yes,0,1.0,1.0,1.0,1.0,1.0,1.0,0.8,0.6,1.0,1.0,0.875,1.0,0.875,0.8
1214,object,yes,0,1.0,1.0,1.0,1.0,1.0,1.0,0.4,0.4,1.0,1.0,0.675,1.0,0.675,0.5333333333333333
1215,sentiment,yes,1,1.0,1.0,0.0,1.0,0.8,0.6,0.2,0.6,0.47619047619047616,0.875,0.6,0.6,0.875,0.4444444444444444
1216,sentiment,yes,0,1.0,1.0,1.0,1.0,1.0,1.0,0.8,0.6,1.0,1.0,0.875,1.0,0.875,0.8
1218,positional,yes,0,1.0,1.0,0.8181818181818182,0.6727272727272727,1.0,1.0,0.6,0.4,0.8268398268398268,1.0,0.7666666666666667,0.7666666666666667,0.6,0.6444444444444445
1221,positional,yes,0,0.9090909090909091,0.8181818181818182,0.5454545454545454,0.45454545454545453,1.0,1.0,0.0,1.0,0.5844155844155844,0.875,0.5,0.5416666666666666,0.5,0.4444444444444444
1223,object,yes,0,0.7272727272727273,0.5636363636363636,1.0,1.0,1.0,1.0,1.0,1.0,0.7532467532467533,0.675,0.675,1.0,1.0,1.0
1224,object,yes,0,1.0,1.0,1.0,1.0,1.0,1.0,0.8,0.6,1.0,1.0,0.875,1.0,0.875,0.8
1225,attribute,yes,0,1.0,1.0,0.09090909090909091,0.8181818181818182,1.0,1.0,0.0,1.0,0.4805194805194805,1.0,0.5416666666666666,0.5,0.875,0.4444444444444444
1226,object,yes,0,0.9090909090909091,0.8181818181818182,1.0,1.0,1.0,1.0,1.0,1.0,0.9090909090909091,0.875,0.875,1.0,1.0,1.0
1228,counting,yes,0,1.0,1.0,0.09090909090909091,0.8181818181818182,1.0,1.0,0.0,1.0,0.4805194805194805,1.0,0.5416666666666666,0.5,0.875,0.4444444444444444
1229,object,yes,0,1.0,1.0,1.0,1.0,1.0,1.0,1.0,1.0,1.0,1.0,1.0,1.0,1.0,1.0
1230,positional,yes,0,1.0,1.0,1.0,1.0,1.0,1.0,0.8,0.6,1.0,1.0,0.875,1.0,0.875,0.8
1231,sentiment,yes,0,0.7272727272727273,0.5636363636363636,1.0,1.0,1.0,1.0,1.0,1.0,0.7532467532467533,0.675,0.675,1.0,1.0,1.0
1232,attribute,yes,0,0.9090909090909091,0.8181818181818182,0.36363636363636365,0.4909090909090909,1.0,1.0,0.2,0.6,0.5151515151515151,0.875,0.5416666666666666,0.475,0.5416666666666666,0.4666666666666667
1233,positional,yes,0,1.0,1.0,0.7272727272727273,0.5636363636363636,1.0,1.0,0.4,0.4,0.7532467532467533,1.0,0.675,0.675,0.5,0.5333333333333333
1235,positional,yes,0,1.0,1.0,1.0,1.0,1.0,1.0,0.2,0.6,1.0,1.0,0.6,1.0,0.6,0.4666666666666667
1237,positional,yes,0,1.0,1.0,0.0,1.0,1.0,1.0,0.0,1.0,0.47619047619047616,1.0,0.5416666666666666,0.5416666666666666,1.0,0.4444444444444444
1238,attribute,yes,1,0.09090909090909091,0.8181818181818182,1.0,1.0,0.0,1.0,1.0,1.0,0.4805194805194805,0.875,0.5,0.5416666666666666,1.0,0.4444444444444444
1239,sentiment,yes,0,1.0,1.0,1.0,1.0,1.0,1.0,0.8,0.6,1.0,1.0,0.875,1.0,0.875,0.8
1240,object,yes,0,1.0,1.0,0.45454545454545453,0.45454545454545453,1.0,1.0,0.6,0.4,0.5844155844155844,1.0,0.7666666666666667,0.5,0.4666666666666667,0.6444444444444445
1241,attribute,yes,1,0.2727272727272727,0.5636363636363636,1.0,1.0,0.0,1.0,1.0,1.0,0.5151515151515151,0.675,0.4666666666666667,0.5416666666666666,1.0,0.4444444444444444
1242,object,yes,0,0.8181818181818182,0.6727272727272727,1.0,1.0,1.0,1.0,1.0,1.0,0.8268398268398268,0.7666666666666667,0.7666666666666667,1.0,1.0,1.0
1243,positional,yes,0,1.0,1.0,0.18181818181818182,0.6727272727272727,1.0,1.0,0.0,1.0,0.4935064935064935,1.0,0.5416666666666666,0.475,0.7666666666666667,0.4444444444444444
1245,positional,yes,0,1.0,1.0,0.45454545454545453,0.45454545454545453,0.8,0.6,0.0,1.0,0.5844155844155844,0.875,0.5416666666666666,0.475,0.5416666666666666,0.4666666666666667
1246,attribute,yes,0,0.6363636363636364,0.4909090909090909,0.2727272727272727,0.5636363636363636,1.0,1.0,0.2,0.6,0.4805194805194805,0.6,0.4666666666666667,0.4666666666666667,0.6,0.4666666666666667
1248,counting,yes,0,0.9090909090909091,0.8181818181818182,1.0,1.0,1.0,1.0,0.6,0.4,0.9090909090909091,0.875,0.675,1.0,0.7666666666666667,0.6444444444444445
1249,attribute,yes,1,0.2727272727272727,0.5636363636363636,0.7272727272727273,0.5636363636363636,0.0,1.0,1.0,1.0,0.47619047619047616,0.675,0.4666666666666667,0.4666666666666667,0.675,0.4444444444444444
1250,attribute,yes,0,1.0,1.0,0.0,1.0,1.0,1.0,0.0,1.0,0.47619047619047616,1.0,0.5416666666666666,0.5416666666666666,1.0,0.4444444444444444
1251,object,yes,1,0.6363636363636364,0.4909090909090909,0.7272727272727273,0.5636363636363636,0.2,0.6,0.8,0.6,0.5454545454545454,0.4666666666666667,0.5416666666666666,0.475,0.6,0.4444444444444444
1252,attribute,yes,0,1.0,1.0,1.0,1.0,1.0,1.0,1.0,1.0,1.0,1.0,1.0,1.0,1.0,1.0
1253,object,yes,0,1.0,1.0,1.0,1.0,1.0,1.0,0.4,0.4,1.0,1.0,0.675,1.0,0.675,0.5333333333333333
1254,object,yes,0,0.8181818181818182,0.6727272727272727,1.0,1.0,1.0,1.0,0.2,0.6,0.8268398268398268,0.7666666666666667,0.5,1.0,0.6,0.4666666666666667
1255,object,yes,1,1.0,1.0,0.0,1.0,1.0,1.0,0.0,1.0,0.47619047619047616,1.0,0.5416666666666666,0.5416666666666666,1.0,0.4444444444444444
1257,attribute,yes,0,1.0,1.0,1.0,1.0,1.0,1.0,0.6,0.4,1.0,1.0,0.7666666666666667,1.0,0.7666666666666667,0.6444444444444445
1258,object,yes,0,1.0,1.0,1.0,1.0,1.0,1.0,0.8,0.6,1.0,1.0,0.875,1.0,0.875,0.8
1259,counting,yes,0,1.0,1.0,0.2727272727272727,0.5636363636363636,1.0,1.0,0.0,1.0,0.5151515151515151,1.0,0.5416666666666666,0.4666666666666667,0.675,0.4444444444444444
1260,counting,yes,0,1.0,1.0,1.0,1.0,1.0,1.0,0.4,0.4,1.0,1.0,0.675,1.0,0.675,0.5333333333333333
1261,positional,yes,0,1.0,1.0,1.0,1.0,1.0,1.0,0.4,0.4,1.0,1.0,0.675,1.0,0.675,0.5333333333333333
1262,sentiment,yes,0,0.6363636363636364,0.4909090909090909,1.0,1.0,1.0,1.0,0.8,0.6,0.6883116883116883,0.6,0.5416666666666666,1.0,0.875,0.8
1264,positional,yes,0,1.0,1.0,0.18181818181818182,0.6727272727272727,1.0,1.0,0.0,1.0,0.4935064935064935,1.0,0.5416666666666666,0.475,0.7666666666666667,0.4444444444444444
1266,positional,yes,0,1.0,1.0,1.0,1.0,0.8,0.6,0.8,0.6,1.0,0.875,0.875,0.875,0.875,0.6444444444444445
1267,attribute,yes,0,1.0,1.0,0.5454545454545454,0.45454545454545453,1.0,1.0,0.2,0.6,0.6320346320346321,1.0,0.6,0.5416666666666666,0.475,0.4666666666666667
1268,positional,yes,0,0.9090909090909091,0.8181818181818182,1.0,1.0,1.0,1.0,0.4,0.4,0.9090909090909091,0.875,0.6,1.0,0.675,0.5333333333333333
1269,object,yes,0,1.0,1.0,0.09090909090909091,0.8181818181818182,1.0,1.0,0.0,1.0,0.4805194805194805,1.0,0.5416666666666666,0.5,0.875,0.4444444444444444
1270,attribute,yes,1,0.9090909090909091,0.8181818181818182,0.0,1.0,0.6,0.4,0.0,1.0,0.4805194805194805,0.675,0.5,0.675,1.0,0.5333333333333333
1271,sentiment,yes,0,0.9090909090909091,0.8181818181818182,1.0,1.0,1.0,1.0,0.8,0.6,0.9090909090909091,0.875,0.7666666666666667,1.0,0.875,0.8
1272,object,yes,0,1.0,1.0,1.0,1.0,1.0,1.0,1.0,1.0,1.0,1.0,1.0,1.0,1.0,1.0
1273,positional,yes,0,1.0,1.0,0.09090909090909091,0.8181818181818182,1.0,1.0,0.0,1.0,0.4805194805194805,1.0,0.5416666666666666,0.5,0.875,0.4444444444444444
1274,counting,yes,0,0.0,1.0,1.0,1.0,0.4,0.4,0.8,0.6,0.47619047619047616,0.7666666666666667,0.6,0.675,0.875,0.4666666666666667
1275,positional,yes,0,0.2727272727272727,0.5636363636363636,1.0,1.0,0.4,0.4,1.0,1.0,0.5151515151515151,0.5416666666666666,0.4666666666666667,0.675,1.0,0.5333333333333333
1276,positional,yes,0,1.0,1.0,0.0,1.0,1.0,1.0,0.2,0.6,0.47619047619047616,1.0,0.6,0.5416666666666666,0.875,0.4666666666666667
1277,sentiment,yes,0,1.0,1.0,0.9090909090909091,0.8181818181818182,1.0,1.0,0.6,0.4,0.9090909090909091,1.0,0.7666666666666667,0.875,0.675,0.6444444444444445
1278,attribute,yes,1,0.0,1.0,0.8181818181818182,0.6727272727272727,0.0,1.0,1.0,1.0,0.4935064935064935,1.0,0.5416666666666666,0.475,0.7666666666666667,0.4444444444444444
1280,attribute,yes,1,1.0,1.0,0.0,1.0,1.0,1.0,0.4,0.4,0.47619047619047616,1.0,0.675,0.5416666666666666,0.7666666666666667,0.5333333333333333
1281,attribute,yes,1,0.0,1.0,0.0,1.0,0.0,1.0,0.0,1.0,1.0,1.0,1.0,1.0,1.0,1.0
1282,sentiment,yes,0,1.0,1.0,0.45454545454545453,0.45454545454545453,1.0,1.0,0.2,0.6,0.5844155844155844,1.0,0.6,0.5,0.5,0.4666666666666667
1283,attribute,yes,0,0.7272727272727273,0.5636363636363636,0.09090909090909091,0.8181818181818182,1.0,1.0,0.2,0.6,0.4935064935064935,0.675,0.475,0.5,0.7666666666666667,0.4666666666666667
1284,positional,yes,0,1.0,1.0,0.5454545454545454,0.45454545454545453,1.0,1.0,0.2,0.6,0.6320346320346321,1.0,0.6,0.5416666666666666,0.475,0.4666666666666667
1285,attribute,yes,0,1.0,1.0,0.6363636363636364,0.4909090909090909,1.0,1.0,0.2,0.6,0.6883116883116883,1.0,0.6,0.6,0.4666666666666667,0.4666666666666667
1286,object,yes,0,1.0,1.0,0.18181818181818182,0.6727272727272727,1.0,1.0,0.4,0.4,0.4935064935064935,1.0,0.675,0.475,0.6,0.5333333333333333
1287,positional,yes,0,1.0,1.0,0.0,1.0,1.0,1.0,0.0,1.0,0.47619047619047616,1.0,0.5416666666666666,0.5416666666666666,1.0,0.4444444444444444
1288,object,yes,0,1.0,1.0,1.0,1.0,1.0,1.0,0.4,0.4,1.0,1.0,0.675,1.0,0.675,0.5333333333333333
1289,attribute,yes,0,1.0,1.0,1.0,1.0,1.0,1.0,0.6,0.4,1.0,1.0,0.7666666666666667,1.0,0.7666666666666667,0.6444444444444445
1290,positional,yes,0,1.0,1.0,0.09090909090909091,0.8181818181818182,1.0,1.0,0.0,1.0,0.4805194805194805,1.0,0.5416666666666666,0.5,0.875,0.4444444444444444
1291,object,yes,0,1.0,1.0,0.0,1.0,1.0,1.0,0.0,1.0,0.47619047619047616,1.0,0.5416666666666666,0.5416666666666666,1.0,0.4444444444444444
1292,counting,yes,0,1.0,1.0,0.6363636363636364,0.4909090909090909,1.0,1.0,0.0,1.0,0.6883116883116883,1.0,0.5416666666666666,0.6,0.475,0.4444444444444444
1293,attribute,yes,1,0.7272727272727273,0.5636363636363636,0.8181818181818182,0.6727272727272727,0.4,0.4,0.8,0.6,0.6320346320346321,0.5,0.6,0.5416666666666666,0.675,0.4666666666666667
1294,counting,yes,0,1.0,1.0,0.5454545454545454,0.45454545454545453,1.0,1.0,0.0,1.0,0.6320346320346321,1.0,0.5416666666666666,0.5416666666666666,0.5,0.4444444444444444
1295,counting,yes,0,1.0,1.0,1.0,1.0,1.0,1.0,0.4,0.4,1.0,1.0,0.675,1.0,0.675,0.5333333333333333
1296,object,yes,0,0.0,1.0,1.0,1.0,0.4,0.4,1.0,1.0,0.47619047619047616,0.7666666666666667,0.5416666666666666,0.675,1.0,0.5333333333333333
1297,attribute,yes,0,1.0,1.0,1.0,1.0,1.0,1.0,0.4,0.4,1.0,1.0,0.675,1.0,0.675,0.5333333333333333
1300,counting,yes,0,1.0,1.0,1.0,1.0,1.0,1.0,0.6,0.4,1.0,1.0,0.7666666666666667,1.0,0.7666666666666667,0.6444444444444445
1301,object,yes,0,0.9090909090909091,0.8181818181818182,0.7272727272727273,0.5636363636363636,1.0,1.0,0.2,0.6,0.6883116883116883,0.875,0.5416666666666666,0.675,0.475,0.4666666666666667
1302,object,yes,0,0.7272727272727273,0.5636363636363636,0.6363636363636364,0.4909090909090909,1.0,1.0,0.6,0.4,0.5454545454545454,0.675,0.5416666666666666,0.6,0.5,0.6444444444444445
1303,object,yes,0,0.7272727272727273,0.5636363636363636,0.8181818181818182,0.6727272727272727,1.0,1.0,0.8,0.6,0.6320346320346321,0.675,0.6,0.7666666666666667,0.675,0.8
1304,object,yes,0,1.0,1.0,0.18181818181818182,0.6727272727272727,1.0,1.0,0.0,1.0,0.4935064935064935,1.0,0.5416666666666666,0.475,0.7666666666666667,0.4444444444444444
1307,object,yes,0,1.0,1.0,1.0,1.0,1.0,1.0,1.0,1.0,1.0,1.0,1.0,1.0,1.0,1.0
1309,counting,yes,0,1.0,1.0,1.0,1.0,1.0,1.0,0.4,0.4,1.0,1.0,0.675,1.0,0.675,0.5333333333333333
1310,attribute,yes,0,0.7272727272727273,0.5636363636363636,0.18181818181818182,0.6727272727272727,1.0,1.0,0.0,1.0,0.4805194805194805,0.675,0.4666666666666667,0.475,0.7666666666666667,0.4444444444444444
1312,object,yes,0,0.7272727272727273,0.5636363636363636,0.9090909090909091,0.8181818181818182,1.0,1.0,0.2,0.6,0.6883116883116883,0.675,0.475,0.875,0.5416666666666666,0.4666666666666667
1313,attribute,yes,0,0.9090909090909091,0.8181818181818182,1.0,1.0,0.6,0.4,1.0,1.0,0.9090909090909091,0.675,0.875,0.7666666666666667,1.0,0.6444444444444445
1314,attribute,yes,0,0.5454545454545454,0.45454545454545453,1.0,1.0,1.0,1.0,0.6,0.4,0.6320346320346321,0.5416666666666666,0.475,1.0,0.7666666666666667,0.6444444444444445
1316,attribute,yes,0,1.0,1.0,0.7272727272727273,0.5636363636363636,1.0,1.0,0.2,0.6,0.7532467532467533,1.0,0.6,0.675,0.475,0.4666666666666667
1317,object,yes,0,1.0,1.0,0.18181818181818182,0.6727272727272727,1.0,1.0,0.0,1.0,0.4935064935064935,1.0,0.5416666666666666,0.475,0.7666666666666667,0.4444444444444444
1318,object,yes,0,1.0,1.0,1.0,1.0,1.0,1.0,1.0,1.0,1.0,1.0,1.0,1.0,1.0,1.0
1319,positional,yes,0,1.0,1.0,0.09090909090909091,0.8181818181818182,1.0,1.0,0.4,0.4,0.4805194805194805,1.0,0.675,0.5,0.675,0.5333333333333333
1320,object,yes,0,1.0,1.0,0.0,1.0,1.0,1.0,0.0,1.0,0.47619047619047616,1.0,0.5416666666666666,0.5416666666666666,1.0,0.4444444444444444
1322,object,yes,0,1.0,1.0,1.0,1.0,0.8,0.6,1.0,1.0,1.0,0.875,1.0,0.875,1.0,0.8
1323,counting,yes,0,0.8181818181818182,0.6727272727272727,1.0,1.0,1.0,1.0,0.6,0.4,0.8268398268398268,0.7666666666666667,0.6,1.0,0.7666666666666667,0.6444444444444445
1324,object,yes,0,1.0,1.0,1.0,1.0,1.0,1.0,0.4,0.4,1.0,1.0,0.675,1.0,0.675,0.5333333333333333
1326,attribute,yes,0,1.0,1.0,0.09090909090909091,0.8181818181818182,1.0,1.0,0.0,1.0,0.4805194805194805,1.0,0.5416666666666666,0.5,0.875,0.4444444444444444
1327,counting,yes,0,1.0,1.0,1.0,1.0,1.0,1.0,0.8,0.6,1.0,1.0,0.875,1.0,0.875,0.8
1328,object,yes,0,1.0,1.0,1.0,1.0,1.0,1.0,0.6,0.4,1.0,1.0,0.7666666666666667,1.0,0.7666666666666667,0.6444444444444445
1329,attribute,yes,0,1.0,1.0,0.45454545454545453,0.45454545454545453,1.0,1.0,0.0,1.0,0.5844155844155844,1.0,0.5416666666666666,0.5,0.5416666666666666,0.4444444444444444
1330,object,yes,0,1.0,1.0,0.2727272727272727,0.5636363636363636,1.0,1.0,0.8,0.6,0.5151515151515151,1.0,0.875,0.4666666666666667,0.475,0.8
1331,object,yes,0,1.0,1.0,1.0,1.0,1.0,1.0,0.4,0.4,1.0,1.0,0.675,1.0,0.675,0.5333333333333333
1332,positional,yes,0,1.0,1.0,1.0,1.0,1.0,1.0,0.2,0.6,1.0,1.0,0.6,1.0,0.6,0.4666666666666667
1333,object,yes,0,1.0,1.0,1.0,1.0,1.0,1.0,0.4,0.4,1.0,1.0,0.675,1.0,0.675,0.5333333333333333
1334,attribute,yes,0,0.36363636363636365,0.4909090909090909,1.0,1.0,0.2,0.6,0.4,0.4,0.5454545454545454,0.5416666666666666,0.5,0.6,0.675,0.5333333333333333
1335,object,yes,0,1.0,1.0,1.0,1.0,1.0,1.0,0.4,0.4,1.0,1.0,0.675,1.0,0.675,0.5333333333333333
1336,attribute,yes,0,1.0,1.0,0.09090909090909091,0.8181818181818182,1.0,1.0,0.2,0.6,0.4805194805194805,1.0,0.6,0.5,0.7666666666666667,0.4666666666666667
1338,counting,yes,0,1.0,1.0,1.0,1.0,1.0,1.0,0.4,0.4,1.0,1.0,0.675,1.0,0.675,0.5333333333333333
1340,sentiment,yes,0,1.0,1.0,1.0,1.0,1.0,1.0,1.0,1.0,1.0,1.0,1.0,1.0,1.0,1.0
1341,object,yes,0,1.0,1.0,1.0,1.0,1.0,1.0,0.4,0.4,1.0,1.0,0.675,1.0,0.675,0.5333333333333333
1342,object,yes,0,1.0,1.0,0.09090909090909091,0.8181818181818182,1.0,1.0,0.2,0.6,0.4805194805194805,1.0,0.6,0.5,0.7666666666666667,0.4666666666666667
1343,sentiment,yes,0,1.0,1.0,1.0,1.0,1.0,1.0,0.8,0.6,1.0,1.0,0.875,1.0,0.875,0.8
1344,attribute,yes,0,0.9090909090909091,0.8181818181818182,0.0,1.0,1.0,1.0,0.0,1.0,0.4805194805194805,0.875,0.5,0.5416666666666666,1.0,0.4444444444444444
1345,object,yes,0,0.9090909090909091,0.8181818181818182,1.0,1.0,1.0,1.0,0.8,0.6,0.9090909090909091,0.875,0.7666666666666667,1.0,0.875,0.8
1346,object,yes,1,0.7272727272727273,0.5636363636363636,0.6363636363636364,0.4909090909090909,1.0,1.0,1.0,1.0,0.5454545454545454,0.675,0.675,0.6,0.6,1.0
1347,object,yes,0,1.0,1.0,0.36363636363636365,0.4909090909090909,1.0,1.0,0.0,1.0,0.5454545454545454,1.0,0.5416666666666666,0.475,0.6,0.4444444444444444
1348,sentiment,yes,0,1.0,1.0,1.0,1.0,1.0,1.0,0.8,0.6,1.0,1.0,0.875,1.0,0.875,0.8
1349,object,yes,0,1.0,1.0,1.0,1.0,1.0,1.0,0.4,0.4,1.0,1.0,0.675,1.0,0.675,0.5333333333333333
1350,object,yes,0,1.0,1.0,1.0,1.0,1.0,1.0,0.8,0.6,1.0,1.0,0.875,1.0,0.875,0.8
1351,attribute,yes,0,1.0,1.0,0.8181818181818182,0.6727272727272727,1.0,1.0,0.6,0.4,0.8268398268398268,1.0,0.7666666666666667,0.7666666666666667,0.6,0.6444444444444445
1352,attribute,yes,0,0.5454545454545454,0.45454545454545453,1.0,1.0,1.0,1.0,0.4,0.4,0.6320346320346321,0.5416666666666666,0.4666666666666667,1.0,0.675,0.5333333333333333
1353,positional,yes,0,1.0,1.0,0.5454545454545454,0.45454545454545453,1.0,1.0,0.2,0.6,0.6320346320346321,1.0,0.6,0.5416666666666666,0.475,0.4666666666666667
1354,counting,yes,0,1.0,1.0,0.45454545454545453,0.45454545454545453,1.0,1.0,0.0,1.0,0.5844155844155844,1.0,0.5416666666666666,0.5,0.5416666666666666,0.4444444444444444
1355,attribute,yes,0,1.0,1.0,1.0,1.0,1.0,1.0,0.8,0.6,1.0,1.0,0.875,1.0,0.875,0.8
1356,positional,yes,0,1.0,1.0,0.0,1.0,1.0,1.0,0.0,1.0,0.47619047619047616,1.0,0.5416666666666666,0.5416666666666666,1.0,0.4444444444444444
1357,object,yes,0,1.0,1.0,1.0,1.0,1.0,1.0,0.6,0.4,1.0,1.0,0.7666666666666667,1.0,0.7666666666666667,0.6444444444444445
1358,object,yes,0,0.9090909090909091,0.8181818181818182,1.0,1.0,1.0,1.0,0.6,0.4,0.9090909090909091,0.875,0.675,1.0,0.7666666666666667,0.6444444444444445
1359,positional,yes,0,1.0,1.0,0.36363636363636365,0.4909090909090909,1.0,1.0,0.0,1.0,0.5454545454545454,1.0,0.5416666666666666,0.475,0.6,0.4444444444444444
1360,positional,yes,0,1.0,1.0,0.5454545454545454,0.45454545454545453,1.0,1.0,0.0,1.0,0.6320346320346321,1.0,0.5416666666666666,0.5416666666666666,0.5,0.4444444444444444
1361,attribute,yes,0,1.0,1.0,0.0,1.0,1.0,1.0,0.0,1.0,0.47619047619047616,1.0,0.5416666666666666,0.5416666666666666,1.0,0.4444444444444444
1362,attribute,yes,0,1.0,1.0,0.2727272727272727,0.5636363636363636,1.0,1.0,0.0,1.0,0.5151515151515151,1.0,0.5416666666666666,0.4666666666666667,0.675,0.4444444444444444
1363,object,yes,0,0.9090909090909091,0.8181818181818182,0.0,1.0,1.0,1.0,0.0,1.0,0.4805194805194805,0.875,0.5,0.5416666666666666,1.0,0.4444444444444444
1364,attribute,yes,0,0.6363636363636364,0.4909090909090909,0.9090909090909091,0.8181818181818182,1.0,1.0,0.6,0.4,0.6320346320346321,0.6,0.5,0.875,0.675,0.6444444444444445
1365,object,yes,0,1.0,1.0,0.0,1.0,1.0,1.0,0.0,1.0,0.47619047619047616,1.0,0.5416666666666666,0.5416666666666666,1.0,0.4444444444444444
1366,object,yes,0,1.0,1.0,0.0,1.0,1.0,1.0,0.0,1.0,0.47619047619047616,1.0,0.5416666666666666,0.5416666666666666,1.0,0.4444444444444444
1367,positional,yes,0,1.0,1.0,1.0,1.0,1.0,1.0,1.0,1.0,1.0,1.0,1.0,1.0,1.0,1.0
1368,object,yes,0,1.0,1.0,1.0,1.0,1.0,1.0,0.6,0.4,1.0,1.0,0.7666666666666667,1.0,0.7666666666666667,0.6444444444444445
1369,object,yes,0,1.0,1.0,1.0,1.0,1.0,1.0,1.0,1.0,1.0,1.0,1.0,1.0,1.0,1.0
1370,object,yes,0,1.0,1.0,1.0,1.0,1.0,1.0,0.6,0.4,1.0,1.0,0.7666666666666667,1.0,0.7666666666666667,0.6444444444444445
1371,positional,yes,0,0.9090909090909091,0.8181818181818182,1.0,1.0,1.0,1.0,0.4,0.4,0.9090909090909091,0.875,0.6,1.0,0.675,0.5333333333333333
1372,object,yes,0,1.0,1.0,1.0,1.0,1.0,1.0,0.6,0.4,1.0,1.0,0.7666666666666667,1.0,0.7666666666666667,0.6444444444444445
1373,attribute,yes,1,0.5454545454545454,0.45454545454545453,0.0,1.0,0.0,1.0,0.8,0.6,0.5844155844155844,0.5,0.5,1.0,0.6,0.4666666666666667
1375,attribute,yes,0,1.0,1.0,1.0,1.0,1.0,1.0,0.6,0.4,1.0,1.0,0.7666666666666667,1.0,0.7666666666666667,0.6444444444444445
1378,object,yes,0,1.0,1.0,1.0,1.0,1.0,1.0,0.6,0.4,1.0,1.0,0.7666666666666667,1.0,0.7666666666666667,0.6444444444444445
1379,object,yes,0,1.0,1.0,1.0,1.0,1.0,1.0,0.2,0.6,1.0,1.0,0.6,1.0,0.6,0.4666666666666667
1380,sentiment,yes,0,1.0,1.0,1.0,1.0,1.0,1.0,0.8,0.6,1.0,1.0,0.875,1.0,0.875,0.8
1381,counting,yes,0,1.0,1.0,0.2727272727272727,0.5636363636363636,1.0,1.0,0.0,1.0,0.5151515151515151,1.0,0.5416666666666666,0.4666666666666667,0.675,0.4444444444444444
1382,attribute,yes,1,0.0,1.0,0.8181818181818182,0.6727272727272727,0.0,1.0,1.0,1.0,0.4935064935064935,1.0,0.5416666666666666,0.475,0.7666666666666667,0.4444444444444444
1383,sentiment,yes,0,1.0,1.0,1.0,1.0,1.0,1.0,1.0,1.0,1.0,1.0,1.0,1.0,1.0,1.0
1384,object,yes,0,1.0,1.0,0.5454545454545454,0.45454545454545453,1.0,1.0,0.0,1.0,0.6320346320346321,1.0,0.5416666666666666,0.5416666666666666,0.5,0.4444444444444444
1386,sentiment,yes,0,1.0,1.0,0.09090909090909091,0.8181818181818182,1.0,1.0,0.0,1.0,0.4805194805194805,1.0,0.5416666666666666,0.5,0.875,0.4444444444444444
1388,attribute,yes,0,1.0,1.0,1.0,1.0,1.0,1.0,0.8,0.6,1.0,1.0,0.875,1.0,0.875,0.8
1389,object,yes,0,1.0,1.0,0.0,1.0,1.0,1.0,0.2,0.6,0.47619047619047616,1.0,0.6,0.5416666666666666,0.875,0.4666666666666667
1390,object,yes,0,1.0,1.0,0.9090909090909091,0.8181818181818182,1.0,1.0,0.8,0.6,0.9090909090909091,1.0,0.875,0.875,0.7666666666666667,0.8
1391,attribute,yes,0,1.0,1.0,0.7272727272727273,0.5636363636363636,1.0,1.0,0.0,1.0,0.7532467532467533,1.0,0.5416666666666666,0.675,0.4666666666666667,0.4444444444444444
1392,object,yes,0,1.0,1.0,1.0,1.0,1.0,1.0,0.2,0.6,1.0,1.0,0.6,1.0,0.6,0.4666666666666667
1394,counting,yes,0,1.0,1.0,1.0,1.0,1.0,1.0,0.4,0.4,1.0,1.0,0.675,1.0,0.675,0.5333333333333333
1395,positional,yes,0,1.0,1.0,1.0,1.0,1.0,1.0,0.2,0.6,1.0,1.0,0.6,1.0,0.6,0.4666666666666667
1396,attribute,yes,0,1.0,1.0,0.36363636363636365,0.4909090909090909,1.0,1.0,0.0,1.0,0.5454545454545454,1.0,0.5416666666666666,0.475,0.6,0.4444444444444444
1397,object,yes,0,1.0,1.0,1.0,1.0,1.0,1.0,0.8,0.6,1.0,1.0,0.875,1.0,0.875,0.8
1398,sentiment,yes,0,1.0,1.0,1.0,1.0,1.0,1.0,0.8,0.6,1.0,1.0,0.875,1.0,0.875,0.8
1399,positional,yes,0,1.0,1.0,1.0,1.0,1.0,1.0,0.2,0.6,1.0,1.0,0.6,1.0,0.6,0.4666666666666667
1400,attribute,yes,0,1.0,1.0,0.0,1.0,1.0,1.0,0.0,1.0,0.47619047619047616,1.0,0.5416666666666666,0.5416666666666666,1.0,0.4444444444444444
1401,object,yes,0,1.0,1.0,1.0,1.0,1.0,1.0,0.4,0.4,1.0,1.0,0.675,1.0,0.675,0.5333333333333333
1402,attribute,yes,0,1.0,1.0,0.45454545454545453,0.45454545454545453,1.0,1.0,0.0,1.0,0.5844155844155844,1.0,0.5416666666666666,0.5,0.5416666666666666,0.4444444444444444
1403,sentiment,yes,1,0.36363636363636365,0.4909090909090909,0.0,1.0,0.0,1.0,0.6,0.4,0.6883116883116883,0.6,0.475,1.0,0.675,0.5333333333333333
1404,attribute,yes,0,1.0,1.0,1.0,1.0,1.0,1.0,0.6,0.4,1.0,1.0,0.7666666666666667,1.0,0.7666666666666667,0.6444444444444445
1405,positional,yes,0,1.0,1.0,1.0,1.0,1.0,1.0,0.8,0.6,1.0,1.0,0.875,1.0,0.875,0.8
1406,attribute,yes,0,1.0,1.0,0.0,1.0,1.0,1.0,0.2,0.6,0.47619047619047616,1.0,0.6,0.5416666666666666,0.875,0.4666666666666667
1408,positional,yes,0,1.0,1.0,1.0,1.0,1.0,1.0,0.8,0.6,1.0,1.0,0.875,1.0,0.875,0.8
1409,object,yes,0,1.0,1.0,0.36363636363636365,0.4909090909090909,1.0,1.0,0.0,1.0,0.5454545454545454,1.0,0.5416666666666666,0.475,0.6,0.4444444444444444
1410,sentiment,yes,0,1.0,1.0,1.0,1.0,1.0,1.0,0.8,0.6,1.0,1.0,0.875,1.0,0.875,0.8
1411,attribute,yes,1,0.0,1.0,0.8181818181818182,0.6727272727272727,0.0,1.0,0.6,0.4,0.4935064935064935,1.0,0.675,0.475,0.6,0.5333333333333333
1412,object,yes,0,1.0,1.0,1.0,1.0,1.0,1.0,1.0,1.0,1.0,1.0,1.0,1.0,1.0,1.0
1413,object,yes,0,1.0,1.0,1.0,1.0,1.0,1.0,0.2,0.6,1.0,1.0,0.6,1.0,0.6,0.4666666666666667
1414,counting,yes,0,1.0,1.0,0.9090909090909091,0.8181818181818182,1.0,1.0,0.2,0.6,0.9090909090909091,1.0,0.6,0.875,0.5416666666666666,0.4666666666666667
1415,attribute,yes,0,1.0,1.0,0.8181818181818182,0.6727272727272727,1.0,1.0,0.4,0.4,0.8268398268398268,1.0,0.675,0.7666666666666667,0.5416666666666666,0.5333333333333333
1416,object,yes,0,1.0,1.0,1.0,1.0,1.0,1.0,0.4,0.4,1.0,1.0,0.675,1.0,0.675,0.5333333333333333
1417,object,yes,0,1.0,1.0,1.0,1.0,1.0,1.0,0.8,0.6,1.0,1.0,0.875,1.0,0.875,0.8
1418,attribute,yes,1,0.0,1.0,1.0,1.0,0.0,1.0,1.0,1.0,0.47619047619047616,1.0,0.5416666666666666,0.5416666666666666,1.0,0.4444444444444444
1419,positional,yes,0,1.0,1.0,1.0,1.0,1.0,1.0,0.2,0.6,1.0,1.0,0.6,1.0,0.6,0.4666666666666667
1420,counting,yes,0,1.0,1.0,0.2727272727272727,0.5636363636363636,1.0,1.0,0.0,1.0,0.5151515151515151,1.0,0.5416666666666666,0.4666666666666667,0.675,0.4444444444444444
1421,positional,yes,0,1.0,1.0,0.0,1.0,1.0,1.0,0.0,1.0,0.47619047619047616,1.0,0.5416666666666666,0.5416666666666666,1.0,0.4444444444444444
1422,positional,yes,0,1.0,1.0,1.0,1.0,1.0,1.0,0.8,0.6,1.0,1.0,0.875,1.0,0.875,0.8
1423,object,yes,0,1.0,1.0,1.0,1.0,1.0,1.0,1.0,1.0,1.0,1.0,1.0,1.0,1.0,1.0
1424,attribute,yes,0,1.0,1.0,0.09090909090909091,0.8181818181818182,1.0,1.0,0.0,1.0,0.4805194805194805,1.0,0.5416666666666666,0.5,0.875,0.4444444444444444
1425,attribute,yes,1,0.36363636363636365,0.4909090909090909,0.0,1.0,0.2,0.6,0.6,0.4,0.6883116883116883,0.5416666666666666,0.475,0.875,0.675,0.4666666666666667
1426,object,yes,1,0.5454545454545454,0.45454545454545453,0.0,1.0,0.4,0.4,0.8,0.6,0.5844155844155844,0.4666666666666667,0.5,0.7666666666666667,0.6,0.4666666666666667
1427,counting,yes,1,1.0,1.0,0.0,1.0,1.0,1.0,0.0,1.0,0.47619047619047616,1.0,0.5416666666666666,0.5416666666666666,1.0,0.4444444444444444
1429,attribute,yes,1,0.09090909090909091,0.8181818181818182,0.0,1.0,0.0,1.0,0.8,0.6,0.9090909090909091,0.875,0.5416666666666666,1.0,0.6,0.4666666666666667
1430,attribute,yes,0,1.0,1.0,1.0,1.0,1.0,1.0,1.0,1.0,1.0,1.0,1.0,1.0,1.0,1.0
1431,object,yes,0,1.0,1.0,0.9090909090909091,0.8181818181818182,1.0,1.0,0.2,0.6,0.9090909090909091,1.0,0.6,0.875,0.5416666666666666,0.4666666666666667
1432,object,yes,0,1.0,1.0,0.9090909090909091,0.8181818181818182,1.0,1.0,0.2,0.6,0.9090909090909091,1.0,0.6,0.875,0.5416666666666666,0.4666666666666667
1433,object,yes,0,1.0,1.0,0.7272727272727273,0.5636363636363636,1.0,1.0,0.0,1.0,0.7532467532467533,1.0,0.5416666666666666,0.675,0.4666666666666667,0.4444444444444444
1434,positional,yes,0,0.8181818181818182,0.6727272727272727,1.0,1.0,1.0,1.0,0.2,0.6,0.8268398268398268,0.7666666666666667,0.5,1.0,0.6,0.4666666666666667
1435,positional,yes,0,1.0,1.0,0.8181818181818182,0.6727272727272727,1.0,1.0,0.0,1.0,0.8268398268398268,1.0,0.5416666666666666,0.7666666666666667,0.475,0.4444444444444444
1436,attribute,yes,1,0.09090909090909091,0.8181818181818182,0.0,1.0,0.0,1.0,0.6,0.4,0.9090909090909091,0.875,0.6,1.0,0.675,0.5333333333333333
1437,object,yes,0,1.0,1.0,1.0,1.0,1.0,1.0,0.6,0.4,1.0,1.0,0.7666666666666667,1.0,0.7666666666666667,0.6444444444444445
1438,object,yes,0,1.0,1.0,1.0,1.0,1.0,1.0,0.6,0.4,1.0,1.0,0.7666666666666667,1.0,0.7666666666666667,0.6444444444444445
1440,attribute,yes,0,1.0,1.0,0.36363636363636365,0.4909090909090909,1.0,1.0,0.4,0.4,0.5454545454545454,1.0,0.675,0.475,0.5,0.5333333333333333
1441,positional,yes,0,1.0,1.0,1.0,1.0,1.0,1.0,0.2,0.6,1.0,1.0,0.6,1.0,0.6,0.4666666666666667
1442,attribute,yes,0,1.0,1.0,0.0,1.0,1.0,1.0,0.0,1.0,0.47619047619047616,1.0,0.5416666666666666,0.5416666666666666,1.0,0.4444444444444444
1443,object,yes,0,1.0,1.0,1.0,1.0,1.0,1.0,1.0,1.0,1.0,1.0,1.0,1.0,1.0,1.0
1444,attribute,yes,0,1.0,1.0,0.5454545454545454,0.45454545454545453,1.0,1.0,0.0,1.0,0.6320346320346321,1.0,0.5416666666666666,0.5416666666666666,0.5,0.4444444444444444
1445,positional,yes,0,1.0,1.0,0.9090909090909091,0.8181818181818182,1.0,1.0,0.2,0.6,0.9090909090909091,1.0,0.6,0.875,0.5416666666666666,0.4666666666666667
1446,object,yes,0,1.0,1.0,0.0,1.0,1.0,1.0,0.0,1.0,0.47619047619047616,1.0,0.5416666666666666,0.5416666666666666,1.0,0.4444444444444444
1447,attribute,yes,1,0.09090909090909091,0.8181818181818182,1.0,1.0,0.2,0.6,0.6,0.4,0.4805194805194805,0.7666666666666667,0.6,0.6,0.7666666666666667,0.4666666666666667
1448,positional,yes,0,1.0,1.0,1.0,1.0,1.0,1.0,0.8,0.6,1.0,1.0,0.875,1.0,0.875,0.8
1450,positional,yes,0,1.0,1.0,1.0,1.0,1.0,1.0,1.0,1.0,1.0,1.0,1.0,1.0,1.0,1.0
1451,counting,yes,0,1.0,1.0,0.2727272727272727,0.5636363636363636,1.0,1.0,0.0,1.0,0.5151515151515151,1.0,0.5416666666666666,0.4666666666666667,0.675,0.4444444444444444
1452,positional,yes,0,0.5454545454545454,0.45454545454545453,1.0,1.0,1.0,1.0,0.4,0.4,0.6320346320346321,0.5416666666666666,0.4666666666666667,1.0,0.675,0.5333333333333333
1453,attribute,yes,0,1.0,1.0,0.0,1.0,1.0,1.0,0.0,1.0,0.47619047619047616,1.0,0.5416666666666666,0.5416666666666666,1.0,0.4444444444444444
1454,object,yes,0,1.0,1.0,1.0,1.0,1.0,1.0,0.8,0.6,1.0,1.0,0.875,1.0,0.875,0.8
1455,object,yes,0,1.0,1.0,1.0,1.0,1.0,1.0,0.4,0.4,1.0,1.0,0.675,1.0,0.675,0.5333333333333333
1456,counting,yes,0,0.9090909090909091,0.8181818181818182,1.0,1.0,1.0,1.0,0.4,0.4,0.9090909090909091,0.875,0.6,1.0,0.675,0.5333333333333333
1457,object,yes,0,1.0,1.0,0.8181818181818182,0.6727272727272727,1.0,1.0,0.0,1.0,0.8268398268398268,1.0,0.5416666666666666,0.7666666666666667,0.475,0.4444444444444444
1458,counting,yes,0,1.0,1.0,0.8181818181818182,0.6727272727272727,1.0,1.0,0.6,0.4,0.8268398268398268,1.0,0.7666666666666667,0.7666666666666667,0.6,0.6444444444444445
1459,object,yes,0,1.0,1.0,1.0,1.0,1.0,1.0,1.0,1.0,1.0,1.0,1.0,1.0,1.0,1.0
1460,counting,yes,0,0.9090909090909091,0.8181818181818182,1.0,1.0,1.0,1.0,0.6,0.4,0.9090909090909091,0.875,0.675,1.0,0.7666666666666667,0.6444444444444445
1461,object,yes,0,1.0,1.0,1.0,1.0,1.0,1.0,0.2,0.6,1.0,1.0,0.6,1.0,0.6,0.4666666666666667
1462,object,yes,0,1.0,1.0,1.0,1.0,1.0,1.0,0.4,0.4,1.0,1.0,0.675,1.0,0.675,0.5333333333333333
1463,object,yes,0,1.0,1.0,1.0,1.0,1.0,1.0,0.2,0.6,1.0,1.0,0.6,1.0,0.6,0.4666666666666667
1464,sentiment,yes,0,1.0,1.0,0.0,1.0,1.0,1.0,0.0,1.0,0.47619047619047616,1.0,0.5416666666666666,0.5416666666666666,1.0,0.4444444444444444
1465,positional,yes,0,1.0,1.0,1.0,1.0,1.0,1.0,0.8,0.6,1.0,1.0,0.875,1.0,0.875,0.8
1466,attribute,yes,1,0.0,1.0,1.0,1.0,0.0,1.0,1.0,1.0,0.47619047619047616,1.0,0.5416666666666666,0.5416666666666666,1.0,0.4444444444444444
1467,attribute,yes,0,0.9090909090909091,0.8181818181818182,0.45454545454545453,0.45454545454545453,1.0,1.0,0.2,0.6,0.5454545454545454,0.875,0.5416666666666666,0.5,0.5,0.4666666666666667
1468,counting,yes,0,0.09090909090909091,0.8181818181818182,1.0,1.0,0.4,0.4,1.0,1.0,0.4805194805194805,0.675,0.5,0.675,1.0,0.5333333333333333
1469,sentiment,yes,1,1.0,1.0,0.0,1.0,0.4,0.4,0.0,1.0,0.47619047619047616,0.675,0.5416666666666666,0.7666666666666667,1.0,0.6444444444444445
1470,object,yes,0,1.0,1.0,1.0,1.0,1.0,1.0,0.6,0.4,1.0,1.0,0.7666666666666667,1.0,0.7666666666666667,0.6444444444444445
1472,sentiment,yes,1,1.0,1.0,0.0,1.0,0.4,0.4,0.0,1.0,0.47619047619047616,0.675,0.5416666666666666,0.7666666666666667,1.0,0.6444444444444445
1473,attribute,yes,0,0.2727272727272727,0.5636363636363636,1.0,1.0,0.8,0.6,0.6,0.4,0.5151515151515151,0.475,0.5,0.875,0.7666666666666667,0.5333333333333333
1474,positional,yes,0,0.9090909090909091,0.8181818181818182,1.0,1.0,1.0,1.0,1.0,1.0,0.9090909090909091,0.875,0.875,1.0,1.0,1.0
1475,object,yes,0,1.0,1.0,1.0,1.0,1.0,1.0,0.4,0.4,1.0,1.0,0.675,1.0,0.675,0.5333333333333333
1476,attribute,yes,0,1.0,1.0,0.18181818181818182,0.6727272727272727,1.0,1.0,0.0,1.0,0.4935064935064935,1.0,0.5416666666666666,0.475,0.7666666666666667,0.4444444444444444
1477,object,yes,0,1.0,1.0,0.0,1.0,1.0,1.0,0.4,0.4,0.47619047619047616,1.0,0.675,0.5416666666666666,0.7666666666666667,0.5333333333333333
1478,attribute,yes,0,1.0,1.0,0.9090909090909091,0.8181818181818182,1.0,1.0,0.4,0.4,0.9090909090909091,1.0,0.675,0.875,0.6,0.5333333333333333
1480,attribute,yes,0,1.0,1.0,0.0,1.0,1.0,1.0,0.0,1.0,0.47619047619047616,1.0,0.5416666666666666,0.5416666666666666,1.0,0.4444444444444444
1481,counting,yes,0,1.0,1.0,1.0,1.0,1.0,1.0,0.2,0.6,1.0,1.0,0.6,1.0,0.6,0.4666666666666667
1482,attribute,yes,0,1.0,1.0,1.0,1.0,1.0,1.0,1.0,1.0,1.0,1.0,1.0,1.0,1.0,1.0
1483,attribute,yes,1,0.5454545454545454,0.45454545454545453,0.09090909090909091,0.8181818181818182,0.0,1.0,0.6,0.4,0.5454545454545454,0.5,0.475,0.875,0.6,0.5333333333333333
1484,object,yes,0,1.0,1.0,1.0,1.0,1.0,1.0,0.4,0.4,1.0,1.0,0.675,1.0,0.675,0.5333333333333333
1485,attribute,yes,0,0.18181818181818182,0.6727272727272727,0.18181818181818182,0.6727272727272727,0.4,0.4,0.0,1.0,0.6883116883116883,0.6,0.7666666666666667,0.6,0.7666666666666667,0.6444444444444445
1486,object,yes,0,1.0,1.0,0.8181818181818182,0.6727272727272727,1.0,1.0,0.2,0.6,0.8268398268398268,1.0,0.6,0.7666666666666667,0.5,0.4666666666666667
1487,positional,yes,0,1.0,1.0,0.6363636363636364,0.4909090909090909,1.0,1.0,0.2,0.6,0.6883116883116883,1.0,0.6,0.6,0.4666666666666667,0.4666666666666667
1488,object,yes,0,1.0,1.0,1.0,1.0,1.0,1.0,1.0,1.0,1.0,1.0,1.0,1.0,1.0,1.0
1489,sentiment,yes,0,1.0,1.0,1.0,1.0,1.0,1.0,0.8,0.6,1.0,1.0,0.875,1.0,0.875,0.8
1490,counting,yes,0,0.9090909090909091,0.8181818181818182,1.0,1.0,1.0,1.0,0.6,0.4,0.9090909090909091,0.875,0.675,1.0,0.7666666666666667,0.6444444444444445
1491,counting,yes,0,1.0,1.0,0.09090909090909091,0.8181818181818182,1.0,1.0,0.2,0.6,0.4805194805194805,1.0,0.6,0.5,0.7666666666666667,0.4666666666666667
1492,object,yes,0,1.0,1.0,1.0,1.0,1.0,1.0,0.2,0.6,1.0,1.0,0.6,1.0,0.6,0.4666666666666667
1493,positional,yes,0,1.0,1.0,1.0,1.0,1.0,1.0,0.6,0.4,1.0,1.0,0.7666666666666667,1.0,0.7666666666666667,0.6444444444444445
1494,sentiment,yes,0,1.0,1.0,1.0,1.0,1.0,1.0,0.8,0.6,1.0,1.0,0.875,1.0,0.875,0.8
1495,counting,yes,0,0.9090909090909091,0.8181818181818182,0.09090909090909091,0.8181818181818182,1.0,1.0,0.0,1.0,0.47619047619047616,0.875,0.5,0.5,0.875,0.4444444444444444
1497,positional,yes,0,1.0,1.0,0.18181818181818182,0.6727272727272727,1.0,1.0,0.0,1.0,0.4935064935064935,1.0,0.5416666666666666,0.475,0.7666666666666667,0.4444444444444444
1498,object,yes,0,1.0,1.0,0.09090909090909091,0.8181818181818182,1.0,1.0,0.4,0.4,0.4805194805194805,1.0,0.675,0.5,0.675,0.5333333333333333
1499,attribute,yes,0,0.9090909090909091,0.8181818181818182,0.09090909090909091,0.8181818181818182,0.8,0.6,0.0,1.0,0.47619047619047616,0.7666666666666667,0.5,0.5416666666666666,0.875,0.4666666666666667
1500,counting,yes,0,0.7272727272727273,0.5636363636363636,0.36363636363636365,0.4909090909090909,1.0,1.0,0.0,1.0,0.4805194805194805,0.675,0.4666666666666667,0.475,0.6,0.4444444444444444
1501,object,yes,0,1.0,1.0,1.0,1.0,1.0,1.0,0.6,0.4,1.0,1.0,0.7666666666666667,1.0,0.7666666666666667,0.6444444444444445
1503,positional,yes,0,1.0,1.0,1.0,1.0,1.0,1.0,0.6,0.4,1.0,1.0,0.7666666666666667,1.0,0.7666666666666667,0.6444444444444445
1504,attribute,yes,0,1.0,1.0,0.0,1.0,1.0,1.0,0.0,1.0,0.47619047619047616,1.0,0.5416666666666666,0.5416666666666666,1.0,0.4444444444444444
1505,object,yes,0,1.0,1.0,1.0,1.0,1.0,1.0,0.2,0.6,1.0,1.0,0.6,1.0,0.6,0.4666666666666667
1506,attribute,yes,0,1.0,1.0,0.36363636363636365,0.4909090909090909,1.0,1.0,0.0,1.0,0.5454545454545454,1.0,0.5416666666666666,0.475,0.6,0.4444444444444444
1507,attribute,yes,0,0.2727272727272727,0.5636363636363636,1.0,1.0,0.8,0.6,0.6,0.4,0.5151515151515151,0.475,0.5,0.875,0.7666666666666667,0.5333333333333333
1509,sentiment,yes,0,0.9090909090909091,0.8181818181818182,0.09090909090909091,0.8181818181818182,1.0,1.0,0.2,0.6,0.47619047619047616,0.875,0.5416666666666666,0.5,0.7666666666666667,0.4666666666666667
1510,object,yes,0,1.0,1.0,1.0,1.0,1.0,1.0,0.8,0.6,1.0,1.0,0.875,1.0,0.875,0.8
1511,attribute,yes,0,0.7272727272727273,0.5636363636363636,1.0,1.0,1.0,1.0,0.4,0.4,0.7532467532467533,0.675,0.5,1.0,0.675,0.5333333333333333
1512,attribute,yes,0,1.0,1.0,0.2727272727272727,0.5636363636363636,1.0,1.0,0.6,0.4,0.5151515151515151,1.0,0.7666666666666667,0.4666666666666667,0.5,0.6444444444444445
1513,object,yes,0,1.0,1.0,1.0,1.0,1.0,1.0,0.2,0.6,1.0,1.0,0.6,1.0,0.6,0.4666666666666667
1514,object,yes,0,1.0,1.0,0.7272727272727273,0.5636363636363636,1.0,1.0,0.4,0.4,0.7532467532467533,1.0,0.675,0.675,0.5,0.5333333333333333
1515,attribute,yes,1,0.0,1.0,1.0,1.0,0.2,0.6,1.0,1.0,0.47619047619047616,0.875,0.5416666666666666,0.6,1.0,0.4666666666666667
1516,object,yes,0,1.0,1.0,1.0,1.0,1.0,1.0,0.8,0.6,1.0,1.0,0.875,1.0,0.875,0.8
1517,object,yes,0,0.7272727272727273,0.5636363636363636,0.8181818181818182,0.6727272727272727,1.0,1.0,0.8,0.6,0.6320346320346321,0.675,0.6,0.7666666666666667,0.675,0.8
1518,object,yes,0,1.0,1.0,0.7272727272727273,0.5636363636363636,1.0,1.0,0.0,1.0,0.7532467532467533,1.0,0.5416666666666666,0.675,0.4666666666666667,0.4444444444444444
1519,counting,yes,0,1.0,1.0,0.09090909090909091,0.8181818181818182,1.0,1.0,0.4,0.4,0.4805194805194805,1.0,0.675,0.5,0.675,0.5333333333333333
1520,object,yes,0,1.0,1.0,1.0,1.0,0.8,0.6,0.4,0.4,1.0,0.875,0.675,0.875,0.675,0.4666666666666667
1521,positional,yes,0,1.0,1.0,0.09090909090909091,0.8181818181818182,1.0,1.0,0.0,1.0,0.4805194805194805,1.0,0.5416666666666666,0.5,0.875,0.4444444444444444
1522,counting,yes,0,1.0,1.0,1.0,1.0,1.0,1.0,0.4,0.4,1.0,1.0,0.675,1.0,0.675,0.5333333333333333
1523,counting,yes,1,0.0,1.0,1.0,1.0,0.0,1.0,0.8,0.6,0.47619047619047616,1.0,0.6,0.5416666666666666,0.875,0.4666666666666667
1525,object,yes,0,1.0,1.0,0.18181818181818182,0.6727272727272727,1.0,1.0,0.6,0.4,0.4935064935064935,1.0,0.7666666666666667,0.475,0.5416666666666666,0.6444444444444445
1526,positional,yes,0,1.0,1.0,1.0,1.0,1.0,1.0,0.4,0.4,1.0,1.0,0.675,1.0,0.675,0.5333333333333333
1529,object,yes,0,1.0,1.0,1.0,1.0,1.0,1.0,0.6,0.4,1.0,1.0,0.7666666666666667,1.0,0.7666666666666667,0.6444444444444445
1530,attribute,yes,0,1.0,1.0,0.0,1.0,1.0,1.0,0.0,1.0,0.47619047619047616,1.0,0.5416666666666666,0.5416666666666666,1.0,0.4444444444444444
1531,counting,yes,0,1.0,1.0,0.7272727272727273,0.5636363636363636,1.0,1.0,0.8,0.6,0.7532467532467533,1.0,0.875,0.675,0.6,0.8
1532,object,yes,0,1.0,1.0,1.0,1.0,1.0,1.0,0.6,0.4,1.0,1.0,0.7666666666666667,1.0,0.7666666666666667,0.6444444444444445
1533,counting,yes,0,0.9090909090909091,0.8181818181818182,0.36363636363636365,0.4909090909090909,0.6,0.4,1.0,1.0,0.5151515151515151,0.675,0.875,0.475,0.475,0.6444444444444445
1534,positional,yes,0,1.0,1.0,0.8181818181818182,0.6727272727272727,1.0,1.0,0.4,0.4,0.8268398268398268,1.0,0.675,0.7666666666666667,0.5416666666666666,0.5333333333333333
1535,counting,yes,0,0.45454545454545453,0.45454545454545453,1.0,1.0,0.8,0.6,0.8,0.6,0.5844155844155844,0.475,0.475,0.875,0.875,0.6444444444444445
1536,attribute,yes,0,0.9090909090909091,0.8181818181818182,1.0,1.0,1.0,1.0,0.4,0.4,0.9090909090909091,0.875,0.6,1.0,0.675,0.5333333333333333
1537,sentiment,yes,0,1.0,1.0,1.0,1.0,1.0,1.0,0.6,0.4,1.0,1.0,0.7666666666666667,1.0,0.7666666666666667,0.6444444444444445
1539,object,yes,0,1.0,1.0,1.0,1.0,1.0,1.0,0.8,0.6,1.0,1.0,0.875,1.0,0.875,0.8
1540,attribute,yes,0,0.8181818181818182,0.6727272727272727,0.0,1.0,1.0,1.0,0.0,1.0,0.4935064935064935,0.7666666666666667,0.475,0.5416666666666666,1.0,0.4444444444444444
1541,sentiment,yes,0,1.0,1.0,1.0,1.0,1.0,1.0,0.6,0.4,1.0,1.0,0.7666666666666667,1.0,0.7666666666666667,0.6444444444444445
1543,counting,yes,0,0.5454545454545454,0.45454545454545453,1.0,1.0,0.6,0.4,0.6,0.4,0.6320346320346321,0.475,0.475,0.7666666666666667,0.7666666666666667,0.4666666666666667
1544,object,yes,0,1.0,1.0,1.0,1.0,1.0,1.0,0.6,0.4,1.0,1.0,0.7666666666666667,1.0,0.7666666666666667,0.6444444444444445
1545,attribute,yes,0,1.0,1.0,0.09090909090909091,0.8181818181818182,1.0,1.0,0.0,1.0,0.4805194805194805,1.0,0.5416666666666666,0.5,0.875,0.4444444444444444
1546,counting,yes,0,1.0,1.0,0.09090909090909091,0.8181818181818182,1.0,1.0,0.0,1.0,0.4805194805194805,1.0,0.5416666666666666,0.5,0.875,0.4444444444444444
1547,object,yes,0,1.0,1.0,0.9090909090909091,0.8181818181818182,1.0,1.0,0.8,0.6,0.9090909090909091,1.0,0.875,0.875,0.7666666666666667,0.8
1548,attribute,yes,1,1.0,1.0,0.9090909090909091,0.8181818181818182,0.8,0.6,1.0,1.0,0.9090909090909091,0.875,1.0,0.7666666666666667,0.875,0.8
1549,positional,yes,0,0.7272727272727273,0.5636363636363636,1.0,1.0,1.0,1.0,0.8,0.6,0.7532467532467533,0.675,0.6,1.0,0.875,0.8
1550,counting,yes,0,1.0,1.0,0.09090909090909091,0.8181818181818182,1.0,1.0,0.2,0.6,0.4805194805194805,1.0,0.6,0.5,0.7666666666666667,0.4666666666666667
1551,attribute,yes,0,1.0,1.0,1.0,1.0,1.0,1.0,0.8,0.6,1.0,1.0,0.875,1.0,0.875,0.8
1552,object,yes,0,0.9090909090909091,0.8181818181818182,1.0,1.0,1.0,1.0,0.6,0.4,0.9090909090909091,0.875,0.675,1.0,0.7666666666666667,0.6444444444444445
1554,object,yes,0,1.0,1.0,0.2727272727272727,0.5636363636363636,1.0,1.0,0.2,0.6,0.5151515151515151,1.0,0.6,0.4666666666666667,0.6,0.4666666666666667
1555,attribute,yes,0,0.7272727272727273,0.5636363636363636,1.0,1.0,1.0,1.0,1.0,1.0,0.7532467532467533,0.675,0.675,1.0,1.0,1.0
1557,object,yes,0,1.0,1.0,1.0,1.0,1.0,1.0,0.8,0.6,1.0,1.0,0.875,1.0,0.875,0.8
1558,object,yes,0,0.5454545454545454,0.45454545454545453,1.0,1.0,0.8,0.6,0.2,0.6,0.6320346320346321,0.5,0.475,0.875,0.6,0.4444444444444444
1559,positional,yes,0,1.0,1.0,0.7272727272727273,0.5636363636363636,1.0,1.0,0.8,0.6,0.7532467532467533,1.0,0.875,0.675,0.6,0.8
1560,object,yes,0,1.0,1.0,1.0,1.0,1.0,1.0,0.8,0.6,1.0,1.0,0.875,1.0,0.875,0.8
1561,object,yes,0,0.36363636363636365,0.4909090909090909,1.0,1.0,1.0,1.0,0.2,0.6,0.5454545454545454,0.475,0.5416666666666666,1.0,0.6,0.4666666666666667
1562,counting,yes,0,1.0,1.0,0.36363636363636365,0.4909090909090909,1.0,1.0,0.0,1.0,0.5454545454545454,1.0,0.5416666666666666,0.475,0.6,0.4444444444444444
1564,sentiment,yes,0,1.0,1.0,1.0,1.0,1.0,1.0,1.0,1.0,1.0,1.0,1.0,1.0,1.0,1.0
1565,object,yes,0,0.18181818181818182,0.6727272727272727,1.0,1.0,0.4,0.4,0.6,0.4,0.4935064935064935,0.6,0.5416666666666666,0.675,0.7666666666666667,0.4444444444444444
1566,sentiment,yes,0,1.0,1.0,1.0,1.0,1.0,1.0,1.0,1.0,1.0,1.0,1.0,1.0,1.0,1.0
1567,object,yes,0,1.0,1.0,1.0,1.0,1.0,1.0,0.6,0.4,1.0,1.0,0.7666666666666667,1.0,0.7666666666666667,0.6444444444444445
1568,attribute,yes,0,0.7272727272727273,0.5636363636363636,1.0,1.0,1.0,1.0,0.4,0.4,0.7532467532467533,0.675,0.5,1.0,0.675,0.5333333333333333
1569,object,yes,0,1.0,1.0,1.0,1.0,1.0,1.0,0.2,0.6,1.0,1.0,0.6,1.0,0.6,0.4666666666666667
1570,attribute,yes,0,1.0,1.0,0.18181818181818182,0.6727272727272727,1.0,1.0,0.0,1.0,0.4935064935064935,1.0,0.5416666666666666,0.475,0.7666666666666667,0.4444444444444444
1571,attribute,yes,0,0.8181818181818182,0.6727272727272727,0.5454545454545454,0.45454545454545453,1.0,1.0,0.4,0.4,0.5454545454545454,0.7666666666666667,0.5416666666666666,0.5416666666666666,0.4666666666666667,0.5333333333333333
1572,counting,yes,0,1.0,1.0,1.0,1.0,1.0,1.0,0.4,0.4,1.0,1.0,0.675,1.0,0.675,0.5333333333333333
1574,attribute,yes,0,1.0,1.0,1.0,1.0,1.0,1.0,0.8,0.6,1.0,1.0,0.875,1.0,0.875,0.8
1575,positional,yes,0,0.9090909090909091,0.8181818181818182,1.0,1.0,1.0,1.0,0.2,0.6,0.9090909090909091,0.875,0.5416666666666666,1.0,0.6,0.4666666666666667
1577,object,yes,0,1.0,1.0,1.0,1.0,1.0,1.0,0.2,0.6,1.0,1.0,0.6,1.0,0.6,0.4666666666666667
1578,object,yes,0,1.0,1.0,1.0,1.0,1.0,1.0,0.6,0.4,1.0,1.0,0.7666666666666667,1.0,0.7666666666666667,0.6444444444444445
1579,positional,yes,0,1.0,1.0,1.0,1.0,1.0,1.0,0.2,0.6,1.0,1.0,0.6,1.0,0.6,0.4666666666666667
1580,object,yes,0,1.0,1.0,1.0,1.0,1.0,1.0,0.2,0.6,1.0,1.0,0.6,1.0,0.6,0.4666666666666667
1581,counting,yes,0,0.9090909090909091,0.8181818181818182,0.7272727272727273,0.5636363636363636,1.0,1.0,0.6,0.4,0.6883116883116883,0.875,0.675,0.675,0.5416666666666666,0.6444444444444445
1582,counting,yes,1,0.18181818181818182,0.6727272727272727,0.18181818181818182,0.6727272727272727,0.0,1.0,1.0,1.0,0.6883116883116883,0.7666666666666667,0.475,0.7666666666666667,0.475,0.4444444444444444
1584,attribute,yes,0,0.7272727272727273,0.5636363636363636,0.0,1.0,1.0,1.0,0.0,1.0,0.5151515151515151,0.675,0.4666666666666667,0.5416666666666666,1.0,0.4444444444444444
1585,attribute,yes,0,1.0,1.0,1.0,1.0,1.0,1.0,0.2,0.6,1.0,1.0,0.6,1.0,0.6,0.4666666666666667
1586,object,yes,0,1.0,1.0,0.0,1.0,1.0,1.0,0.0,1.0,0.47619047619047616,1.0,0.5416666666666666,0.5416666666666666,1.0,0.4444444444444444
1588,attribute,yes,1,0.45454545454545453,0.45454545454545453,0.5454545454545454,0.45454545454545453,0.0,1.0,1.0,1.0,0.47619047619047616,0.5416666666666666,0.5,0.5,0.5416666666666666,0.4444444444444444
1590,object,yes,0,1.0,1.0,1.0,1.0,1.0,1.0,0.4,0.4,1.0,1.0,0.675,1.0,0.675,0.5333333333333333
1591,object,yes,0,1.0,1.0,0.18181818181818182,0.6727272727272727,1.0,1.0,0.0,1.0,0.4935064935064935,1.0,0.5416666666666666,0.475,0.7666666666666667,0.4444444444444444
1592,object,yes,0,1.0,1.0,1.0,1.0,1.0,1.0,0.8,0.6,1.0,1.0,0.875,1.0,0.875,0.8
1593,object,yes,0,1.0,1.0,1.0,1.0,0.8,0.6,0.4,0.4,1.0,0.875,0.675,0.875,0.675,0.4666666666666667
1594,object,yes,1,0.8181818181818182,0.6727272727272727,0.0,1.0,0.4,0.4,0.0,1.0,0.4935064935064935,0.5416666666666666,0.475,0.7666666666666667,1.0,0.6444444444444445
1595,object,yes,0,1.0,1.0,1.0,1.0,1.0,1.0,0.6,0.4,1.0,1.0,0.7666666666666667,1.0,0.7666666666666667,0.6444444444444445
1596,attribute,yes,1,0.36363636363636365,0.4909090909090909,0.09090909090909091,0.8181818181818182,0.0,1.0,0.8,0.6,0.6320346320346321,0.6,0.4666666666666667,0.875,0.5416666666666666,0.4666666666666667
1598,object,yes,1,1.0,1.0,0.0,1.0,0.6,0.4,0.6,0.4,0.47619047619047616,0.7666666666666667,0.7666666666666667,0.675,0.675,0.4666666666666667
1599,counting,yes,1,0.0,1.0,0.0,1.0,0.0,1.0,0.8,0.6,1.0,1.0,0.6,1.0,0.6,0.4666666666666667
1600,object,yes,0,1.0,1.0,1.0,1.0,1.0,1.0,0.4,0.4,1.0,1.0,0.675,1.0,0.675,0.5333333333333333
1601,object,yes,0,1.0,1.0,1.0,1.0,1.0,1.0,0.4,0.4,1.0,1.0,0.675,1.0,0.675,0.5333333333333333
1602,attribute,yes,0,1.0,1.0,1.0,1.0,1.0,1.0,1.0,1.0,1.0,1.0,1.0,1.0,1.0,1.0
1603,object,yes,0,1.0,1.0,0.09090909090909091,0.8181818181818182,1.0,1.0,0.4,0.4,0.4805194805194805,1.0,0.675,0.5,0.675,0.5333333333333333
1604,object,yes,0,1.0,1.0,0.2727272727272727,0.5636363636363636,1.0,1.0,0.0,1.0,0.5151515151515151,1.0,0.5416666666666666,0.4666666666666667,0.675,0.4444444444444444
1605,attribute,yes,0,0.7272727272727273,0.5636363636363636,1.0,1.0,1.0,1.0,0.2,0.6,0.7532467532467533,0.675,0.475,1.0,0.6,0.4666666666666667
1606,object,yes,0,1.0,1.0,1.0,1.0,1.0,1.0,0.2,0.6,1.0,1.0,0.6,1.0,0.6,0.4666666666666667
1607,attribute,yes,0,0.9090909090909091,0.8181818181818182,0.2727272727272727,0.5636363636363636,1.0,1.0,0.0,1.0,0.4935064935064935,0.875,0.5,0.4666666666666667,0.675,0.4444444444444444
1608,object,yes,0,1.0,1.0,1.0,1.0,1.0,1.0,0.8,0.6,1.0,1.0,0.875,1.0,0.875,0.8
1609,object,yes,0,0.0,1.0,1.0,1.0,0.8,0.6,1.0,1.0,0.47619047619047616,0.6,0.5416666666666666,0.875,1.0,0.8
1610,attribute,yes,0,0.7272727272727273,0.5636363636363636,0.0,1.0,1.0,1.0,0.2,0.6,0.5151515151515151,0.675,0.475,0.5416666666666666,0.875,0.4666666666666667
1611,attribute,yes,1,0.0,1.0,0.7272727272727273,0.5636363636363636,0.0,1.0,1.0,1.0,0.5151515151515151,1.0,0.5416666666666666,0.4666666666666667,0.675,0.4444444444444444
1612,counting,yes,0,1.0,1.0,1.0,1.0,1.0,1.0,0.4,0.4,1.0,1.0,0.675,1.0,0.675,0.5333333333333333
1613,attribute,yes,0,1.0,1.0,0.0,1.0,1.0,1.0,0.0,1.0,0.47619047619047616,1.0,0.5416666666666666,0.5416666666666666,1.0,0.4444444444444444
1614,positional,yes,0,1.0,1.0,1.0,1.0,1.0,1.0,0.2,0.6,1.0,1.0,0.6,1.0,0.6,0.4666666666666667
1615,attribute,yes,0,1.0,1.0,0.0,1.0,1.0,1.0,0.0,1.0,0.47619047619047616,1.0,0.5416666666666666,0.5416666666666666,1.0,0.4444444444444444
1616,sentiment,yes,0,1.0,1.0,1.0,1.0,1.0,1.0,1.0,1.0,1.0,1.0,1.0,1.0,1.0,1.0
1617,attribute,yes,0,1.0,1.0,1.0,1.0,1.0,1.0,0.2,0.6,1.0,1.0,0.6,1.0,0.6,0.4666666666666667
1618,counting,yes,0,1.0,1.0,1.0,1.0,1.0,1.0,0.4,0.4,1.0,1.0,0.675,1.0,0.675,0.5333333333333333
1619,object,yes,0,1.0,1.0,1.0,1.0,1.0,1.0,0.2,0.6,1.0,1.0,0.6,1.0,0.6,0.4666666666666667
1620,positional,yes,0,1.0,1.0,0.0,1.0,0.8,0.6,0.0,1.0,0.47619047619047616,0.875,0.5416666666666666,0.6,1.0,0.4666666666666667
1621,attribute,yes,0,1.0,1.0,0.2727272727272727,0.5636363636363636,1.0,1.0,0.4,0.4,0.5151515151515151,1.0,0.675,0.4666666666666667,0.5416666666666666,0.5333333333333333
1622,object,yes,0,1.0,1.0,0.9090909090909091,0.8181818181818182,1.0,1.0,0.2,0.6,0.9090909090909091,1.0,0.6,0.875,0.5416666666666666,0.4666666666666667
1624,attribute,yes,0,0.7272727272727273,0.5636363636363636,1.0,1.0,1.0,1.0,0.2,0.6,0.7532467532467533,0.675,0.475,1.0,0.6,0.4666666666666667
1625,object,yes,0,1.0,1.0,0.0,1.0,1.0,1.0,0.0,1.0,0.47619047619047616,1.0,0.5416666666666666,0.5416666666666666,1.0,0.4444444444444444
1626,positional,yes,0,1.0,1.0,0.2727272727272727,0.5636363636363636,1.0,1.0,0.0,1.0,0.5151515151515151,1.0,0.5416666666666666,0.4666666666666667,0.675,0.4444444444444444
1627,attribute,yes,0,0.9090909090909091,0.8181818181818182,0.09090909090909091,0.8181818181818182,1.0,1.0,0.0,1.0,0.47619047619047616,0.875,0.5,0.5,0.875,0.4444444444444444
1629,object,yes,0,1.0,1.0,1.0,1.0,1.0,1.0,1.0,1.0,1.0,1.0,1.0,1.0,1.0,1.0
1630,attribute,yes,0,0.7272727272727273,0.5636363636363636,0.7272727272727273,0.5636363636363636,1.0,1.0,0.4,0.4,0.5844155844155844,0.675,0.5,0.675,0.5,0.5333333333333333
1631,object,yes,0,0.8181818181818182,0.6727272727272727,1.0,1.0,1.0,1.0,0.6,0.4,0.8268398268398268,0.7666666666666667,0.6,1.0,0.7666666666666667,0.6444444444444445
1632,object,yes,0,1.0,1.0,1.0,1.0,1.0,1.0,0.8,0.6,1.0,1.0,0.875,1.0,0.875,0.8
1633,attribute,yes,0,1.0,1.0,0.36363636363636365,0.4909090909090909,1.0,1.0,0.0,1.0,0.5454545454545454,1.0,0.5416666666666666,0.475,0.6,0.4444444444444444
1634,object,yes,0,1.0,1.0,0.0,1.0,1.0,1.0,0.0,1.0,0.47619047619047616,1.0,0.5416666666666666,0.5416666666666666,1.0,0.4444444444444444
1635,attribute,yes,0,1.0,1.0,0.09090909090909091,0.8181818181818182,1.0,1.0,0.2,0.6,0.4805194805194805,1.0,0.6,0.5,0.7666666666666667,0.4666666666666667
1636,attribute,yes,0,1.0,1.0,0.0,1.0,1.0,1.0,0.0,1.0,0.47619047619047616,1.0,0.5416666666666666,0.5416666666666666,1.0,0.4444444444444444
1637,attribute,yes,0,0.8181818181818182,0.6727272727272727,0.0,1.0,1.0,1.0,0.0,1.0,0.4935064935064935,0.7666666666666667,0.475,0.5416666666666666,1.0,0.4444444444444444
1639,positional,yes,1,0.0,1.0,1.0,1.0,0.0,1.0,1.0,1.0,0.47619047619047616,1.0,0.5416666666666666,0.5416666666666666,1.0,0.4444444444444444
1640,counting,yes,0,1.0,1.0,0.36363636363636365,0.4909090909090909,0.8,0.6,0.2,0.6,0.5454545454545454,0.875,0.6,0.4666666666666667,0.5416666666666666,0.4444444444444444
1641,object,yes,0,1.0,1.0,0.36363636363636365,0.4909090909090909,1.0,1.0,0.0,1.0,0.5454545454545454,1.0,0.5416666666666666,0.475,0.6,0.4444444444444444
1642,object,yes,0,1.0,1.0,1.0,1.0,1.0,1.0,0.2,0.6,1.0,1.0,0.6,1.0,0.6,0.4666666666666667
1643,attribute,yes,0,0.7272727272727273,0.5636363636363636,0.09090909090909091,0.8181818181818182,1.0,1.0,0.2,0.6,0.4935064935064935,0.675,0.475,0.5,0.7666666666666667,0.4666666666666667
1645,counting,yes,0,1.0,1.0,0.5454545454545454,0.45454545454545453,1.0,1.0,0.0,1.0,0.6320346320346321,1.0,0.5416666666666666,0.5416666666666666,0.5,0.4444444444444444
1646,attribute,yes,0,1.0,1.0,1.0,1.0,1.0,1.0,0.2,0.6,1.0,1.0,0.6,1.0,0.6,0.4666666666666667
1648,attribute,yes,0,1.0,1.0,1.0,1.0,1.0,1.0,0.6,0.4,1.0,1.0,0.7666666666666667,1.0,0.7666666666666667,0.6444444444444445
1649,positional,yes,0,1.0,1.0,1.0,1.0,1.0,1.0,0.4,0.4,1.0,1.0,0.675,1.0,0.675,0.5333333333333333
1650,object,yes,0,1.0,1.0,0.45454545454545453,0.45454545454545453,1.0,1.0,0.0,1.0,0.5844155844155844,1.0,0.5416666666666666,0.5,0.5416666666666666,0.4444444444444444
1651,object,yes,0,1.0,1.0,1.0,1.0,1.0,1.0,0.8,0.6,1.0,1.0,0.875,1.0,0.875,0.8
1652,object,yes,0,1.0,1.0,1.0,1.0,1.0,1.0,0.2,0.6,1.0,1.0,0.6,1.0,0.6,0.4666666666666667
1653,attribute,yes,0,1.0,1.0,1.0,1.0,1.0,1.0,0.8,0.6,1.0,1.0,0.875,1.0,0.875,0.8
1654,positional,yes,0,1.0,1.0,1.0,1.0,1.0,1.0,0.6,0.4,1.0,1.0,0.7666666666666667,1.0,0.7666666666666667,0.6444444444444445
1656,positional,yes,0,1.0,1.0,0.09090909090909091,0.8181818181818182,1.0,1.0,0.0,1.0,0.4805194805194805,1.0,0.5416666666666666,0.5,0.875,0.4444444444444444
1657,attribute,yes,0,0.9090909090909091,0.8181818181818182,1.0,1.0,1.0,1.0,0.6,0.4,0.9090909090909091,0.875,0.675,1.0,0.7666666666666667,0.6444444444444445
1658,counting,yes,0,1.0,1.0,0.09090909090909091,0.8181818181818182,1.0,1.0,0.2,0.6,0.4805194805194805,1.0,0.6,0.5,0.7666666666666667,0.4666666666666667
1659,sentiment,yes,1,1.0,1.0,0.09090909090909091,0.8181818181818182,1.0,1.0,0.4,0.4,0.4805194805194805,1.0,0.675,0.5,0.675,0.5333333333333333
1660,positional,yes,0,1.0,1.0,1.0,1.0,1.0,1.0,1.0,1.0,1.0,1.0,1.0,1.0,1.0,1.0
1661,counting,yes,0,0.8181818181818182,0.6727272727272727,1.0,1.0,1.0,1.0,0.4,0.4,0.8268398268398268,0.7666666666666667,0.5416666666666666,1.0,0.675,0.5333333333333333
1662,object,yes,0,1.0,1.0,1.0,1.0,1.0,1.0,0.4,0.4,1.0,1.0,0.675,1.0,0.675,0.5333333333333333
1663,sentiment,yes,0,1.0,1.0,0.18181818181818182,0.6727272727272727,1.0,1.0,0.0,1.0,0.4935064935064935,1.0,0.5416666666666666,0.475,0.7666666666666667,0.4444444444444444
1664,attribute,yes,0,1.0,1.0,0.45454545454545453,0.45454545454545453,1.0,1.0,0.0,1.0,0.5844155844155844,1.0,0.5416666666666666,0.5,0.5416666666666666,0.4444444444444444
1665,object,yes,0,1.0,1.0,1.0,1.0,1.0,1.0,0.8,0.6,1.0,1.0,0.875,1.0,0.875,0.8
1666,object,yes,0,1.0,1.0,1.0,1.0,1.0,1.0,1.0,1.0,1.0,1.0,1.0,1.0,1.0,1.0
1667,counting,yes,0,1.0,1.0,1.0,1.0,1.0,1.0,0.4,0.4,1.0,1.0,0.675,1.0,0.675,0.5333333333333333
1668,counting,yes,0,1.0,1.0,1.0,1.0,1.0,1.0,0.2,0.6,1.0,1.0,0.6,1.0,0.6,0.4666666666666667
1669,attribute,yes,0,1.0,1.0,0.0,1.0,1.0,1.0,0.0,1.0,0.47619047619047616,1.0,0.5416666666666666,0.5416666666666666,1.0,0.4444444444444444
1670,object,yes,0,0.9090909090909091,0.8181818181818182,0.6363636363636364,0.4909090909090909,1.0,1.0,0.2,0.6,0.6320346320346321,0.875,0.5416666666666666,0.6,0.4666666666666667,0.4666666666666667
1671,object,yes,0,1.0,1.0,1.0,1.0,1.0,1.0,0.4,0.4,1.0,1.0,0.675,1.0,0.675,0.5333333333333333
1672,counting,yes,0,0.9090909090909091,0.8181818181818182,1.0,1.0,1.0,1.0,0.2,0.6,0.9090909090909091,0.875,0.5416666666666666,1.0,0.6,0.4666666666666667
1673,attribute,yes,1,0.0,1.0,0.9090909090909091,0.8181818181818182,0.0,1.0,1.0,1.0,0.4805194805194805,1.0,0.5416666666666666,0.5,0.875,0.4444444444444444
1674,counting,yes,0,1.0,1.0,0.45454545454545453,0.45454545454545453,1.0,1.0,0.6,0.4,0.5844155844155844,1.0,0.7666666666666667,0.5,0.4666666666666667,0.6444444444444445
1675,attribute,yes,0,1.0,1.0,1.0,1.0,1.0,1.0,0.8,0.6,1.0,1.0,0.875,1.0,0.875,0.8
1676,sentiment,yes,1,0.0,1.0,0.45454545454545453,0.45454545454545453,0.0,1.0,0.8,0.6,0.6320346320346321,1.0,0.6,0.5416666666666666,0.475,0.4666666666666667
1677,object,yes,0,1.0,1.0,1.0,1.0,1.0,1.0,0.4,0.4,1.0,1.0,0.675,1.0,0.675,0.5333333333333333
1678,sentiment,yes,0,1.0,1.0,1.0,1.0,1.0,1.0,0.4,0.4,1.0,1.0,0.675,1.0,0.675,0.5333333333333333
1680,positional,yes,0,1.0,1.0,1.0,1.0,1.0,1.0,0.4,0.4,1.0,1.0,0.675,1.0,0.675,0.5333333333333333
1681,sentiment,yes,0,1.0,1.0,1.0,1.0,1.0,1.0,0.8,0.6,1.0,1.0,0.875,1.0,0.875,0.8
1682,attribute,yes,0,0.8181818181818182,0.6727272727272727,0.7272727272727273,0.5636363636363636,1.0,1.0,0.2,0.6,0.6320346320346321,0.7666666666666667,0.5,0.675,0.475,0.4666666666666667
1683,counting,yes,0,1.0,1.0,1.0,1.0,1.0,1.0,0.4,0.4,1.0,1.0,0.675,1.0,0.675,0.5333333333333333
1684,object,yes,0,1.0,1.0,1.0,1.0,1.0,1.0,0.4,0.4,1.0,1.0,0.675,1.0,0.675,0.5333333333333333
1686,object,yes,0,1.0,1.0,0.9090909090909091,0.8181818181818182,1.0,1.0,0.8,0.6,0.9090909090909091,1.0,0.875,0.875,0.7666666666666667,0.8
1687,positional,yes,0,1.0,1.0,1.0,1.0,1.0,1.0,0.6,0.4,1.0,1.0,0.7666666666666667,1.0,0.7666666666666667,0.6444444444444445
1688,attribute,yes,0,1.0,1.0,0.36363636363636365,0.4909090909090909,1.0,1.0,0.0,1.0,0.5454545454545454,1.0,0.5416666666666666,0.475,0.6,0.4444444444444444
1690,attribute,yes,0,0.9090909090909091,0.8181818181818182,0.18181818181818182,0.6727272727272727,1.0,1.0,0.0,1.0,0.4805194805194805,0.875,0.5,0.475,0.7666666666666667,0.4444444444444444
1691,object,yes,0,1.0,1.0,0.18181818181818182,0.6727272727272727,1.0,1.0,0.0,1.0,0.4935064935064935,1.0,0.5416666666666666,0.475,0.7666666666666667,0.4444444444444444
1694,object,yes,0,1.0,1.0,0.09090909090909091,0.8181818181818182,1.0,1.0,0.4,0.4,0.4805194805194805,1.0,0.675,0.5,0.675,0.5333333333333333
1695,positional,yes,0,1.0,1.0,0.5454545454545454,0.45454545454545453,1.0,1.0,0.4,0.4,0.6320346320346321,1.0,0.675,0.5416666666666666,0.4666666666666667,0.5333333333333333
1696,sentiment,yes,0,0.8181818181818182,0.6727272727272727,0.9090909090909091,0.8181818181818182,1.0,1.0,0.8,0.6,0.7532467532467533,0.7666666666666667,0.675,0.875,0.7666666666666667,0.8
1697,positional,yes,0,1.0,1.0,0.36363636363636365,0.4909090909090909,1.0,1.0,0.6,0.4,0.5454545454545454,1.0,0.7666666666666667,0.475,0.475,0.6444444444444445
1698,attribute,yes,0,1.0,1.0,0.5454545454545454,0.45454545454545453,1.0,1.0,0.0,1.0,0.6320346320346321,1.0,0.5416666666666666,0.5416666666666666,0.5,0.4444444444444444
1699,positional,yes,0,1.0,1.0,0.9090909090909091,0.8181818181818182,1.0,1.0,0.2,0.6,0.9090909090909091,1.0,0.6,0.875,0.5416666666666666,0.4666666666666667
1700,sentiment,yes,0,0.7272727272727273,0.5636363636363636,1.0,1.0,1.0,1.0,1.0,1.0,0.7532467532467533,0.675,0.675,1.0,1.0,1.0
1701,attribute,yes,0,1.0,1.0,1.0,1.0,1.0,1.0,0.8,0.6,1.0,1.0,0.875,1.0,0.875,0.8
1702,object,yes,0,1.0,1.0,0.0,1.0,1.0,1.0,0.0,1.0,0.47619047619047616,1.0,0.5416666666666666,0.5416666666666666,1.0,0.4444444444444444
1703,counting,yes,0,1.0,1.0,1.0,1.0,1.0,1.0,0.8,0.6,1.0,1.0,0.875,1.0,0.875,0.8
1704,attribute,yes,0,0.6363636363636364,0.4909090909090909,1.0,1.0,0.8,0.6,0.4,0.4,0.6883116883116883,0.5416666666666666,0.475,0.875,0.675,0.4666666666666667
1705,object,yes,0,1.0,1.0,1.0,1.0,1.0,1.0,0.4,0.4,1.0,1.0,0.675,1.0,0.675,0.5333333333333333
1706,sentiment,yes,0,0.18181818181818182,0.6727272727272727,0.45454545454545453,0.45454545454545453,0.8,0.6,0.2,0.6,0.5454545454545454,0.5,0.675,0.475,0.5,0.4444444444444444
1707,positional,yes,0,1.0,1.0,0.45454545454545453,0.45454545454545453,1.0,1.0,0.0,1.0,0.5844155844155844,1.0,0.5416666666666666,0.5,0.5416666666666666,0.4444444444444444
1708,attribute,yes,0,1.0,1.0,0.09090909090909091,0.8181818181818182,1.0,1.0,0.0,1.0,0.4805194805194805,1.0,0.5416666666666666,0.5,0.875,0.4444444444444444
1710,attribute,yes,0,1.0,1.0,0.0,1.0,0.8,0.6,0.0,1.0,0.47619047619047616,0.875,0.5416666666666666,0.6,1.0,0.4666666666666667
1713,sentiment,yes,1,1.0,1.0,0.09090909090909091,0.8181818181818182,1.0,1.0,0.2,0.6,0.4805194805194805,1.0,0.6,0.5,0.7666666666666667,0.4666666666666667
1714,attribute,yes,0,0.9090909090909091,0.8181818181818182,0.09090909090909091,0.8181818181818182,1.0,1.0,0.0,1.0,0.47619047619047616,0.875,0.5,0.5,0.875,0.4444444444444444
1716,sentiment,yes,0,1.0,1.0,1.0,1.0,1.0,1.0,0.8,0.6,1.0,1.0,0.875,1.0,0.875,0.8
1717,positional,yes,0,1.0,1.0,1.0,1.0,1.0,1.0,0.4,0.4,1.0,1.0,0.675,1.0,0.675,0.5333333333333333
1718,attribute,yes,0,1.0,1.0,1.0,1.0,1.0,1.0,0.6,0.4,1.0,1.0,0.7666666666666667,1.0,0.7666666666666667,0.6444444444444445
1719,counting,yes,0,1.0,1.0,0.36363636363636365,0.4909090909090909,1.0,1.0,0.2,0.6,0.5454545454545454,1.0,0.6,0.475,0.5416666666666666,0.4666666666666667
1720,object,yes,0,1.0,1.0,1.0,1.0,1.0,1.0,1.0,1.0,1.0,1.0,1.0,1.0,1.0,1.0
1721,attribute,yes,0,1.0,1.0,0.36363636363636365,0.4909090909090909,1.0,1.0,0.0,1.0,0.5454545454545454,1.0,0.5416666666666666,0.475,0.6,0.4444444444444444
1723,object,yes,0,1.0,1.0,0.5454545454545454,0.45454545454545453,1.0,1.0,0.0,1.0,0.6320346320346321,1.0,0.5416666666666666,0.5416666666666666,0.5,0.4444444444444444
1724,attribute,yes,1,0.36363636363636365,0.4909090909090909,0.45454545454545453,0.45454545454545453,0.0,1.0,0.6,0.4,0.4935064935064935,0.6,0.475,0.5416666666666666,0.4666666666666667,0.5333333333333333
1725,object,yes,0,1.0,1.0,1.0,1.0,1.0,1.0,0.4,0.4,1.0,1.0,0.675,1.0,0.675,0.5333333333333333
1726,attribute,yes,0,1.0,1.0,0.18181818181818182,0.6727272727272727,1.0,1.0,0.0,1.0,0.4935064935064935,1.0,0.5416666666666666,0.475,0.7666666666666667,0.4444444444444444
1727,sentiment,yes,0,1.0,1.0,1.0,1.0,1.0,1.0,0.6,0.4,1.0,1.0,0.7666666666666667,1.0,0.7666666666666667,0.6444444444444445
1729,counting,yes,0,1.0,1.0,0.9090909090909091,0.8181818181818182,1.0,1.0,0.2,0.6,0.9090909090909091,1.0,0.6,0.875,0.5416666666666666,0.4666666666666667
1730,positional,yes,0,0.9090909090909091,0.8181818181818182,1.0,1.0,1.0,1.0,0.2,0.6,0.9090909090909091,0.875,0.5416666666666666,1.0,0.6,0.4666666666666667
1731,positional,yes,0,1.0,1.0,1.0,1.0,1.0,1.0,0.8,0.6,1.0,1.0,0.875,1.0,0.875,0.8
1732,counting,yes,0,1.0,1.0,1.0,1.0,1.0,1.0,0.2,0.6,1.0,1.0,0.6,1.0,0.6,0.4666666666666667
1733,object,yes,0,0.36363636363636365,0.4909090909090909,1.0,1.0,1.0,1.0,0.6,0.4,0.5454545454545454,0.475,0.475,1.0,0.7666666666666667,0.6444444444444445
1734,object,yes,0,1.0,1.0,1.0,1.0,1.0,1.0,0.2,0.6,1.0,1.0,0.6,1.0,0.6,0.4666666666666667
1735,attribute,yes,1,0.36363636363636365,0.4909090909090909,1.0,1.0,0.0,1.0,1.0,1.0,0.5454545454545454,0.6,0.475,0.5416666666666666,1.0,0.4444444444444444
1736,object,yes,0,1.0,1.0,1.0,1.0,1.0,1.0,1.0,1.0,1.0,1.0,1.0,1.0,1.0,1.0
1737,attribute,yes,0,1.0,1.0,0.0,1.0,1.0,1.0,0.0,1.0,0.47619047619047616,1.0,0.5416666666666666,0.5416666666666666,1.0,0.4444444444444444
1738,attribute,yes,0,1.0,1.0,0.2727272727272727,0.5636363636363636,1.0,1.0,0.0,1.0,0.5151515151515151,1.0,0.5416666666666666,0.4666666666666667,0.675,0.4444444444444444
1740,object,yes,0,1.0,1.0,0.9090909090909091,0.8181818181818182,1.0,1.0,0.4,0.4,0.9090909090909091,1.0,0.675,0.875,0.6,0.5333333333333333
1741,attribute,yes,0,1.0,1.0,0.0,1.0,1.0,1.0,0.2,0.6,0.47619047619047616,1.0,0.6,0.5416666666666666,0.875,0.4666666666666667
1742,attribute,yes,0,1.0,1.0,1.0,1.0,1.0,1.0,0.8,0.6,1.0,1.0,0.875,1.0,0.875,0.8
1743,attribute,yes,1,0.9090909090909091,0.8181818181818182,0.0,1.0,0.6,0.4,0.2,0.6,0.4805194805194805,0.675,0.5416666666666666,0.675,0.875,0.4666666666666667
1744,attribute,yes,1,0.0,1.0,0.36363636363636365,0.4909090909090909,0.0,1.0,1.0,1.0,0.6883116883116883,1.0,0.5416666666666666,0.6,0.475,0.4444444444444444
1746,object,yes,0,1.0,1.0,1.0,1.0,1.0,1.0,1.0,1.0,1.0,1.0,1.0,1.0,1.0,1.0
1747,sentiment,yes,0,1.0,1.0,1.0,1.0,1.0,1.0,1.0,1.0,1.0,1.0,1.0,1.0,1.0,1.0
1748,object,yes,0,1.0,1.0,1.0,1.0,0.8,0.6,0.4,0.4,1.0,0.875,0.675,0.875,0.675,0.4666666666666667
1749,positional,yes,0,0.9090909090909091,0.8181818181818182,0.9090909090909091,0.8181818181818182,1.0,1.0,0.2,0.6,0.8268398268398268,0.875,0.5416666666666666,0.875,0.5416666666666666,0.4666666666666667
1751,attribute,yes,1,0.9090909090909091,0.8181818181818182,0.2727272727272727,0.5636363636363636,0.2,0.6,0.8,0.6,0.4935064935064935,0.5416666666666666,0.7666666666666667,0.6,0.475,0.4444444444444444
1752,object,yes,0,0.7272727272727273,0.5636363636363636,1.0,1.0,1.0,1.0,1.0,1.0,0.7532467532467533,0.675,0.675,1.0,1.0,1.0
1753,attribute,yes,0,1.0,1.0,1.0,1.0,1.0,1.0,0.4,0.4,1.0,1.0,0.675,1.0,0.675,0.5333333333333333
1754,object,yes,1,0.7272727272727273,0.5636363636363636,0.0,1.0,0.6,0.4,0.6,0.4,0.5151515151515151,0.5416666666666666,0.5416666666666666,0.675,0.675,0.4666666666666667
1755,object,yes,0,1.0,1.0,1.0,1.0,1.0,1.0,1.0,1.0,1.0,1.0,1.0,1.0,1.0,1.0
1756,attribute,yes,0,1.0,1.0,1.0,1.0,1.0,1.0,0.8,0.6,1.0,1.0,0.875,1.0,0.875,0.8
1757,sentiment,yes,0,1.0,1.0,1.0,1.0,1.0,1.0,0.8,0.6,1.0,1.0,0.875,1.0,0.875,0.8
1758,object,yes,0,0.7272727272727273,0.5636363636363636,1.0,1.0,1.0,1.0,0.2,0.6,0.7532467532467533,0.675,0.475,1.0,0.6,0.4666666666666667
1759,object,yes,0,1.0,1.0,1.0,1.0,1.0,1.0,1.0,1.0,1.0,1.0,1.0,1.0,1.0,1.0
1760,object,yes,0,1.0,1.0,1.0,1.0,1.0,1.0,0.8,0.6,1.0,1.0,0.875,1.0,0.875,0.8
1761,attribute,yes,0,1.0,1.0,0.0,1.0,1.0,1.0,0.0,1.0,0.47619047619047616,1.0,0.5416666666666666,0.5416666666666666,1.0,0.4444444444444444
1762,positional,yes,0,1.0,1.0,0.18181818181818182,0.6727272727272727,1.0,1.0,0.0,1.0,0.4935064935064935,1.0,0.5416666666666666,0.475,0.7666666666666667,0.4444444444444444
1763,object,yes,0,1.0,1.0,1.0,1.0,1.0,1.0,0.8,0.6,1.0,1.0,0.875,1.0,0.875,0.8
1764,positional,yes,0,0.9090909090909091,0.8181818181818182,0.36363636363636365,0.4909090909090909,1.0,1.0,0.2,0.6,0.5151515151515151,0.875,0.5416666666666666,0.475,0.5416666666666666,0.4666666666666667
1765,object,yes,0,1.0,1.0,1.0,1.0,0.8,0.6,0.8,0.6,1.0,0.875,0.875,0.875,0.875,0.6444444444444445
1766,attribute,yes,0,1.0,1.0,0.7272727272727273,0.5636363636363636,1.0,1.0,0.2,0.6,0.7532467532467533,1.0,0.6,0.675,0.475,0.4666666666666667
1767,attribute,yes,0,1.0,1.0,0.09090909090909091,0.8181818181818182,1.0,1.0,0.6,0.4,0.4805194805194805,1.0,0.7666666666666667,0.5,0.6,0.6444444444444445
1768,sentiment,yes,0,1.0,1.0,0.0,1.0,1.0,1.0,0.0,1.0,0.47619047619047616,1.0,0.5416666666666666,0.5416666666666666,1.0,0.4444444444444444
1769,object,yes,0,1.0,1.0,1.0,1.0,1.0,1.0,0.2,0.6,1.0,1.0,0.6,1.0,0.6,0.4666666666666667
1771,positional,yes,0,0.36363636363636365,0.4909090909090909,1.0,1.0,0.8,0.6,0.6,0.4,0.5454545454545454,0.4666666666666667,0.475,0.875,0.7666666666666667,0.5333333333333333
1772,attribute,yes,0,1.0,1.0,0.9090909090909091,0.8181818181818182,1.0,1.0,0.6,0.4,0.9090909090909091,1.0,0.7666666666666667,0.875,0.675,0.6444444444444445
1773,counting,yes,1,0.9090909090909091,0.8181818181818182,0.0,1.0,0.8,0.6,0.0,1.0,0.4805194805194805,0.7666666666666667,0.5,0.6,1.0,0.4666666666666667
1774,positional,yes,0,1.0,1.0,1.0,1.0,1.0,1.0,0.6,0.4,1.0,1.0,0.7666666666666667,1.0,0.7666666666666667,0.6444444444444445
1776,object,yes,1,1.0,1.0,0.5454545454545454,0.45454545454545453,1.0,1.0,1.0,1.0,0.6320346320346321,1.0,1.0,0.5416666666666666,0.5416666666666666,1.0
1778,attribute,yes,0,1.0,1.0,0.5454545454545454,0.45454545454545453,1.0,1.0,0.0,1.0,0.6320346320346321,1.0,0.5416666666666666,0.5416666666666666,0.5,0.4444444444444444
1779,counting,yes,0,1.0,1.0,0.09090909090909091,0.8181818181818182,1.0,1.0,0.0,1.0,0.4805194805194805,1.0,0.5416666666666666,0.5,0.875,0.4444444444444444
1780,attribute,yes,0,1.0,1.0,0.2727272727272727,0.5636363636363636,1.0,1.0,0.0,1.0,0.5151515151515151,1.0,0.5416666666666666,0.4666666666666667,0.675,0.4444444444444444
1781,counting,yes,1,1.0,1.0,0.45454545454545453,0.45454545454545453,1.0,1.0,0.6,0.4,0.5844155844155844,1.0,0.7666666666666667,0.5,0.4666666666666667,0.6444444444444445
1782,positional,yes,1,1.0,1.0,0.0,1.0,0.2,0.6,0.2,0.6,0.47619047619047616,0.6,0.6,0.875,0.875,0.6444444444444445
1783,positional,yes,0,1.0,1.0,0.45454545454545453,0.45454545454545453,1.0,1.0,0.0,1.0,0.5844155844155844,1.0,0.5416666666666666,0.5,0.5416666666666666,0.4444444444444444
1785,attribute,yes,0,1.0,1.0,0.09090909090909091,0.8181818181818182,1.0,1.0,0.0,1.0,0.4805194805194805,1.0,0.5416666666666666,0.5,0.875,0.4444444444444444
1786,attribute,yes,0,0.7272727272727273,0.5636363636363636,1.0,1.0,1.0,1.0,1.0,1.0,0.7532467532467533,0.675,0.675,1.0,1.0,1.0
1788,positional,yes,0,0.9090909090909091,0.8181818181818182,1.0,1.0,1.0,1.0,0.2,0.6,0.9090909090909091,0.875,0.5416666666666666,1.0,0.6,0.4666666666666667
1789,attribute,yes,0,1.0,1.0,0.09090909090909091,0.8181818181818182,1.0,1.0,0.0,1.0,0.4805194805194805,1.0,0.5416666666666666,0.5,0.875,0.4444444444444444
1790,positional,yes,0,1.0,1.0,0.09090909090909091,0.8181818181818182,1.0,1.0,0.0,1.0,0.4805194805194805,1.0,0.5416666666666666,0.5,0.875,0.4444444444444444
1791,counting,yes,0,1.0,1.0,0.09090909090909091,0.8181818181818182,0.8,0.6,0.0,1.0,0.4805194805194805,0.875,0.5416666666666666,0.5416666666666666,0.875,0.4666666666666667
1792,counting,yes,0,0.09090909090909091,0.8181818181818182,1.0,1.0,0.8,0.6,0.4,0.4,0.4805194805194805,0.5416666666666666,0.675,0.875,0.675,0.4666666666666667
1793,attribute,yes,0,0.7272727272727273,0.5636363636363636,1.0,1.0,1.0,1.0,0.2,0.6,0.7532467532467533,0.675,0.475,1.0,0.6,0.4666666666666667
1794,attribute,yes,0,0.45454545454545453,0.45454545454545453,1.0,1.0,0.8,0.6,0.8,0.6,0.5844155844155844,0.475,0.475,0.875,0.875,0.6444444444444445
1795,object,yes,0,1.0,1.0,1.0,1.0,1.0,1.0,0.6,0.4,1.0,1.0,0.7666666666666667,1.0,0.7666666666666667,0.6444444444444445
1796,attribute,yes,0,1.0,1.0,0.09090909090909091,0.8181818181818182,1.0,1.0,0.0,1.0,0.4805194805194805,1.0,0.5416666666666666,0.5,0.875,0.4444444444444444
1797,object,yes,0,0.8181818181818182,0.6727272727272727,1.0,1.0,1.0,1.0,1.0,1.0,0.8268398268398268,0.7666666666666667,0.7666666666666667,1.0,1.0,1.0
1798,attribute,yes,0,1.0,1.0,0.18181818181818182,0.6727272727272727,1.0,1.0,0.0,1.0,0.4935064935064935,1.0,0.5416666666666666,0.475,0.7666666666666667,0.4444444444444444
1799,attribute,yes,0,1.0,1.0,0.8181818181818182,0.6727272727272727,1.0,1.0,0.6,0.4,0.8268398268398268,1.0,0.7666666666666667,0.7666666666666667,0.6,0.6444444444444445
1800,object,yes,0,1.0,1.0,0.09090909090909091,0.8181818181818182,1.0,1.0,0.2,0.6,0.4805194805194805,1.0,0.6,0.5,0.7666666666666667,0.4666666666666667
1801,object,yes,0,1.0,1.0,1.0,1.0,1.0,1.0,1.0,1.0,1.0,1.0,1.0,1.0,1.0,1.0
1802,sentiment,yes,0,1.0,1.0,1.0,1.0,1.0,1.0,0.8,0.6,1.0,1.0,0.875,1.0,0.875,0.8
1803,object,yes,0,1.0,1.0,1.0,1.0,1.0,1.0,0.8,0.6,1.0,1.0,0.875,1.0,0.875,0.8
1804,attribute,yes,0,1.0,1.0,0.7272727272727273,0.5636363636363636,1.0,1.0,0.6,0.4,0.7532467532467533,1.0,0.7666666666666667,0.675,0.5416666666666666,0.6444444444444445
1805,attribute,yes,0,1.0,1.0,0.0,1.0,1.0,1.0,0.0,1.0,0.47619047619047616,1.0,0.5416666666666666,0.5416666666666666,1.0,0.4444444444444444
1806,sentiment,yes,0,1.0,1.0,1.0,1.0,1.0,1.0,0.8,0.6,1.0,1.0,0.875,1.0,0.875,0.8
1808,sentiment,yes,0,1.0,1.0,1.0,1.0,1.0,1.0,1.0,1.0,1.0,1.0,1.0,1.0,1.0,1.0
1810,object,yes,0,1.0,1.0,1.0,1.0,1.0,1.0,0.6,0.4,1.0,1.0,0.7666666666666667,1.0,0.7666666666666667,0.6444444444444445
1811,object,yes,0,0.36363636363636365,0.4909090909090909,0.7272727272727273,0.5636363636363636,0.4,0.4,0.0,1.0,0.4805194805194805,0.5,0.6,0.5,0.4666666666666667,0.6444444444444445
1812,object,yes,0,1.0,1.0,0.09090909090909091,0.8181818181818182,1.0,1.0,0.0,1.0,0.4805194805194805,1.0,0.5416666666666666,0.5,0.875,0.4444444444444444
1813,object,yes,0,1.0,1.0,1.0,1.0,1.0,1.0,0.8,0.6,1.0,1.0,0.875,1.0,0.875,0.8
1814,positional,yes,0,0.9090909090909091,0.8181818181818182,1.0,1.0,1.0,1.0,1.0,1.0,0.9090909090909091,0.875,0.875,1.0,1.0,1.0
1815,object,yes,0,0.7272727272727273,0.5636363636363636,1.0,1.0,1.0,1.0,1.0,1.0,0.7532467532467533,0.675,0.675,1.0,1.0,1.0
1816,object,yes,0,1.0,1.0,1.0,1.0,1.0,1.0,1.0,1.0,1.0,1.0,1.0,1.0,1.0,1.0
1817,attribute,yes,0,0.36363636363636365,0.4909090909090909,1.0,1.0,1.0,1.0,1.0,1.0,0.5454545454545454,0.475,0.475,1.0,1.0,1.0
1818,positional,yes,0,0.7272727272727273,0.5636363636363636,0.8181818181818182,0.6727272727272727,1.0,1.0,0.2,0.6,0.6320346320346321,0.675,0.475,0.7666666666666667,0.5,0.4666666666666667
1819,attribute,yes,0,1.0,1.0,1.0,1.0,1.0,1.0,0.6,0.4,1.0,1.0,0.7666666666666667,1.0,0.7666666666666667,0.6444444444444445
1820,sentiment,yes,0,1.0,1.0,0.09090909090909091,0.8181818181818182,1.0,1.0,0.2,0.6,0.4805194805194805,1.0,0.6,0.5,0.7666666666666667,0.4666666666666667
1821,sentiment,yes,0,1.0,1.0,1.0,1.0,1.0,1.0,0.8,0.6,1.0,1.0,0.875,1.0,0.875,0.8
1822,object,yes,0,1.0,1.0,1.0,1.0,1.0,1.0,0.8,0.6,1.0,1.0,0.875,1.0,0.875,0.8
1824,object,yes,0,1.0,1.0,1.0,1.0,1.0,1.0,0.2,0.6,1.0,1.0,0.6,1.0,0.6,0.4666666666666667
1825,object,yes,0,1.0,1.0,1.0,1.0,1.0,1.0,1.0,1.0,1.0,1.0,1.0,1.0,1.0,1.0
1826,object,yes,1,0.36363636363636365,0.4909090909090909,0.0,1.0,0.4,0.4,0.0,1.0,0.6883116883116883,0.5,0.6,0.7666666666666667,1.0,0.6444444444444445
1828,positional,yes,0,1.0,1.0,0.36363636363636365,0.4909090909090909,1.0,1.0,0.4,0.4,0.5454545454545454,1.0,0.675,0.475,0.5,0.5333333333333333
1829,object,yes,1,0.0,1.0,1.0,1.0,0.0,1.0,1.0,1.0,0.47619047619047616,1.0,0.5416666666666666,0.5416666666666666,1.0,0.4444444444444444
1830,object,yes,0,1.0,1.0,1.0,1.0,1.0,1.0,0.4,0.4,1.0,1.0,0.675,1.0,0.675,0.5333333333333333
1831,counting,yes,0,1.0,1.0,0.0,1.0,1.0,1.0,0.0,1.0,0.47619047619047616,1.0,0.5416666666666666,0.5416666666666666,1.0,0.4444444444444444
1832,positional,yes,0,1.0,1.0,0.09090909090909091,0.8181818181818182,1.0,1.0,0.0,1.0,0.4805194805194805,1.0,0.5416666666666666,0.5,0.875,0.4444444444444444
1833,object,yes,0,1.0,1.0,0.2727272727272727,0.5636363636363636,1.0,1.0,0.4,0.4,0.5151515151515151,1.0,0.675,0.4666666666666667,0.5416666666666666,0.5333333333333333
1834,object,yes,1,0.18181818181818182,0.6727272727272727,0.7272727272727273,0.5636363636363636,0.0,1.0,1.0,1.0,0.4805194805194805,0.7666666666666667,0.475,0.4666666666666667,0.675,0.4444444444444444
1835,sentiment,yes,0,1.0,1.0,1.0,1.0,1.0,1.0,0.6,0.4,1.0,1.0,0.7666666666666667,1.0,0.7666666666666667,0.6444444444444445
1836,positional,yes,0,1.0,1.0,1.0,1.0,1.0,1.0,0.4,0.4,1.0,1.0,0.675,1.0,0.675,0.5333333333333333
1837,attribute,yes,0,1.0,1.0,0.0,1.0,1.0,1.0,0.0,1.0,0.47619047619047616,1.0,0.5416666666666666,0.5416666666666666,1.0,0.4444444444444444
1838,object,yes,0,1.0,1.0,0.8181818181818182,0.6727272727272727,1.0,1.0,0.4,0.4,0.8268398268398268,1.0,0.675,0.7666666666666667,0.5416666666666666,0.5333333333333333
1839,counting,yes,0,0.9090909090909091,0.8181818181818182,0.09090909090909091,0.8181818181818182,1.0,1.0,0.2,0.6,0.47619047619047616,0.875,0.5416666666666666,0.5,0.7666666666666667,0.4666666666666667
1840,counting,yes,0,1.0,1.0,0.6363636363636364,0.4909090909090909,1.0,1.0,1.0,1.0,0.6883116883116883,1.0,1.0,0.6,0.6,1.0
1841,object,yes,1,0.5454545454545454,0.45454545454545453,0.0,1.0,0.6,0.4,0.0,1.0,0.5844155844155844,0.475,0.5,0.675,1.0,0.5333333333333333
1842,attribute,yes,0,1.0,1.0,1.0,1.0,1.0,1.0,0.2,0.6,1.0,1.0,0.6,1.0,0.6,0.4666666666666667
1843,attribute,yes,1,0.0,1.0,1.0,1.0,0.0,1.0,1.0,1.0,0.47619047619047616,1.0,0.5416666666666666,0.5416666666666666,1.0,0.4444444444444444
1844,sentiment,yes,0,1.0,1.0,1.0,1.0,1.0,1.0,0.8,0.6,1.0,1.0,0.875,1.0,0.875,0.8
1845,object,yes,0,1.0,1.0,1.0,1.0,1.0,1.0,0.4,0.4,1.0,1.0,0.675,1.0,0.675,0.5333333333333333
1846,object,yes,0,1.0,1.0,0.45454545454545453,0.45454545454545453,1.0,1.0,0.0,1.0,0.5844155844155844,1.0,0.5416666666666666,0.5,0.5416666666666666,0.4444444444444444
1847,positional,yes,0,1.0,1.0,1.0,1.0,1.0,1.0,0.4,0.4,1.0,1.0,0.675,1.0,0.675,0.5333333333333333
1848,attribute,yes,0,1.0,1.0,0.0,1.0,1.0,1.0,0.0,1.0,0.47619047619047616,1.0,0.5416666666666666,0.5416666666666666,1.0,0.4444444444444444
1849,object,yes,0,1.0,1.0,1.0,1.0,1.0,1.0,0.2,0.6,1.0,1.0,0.6,1.0,0.6,0.4666666666666667
1850,attribute,yes,0,1.0,1.0,1.0,1.0,1.0,1.0,0.4,0.4,1.0,1.0,0.675,1.0,0.675,0.5333333333333333
1851,attribute,yes,0,1.0,1.0,1.0,1.0,1.0,1.0,1.0,1.0,1.0,1.0,1.0,1.0,1.0,1.0
1852,positional,yes,0,1.0,1.0,0.09090909090909091,0.8181818181818182,1.0,1.0,0.0,1.0,0.4805194805194805,1.0,0.5416666666666666,0.5,0.875,0.4444444444444444
1853,attribute,yes,0,1.0,1.0,0.7272727272727273,0.5636363636363636,1.0,1.0,0.2,0.6,0.7532467532467533,1.0,0.6,0.675,0.475,0.4666666666666667
1854,object,yes,1,0.8181818181818182,0.6727272727272727,0.6363636363636364,0.4909090909090909,0.6,0.4,0.8,0.6,0.5844155844155844,0.6,0.675,0.5,0.5416666666666666,0.5333333333333333
1855,counting,yes,0,1.0,1.0,0.18181818181818182,0.6727272727272727,1.0,1.0,0.8,0.6,0.4935064935064935,1.0,0.875,0.475,0.5,0.8
1856,counting,yes,0,0.6363636363636364,0.4909090909090909,1.0,1.0,1.0,1.0,0.6,0.4,0.6883116883116883,0.6,0.5,1.0,0.7666666666666667,0.6444444444444445
1857,attribute,yes,0,0.9090909090909091,0.8181818181818182,0.2727272727272727,0.5636363636363636,1.0,1.0,0.0,1.0,0.4935064935064935,0.875,0.5,0.4666666666666667,0.675,0.4444444444444444
1858,attribute,yes,1,0.09090909090909091,0.8181818181818182,0.36363636363636365,0.4909090909090909,0.0,1.0,0.8,0.6,0.6320346320346321,0.875,0.5416666666666666,0.6,0.4666666666666667,0.4666666666666667
1860,object,yes,0,0.9090909090909091,0.8181818181818182,1.0,1.0,0.8,0.6,0.2,0.6,0.9090909090909091,0.7666666666666667,0.5416666666666666,0.875,0.6,0.4444444444444444
1861,attribute,yes,1,0.6363636363636364,0.4909090909090909,0.0,1.0,0.4,0.4,0.6,0.4,0.5454545454545454,0.475,0.5,0.7666666666666667,0.675,0.4444444444444444
1862,object,yes,0,1.0,1.0,0.0,1.0,1.0,1.0,0.0,1.0,0.47619047619047616,1.0,0.5416666666666666,0.5416666666666666,1.0,0.4444444444444444
1863,object,yes,0,0.5454545454545454,0.45454545454545453,0.0,1.0,0.8,0.6,0.0,1.0,0.5844155844155844,0.5,0.5,0.6,1.0,0.4666666666666667
1864,sentiment,yes,1,1.0,1.0,0.0,1.0,0.6,0.4,0.0,1.0,0.47619047619047616,0.7666666666666667,0.5416666666666666,0.675,1.0,0.5333333333333333
1865,counting,yes,0,1.0,1.0,0.0,1.0,1.0,1.0,0.4,0.4,0.47619047619047616,1.0,0.675,0.5416666666666666,0.7666666666666667,0.5333333333333333
1866,positional,yes,0,1.0,1.0,1.0,1.0,1.0,1.0,1.0,1.0,1.0,1.0,1.0,1.0,1.0,1.0
1867,object,yes,0,1.0,1.0,0.0,1.0,1.0,1.0,0.0,1.0,0.47619047619047616,1.0,0.5416666666666666,0.5416666666666666,1.0,0.4444444444444444
1868,positional,yes,0,1.0,1.0,0.18181818181818182,0.6727272727272727,1.0,1.0,0.0,1.0,0.4935064935064935,1.0,0.5416666666666666,0.475,0.7666666666666667,0.4444444444444444
1870,object,yes,0,1.0,1.0,0.5454545454545454,0.45454545454545453,1.0,1.0,0.0,1.0,0.6320346320346321,1.0,0.5416666666666666,0.5416666666666666,0.5,0.4444444444444444
1871,counting,yes,0,1.0,1.0,0.2727272727272727,0.5636363636363636,0.8,0.6,0.8,0.6,0.5151515151515151,0.875,0.875,0.475,0.475,0.6444444444444445
1873,attribute,yes,0,1.0,1.0,0.0,1.0,1.0,1.0,0.0,1.0,0.47619047619047616,1.0,0.5416666666666666,0.5416666666666666,1.0,0.4444444444444444
1874,attribute,yes,0,1.0,1.0,1.0,1.0,1.0,1.0,0.2,0.6,1.0,1.0,0.6,1.0,0.6,0.4666666666666667
1875,attribute,yes,0,1.0,1.0,0.8181818181818182,0.6727272727272727,1.0,1.0,0.8,0.6,0.8268398268398268,1.0,0.875,0.7666666666666667,0.675,0.8
1877,attribute,yes,1,0.0,1.0,1.0,1.0,0.0,1.0,1.0,1.0,0.47619047619047616,1.0,0.5416666666666666,0.5416666666666666,1.0,0.4444444444444444
1878,object,yes,0,1.0,1.0,1.0,1.0,1.0,1.0,0.4,0.4,1.0,1.0,0.675,1.0,0.675,0.5333333333333333
1879,counting,yes,0,1.0,1.0,0.0,1.0,1.0,1.0,0.0,1.0,0.47619047619047616,1.0,0.5416666666666666,0.5416666666666666,1.0,0.4444444444444444
1880,attribute,yes,0,1.0,1.0,1.0,1.0,1.0,1.0,1.0,1.0,1.0,1.0,1.0,1.0,1.0,1.0
1881,positional,yes,0,1.0,1.0,0.0,1.0,1.0,1.0,0.0,1.0,0.47619047619047616,1.0,0.5416666666666666,0.5416666666666666,1.0,0.4444444444444444
1883,counting,yes,1,0.0,1.0,0.6363636363636364,0.4909090909090909,0.0,1.0,1.0,1.0,0.5454545454545454,1.0,0.5416666666666666,0.475,0.6,0.4444444444444444
1884,object,yes,0,1.0,1.0,1.0,1.0,1.0,1.0,0.4,0.4,1.0,1.0,0.675,1.0,0.675,0.5333333333333333
1885,sentiment,yes,0,0.6363636363636364,0.4909090909090909,1.0,1.0,1.0,1.0,1.0,1.0,0.6883116883116883,0.6,0.6,1.0,1.0,1.0
1886,sentiment,yes,1,1.0,1.0,0.6363636363636364,0.4909090909090909,1.0,1.0,0.4,0.4,0.6883116883116883,1.0,0.675,0.6,0.475,0.5333333333333333
1887,sentiment,yes,0,0.7272727272727273,0.5636363636363636,1.0,1.0,1.0,1.0,0.6,0.4,0.7532467532467533,0.675,0.5416666666666666,1.0,0.7666666666666667,0.6444444444444445
1888,counting,yes,0,1.0,1.0,1.0,1.0,1.0,1.0,0.4,0.4,1.0,1.0,0.675,1.0,0.675,0.5333333333333333
1889,sentiment,yes,0,0.09090909090909091,0.8181818181818182,1.0,1.0,0.4,0.4,0.8,0.6,0.4805194805194805,0.675,0.5416666666666666,0.675,0.875,0.4666666666666667
1890,attribute,yes,0,0.8181818181818182,0.6727272727272727,0.9090909090909091,0.8181818181818182,1.0,1.0,0.6,0.4,0.7532467532467533,0.7666666666666667,0.6,0.875,0.675,0.6444444444444445
1891,attribute,yes,0,1.0,1.0,0.2727272727272727,0.5636363636363636,1.0,1.0,0.0,1.0,0.5151515151515151,1.0,0.5416666666666666,0.4666666666666667,0.675,0.4444444444444444
1892,sentiment,yes,0,1.0,1.0,1.0,1.0,1.0,1.0,0.8,0.6,1.0,1.0,0.875,1.0,0.875,0.8
1893,counting,yes,0,1.0,1.0,1.0,1.0,1.0,1.0,0.6,0.4,1.0,1.0,0.7666666666666667,1.0,0.7666666666666667,0.6444444444444445
1894,object,yes,0,1.0,1.0,1.0,1.0,1.0,1.0,0.4,0.4,1.0,1.0,0.675,1.0,0.675,0.5333333333333333
1896,object,yes,1,0.09090909090909091,0.8181818181818182,0.0,1.0,0.4,0.4,0.0,1.0,0.9090909090909091,0.675,0.875,0.7666666666666667,1.0,0.6444444444444445
1898,counting,yes,1,1.0,1.0,0.0,1.0,0.8,0.6,0.4,0.4,0.47619047619047616,0.875,0.675,0.6,0.7666666666666667,0.4666666666666667
1899,attribute,yes,0,1.0,1.0,0.0,1.0,1.0,1.0,0.0,1.0,0.47619047619047616,1.0,0.5416666666666666,0.5416666666666666,1.0,0.4444444444444444
1900,object,yes,0,1.0,1.0,0.36363636363636365,0.4909090909090909,1.0,1.0,0.0,1.0,0.5454545454545454,1.0,0.5416666666666666,0.475,0.6,0.4444444444444444
1901,attribute,yes,0,1.0,1.0,0.2727272727272727,0.5636363636363636,1.0,1.0,0.0,1.0,0.5151515151515151,1.0,0.5416666666666666,0.4666666666666667,0.675,0.4444444444444444
1902,sentiment,yes,0,1.0,1.0,0.0,1.0,1.0,1.0,0.0,1.0,0.47619047619047616,1.0,0.5416666666666666,0.5416666666666666,1.0,0.4444444444444444
1903,object,yes,0,1.0,1.0,0.36363636363636365,0.4909090909090909,1.0,1.0,0.0,1.0,0.5454545454545454,1.0,0.5416666666666666,0.475,0.6,0.4444444444444444
1904,sentiment,yes,0,1.0,1.0,1.0,1.0,1.0,1.0,0.8,0.6,1.0,1.0,0.875,1.0,0.875,0.8
1905,sentiment,yes,0,1.0,1.0,1.0,1.0,1.0,1.0,1.0,1.0,1.0,1.0,1.0,1.0,1.0,1.0
1906,positional,yes,0,1.0,1.0,1.0,1.0,1.0,1.0,1.0,1.0,1.0,1.0,1.0,1.0,1.0,1.0
1907,sentiment,yes,0,0.6363636363636364,0.4909090909090909,0.45454545454545453,0.45454545454545453,1.0,1.0,0.6,0.4,0.4805194805194805,0.6,0.5,0.5,0.4666666666666667,0.6444444444444445
1908,object,yes,0,1.0,1.0,1.0,1.0,1.0,1.0,0.4,0.4,1.0,1.0,0.675,1.0,0.675,0.5333333333333333
1909,attribute,yes,1,0.18181818181818182,0.6727272727272727,1.0,1.0,0.0,1.0,1.0,1.0,0.4935064935064935,0.7666666666666667,0.475,0.5416666666666666,1.0,0.4444444444444444
1910,attribute,yes,0,1.0,1.0,0.0,1.0,1.0,1.0,0.0,1.0,0.47619047619047616,1.0,0.5416666666666666,0.5416666666666666,1.0,0.4444444444444444
1912,counting,yes,0,0.0,1.0,1.0,1.0,0.4,0.4,1.0,1.0,0.47619047619047616,0.7666666666666667,0.5416666666666666,0.675,1.0,0.5333333333333333
1914,counting,yes,0,1.0,1.0,0.18181818181818182,0.6727272727272727,1.0,1.0,0.0,1.0,0.4935064935064935,1.0,0.5416666666666666,0.475,0.7666666666666667,0.4444444444444444
1915,sentiment,yes,0,1.0,1.0,1.0,1.0,1.0,1.0,1.0,1.0,1.0,1.0,1.0,1.0,1.0,1.0
1916,counting,yes,0,1.0,1.0,1.0,1.0,1.0,1.0,0.2,0.6,1.0,1.0,0.6,1.0,0.6,0.4666666666666667
1917,positional,yes,0,1.0,1.0,0.09090909090909091,0.8181818181818182,1.0,1.0,0.0,1.0,0.4805194805194805,1.0,0.5416666666666666,0.5,0.875,0.4444444444444444
1918,attribute,yes,0,0.9090909090909091,0.8181818181818182,1.0,1.0,1.0,1.0,0.2,0.6,0.9090909090909091,0.875,0.5416666666666666,1.0,0.6,0.4666666666666667
1920,positional,yes,0,1.0,1.0,0.09090909090909091,0.8181818181818182,1.0,1.0,0.0,1.0,0.4805194805194805,1.0,0.5416666666666666,0.5,0.875,0.4444444444444444
1921,counting,yes,0,1.0,1.0,0.0,1.0,1.0,1.0,0.0,1.0,0.47619047619047616,1.0,0.5416666666666666,0.5416666666666666,1.0,0.4444444444444444
1922,sentiment,yes,1,1.0,1.0,0.36363636363636365,0.4909090909090909,0.6,0.4,0.4,0.4,0.5454545454545454,0.7666666666666667,0.675,0.475,0.5,0.4444444444444444
1923,attribute,yes,0,1.0,1.0,1.0,1.0,1.0,1.0,0.8,0.6,1.0,1.0,0.875,1.0,0.875,0.8
1924,attribute,yes,0,1.0,1.0,0.18181818181818182,0.6727272727272727,1.0,1.0,0.0,1.0,0.4935064935064935,1.0,0.5416666666666666,0.475,0.7666666666666667,0.4444444444444444
1925,positional,yes,0,1.0,1.0,0.0,1.0,1.0,1.0,0.0,1.0,0.47619047619047616,1.0,0.5416666666666666,0.5416666666666666,1.0,0.4444444444444444
1926,object,yes,1,0.36363636363636365,0.4909090909090909,0.0,1.0,0.2,0.6,0.0,1.0,0.6883116883116883,0.5416666666666666,0.6,0.875,1.0,0.8
1927,attribute,yes,0,1.0,1.0,1.0,1.0,1.0,1.0,0.4,0.4,1.0,1.0,0.675,1.0,0.675,0.5333333333333333
1928,attribute,yes,0,1.0,1.0,0.7272727272727273,0.5636363636363636,1.0,1.0,0.2,0.6,0.7532467532467533,1.0,0.6,0.675,0.475,0.4666666666666667
1929,positional,yes,0,1.0,1.0,0.8181818181818182,0.6727272727272727,1.0,1.0,0.0,1.0,0.8268398268398268,1.0,0.5416666666666666,0.7666666666666667,0.475,0.4444444444444444
1931,attribute,yes,0,1.0,1.0,1.0,1.0,1.0,1.0,1.0,1.0,1.0,1.0,1.0,1.0,1.0,1.0
1932,attribute,yes,0,1.0,1.0,0.18181818181818182,0.6727272727272727,1.0,1.0,0.0,1.0,0.4935064935064935,1.0,0.5416666666666666,0.475,0.7666666666666667,0.4444444444444444
1933,object,yes,0,1.0,1.0,0.0,1.0,1.0,1.0,0.0,1.0,0.47619047619047616,1.0,0.5416666666666666,0.5416666666666666,1.0,0.4444444444444444
1934,object,yes,0,1.0,1.0,1.0,1.0,1.0,1.0,0.4,0.4,1.0,1.0,0.675,1.0,0.675,0.5333333333333333
1935,object,yes,0,0.7272727272727273,0.5636363636363636,0.0,1.0,1.0,1.0,0.0,1.0,0.5151515151515151,0.675,0.4666666666666667,0.5416666666666666,1.0,0.4444444444444444
1936,sentiment,yes,0,1.0,1.0,1.0,1.0,1.0,1.0,0.8,0.6,1.0,1.0,0.875,1.0,0.875,0.8
1937,positional,yes,0,1.0,1.0,0.09090909090909091,0.8181818181818182,1.0,1.0,0.0,1.0,0.4805194805194805,1.0,0.5416666666666666,0.5,0.875,0.4444444444444444
1938,object,yes,0,1.0,1.0,0.36363636363636365,0.4909090909090909,1.0,1.0,0.0,1.0,0.5454545454545454,1.0,0.5416666666666666,0.475,0.6,0.4444444444444444
1939,object,yes,0,1.0,1.0,0.36363636363636365,0.4909090909090909,1.0,1.0,0.0,1.0,0.5454545454545454,1.0,0.5416666666666666,0.475,0.6,0.4444444444444444
1940,attribute,yes,0,1.0,1.0,1.0,1.0,1.0,1.0,0.4,0.4,1.0,1.0,0.675,1.0,0.675,0.5333333333333333
1941,attribute,yes,0,0.9090909090909091,0.8181818181818182,0.09090909090909091,0.8181818181818182,1.0,1.0,0.0,1.0,0.47619047619047616,0.875,0.5,0.5,0.875,0.4444444444444444
1942,counting,yes,0,1.0,1.0,1.0,1.0,1.0,1.0,0.2,0.6,1.0,1.0,0.6,1.0,0.6,0.4666666666666667
1943,object,yes,0,1.0,1.0,1.0,1.0,1.0,1.0,0.4,0.4,1.0,1.0,0.675,1.0,0.675,0.5333333333333333
1946,counting,yes,0,1.0,1.0,0.18181818181818182,0.6727272727272727,1.0,1.0,0.0,1.0,0.4935064935064935,1.0,0.5416666666666666,0.475,0.7666666666666667,0.4444444444444444
1947,object,yes,0,1.0,1.0,1.0,1.0,1.0,1.0,1.0,1.0,1.0,1.0,1.0,1.0,1.0,1.0
1948,object,yes,0,0.9090909090909091,0.8181818181818182,0.8181818181818182,0.6727272727272727,1.0,1.0,0.2,0.6,0.7532467532467533,0.875,0.5416666666666666,0.7666666666666667,0.5,0.4666666666666667
1950,object,yes,0,0.9090909090909091,0.8181818181818182,1.0,1.0,0.8,0.6,0.2,0.6,0.9090909090909091,0.7666666666666667,0.5416666666666666,0.875,0.6,0.4444444444444444
1952,counting,yes,0,1.0,1.0,0.0,1.0,1.0,1.0,0.0,1.0,0.47619047619047616,1.0,0.5416666666666666,0.5416666666666666,1.0,0.4444444444444444
1953,positional,yes,0,1.0,1.0,1.0,1.0,1.0,1.0,0.8,0.6,1.0,1.0,0.875,1.0,0.875,0.8
1954,object,yes,0,1.0,1.0,1.0,1.0,1.0,1.0,0.4,0.4,1.0,1.0,0.675,1.0,0.675,0.5333333333333333
1956,object,yes,0,1.0,1.0,1.0,1.0,1.0,1.0,0.4,0.4,1.0,1.0,0.675,1.0,0.675,0.5333333333333333
1958,counting,yes,0,0.36363636363636365,0.4909090909090909,1.0,1.0,0.8,0.6,0.8,0.6,0.5454545454545454,0.4666666666666667,0.4666666666666667,0.875,0.875,0.6444444444444445
1959,counting,yes,0,1.0,1.0,1.0,1.0,1.0,1.0,0.2,0.6,1.0,1.0,0.6,1.0,0.6,0.4666666666666667
1960,sentiment,yes,0,0.8181818181818182,0.6727272727272727,1.0,1.0,1.0,1.0,0.8,0.6,0.8268398268398268,0.7666666666666667,0.675,1.0,0.875,0.8
1961,object,yes,0,1.0,1.0,1.0,1.0,1.0,1.0,0.2,0.6,1.0,1.0,0.6,1.0,0.6,0.4666666666666667
1962,attribute,yes,1,0.09090909090909091,0.8181818181818182,0.7272727272727273,0.5636363636363636,0.0,1.0,0.8,0.6,0.4935064935064935,0.875,0.5416666666666666,0.4666666666666667,0.6,0.4666666666666667
1964,counting,yes,0,1.0,1.0,1.0,1.0,1.0,1.0,0.4,0.4,1.0,1.0,0.675,1.0,0.675,0.5333333333333333
1965,counting,yes,0,1.0,1.0,0.09090909090909091,0.8181818181818182,1.0,1.0,0.2,0.6,0.4805194805194805,1.0,0.6,0.5,0.7666666666666667,0.4666666666666667
1966,attribute,yes,0,0.9090909090909091,0.8181818181818182,0.09090909090909091,0.8181818181818182,1.0,1.0,0.2,0.6,0.47619047619047616,0.875,0.5416666666666666,0.5,0.7666666666666667,0.4666666666666667
1967,object,yes,0,1.0,1.0,1.0,1.0,1.0,1.0,0.4,0.4,1.0,1.0,0.675,1.0,0.675,0.5333333333333333
1969,attribute,yes,0,1.0,1.0,0.18181818181818182,0.6727272727272727,1.0,1.0,0.0,1.0,0.4935064935064935,1.0,0.5416666666666666,0.475,0.7666666666666667,0.4444444444444444
1970,attribute,yes,0,0.7272727272727273,0.5636363636363636,1.0,1.0,1.0,1.0,0.2,0.6,0.7532467532467533,0.675,0.475,1.0,0.6,0.4666666666666667
1971,attribute,yes,1,0.45454545454545453,0.45454545454545453,1.0,1.0,0.4,0.4,1.0,1.0,0.5844155844155844,0.475,0.5,0.675,1.0,0.5333333333333333
1972,attribute,yes,0,1.0,1.0,1.0,1.0,1.0,1.0,0.6,0.4,1.0,1.0,0.7666666666666667,1.0,0.7666666666666667,0.6444444444444445
1973,sentiment,yes,0,1.0,1.0,0.9090909090909091,0.8181818181818182,1.0,1.0,0.6,0.4,0.9090909090909091,1.0,0.7666666666666667,0.875,0.675,0.6444444444444445
1974,sentiment,yes,0,1.0,1.0,0.0,1.0,1.0,1.0,0.0,1.0,0.47619047619047616,1.0,0.5416666666666666,0.5416666666666666,1.0,0.4444444444444444
1975,attribute,yes,0,1.0,1.0,0.45454545454545453,0.45454545454545453,1.0,1.0,0.0,1.0,0.5844155844155844,1.0,0.5416666666666666,0.5,0.5416666666666666,0.4444444444444444
1976,attribute,yes,0,0.5454545454545454,0.45454545454545453,0.9090909090909091,0.8181818181818182,1.0,1.0,0.4,0.4,0.5844155844155844,0.5416666666666666,0.4666666666666667,0.875,0.6,0.5333333333333333
1977,sentiment,yes,1,0.0,1.0,0.0,1.0,0.0,1.0,0.2,0.6,1.0,1.0,0.875,1.0,0.875,0.8
1978,object,yes,0,0.9090909090909091,0.8181818181818182,1.0,1.0,1.0,1.0,0.2,0.6,0.9090909090909091,0.875,0.5416666666666666,1.0,0.6,0.4666666666666667
1980,counting,yes,0,0.09090909090909091,0.8181818181818182,1.0,1.0,0.8,0.6,0.2,0.6,0.4805194805194805,0.5416666666666666,0.7666666666666667,0.875,0.6,0.4444444444444444
1981,sentiment,yes,0,1.0,1.0,0.0,1.0,1.0,1.0,0.2,0.6,0.47619047619047616,1.0,0.6,0.5416666666666666,0.875,0.4666666666666667
1982,counting,yes,0,1.0,1.0,0.9090909090909091,0.8181818181818182,1.0,1.0,0.2,0.6,0.9090909090909091,1.0,0.6,0.875,0.5416666666666666,0.4666666666666667
1984,sentiment,yes,1,0.0,1.0,0.0,1.0,0.0,1.0,0.2,0.6,1.0,1.0,0.875,1.0,0.875,0.8
1985,object,yes,1,0.9090909090909091,0.8181818181818182,0.0,1.0,0.4,0.4,0.6,0.4,0.4805194805194805,0.6,0.675,0.7666666666666667,0.675,0.4444444444444444
1986,object,yes,0,1.0,1.0,1.0,1.0,1.0,1.0,0.6,0.4,1.0,1.0,0.7666666666666667,1.0,0.7666666666666667,0.6444444444444445
1988,object,yes,0,1.0,1.0,1.0,1.0,1.0,1.0,0.6,0.4,1.0,1.0,0.7666666666666667,1.0,0.7666666666666667,0.6444444444444445
1990,counting,yes,0,0.9090909090909091,0.8181818181818182,1.0,1.0,1.0,1.0,0.4,0.4,0.9090909090909091,0.875,0.6,1.0,0.675,0.5333333333333333
1991,object,yes,0,1.0,1.0,0.5454545454545454,0.45454545454545453,1.0,1.0,0.0,1.0,0.6320346320346321,1.0,0.5416666666666666,0.5416666666666666,0.5,0.4444444444444444
1992,counting,yes,0,1.0,1.0,0.0,1.0,1.0,1.0,0.0,1.0,0.47619047619047616,1.0,0.5416666666666666,0.5416666666666666,1.0,0.4444444444444444
1993,counting,yes,0,1.0,1.0,0.18181818181818182,0.6727272727272727,1.0,1.0,0.4,0.4,0.4935064935064935,1.0,0.675,0.475,0.6,0.5333333333333333
1994,positional,yes,0,1.0,1.0,1.0,1.0,1.0,1.0,0.4,0.4,1.0,1.0,0.675,1.0,0.675,0.5333333333333333
1995,object,yes,0,1.0,1.0,0.5454545454545454,0.45454545454545453,1.0,1.0,0.0,1.0,0.6320346320346321,1.0,0.5416666666666666,0.5416666666666666,0.5,0.4444444444444444
1997,attribute,yes,0,0.9090909090909091,0.8181818181818182,1.0,1.0,1.0,1.0,0.4,0.4,0.9090909090909091,0.875,0.6,1.0,0.675,0.5333333333333333
1998,object,yes,1,0.7272727272727273,0.5636363636363636,0.0,1.0,0.4,0.4,0.0,1.0,0.5151515151515151,0.5,0.4666666666666667,0.7666666666666667,1.0,0.6444444444444445
1999,object,yes,0,1.0,1.0,1.0,1.0,1.0,1.0,0.8,0.6,1.0,1.0,0.875,1.0,0.875,0.8
2000,object,yes,0,1.0,1.0,1.0,1.0,1.0,1.0,1.0,1.0,1.0,1.0,1.0,1.0,1.0,1.0
2001,counting,yes,0,1.0,1.0,1.0,1.0,1.0,1.0,0.4,0.4,1.0,1.0,0.675,1.0,0.675,0.5333333333333333
2002,positional,yes,0,1.0,1.0,1.0,1.0,1.0,1.0,0.2,0.6,1.0,1.0,0.6,1.0,0.6,0.4666666666666667
2003,object,yes,0,1.0,1.0,1.0,1.0,1.0,1.0,0.8,0.6,1.0,1.0,0.875,1.0,0.875,0.8
2006,attribute,yes,0,1.0,1.0,0.36363636363636365,0.4909090909090909,1.0,1.0,0.0,1.0,0.5454545454545454,1.0,0.5416666666666666,0.475,0.6,0.4444444444444444
2007,object,yes,0,1.0,1.0,0.8181818181818182,0.6727272727272727,1.0,1.0,0.4,0.4,0.8268398268398268,1.0,0.675,0.7666666666666667,0.5416666666666666,0.5333333333333333
2008,object,yes,0,1.0,1.0,1.0,1.0,1.0,1.0,0.4,0.4,1.0,1.0,0.675,1.0,0.675,0.5333333333333333
2009,positional,yes,0,1.0,1.0,1.0,1.0,1.0,1.0,0.2,0.6,1.0,1.0,0.6,1.0,0.6,0.4666666666666667
2010,object,yes,0,1.0,1.0,0.09090909090909091,0.8181818181818182,1.0,1.0,0.6,0.4,0.4805194805194805,1.0,0.7666666666666667,0.5,0.6,0.6444444444444445
2011,object,yes,0,1.0,1.0,0.09090909090909091,0.8181818181818182,0.8,0.6,0.4,0.4,0.4805194805194805,0.875,0.675,0.5416666666666666,0.675,0.4666666666666667
2013,sentiment,yes,1,0.9090909090909091,0.8181818181818182,0.0,1.0,0.8,0.6,0.0,1.0,0.4805194805194805,0.7666666666666667,0.5,0.6,1.0,0.4666666666666667
2014,attribute,yes,0,1.0,1.0,0.0,1.0,1.0,1.0,0.2,0.6,0.47619047619047616,1.0,0.6,0.5416666666666666,0.875,0.4666666666666667
2016,object,yes,0,0.6363636363636364,0.4909090909090909,1.0,1.0,1.0,1.0,0.2,0.6,0.6883116883116883,0.6,0.4666666666666667,1.0,0.6,0.4666666666666667
2017,counting,yes,0,1.0,1.0,1.0,1.0,1.0,1.0,0.6,0.4,1.0,1.0,0.7666666666666667,1.0,0.7666666666666667,0.6444444444444445
2018,object,yes,0,1.0,1.0,1.0,1.0,1.0,1.0,0.4,0.4,1.0,1.0,0.675,1.0,0.675,0.5333333333333333
2019,positional,yes,0,1.0,1.0,0.09090909090909091,0.8181818181818182,1.0,1.0,0.0,1.0,0.4805194805194805,1.0,0.5416666666666666,0.5,0.875,0.4444444444444444
2021,object,yes,0,1.0,1.0,1.0,1.0,1.0,1.0,0.4,0.4,1.0,1.0,0.675,1.0,0.675,0.5333333333333333
2022,object,yes,0,1.0,1.0,1.0,1.0,1.0,1.0,0.6,0.4,1.0,1.0,0.7666666666666667,1.0,0.7666666666666667,0.6444444444444445
2023,object,yes,0,1.0,1.0,1.0,1.0,1.0,1.0,0.4,0.4,1.0,1.0,0.675,1.0,0.675,0.5333333333333333
2024,object,yes,1,0.18181818181818182,0.6727272727272727,0.0,1.0,0.6,0.4,0.4,0.4,0.8268398268398268,0.5416666666666666,0.6,0.675,0.7666666666666667,0.4444444444444444
2025,sentiment,yes,0,1.0,1.0,1.0,1.0,1.0,1.0,1.0,1.0,1.0,1.0,1.0,1.0,1.0,1.0
2026,sentiment,yes,0,1.0,1.0,1.0,1.0,1.0,1.0,1.0,1.0,1.0,1.0,1.0,1.0,1.0,1.0
2027,counting,yes,0,1.0,1.0,0.18181818181818182,0.6727272727272727,1.0,1.0,0.2,0.6,0.4935064935064935,1.0,0.6,0.475,0.675,0.4666666666666667
2028,object,yes,0,1.0,1.0,1.0,1.0,1.0,1.0,1.0,1.0,1.0,1.0,1.0,1.0,1.0,1.0
2030,attribute,yes,0,1.0,1.0,0.0,1.0,1.0,1.0,0.0,1.0,0.47619047619047616,1.0,0.5416666666666666,0.5416666666666666,1.0,0.4444444444444444
2031,positional,yes,0,1.0,1.0,0.9090909090909091,0.8181818181818182,1.0,1.0,0.8,0.6,0.9090909090909091,1.0,0.875,0.875,0.7666666666666667,0.8
2032,sentiment,yes,1,0.0,1.0,0.0,1.0,0.0,1.0,0.2,0.6,1.0,1.0,0.875,1.0,0.875,0.8
2033,attribute,yes,0,0.7272727272727273,0.5636363636363636,1.0,1.0,1.0,1.0,0.8,0.6,0.7532467532467533,0.675,0.6,1.0,0.875,0.8
2034,attribute,yes,1,0.0,1.0,0.36363636363636365,0.4909090909090909,0.0,1.0,0.8,0.6,0.6883116883116883,1.0,0.6,0.6,0.4666666666666667,0.4666666666666667
2035,counting,yes,0,1.0,1.0,0.36363636363636365,0.4909090909090909,1.0,1.0,0.0,1.0,0.5454545454545454,1.0,0.5416666666666666,0.475,0.6,0.4444444444444444
2036,object,yes,0,0.7272727272727273,0.5636363636363636,1.0,1.0,1.0,1.0,0.8,0.6,0.7532467532467533,0.675,0.6,1.0,0.875,0.8
2037,counting,yes,0,0.6363636363636364,0.4909090909090909,0.0,1.0,0.4,0.4,0.2,0.6,0.5454545454545454,0.475,0.4666666666666667,0.7666666666666667,0.875,0.5333333333333333
2038,positional,yes,0,1.0,1.0,0.45454545454545453,0.45454545454545453,1.0,1.0,0.2,0.6,0.5844155844155844,1.0,0.6,0.5,0.5,0.4666666666666667
2039,counting,yes,0,0.0,1.0,1.0,1.0,0.4,0.4,1.0,1.0,0.47619047619047616,0.7666666666666667,0.5416666666666666,0.675,1.0,0.5333333333333333
2040,attribute,yes,0,1.0,1.0,0.0,1.0,1.0,1.0,0.2,0.6,0.47619047619047616,1.0,0.6,0.5416666666666666,0.875,0.4666666666666667
2041,object,yes,0,1.0,1.0,0.2727272727272727,0.5636363636363636,1.0,1.0,0.0,1.0,0.5151515151515151,1.0,0.5416666666666666,0.4666666666666667,0.675,0.4444444444444444
2044,attribute,yes,1,0.09090909090909091,0.8181818181818182,0.9090909090909091,0.8181818181818182,0.0,1.0,1.0,1.0,0.47619047619047616,0.875,0.5,0.5,0.875,0.4444444444444444
2045,attribute,yes,0,1.0,1.0,0.0,1.0,1.0,1.0,0.0,1.0,0.47619047619047616,1.0,0.5416666666666666,0.5416666666666666,1.0,0.4444444444444444
2046,object,yes,0,1.0,1.0,1.0,1.0,1.0,1.0,0.8,0.6,1.0,1.0,0.875,1.0,0.875,0.8
2047,positional,yes,0,1.0,1.0,0.09090909090909091,0.8181818181818182,1.0,1.0,0.0,1.0,0.4805194805194805,1.0,0.5416666666666666,0.5,0.875,0.4444444444444444
2048,sentiment,yes,1,0.0,1.0,0.0,1.0,0.0,1.0,0.6,0.4,1.0,1.0,0.675,1.0,0.675,0.5333333333333333
2049,object,yes,0,1.0,1.0,1.0,1.0,0.8,0.6,1.0,1.0,1.0,0.875,1.0,0.875,1.0,0.8
2050,attribute,yes,0,1.0,1.0,0.9090909090909091,0.8181818181818182,1.0,1.0,0.8,0.6,0.9090909090909091,1.0,0.875,0.875,0.7666666666666667,0.8
2052,attribute,yes,0,1.0,1.0,0.18181818181818182,0.6727272727272727,1.0,1.0,0.0,1.0,0.4935064935064935,1.0,0.5416666666666666,0.475,0.7666666666666667,0.4444444444444444
2053,counting,yes,0,1.0,1.0,0.6363636363636364,0.4909090909090909,1.0,1.0,0.2,0.6,0.6883116883116883,1.0,0.6,0.6,0.4666666666666667,0.4666666666666667
2054,attribute,yes,0,1.0,1.0,1.0,1.0,1.0,1.0,0.6,0.4,1.0,1.0,0.7666666666666667,1.0,0.7666666666666667,0.6444444444444445
2055,positional,yes,0,1.0,1.0,0.2727272727272727,0.5636363636363636,1.0,1.0,0.0,1.0,0.5151515151515151,1.0,0.5416666666666666,0.4666666666666667,0.675,0.4444444444444444
2056,attribute,yes,0,1.0,1.0,0.09090909090909091,0.8181818181818182,1.0,1.0,0.2,0.6,0.4805194805194805,1.0,0.6,0.5,0.7666666666666667,0.4666666666666667
2057,object,yes,0,1.0,1.0,1.0,1.0,1.0,1.0,0.2,0.6,1.0,1.0,0.6,1.0,0.6,0.4666666666666667
2058,object,yes,0,1.0,1.0,1.0,1.0,1.0,1.0,0.6,0.4,1.0,1.0,0.7666666666666667,1.0,0.7666666666666667,0.6444444444444445
2059,sentiment,yes,1,1.0,1.0,0.0,1.0,0.2,0.6,0.0,1.0,0.47619047619047616,0.6,0.5416666666666666,0.875,1.0,0.8
2060,positional,yes,0,0.0,1.0,1.0,1.0,0.2,0.6,1.0,1.0,0.47619047619047616,0.875,0.5416666666666666,0.6,1.0,0.4666666666666667
2061,counting,yes,0,0.2727272727272727,0.5636363636363636,1.0,1.0,0.4,0.4,1.0,1.0,0.5151515151515151,0.5416666666666666,0.4666666666666667,0.675,1.0,0.5333333333333333
2062,attribute,yes,0,0.7272727272727273,0.5636363636363636,1.0,1.0,1.0,1.0,0.6,0.4,0.7532467532467533,0.675,0.5416666666666666,1.0,0.7666666666666667,0.6444444444444445
2063,attribute,yes,0,1.0,1.0,0.0,1.0,1.0,1.0,0.0,1.0,0.47619047619047616,1.0,0.5416666666666666,0.5416666666666666,1.0,0.4444444444444444
2064,sentiment,yes,0,1.0,1.0,1.0,1.0,1.0,1.0,0.6,0.4,1.0,1.0,0.7666666666666667,1.0,0.7666666666666667,0.6444444444444445
2065,object,yes,0,1.0,1.0,0.45454545454545453,0.45454545454545453,1.0,1.0,0.0,1.0,0.5844155844155844,1.0,0.5416666666666666,0.5,0.5416666666666666,0.4444444444444444
2066,sentiment,yes,0,1.0,1.0,1.0,1.0,1.0,1.0,1.0,1.0,1.0,1.0,1.0,1.0,1.0,1.0
2067,object,yes,0,1.0,1.0,1.0,1.0,1.0,1.0,0.8,0.6,1.0,1.0,0.875,1.0,0.875,0.8
2068,object,yes,0,1.0,1.0,1.0,1.0,1.0,1.0,0.2,0.6,1.0,1.0,0.6,1.0,0.6,0.4666666666666667
2069,counting,yes,0,0.0,1.0,1.0,1.0,0.8,0.6,0.6,0.4,0.47619047619047616,0.6,0.675,0.875,0.7666666666666667,0.5333333333333333
2070,object,yes,0,1.0,1.0,0.0,1.0,1.0,1.0,0.0,1.0,0.47619047619047616,1.0,0.5416666666666666,0.5416666666666666,1.0,0.4444444444444444
2071,positional,yes,0,1.0,1.0,1.0,1.0,1.0,1.0,0.4,0.4,1.0,1.0,0.675,1.0,0.675,0.5333333333333333
2072,object,yes,0,1.0,1.0,0.7272727272727273,0.5636363636363636,1.0,1.0,0.4,0.4,0.7532467532467533,1.0,0.675,0.675,0.5,0.5333333333333333
2073,object,yes,0,0.9090909090909091,0.8181818181818182,1.0,1.0,1.0,1.0,0.2,0.6,0.9090909090909091,0.875,0.5416666666666666,1.0,0.6,0.4666666666666667
2075,object,yes,0,1.0,1.0,0.0,1.0,1.0,1.0,0.0,1.0,0.47619047619047616,1.0,0.5416666666666666,0.5416666666666666,1.0,0.4444444444444444
2076,counting,yes,1,1.0,1.0,0.0,1.0,0.8,0.6,0.0,1.0,0.47619047619047616,0.875,0.5416666666666666,0.6,1.0,0.4666666666666667
2077,object,yes,0,0.9090909090909091,0.8181818181818182,0.2727272727272727,0.5636363636363636,1.0,1.0,0.0,1.0,0.4935064935064935,0.875,0.5,0.4666666666666667,0.675,0.4444444444444444
2078,attribute,yes,0,0.6363636363636364,0.4909090909090909,1.0,1.0,1.0,1.0,0.8,0.6,0.6883116883116883,0.6,0.5416666666666666,1.0,0.875,0.8
2080,attribute,yes,0,1.0,1.0,0.9090909090909091,0.8181818181818182,1.0,1.0,0.2,0.6,0.9090909090909091,1.0,0.6,0.875,0.5416666666666666,0.4666666666666667
2081,positional,yes,0,1.0,1.0,0.0,1.0,1.0,1.0,0.0,1.0,0.47619047619047616,1.0,0.5416666666666666,0.5416666666666666,1.0,0.4444444444444444
2082,attribute,yes,0,1.0,1.0,0.0,1.0,1.0,1.0,0.0,1.0,0.47619047619047616,1.0,0.5416666666666666,0.5416666666666666,1.0,0.4444444444444444
2083,sentiment,yes,0,0.6363636363636364,0.4909090909090909,1.0,1.0,1.0,1.0,0.8,0.6,0.6883116883116883,0.6,0.5416666666666666,1.0,0.875,0.8
2084,sentiment,yes,1,1.0,1.0,0.0,1.0,0.6,0.4,0.6,0.4,0.47619047619047616,0.7666666666666667,0.7666666666666667,0.675,0.675,0.4666666666666667
2085,object,yes,0,1.0,1.0,1.0,1.0,1.0,1.0,0.4,0.4,1.0,1.0,0.675,1.0,0.675,0.5333333333333333
2086,attribute,yes,0,0.7272727272727273,0.5636363636363636,0.8181818181818182,0.6727272727272727,0.6,0.4,0.4,0.4,0.6320346320346321,0.5416666666666666,0.5,0.6,0.5416666666666666,0.4444444444444444
2087,positional,yes,0,1.0,1.0,1.0,1.0,1.0,1.0,1.0,1.0,1.0,1.0,1.0,1.0,1.0,1.0
2088,attribute,yes,0,1.0,1.0,1.0,1.0,1.0,1.0,1.0,1.0,1.0,1.0,1.0,1.0,1.0,1.0
2089,sentiment,yes,1,1.0,1.0,0.0,1.0,1.0,1.0,0.0,1.0,0.47619047619047616,1.0,0.5416666666666666,0.5416666666666666,1.0,0.4444444444444444
2091,object,yes,0,1.0,1.0,1.0,1.0,1.0,1.0,1.0,1.0,1.0,1.0,1.0,1.0,1.0,1.0
2092,positional,yes,0,1.0,1.0,0.09090909090909091,0.8181818181818182,1.0,1.0,0.0,1.0,0.4805194805194805,1.0,0.5416666666666666,0.5,0.875,0.4444444444444444
2093,counting,yes,0,1.0,1.0,0.36363636363636365,0.4909090909090909,1.0,1.0,0.0,1.0,0.5454545454545454,1.0,0.5416666666666666,0.475,0.6,0.4444444444444444
2094,attribute,yes,0,1.0,1.0,0.2727272727272727,0.5636363636363636,1.0,1.0,0.0,1.0,0.5151515151515151,1.0,0.5416666666666666,0.4666666666666667,0.675,0.4444444444444444
2095,object,yes,0,1.0,1.0,0.09090909090909091,0.8181818181818182,1.0,1.0,0.0,1.0,0.4805194805194805,1.0,0.5416666666666666,0.5,0.875,0.4444444444444444
2096,counting,yes,1,1.0,1.0,0.0,1.0,0.6,0.4,0.0,1.0,0.47619047619047616,0.7666666666666667,0.5416666666666666,0.675,1.0,0.5333333333333333
2097,attribute,yes,0,1.0,1.0,0.09090909090909091,0.8181818181818182,1.0,1.0,0.0,1.0,0.4805194805194805,1.0,0.5416666666666666,0.5,0.875,0.4444444444444444
2098,object,yes,0,1.0,1.0,1.0,1.0,1.0,1.0,0.8,0.6,1.0,1.0,0.875,1.0,0.875,0.8
2101,sentiment,yes,0,0.8181818181818182,0.6727272727272727,1.0,1.0,1.0,1.0,1.0,1.0,0.8268398268398268,0.7666666666666667,0.7666666666666667,1.0,1.0,1.0
2102,positional,yes,0,1.0,1.0,1.0,1.0,1.0,1.0,0.6,0.4,1.0,1.0,0.7666666666666667,1.0,0.7666666666666667,0.6444444444444445
2103,sentiment,yes,0,1.0,1.0,0.09090909090909091,0.8181818181818182,1.0,1.0,0.0,1.0,0.4805194805194805,1.0,0.5416666666666666,0.5,0.875,0.4444444444444444
2104,object,yes,0,1.0,1.0,1.0,1.0,1.0,1.0,0.4,0.4,1.0,1.0,0.675,1.0,0.675,0.5333333333333333
2105,object,yes,0,1.0,1.0,1.0,1.0,1.0,1.0,0.4,0.4,1.0,1.0,0.675,1.0,0.675,0.5333333333333333
2106,object,yes,0,1.0,1.0,0.36363636363636365,0.4909090909090909,1.0,1.0,0.2,0.6,0.5454545454545454,1.0,0.6,0.475,0.5416666666666666,0.4666666666666667
2107,attribute,yes,1,0.09090909090909091,0.8181818181818182,1.0,1.0,0.0,1.0,1.0,1.0,0.4805194805194805,0.875,0.5,0.5416666666666666,1.0,0.4444444444444444
2108,sentiment,yes,0,1.0,1.0,1.0,1.0,1.0,1.0,0.8,0.6,1.0,1.0,0.875,1.0,0.875,0.8
2109,object,yes,0,1.0,1.0,1.0,1.0,1.0,1.0,0.8,0.6,1.0,1.0,0.875,1.0,0.875,0.8
2110,attribute,yes,0,0.9090909090909091,0.8181818181818182,0.0,1.0,1.0,1.0,0.0,1.0,0.4805194805194805,0.875,0.5,0.5416666666666666,1.0,0.4444444444444444
2111,attribute,yes,0,0.9090909090909091,0.8181818181818182,0.2727272727272727,0.5636363636363636,1.0,1.0,0.2,0.6,0.4935064935064935,0.875,0.5416666666666666,0.4666666666666667,0.6,0.4666666666666667
2112,counting,yes,0,1.0,1.0,0.2727272727272727,0.5636363636363636,1.0,1.0,0.0,1.0,0.5151515151515151,1.0,0.5416666666666666,0.4666666666666667,0.675,0.4444444444444444
2113,object,yes,0,1.0,1.0,0.18181818181818182,0.6727272727272727,1.0,1.0,0.0,1.0,0.4935064935064935,1.0,0.5416666666666666,0.475,0.7666666666666667,0.4444444444444444
2114,sentiment,yes,1,0.8181818181818182,0.6727272727272727,0.0,1.0,0.4,0.4,0.4,0.4,0.4935064935064935,0.5416666666666666,0.5416666666666666,0.7666666666666667,0.7666666666666667,0.4666666666666667
2115,counting,yes,0,1.0,1.0,0.9090909090909091,0.8181818181818182,1.0,1.0,0.4,0.4,0.9090909090909091,1.0,0.675,0.875,0.6,0.5333333333333333
2116,attribute,yes,1,0.18181818181818182,0.6727272727272727,0.36363636363636365,0.4909090909090909,0.0,1.0,1.0,1.0,0.5844155844155844,0.7666666666666667,0.475,0.6,0.475,0.4444444444444444
2117,counting,yes,0,0.7272727272727273,0.5636363636363636,1.0,1.0,1.0,1.0,0.6,0.4,0.7532467532467533,0.675,0.5416666666666666,1.0,0.7666666666666667,0.6444444444444445
2118,attribute,yes,0,1.0,1.0,0.0,1.0,0.8,0.6,0.0,1.0,0.47619047619047616,0.875,0.5416666666666666,0.6,1.0,0.4666666666666667
2119,object,yes,0,1.0,1.0,1.0,1.0,1.0,1.0,0.2,0.6,1.0,1.0,0.6,1.0,0.6,0.4666666666666667
2120,positional,yes,0,1.0,1.0,0.09090909090909091,0.8181818181818182,1.0,1.0,0.0,1.0,0.4805194805194805,1.0,0.5416666666666666,0.5,0.875,0.4444444444444444
2122,attribute,yes,0,1.0,1.0,0.36363636363636365,0.4909090909090909,1.0,1.0,0.0,1.0,0.5454545454545454,1.0,0.5416666666666666,0.475,0.6,0.4444444444444444
2123,counting,yes,0,0.9090909090909091,0.8181818181818182,0.0,1.0,1.0,1.0,0.0,1.0,0.4805194805194805,0.875,0.5,0.5416666666666666,1.0,0.4444444444444444
2124,attribute,yes,0,1.0,1.0,0.5454545454545454,0.45454545454545453,1.0,1.0,0.4,0.4,0.6320346320346321,1.0,0.675,0.5416666666666666,0.4666666666666667,0.5333333333333333
2125,attribute,yes,1,0.09090909090909091,0.8181818181818182,1.0,1.0,0.0,1.0,0.8,0.6,0.4805194805194805,0.875,0.5416666666666666,0.5416666666666666,0.875,0.4666666666666667
2126,object,yes,0,1.0,1.0,0.6363636363636364,0.4909090909090909,1.0,1.0,0.0,1.0,0.6883116883116883,1.0,0.5416666666666666,0.6,0.475,0.4444444444444444
2127,attribute,yes,0,1.0,1.0,1.0,1.0,1.0,1.0,0.8,0.6,1.0,1.0,0.875,1.0,0.875,0.8
2128,object,yes,0,1.0,1.0,1.0,1.0,1.0,1.0,0.2,0.6,1.0,1.0,0.6,1.0,0.6,0.4666666666666667
2129,sentiment,yes,0,1.0,1.0,1.0,1.0,1.0,1.0,1.0,1.0,1.0,1.0,1.0,1.0,1.0,1.0
2130,counting,yes,1,0.0,1.0,0.0,1.0,0.0,1.0,0.6,0.4,1.0,1.0,0.675,1.0,0.675,0.5333333333333333
2132,object,yes,0,0.7272727272727273,0.5636363636363636,1.0,1.0,1.0,1.0,1.0,1.0,0.7532467532467533,0.675,0.675,1.0,1.0,1.0
2133,counting,yes,0,1.0,1.0,0.36363636363636365,0.4909090909090909,1.0,1.0,0.0,1.0,0.5454545454545454,1.0,0.5416666666666666,0.475,0.6,0.4444444444444444
2134,positional,yes,0,1.0,1.0,0.09090909090909091,0.8181818181818182,1.0,1.0,0.0,1.0,0.4805194805194805,1.0,0.5416666666666666,0.5,0.875,0.4444444444444444
2135,counting,yes,0,0.0,1.0,1.0,1.0,0.6,0.4,0.4,0.4,0.47619047619047616,0.675,0.7666666666666667,0.7666666666666667,0.675,0.4444444444444444
2136,object,yes,0,1.0,1.0,1.0,1.0,1.0,1.0,0.4,0.4,1.0,1.0,0.675,1.0,0.675,0.5333333333333333
2137,positional,yes,0,1.0,1.0,1.0,1.0,1.0,1.0,0.2,0.6,1.0,1.0,0.6,1.0,0.6,0.4666666666666667
2139,counting,yes,0,1.0,1.0,0.18181818181818182,0.6727272727272727,1.0,1.0,0.0,1.0,0.4935064935064935,1.0,0.5416666666666666,0.475,0.7666666666666667,0.4444444444444444
2141,object,yes,0,0.7272727272727273,0.5636363636363636,1.0,1.0,1.0,1.0,0.8,0.6,0.7532467532467533,0.675,0.6,1.0,0.875,0.8
2143,object,yes,0,1.0,1.0,1.0,1.0,1.0,1.0,0.4,0.4,1.0,1.0,0.675,1.0,0.675,0.5333333333333333
2144,object,yes,0,1.0,1.0,0.9090909090909091,0.8181818181818182,1.0,1.0,0.6,0.4,0.9090909090909091,1.0,0.7666666666666667,0.875,0.675,0.6444444444444445
2145,attribute,yes,1,0.2727272727272727,0.5636363636363636,0.9090909090909091,0.8181818181818182,0.0,1.0,1.0,1.0,0.4935064935064935,0.675,0.4666666666666667,0.5,0.875,0.4444444444444444
2146,object,yes,0,0.9090909090909091,0.8181818181818182,1.0,1.0,1.0,1.0,1.0,1.0,0.9090909090909091,0.875,0.875,1.0,1.0,1.0
2147,attribute,yes,1,0.0,1.0,0.0,1.0,0.0,1.0,0.2,0.6,1.0,1.0,0.875,1.0,0.875,0.8
2148,counting,yes,0,1.0,1.0,1.0,1.0,1.0,1.0,0.4,0.4,1.0,1.0,0.675,1.0,0.675,0.5333333333333333
2149,object,yes,0,1.0,1.0,1.0,1.0,1.0,1.0,1.0,1.0,1.0,1.0,1.0,1.0,1.0,1.0
2150,object,yes,0,1.0,1.0,1.0,1.0,1.0,1.0,0.8,0.6,1.0,1.0,0.875,1.0,0.875,0.8
2151,positional,yes,0,1.0,1.0,0.0,1.0,1.0,1.0,0.0,1.0,0.47619047619047616,1.0,0.5416666666666666,0.5416666666666666,1.0,0.4444444444444444
2152,counting,yes,0,1.0,1.0,0.09090909090909091,0.8181818181818182,1.0,1.0,0.0,1.0,0.4805194805194805,1.0,0.5416666666666666,0.5,0.875,0.4444444444444444
2153,counting,yes,0,1.0,1.0,1.0,1.0,1.0,1.0,1.0,1.0,1.0,1.0,1.0,1.0,1.0,1.0
2154,sentiment,yes,0,1.0,1.0,0.7272727272727273,0.5636363636363636,1.0,1.0,0.2,0.6,0.7532467532467533,1.0,0.6,0.675,0.475,0.4666666666666667
2155,counting,yes,0,0.8181818181818182,0.6727272727272727,0.36363636363636365,0.4909090909090909,0.8,0.6,0.6,0.4,0.4935064935064935,0.675,0.6,0.4666666666666667,0.475,0.5333333333333333
2156,object,yes,0,0.9090909090909091,0.8181818181818182,1.0,1.0,1.0,1.0,0.4,0.4,0.9090909090909091,0.875,0.6,1.0,0.675,0.5333333333333333
2158,positional,yes,0,0.9090909090909091,0.8181818181818182,0.18181818181818182,0.6727272727272727,1.0,1.0,0.0,1.0,0.4805194805194805,0.875,0.5,0.475,0.7666666666666667,0.4444444444444444
2159,counting,yes,0,1.0,1.0,0.09090909090909091,0.8181818181818182,1.0,1.0,0.0,1.0,0.4805194805194805,1.0,0.5416666666666666,0.5,0.875,0.4444444444444444
2160,object,yes,0,1.0,1.0,1.0,1.0,1.0,1.0,0.8,0.6,1.0,1.0,0.875,1.0,0.875,0.8
2161,attribute,yes,0,1.0,1.0,1.0,1.0,1.0,1.0,0.8,0.6,1.0,1.0,0.875,1.0,0.875,0.8
2163,positional,yes,0,1.0,1.0,1.0,1.0,1.0,1.0,0.2,0.6,1.0,1.0,0.6,1.0,0.6,0.4666666666666667
2165,counting,yes,0,1.0,1.0,0.36363636363636365,0.4909090909090909,1.0,1.0,0.0,1.0,0.5454545454545454,1.0,0.5416666666666666,0.475,0.6,0.4444444444444444
2167,sentiment,yes,0,1.0,1.0,0.0,1.0,1.0,1.0,0.0,1.0,0.47619047619047616,1.0,0.5416666666666666,0.5416666666666666,1.0,0.4444444444444444
2168,positional,yes,1,0.0,1.0,0.18181818181818182,0.6727272727272727,0.0,1.0,0.8,0.6,0.8268398268398268,1.0,0.6,0.7666666666666667,0.5,0.4666666666666667
2169,positional,yes,0,1.0,1.0,0.5454545454545454,0.45454545454545453,1.0,1.0,0.2,0.6,0.6320346320346321,1.0,0.6,0.5416666666666666,0.475,0.4666666666666667
2170,positional,yes,0,1.0,1.0,0.18181818181818182,0.6727272727272727,1.0,1.0,0.0,1.0,0.4935064935064935,1.0,0.5416666666666666,0.475,0.7666666666666667,0.4444444444444444
2172,object,yes,0,1.0,1.0,0.45454545454545453,0.45454545454545453,1.0,1.0,0.0,1.0,0.5844155844155844,1.0,0.5416666666666666,0.5,0.5416666666666666,0.4444444444444444
2173,attribute,yes,0,1.0,1.0,0.45454545454545453,0.45454545454545453,1.0,1.0,0.0,1.0,0.5844155844155844,1.0,0.5416666666666666,0.5,0.5416666666666666,0.4444444444444444
2175,attribute,yes,0,0.8181818181818182,0.6727272727272727,0.0,1.0,1.0,1.0,0.0,1.0,0.4935064935064935,0.7666666666666667,0.475,0.5416666666666666,1.0,0.4444444444444444
2176,attribute,yes,1,0.2727272727272727,0.5636363636363636,0.9090909090909091,0.8181818181818182,0.4,0.4,1.0,1.0,0.4935064935064935,0.5416666666666666,0.4666666666666667,0.6,0.875,0.5333333333333333
2177,positional,yes,0,1.0,1.0,0.0,1.0,1.0,1.0,0.0,1.0,0.47619047619047616,1.0,0.5416666666666666,0.5416666666666666,1.0,0.4444444444444444
2178,object,yes,0,1.0,1.0,0.45454545454545453,0.45454545454545453,1.0,1.0,0.4,0.4,0.5844155844155844,1.0,0.675,0.5,0.475,0.5333333333333333
2179,object,yes,0,1.0,1.0,1.0,1.0,1.0,1.0,0.8,0.6,1.0,1.0,0.875,1.0,0.875,0.8
2180,object,yes,0,1.0,1.0,1.0,1.0,1.0,1.0,0.6,0.4,1.0,1.0,0.7666666666666667,1.0,0.7666666666666667,0.6444444444444445
2181,object,yes,0,0.6363636363636364,0.4909090909090909,1.0,1.0,0.6,0.4,0.4,0.4,0.6883116883116883,0.5,0.475,0.7666666666666667,0.675,0.4444444444444444
2182,attribute,yes,1,0.0,1.0,1.0,1.0,0.2,0.6,1.0,1.0,0.47619047619047616,0.875,0.5416666666666666,0.6,1.0,0.4666666666666667
2183,counting,yes,0,1.0,1.0,1.0,1.0,1.0,1.0,0.4,0.4,1.0,1.0,0.675,1.0,0.675,0.5333333333333333
2184,counting,yes,0,0.9090909090909091,0.8181818181818182,1.0,1.0,1.0,1.0,0.6,0.4,0.9090909090909091,0.875,0.675,1.0,0.7666666666666667,0.6444444444444445
2185,object,yes,0,1.0,1.0,1.0,1.0,1.0,1.0,1.0,1.0,1.0,1.0,1.0,1.0,1.0,1.0
2187,counting,yes,0,0.0,1.0,1.0,1.0,0.2,0.6,0.8,0.6,0.47619047619047616,0.875,0.6,0.6,0.875,0.4444444444444444
2188,object,yes,0,0.9090909090909091,0.8181818181818182,1.0,1.0,1.0,1.0,0.6,0.4,0.9090909090909091,0.875,0.675,1.0,0.7666666666666667,0.6444444444444445
2189,positional,yes,0,1.0,1.0,0.2727272727272727,0.5636363636363636,1.0,1.0,0.0,1.0,0.5151515151515151,1.0,0.5416666666666666,0.4666666666666667,0.675,0.4444444444444444
2190,object,yes,0,1.0,1.0,0.18181818181818182,0.6727272727272727,1.0,1.0,0.0,1.0,0.4935064935064935,1.0,0.5416666666666666,0.475,0.7666666666666667,0.4444444444444444
2191,counting,yes,0,1.0,1.0,0.09090909090909091,0.8181818181818182,1.0,1.0,0.0,1.0,0.4805194805194805,1.0,0.5416666666666666,0.5,0.875,0.4444444444444444
2193,object,yes,0,0.7272727272727273,0.5636363636363636,1.0,1.0,1.0,1.0,1.0,1.0,0.7532467532467533,0.675,0.675,1.0,1.0,1.0
2194,object,yes,0,1.0,1.0,0.45454545454545453,0.45454545454545453,1.0,1.0,0.0,1.0,0.5844155844155844,1.0,0.5416666666666666,0.5,0.5416666666666666,0.4444444444444444
2195,object,yes,0,1.0,1.0,1.0,1.0,1.0,1.0,0.8,0.6,1.0,1.0,0.875,1.0,0.875,0.8
2196,sentiment,yes,0,0.9090909090909091,0.8181818181818182,1.0,1.0,1.0,1.0,0.8,0.6,0.9090909090909091,0.875,0.7666666666666667,1.0,0.875,0.8
2197,counting,yes,0,1.0,1.0,0.0,1.0,1.0,1.0,0.2,0.6,0.47619047619047616,1.0,0.6,0.5416666666666666,0.875,0.4666666666666667
2201,attribute,yes,0,1.0,1.0,0.0,1.0,1.0,1.0,0.0,1.0,0.47619047619047616,1.0,0.5416666666666666,0.5416666666666666,1.0,0.4444444444444444
2202,object,yes,0,0.9090909090909091,0.8181818181818182,1.0,1.0,1.0,1.0,0.4,0.4,0.9090909090909091,0.875,0.6,1.0,0.675,0.5333333333333333
2203,counting,yes,0,1.0,1.0,1.0,1.0,1.0,1.0,0.8,0.6,1.0,1.0,0.875,1.0,0.875,0.8
2205,counting,yes,0,0.8181818181818182,0.6727272727272727,0.36363636363636365,0.4909090909090909,1.0,1.0,0.0,1.0,0.4935064935064935,0.7666666666666667,0.475,0.475,0.6,0.4444444444444444
2206,attribute,yes,0,0.8181818181818182,0.6727272727272727,0.8181818181818182,0.6727272727272727,1.0,1.0,0.0,1.0,0.6883116883116883,0.7666666666666667,0.475,0.7666666666666667,0.475,0.4444444444444444
2207,object,yes,0,1.0,1.0,1.0,1.0,1.0,1.0,0.4,0.4,1.0,1.0,0.675,1.0,0.675,0.5333333333333333
2208,sentiment,yes,1,0.0,1.0,0.9090909090909091,0.8181818181818182,0.0,1.0,1.0,1.0,0.4805194805194805,1.0,0.5416666666666666,0.5,0.875,0.4444444444444444
2209,attribute,yes,1,0.45454545454545453,0.45454545454545453,0.2727272727272727,0.5636363636363636,0.0,1.0,0.6,0.4,0.5151515151515151,0.5416666666666666,0.4666666666666667,0.675,0.5,0.5333333333333333
2210,attribute,yes,0,1.0,1.0,0.45454545454545453,0.45454545454545453,1.0,1.0,0.0,1.0,0.5844155844155844,1.0,0.5416666666666666,0.5,0.5416666666666666,0.4444444444444444
2212,attribute,yes,0,0.9090909090909091,0.8181818181818182,0.2727272727272727,0.5636363636363636,1.0,1.0,0.0,1.0,0.4935064935064935,0.875,0.5,0.4666666666666667,0.675,0.4444444444444444
2213,sentiment,yes,0,0.7272727272727273,0.5636363636363636,1.0,1.0,1.0,1.0,0.2,0.6,0.7532467532467533,0.675,0.475,1.0,0.6,0.4666666666666667
2214,attribute,yes,0,0.7272727272727273,0.5636363636363636,1.0,1.0,0.8,0.6,0.6,0.4,0.7532467532467533,0.6,0.5416666666666666,0.875,0.7666666666666667,0.5333333333333333
2215,object,yes,0,1.0,1.0,1.0,1.0,1.0,1.0,0.6,0.4,1.0,1.0,0.7666666666666667,1.0,0.7666666666666667,0.6444444444444445
2216,attribute,yes,0,0.7272727272727273,0.5636363636363636,0.2727272727272727,0.5636363636363636,1.0,1.0,0.0,1.0,0.47619047619047616,0.675,0.4666666666666667,0.4666666666666667,0.675,0.4444444444444444
2217,object,yes,0,0.45454545454545453,0.45454545454545453,1.0,1.0,0.6,0.4,1.0,1.0,0.5844155844155844,0.4666666666666667,0.5,0.7666666666666667,1.0,0.6444444444444445
2218,attribute,yes,0,0.0,1.0,0.45454545454545453,0.45454545454545453,0.8,0.6,0.2,0.6,0.6320346320346321,0.6,0.875,0.475,0.5,0.4444444444444444
2219,object,yes,0,0.45454545454545453,0.45454545454545453,1.0,1.0,0.6,0.4,0.8,0.6,0.5844155844155844,0.4666666666666667,0.475,0.7666666666666667,0.875,0.5333333333333333
2220,object,yes,0,1.0,1.0,0.0,1.0,1.0,1.0,0.0,1.0,0.47619047619047616,1.0,0.5416666666666666,0.5416666666666666,1.0,0.4444444444444444
2221,attribute,yes,1,1.0,1.0,0.0,1.0,1.0,1.0,0.8,0.6,0.47619047619047616,1.0,0.875,0.5416666666666666,0.6,0.8
2222,object,yes,0,1.0,1.0,1.0,1.0,1.0,1.0,0.8,0.6,1.0,1.0,0.875,1.0,0.875,0.8
2223,object,yes,1,0.8181818181818182,0.6727272727272727,0.0,1.0,0.8,0.6,0.0,1.0,0.4935064935064935,0.675,0.475,0.6,1.0,0.4666666666666667
2224,object,yes,0,1.0,1.0,1.0,1.0,1.0,1.0,0.8,0.6,1.0,1.0,0.875,1.0,0.875,0.8
2225,counting,yes,0,0.18181818181818182,0.6727272727272727,1.0,1.0,0.8,0.6,0.6,0.4,0.4935064935064935,0.5,0.5416666666666666,0.875,0.7666666666666667,0.5333333333333333
2226,positional,yes,0,1.0,1.0,0.2727272727272727,0.5636363636363636,1.0,1.0,0.0,1.0,0.5151515151515151,1.0,0.5416666666666666,0.4666666666666667,0.675,0.4444444444444444
2227,attribute,yes,0,1.0,1.0,0.0,1.0,1.0,1.0,0.0,1.0,0.47619047619047616,1.0,0.5416666666666666,0.5416666666666666,1.0,0.4444444444444444
2228,attribute,yes,0,1.0,1.0,0.09090909090909091,0.8181818181818182,1.0,1.0,0.0,1.0,0.4805194805194805,1.0,0.5416666666666666,0.5,0.875,0.4444444444444444
2229,positional,yes,0,0.36363636363636365,0.4909090909090909,1.0,1.0,0.8,0.6,0.6,0.4,0.5454545454545454,0.4666666666666667,0.475,0.875,0.7666666666666667,0.5333333333333333
2230,counting,yes,0,1.0,1.0,1.0,1.0,1.0,1.0,0.2,0.6,1.0,1.0,0.6,1.0,0.6,0.4666666666666667
2231,object,yes,0,1.0,1.0,1.0,1.0,1.0,1.0,0.4,0.4,1.0,1.0,0.675,1.0,0.675,0.5333333333333333
2232,object,yes,0,1.0,1.0,1.0,1.0,1.0,1.0,0.8,0.6,1.0,1.0,0.875,1.0,0.875,0.8
2233,object,yes,0,1.0,1.0,1.0,1.0,1.0,1.0,1.0,1.0,1.0,1.0,1.0,1.0,1.0,1.0
2234,sentiment,yes,0,1.0,1.0,1.0,1.0,1.0,1.0,1.0,1.0,1.0,1.0,1.0,1.0,1.0,1.0
2235,counting,yes,0,1.0,1.0,0.45454545454545453,0.45454545454545453,1.0,1.0,0.2,0.6,0.5844155844155844,1.0,0.6,0.5,0.5,0.4666666666666667
2236,object,yes,0,0.8181818181818182,0.6727272727272727,1.0,1.0,0.6,0.4,0.2,0.6,0.8268398268398268,0.6,0.5,0.7666666666666667,0.6,0.4666666666666667
2237,attribute,yes,0,1.0,1.0,0.0,1.0,1.0,1.0,0.0,1.0,0.47619047619047616,1.0,0.5416666666666666,0.5416666666666666,1.0,0.4444444444444444
2238,positional,yes,0,1.0,1.0,1.0,1.0,1.0,1.0,0.8,0.6,1.0,1.0,0.875,1.0,0.875,0.8
2240,object,yes,0,1.0,1.0,0.09090909090909091,0.8181818181818182,1.0,1.0,0.0,1.0,0.4805194805194805,1.0,0.5416666666666666,0.5,0.875,0.4444444444444444
2241,attribute,yes,0,0.5454545454545454,0.45454545454545453,0.09090909090909091,0.8181818181818182,1.0,1.0,0.0,1.0,0.5454545454545454,0.5416666666666666,0.5,0.5,0.875,0.4444444444444444
2242,positional,yes,0,1.0,1.0,0.9090909090909091,0.8181818181818182,1.0,1.0,0.4,0.4,0.9090909090909091,1.0,0.675,0.875,0.6,0.5333333333333333
2243,positional,yes,0,1.0,1.0,1.0,1.0,1.0,1.0,0.8,0.6,1.0,1.0,0.875,1.0,0.875,0.8
2244,positional,yes,0,1.0,1.0,0.2727272727272727,0.5636363636363636,1.0,1.0,0.0,1.0,0.5151515151515151,1.0,0.5416666666666666,0.4666666666666667,0.675,0.4444444444444444
2245,attribute,yes,0,1.0,1.0,0.18181818181818182,0.6727272727272727,1.0,1.0,0.6,0.4,0.4935064935064935,1.0,0.7666666666666667,0.475,0.5416666666666666,0.6444444444444445
2246,positional,yes,0,1.0,1.0,1.0,1.0,1.0,1.0,0.6,0.4,1.0,1.0,0.7666666666666667,1.0,0.7666666666666667,0.6444444444444445
2247,attribute,yes,0,0.7272727272727273,0.5636363636363636,0.09090909090909091,0.8181818181818182,1.0,1.0,0.0,1.0,0.4935064935064935,0.675,0.4666666666666667,0.5,0.875,0.4444444444444444
2248,positional,yes,0,1.0,1.0,0.09090909090909091,0.8181818181818182,1.0,1.0,0.0,1.0,0.4805194805194805,1.0,0.5416666666666666,0.5,0.875,0.4444444444444444
2249,object,yes,0,0.9090909090909091,0.8181818181818182,1.0,1.0,0.8,0.6,0.6,0.4,0.9090909090909091,0.7666666666666667,0.675,0.875,0.7666666666666667,0.5333333333333333
2250,object,yes,0,1.0,1.0,0.09090909090909091,0.8181818181818182,1.0,1.0,0.2,0.6,0.4805194805194805,1.0,0.6,0.5,0.7666666666666667,0.4666666666666667
2254,attribute,yes,0,1.0,1.0,0.09090909090909091,0.8181818181818182,1.0,1.0,0.0,1.0,0.4805194805194805,1.0,0.5416666666666666,0.5,0.875,0.4444444444444444
2255,object,yes,0,1.0,1.0,0.0,1.0,1.0,1.0,0.0,1.0,0.47619047619047616,1.0,0.5416666666666666,0.5416666666666666,1.0,0.4444444444444444
2256,object,yes,0,1.0,1.0,0.45454545454545453,0.45454545454545453,1.0,1.0,0.0,1.0,0.5844155844155844,1.0,0.5416666666666666,0.5,0.5416666666666666,0.4444444444444444
2257,sentiment,yes,0,1.0,1.0,1.0,1.0,1.0,1.0,0.8,0.6,1.0,1.0,0.875,1.0,0.875,0.8
2258,sentiment,yes,0,0.5454545454545454,0.45454545454545453,1.0,1.0,1.0,1.0,0.6,0.4,0.6320346320346321,0.5416666666666666,0.475,1.0,0.7666666666666667,0.6444444444444445
2259,counting,yes,0,1.0,1.0,1.0,1.0,1.0,1.0,0.6,0.4,1.0,1.0,0.7666666666666667,1.0,0.7666666666666667,0.6444444444444445
2260,object,yes,0,1.0,1.0,1.0,1.0,1.0,1.0,0.6,0.4,1.0,1.0,0.7666666666666667,1.0,0.7666666666666667,0.6444444444444445
2261,attribute,yes,1,0.18181818181818182,0.6727272727272727,0.0,1.0,0.2,0.6,0.6,0.4,0.8268398268398268,0.675,0.5416666666666666,0.875,0.675,0.4666666666666667
2262,object,yes,0,1.0,1.0,1.0,1.0,1.0,1.0,0.8,0.6,1.0,1.0,0.875,1.0,0.875,0.8
2263,object,yes,0,1.0,1.0,0.0,1.0,1.0,1.0,0.0,1.0,0.47619047619047616,1.0,0.5416666666666666,0.5416666666666666,1.0,0.4444444444444444
2264,object,yes,0,1.0,1.0,1.0,1.0,1.0,1.0,0.4,0.4,1.0,1.0,0.675,1.0,0.675,0.5333333333333333
2265,positional,yes,0,1.0,1.0,0.36363636363636365,0.4909090909090909,1.0,1.0,0.0,1.0,0.5454545454545454,1.0,0.5416666666666666,0.475,0.6,0.4444444444444444
2266,positional,yes,0,1.0,1.0,1.0,1.0,1.0,1.0,0.4,0.4,1.0,1.0,0.675,1.0,0.675,0.5333333333333333
2267,object,yes,0,1.0,1.0,0.09090909090909091,0.8181818181818182,1.0,1.0,0.2,0.6,0.4805194805194805,1.0,0.6,0.5,0.7666666666666667,0.4666666666666667
2269,positional,yes,0,1.0,1.0,1.0,1.0,1.0,1.0,0.2,0.6,1.0,1.0,0.6,1.0,0.6,0.4666666666666667
2270,object,yes,0,1.0,1.0,1.0,1.0,0.8,0.6,0.4,0.4,1.0,0.875,0.675,0.875,0.675,0.4666666666666667
2271,sentiment,yes,0,0.0,1.0,1.0,1.0,0.8,0.6,0.8,0.6,0.47619047619047616,0.6,0.6,0.875,0.875,0.6444444444444445
2272,attribute,yes,0,1.0,1.0,0.09090909090909091,0.8181818181818182,1.0,1.0,0.0,1.0,0.4805194805194805,1.0,0.5416666666666666,0.5,0.875,0.4444444444444444
2273,object,yes,1,0.0,1.0,1.0,1.0,0.2,0.6,1.0,1.0,0.47619047619047616,0.875,0.5416666666666666,0.6,1.0,0.4666666666666667
2275,object,yes,0,1.0,1.0,1.0,1.0,1.0,1.0,0.8,0.6,1.0,1.0,0.875,1.0,0.875,0.8
2276,positional,yes,0,1.0,1.0,0.36363636363636365,0.4909090909090909,1.0,1.0,0.2,0.6,0.5454545454545454,1.0,0.6,0.475,0.5416666666666666,0.4666666666666667
2280,counting,yes,0,1.0,1.0,1.0,1.0,1.0,1.0,0.2,0.6,1.0,1.0,0.6,1.0,0.6,0.4666666666666667
2281,positional,yes,0,1.0,1.0,0.09090909090909091,0.8181818181818182,1.0,1.0,0.0,1.0,0.4805194805194805,1.0,0.5416666666666666,0.5,0.875,0.4444444444444444
2282,object,yes,0,0.7272727272727273,0.5636363636363636,1.0,1.0,1.0,1.0,1.0,1.0,0.7532467532467533,0.675,0.675,1.0,1.0,1.0
2284,positional,yes,0,1.0,1.0,0.6363636363636364,0.4909090909090909,1.0,1.0,0.2,0.6,0.6883116883116883,1.0,0.6,0.6,0.4666666666666667,0.4666666666666667
2285,positional,yes,0,1.0,1.0,0.36363636363636365,0.4909090909090909,1.0,1.0,0.0,1.0,0.5454545454545454,1.0,0.5416666666666666,0.475,0.6,0.4444444444444444
2286,sentiment,yes,1,1.0,1.0,0.0,1.0,0.8,0.6,0.6,0.4,0.47619047619047616,0.875,0.7666666666666667,0.6,0.675,0.5333333333333333
2287,object,yes,0,1.0,1.0,1.0,1.0,1.0,1.0,0.4,0.4,1.0,1.0,0.675,1.0,0.675,0.5333333333333333
2288,sentiment,yes,0,0.8181818181818182,0.6727272727272727,0.0,1.0,1.0,1.0,0.2,0.6,0.4935064935064935,0.7666666666666667,0.5,0.5416666666666666,0.875,0.4666666666666667
2289,positional,yes,0,0.7272727272727273,0.5636363636363636,1.0,1.0,1.0,1.0,0.6,0.4,0.7532467532467533,0.675,0.5416666666666666,1.0,0.7666666666666667,0.6444444444444445
2290,positional,yes,0,1.0,1.0,0.36363636363636365,0.4909090909090909,1.0,1.0,0.0,1.0,0.5454545454545454,1.0,0.5416666666666666,0.475,0.6,0.4444444444444444
2291,object,yes,0,1.0,1.0,0.7272727272727273,0.5636363636363636,1.0,1.0,0.4,0.4,0.7532467532467533,1.0,0.675,0.675,0.5,0.5333333333333333
2292,positional,yes,0,1.0,1.0,0.5454545454545454,0.45454545454545453,1.0,1.0,0.0,1.0,0.6320346320346321,1.0,0.5416666666666666,0.5416666666666666,0.5,0.4444444444444444
2293,object,yes,0,1.0,1.0,1.0,1.0,1.0,1.0,0.6,0.4,1.0,1.0,0.7666666666666667,1.0,0.7666666666666667,0.6444444444444445
2294,attribute,yes,0,1.0,1.0,0.9090909090909091,0.8181818181818182,1.0,1.0,0.6,0.4,0.9090909090909091,1.0,0.7666666666666667,0.875,0.675,0.6444444444444445
2296,sentiment,yes,0,1.0,1.0,0.2727272727272727,0.5636363636363636,1.0,1.0,0.2,0.6,0.5151515151515151,1.0,0.6,0.4666666666666667,0.6,0.4666666666666667
2297,sentiment,yes,0,1.0,1.0,1.0,1.0,1.0,1.0,0.8,0.6,1.0,1.0,0.875,1.0,0.875,0.8
2298,attribute,yes,0,1.0,1.0,0.36363636363636365,0.4909090909090909,1.0,1.0,0.0,1.0,0.5454545454545454,1.0,0.5416666666666666,0.475,0.6,0.4444444444444444
2299,object,yes,0,1.0,1.0,0.18181818181818182,0.6727272727272727,1.0,1.0,0.2,0.6,0.4935064935064935,1.0,0.6,0.475,0.675,0.4666666666666667
2300,counting,yes,0,1.0,1.0,0.0,1.0,1.0,1.0,0.6,0.4,0.47619047619047616,1.0,0.7666666666666667,0.5416666666666666,0.675,0.6444444444444445
2301,counting,yes,0,1.0,1.0,0.09090909090909091,0.8181818181818182,1.0,1.0,0.0,1.0,0.4805194805194805,1.0,0.5416666666666666,0.5,0.875,0.4444444444444444
2302,positional,yes,0,1.0,1.0,0.18181818181818182,0.6727272727272727,1.0,1.0,0.0,1.0,0.4935064935064935,1.0,0.5416666666666666,0.475,0.7666666666666667,0.4444444444444444
2303,positional,yes,1,0.09090909090909091,0.8181818181818182,0.9090909090909091,0.8181818181818182,0.0,1.0,1.0,1.0,0.47619047619047616,0.875,0.5,0.5,0.875,0.4444444444444444
2304,positional,yes,0,1.0,1.0,1.0,1.0,1.0,1.0,0.2,0.6,1.0,1.0,0.6,1.0,0.6,0.4666666666666667
2305,counting,yes,0,1.0,1.0,0.7272727272727273,0.5636363636363636,1.0,1.0,0.6,0.4,0.7532467532467533,1.0,0.7666666666666667,0.675,0.5416666666666666,0.6444444444444445
2306,counting,yes,0,1.0,1.0,0.2727272727272727,0.5636363636363636,1.0,1.0,0.0,1.0,0.5151515151515151,1.0,0.5416666666666666,0.4666666666666667,0.675,0.4444444444444444
2307,object,yes,0,1.0,1.0,0.45454545454545453,0.45454545454545453,1.0,1.0,0.0,1.0,0.5844155844155844,1.0,0.5416666666666666,0.5,0.5416666666666666,0.4444444444444444
2308,object,yes,0,1.0,1.0,1.0,1.0,1.0,1.0,0.4,0.4,1.0,1.0,0.675,1.0,0.675,0.5333333333333333
2309,object,yes,1,1.0,1.0,0.0,1.0,0.6,0.4,0.6,0.4,0.47619047619047616,0.7666666666666667,0.7666666666666667,0.675,0.675,0.4666666666666667
2310,counting,yes,0,0.9090909090909091,0.8181818181818182,1.0,1.0,1.0,1.0,0.6,0.4,0.9090909090909091,0.875,0.675,1.0,0.7666666666666667,0.6444444444444445
2311,positional,yes,0,1.0,1.0,1.0,1.0,1.0,1.0,0.6,0.4,1.0,1.0,0.7666666666666667,1.0,0.7666666666666667,0.6444444444444445
2312,counting,yes,0,1.0,1.0,1.0,1.0,1.0,1.0,0.6,0.4,1.0,1.0,0.7666666666666667,1.0,0.7666666666666667,0.6444444444444445
2313,attribute,yes,0,0.9090909090909091,0.8181818181818182,0.18181818181818182,0.6727272727272727,1.0,1.0,0.2,0.6,0.4805194805194805,0.875,0.5416666666666666,0.475,0.675,0.4666666666666667
2315,attribute,yes,0,0.7272727272727273,0.5636363636363636,0.36363636363636365,0.4909090909090909,1.0,1.0,0.2,0.6,0.4805194805194805,0.675,0.475,0.475,0.5416666666666666,0.4666666666666667
2316,positional,yes,0,1.0,1.0,1.0,1.0,1.0,1.0,0.2,0.6,1.0,1.0,0.6,1.0,0.6,0.4666666666666667
2320,attribute,yes,0,0.6363636363636364,0.4909090909090909,0.0,1.0,1.0,1.0,0.0,1.0,0.5454545454545454,0.6,0.475,0.5416666666666666,1.0,0.4444444444444444
2321,object,yes,0,1.0,1.0,1.0,1.0,1.0,1.0,0.8,0.6,1.0,1.0,0.875,1.0,0.875,0.8
2322,object,yes,1,0.6363636363636364,0.4909090909090909,0.0,1.0,0.4,0.4,0.2,0.6,0.5454545454545454,0.475,0.4666666666666667,0.7666666666666667,0.875,0.5333333333333333
2323,positional,yes,0,1.0,1.0,1.0,1.0,1.0,1.0,1.0,1.0,1.0,1.0,1.0,1.0,1.0,1.0
2325,attribute,yes,1,0.6363636363636364,0.4909090909090909,0.9090909090909091,0.8181818181818182,0.4,0.4,1.0,1.0,0.6320346320346321,0.475,0.6,0.6,0.875,0.5333333333333333
2326,object,yes,0,1.0,1.0,1.0,1.0,1.0,1.0,0.6,0.4,1.0,1.0,0.7666666666666667,1.0,0.7666666666666667,0.6444444444444445
2327,attribute,yes,1,1.0,1.0,0.9090909090909091,0.8181818181818182,0.6,0.4,1.0,1.0,0.9090909090909091,0.7666666666666667,1.0,0.675,0.875,0.6444444444444445
2329,object,yes,0,1.0,1.0,1.0,1.0,1.0,1.0,1.0,1.0,1.0,1.0,1.0,1.0,1.0,1.0
2330,counting,yes,1,0.0,1.0,0.0,1.0,0.4,0.4,0.2,0.6,1.0,0.7666666666666667,0.875,0.7666666666666667,0.875,0.5333333333333333
2331,counting,yes,0,1.0,1.0,1.0,1.0,1.0,1.0,0.2,0.6,1.0,1.0,0.6,1.0,0.6,0.4666666666666667
2334,object,yes,0,1.0,1.0,1.0,1.0,1.0,1.0,0.8,0.6,1.0,1.0,0.875,1.0,0.875,0.8
2335,sentiment,yes,0,1.0,1.0,1.0,1.0,1.0,1.0,1.0,1.0,1.0,1.0,1.0,1.0,1.0,1.0
2336,attribute,yes,0,0.9090909090909091,0.8181818181818182,0.9090909090909091,0.8181818181818182,0.8,0.6,0.6,0.4,0.8268398268398268,0.7666666666666667,0.675,0.7666666666666667,0.675,0.5333333333333333
2337,object,yes,0,1.0,1.0,1.0,1.0,1.0,1.0,0.4,0.4,1.0,1.0,0.675,1.0,0.675,0.5333333333333333
2339,object,yes,0,1.0,1.0,1.0,1.0,1.0,1.0,1.0,1.0,1.0,1.0,1.0,1.0,1.0,1.0
2340,attribute,yes,1,0.0,1.0,0.9090909090909091,0.8181818181818182,0.0,1.0,1.0,1.0,0.4805194805194805,1.0,0.5416666666666666,0.5,0.875,0.4444444444444444
2341,positional,yes,0,1.0,1.0,1.0,1.0,1.0,1.0,0.8,0.6,1.0,1.0,0.875,1.0,0.875,0.8
2342,counting,yes,0,1.0,1.0,0.09090909090909091,0.8181818181818182,1.0,1.0,0.2,0.6,0.4805194805194805,1.0,0.6,0.5,0.7666666666666667,0.4666666666666667
2343,attribute,yes,1,0.9090909090909091,0.8181818181818182,0.7272727272727273,0.5636363636363636,0.2,0.6,0.8,0.6,0.6883116883116883,0.5416666666666666,0.7666666666666667,0.475,0.6,0.4444444444444444
2344,attribute,yes,1,0.0,1.0,0.0,1.0,0.0,1.0,0.6,0.4,1.0,1.0,0.675,1.0,0.675,0.5333333333333333
2345,object,yes,0,1.0,1.0,1.0,1.0,1.0,1.0,0.2,0.6,1.0,1.0,0.6,1.0,0.6,0.4666666666666667
2346,counting,yes,0,0.0,1.0,1.0,1.0,0.6,0.4,1.0,1.0,0.47619047619047616,0.675,0.5416666666666666,0.7666666666666667,1.0,0.6444444444444445
2347,object,yes,0,1.0,1.0,1.0,1.0,1.0,1.0,0.6,0.4,1.0,1.0,0.7666666666666667,1.0,0.7666666666666667,0.6444444444444445
2348,object,yes,0,1.0,1.0,1.0,1.0,1.0,1.0,0.2,0.6,1.0,1.0,0.6,1.0,0.6,0.4666666666666667
2350,object,yes,0,1.0,1.0,1.0,1.0,1.0,1.0,0.4,0.4,1.0,1.0,0.675,1.0,0.675,0.5333333333333333
2351,object,yes,0,1.0,1.0,0.45454545454545453,0.45454545454545453,1.0,1.0,0.0,1.0,0.5844155844155844,1.0,0.5416666666666666,0.5,0.5416666666666666,0.4444444444444444
2352,attribute,yes,1,0.5454545454545454,0.45454545454545453,0.0,1.0,0.4,0.4,0.4,0.4,0.5844155844155844,0.4666666666666667,0.4666666666666667,0.7666666666666667,0.7666666666666667,0.4666666666666667
2353,positional,yes,0,1.0,1.0,1.0,1.0,1.0,1.0,0.2,0.6,1.0,1.0,0.6,1.0,0.6,0.4666666666666667
2354,attribute,yes,1,0.9090909090909091,0.8181818181818182,1.0,1.0,0.2,0.6,1.0,1.0,0.9090909090909091,0.5416666666666666,0.875,0.6,1.0,0.4666666666666667
2355,positional,yes,0,0.36363636363636365,0.4909090909090909,1.0,1.0,0.6,0.4,0.8,0.6,0.5454545454545454,0.475,0.4666666666666667,0.7666666666666667,0.875,0.5333333333333333
2356,attribute,yes,0,1.0,1.0,0.5454545454545454,0.45454545454545453,1.0,1.0,0.0,1.0,0.6320346320346321,1.0,0.5416666666666666,0.5416666666666666,0.5,0.4444444444444444
2357,object,yes,0,1.0,1.0,0.7272727272727273,0.5636363636363636,1.0,1.0,0.4,0.4,0.7532467532467533,1.0,0.675,0.675,0.5,0.5333333333333333
2358,object,yes,0,0.9090909090909091,0.8181818181818182,1.0,1.0,1.0,1.0,0.6,0.4,0.9090909090909091,0.875,0.675,1.0,0.7666666666666667,0.6444444444444445
2359,attribute,yes,0,0.7272727272727273,0.5636363636363636,0.8181818181818182,0.6727272727272727,1.0,1.0,0.6,0.4,0.6320346320346321,0.675,0.5416666666666666,0.7666666666666667,0.6,0.6444444444444445
2360,positional,yes,0,1.0,1.0,0.09090909090909091,0.8181818181818182,1.0,1.0,0.2,0.6,0.4805194805194805,1.0,0.6,0.5,0.7666666666666667,0.4666666666666667
2361,counting,yes,0,1.0,1.0,1.0,1.0,1.0,1.0,0.4,0.4,1.0,1.0,0.675,1.0,0.675,0.5333333333333333
2362,object,yes,0,1.0,1.0,0.09090909090909091,0.8181818181818182,1.0,1.0,0.0,1.0,0.4805194805194805,1.0,0.5416666666666666,0.5,0.875,0.4444444444444444
2363,object,yes,0,1.0,1.0,0.0,1.0,1.0,1.0,0.0,1.0,0.47619047619047616,1.0,0.5416666666666666,0.5416666666666666,1.0,0.4444444444444444
2364,sentiment,yes,0,1.0,1.0,1.0,1.0,1.0,1.0,0.8,0.6,1.0,1.0,0.875,1.0,0.875,0.8
2365,counting,yes,0,1.0,1.0,0.36363636363636365,0.4909090909090909,1.0,1.0,0.2,0.6,0.5454545454545454,1.0,0.6,0.475,0.5416666666666666,0.4666666666666667
2366,attribute,yes,0,1.0,1.0,0.0,1.0,1.0,1.0,0.0,1.0,0.47619047619047616,1.0,0.5416666666666666,0.5416666666666666,1.0,0.4444444444444444
2367,positional,yes,0,0.9090909090909091,0.8181818181818182,1.0,1.0,1.0,1.0,0.4,0.4,0.9090909090909091,0.875,0.6,1.0,0.675,0.5333333333333333
2369,sentiment,yes,0,1.0,1.0,1.0,1.0,1.0,1.0,0.8,0.6,1.0,1.0,0.875,1.0,0.875,0.8
2370,attribute,yes,0,1.0,1.0,0.0,1.0,1.0,1.0,0.0,1.0,0.47619047619047616,1.0,0.5416666666666666,0.5416666666666666,1.0,0.4444444444444444
2371,counting,yes,0,0.0,1.0,1.0,1.0,0.8,0.6,0.6,0.4,0.47619047619047616,0.6,0.675,0.875,0.7666666666666667,0.5333333333333333
2372,positional,yes,0,0.8181818181818182,0.6727272727272727,1.0,1.0,1.0,1.0,1.0,1.0,0.8268398268398268,0.7666666666666667,0.7666666666666667,1.0,1.0,1.0
2373,object,yes,0,0.18181818181818182,0.6727272727272727,1.0,1.0,0.4,0.4,1.0,1.0,0.4935064935064935,0.6,0.475,0.675,1.0,0.5333333333333333
2374,attribute,yes,0,1.0,1.0,0.0,1.0,1.0,1.0,0.2,0.6,0.47619047619047616,1.0,0.6,0.5416666666666666,0.875,0.4666666666666667
2375,sentiment,yes,0,1.0,1.0,1.0,1.0,1.0,1.0,1.0,1.0,1.0,1.0,1.0,1.0,1.0,1.0
2376,attribute,yes,1,0.0,1.0,1.0,1.0,0.0,1.0,1.0,1.0,0.47619047619047616,1.0,0.5416666666666666,0.5416666666666666,1.0,0.4444444444444444
2377,object,yes,0,1.0,1.0,0.36363636363636365,0.4909090909090909,1.0,1.0,0.0,1.0,0.5454545454545454,1.0,0.5416666666666666,0.475,0.6,0.4444444444444444
2379,positional,yes,0,1.0,1.0,0.18181818181818182,0.6727272727272727,1.0,1.0,0.0,1.0,0.4935064935064935,1.0,0.5416666666666666,0.475,0.7666666666666667,0.4444444444444444
2381,counting,yes,0,1.0,1.0,0.36363636363636365,0.4909090909090909,1.0,1.0,0.0,1.0,0.5454545454545454,1.0,0.5416666666666666,0.475,0.6,0.4444444444444444
2384,attribute,yes,1,0.18181818181818182,0.6727272727272727,0.8181818181818182,0.6727272727272727,0.0,1.0,0.6,0.4,0.47619047619047616,0.7666666666666667,0.5416666666666666,0.475,0.6,0.5333333333333333
2385,positional,yes,0,1.0,1.0,1.0,1.0,1.0,1.0,0.8,0.6,1.0,1.0,0.875,1.0,0.875,0.8
2386,attribute,yes,0,1.0,1.0,0.45454545454545453,0.45454545454545453,1.0,1.0,0.0,1.0,0.5844155844155844,1.0,0.5416666666666666,0.5,0.5416666666666666,0.4444444444444444
2387,attribute,yes,0,1.0,1.0,1.0,1.0,1.0,1.0,1.0,1.0,1.0,1.0,1.0,1.0,1.0,1.0
2388,attribute,yes,1,0.36363636363636365,0.4909090909090909,0.0,1.0,0.0,1.0,0.2,0.6,0.6883116883116883,0.6,0.5416666666666666,1.0,0.875,0.8
2389,attribute,yes,0,0.9090909090909091,0.8181818181818182,1.0,1.0,1.0,1.0,0.6,0.4,0.9090909090909091,0.875,0.675,1.0,0.7666666666666667,0.6444444444444445
2390,sentiment,yes,1,0.09090909090909091,0.8181818181818182,0.0,1.0,0.0,1.0,0.0,1.0,0.9090909090909091,0.875,0.875,1.0,1.0,1.0
2391,counting,yes,0,1.0,1.0,1.0,1.0,1.0,1.0,0.4,0.4,1.0,1.0,0.675,1.0,0.675,0.5333333333333333
2392,object,yes,0,0.7272727272727273,0.5636363636363636,0.8181818181818182,0.6727272727272727,1.0,1.0,0.4,0.4,0.6320346320346321,0.675,0.5,0.7666666666666667,0.5416666666666666,0.5333333333333333
2393,sentiment,yes,0,1.0,1.0,0.09090909090909091,0.8181818181818182,1.0,1.0,0.2,0.6,0.4805194805194805,1.0,0.6,0.5,0.7666666666666667,0.4666666666666667
2394,object,yes,0,1.0,1.0,1.0,1.0,1.0,1.0,0.8,0.6,1.0,1.0,0.875,1.0,0.875,0.8
2395,object,yes,1,0.18181818181818182,0.6727272727272727,0.0,1.0,0.6,0.4,0.0,1.0,0.8268398268398268,0.5416666666666666,0.7666666666666667,0.675,1.0,0.5333333333333333
2396,object,yes,0,0.0,1.0,1.0,1.0,0.4,0.4,0.8,0.6,0.47619047619047616,0.7666666666666667,0.6,0.675,0.875,0.4666666666666667
2397,object,yes,0,0.7272727272727273,0.5636363636363636,0.7272727272727273,0.5636363636363636,0.6,0.4,0.4,0.4,0.5844155844155844,0.5416666666666666,0.5,0.5416666666666666,0.5,0.4444444444444444
2398,object,yes,0,1.0,1.0,0.2727272727272727,0.5636363636363636,1.0,1.0,0.0,1.0,0.5151515151515151,1.0,0.5416666666666666,0.4666666666666667,0.675,0.4444444444444444
2399,attribute,yes,0,1.0,1.0,0.0,1.0,1.0,1.0,0.0,1.0,0.47619047619047616,1.0,0.5416666666666666,0.5416666666666666,1.0,0.4444444444444444
2400,attribute,yes,0,1.0,1.0,0.7272727272727273,0.5636363636363636,1.0,1.0,0.0,1.0,0.7532467532467533,1.0,0.5416666666666666,0.675,0.4666666666666667,0.4444444444444444
2401,attribute,yes,0,1.0,1.0,1.0,1.0,1.0,1.0,1.0,1.0,1.0,1.0,1.0,1.0,1.0,1.0
2402,object,yes,0,1.0,1.0,0.9090909090909091,0.8181818181818182,1.0,1.0,0.0,1.0,0.9090909090909091,1.0,0.5416666666666666,0.875,0.5,0.4444444444444444
2403,attribute,yes,0,1.0,1.0,0.0,1.0,1.0,1.0,0.0,1.0,0.47619047619047616,1.0,0.5416666666666666,0.5416666666666666,1.0,0.4444444444444444
2404,attribute,yes,1,1.0,1.0,0.0,1.0,0.6,0.4,0.6,0.4,0.47619047619047616,0.7666666666666667,0.7666666666666667,0.675,0.675,0.4666666666666667
2405,counting,yes,0,1.0,1.0,0.45454545454545453,0.45454545454545453,1.0,1.0,0.4,0.4,0.5844155844155844,1.0,0.675,0.5,0.475,0.5333333333333333
2406,object,yes,1,0.9090909090909091,0.8181818181818182,0.0,1.0,0.6,0.4,0.4,0.4,0.4805194805194805,0.675,0.6,0.675,0.7666666666666667,0.4444444444444444
2408,positional,yes,0,0.8181818181818182,0.6727272727272727,1.0,1.0,1.0,1.0,0.4,0.4,0.8268398268398268,0.7666666666666667,0.5416666666666666,1.0,0.675,0.5333333333333333
2409,object,yes,0,0.5454545454545454,0.45454545454545453,1.0,1.0,0.6,0.4,1.0,1.0,0.6320346320346321,0.475,0.5416666666666666,0.7666666666666667,1.0,0.6444444444444445
2410,sentiment,yes,0,1.0,1.0,0.36363636363636365,0.4909090909090909,1.0,1.0,0.0,1.0,0.5454545454545454,1.0,0.5416666666666666,0.475,0.6,0.4444444444444444
2411,positional,yes,0,1.0,1.0,0.9090909090909091,0.8181818181818182,1.0,1.0,0.2,0.6,0.9090909090909091,1.0,0.6,0.875,0.5416666666666666,0.4666666666666667
2412,sentiment,yes,1,1.0,1.0,0.0,1.0,1.0,1.0,0.0,1.0,0.47619047619047616,1.0,0.5416666666666666,0.5416666666666666,1.0,0.4444444444444444
2413,object,yes,0,1.0,1.0,1.0,1.0,1.0,1.0,0.4,0.4,1.0,1.0,0.675,1.0,0.675,0.5333333333333333
2414,positional,yes,0,1.0,1.0,0.45454545454545453,0.45454545454545453,1.0,1.0,0.4,0.4,0.5844155844155844,1.0,0.675,0.5,0.475,0.5333333333333333
2415,object,yes,0,0.0,1.0,1.0,1.0,0.4,0.4,0.4,0.4,0.47619047619047616,0.7666666666666667,0.7666666666666667,0.675,0.675,0.4666666666666667
2416,object,yes,0,0.6363636363636364,0.4909090909090909,1.0,1.0,1.0,1.0,0.8,0.6,0.6883116883116883,0.6,0.5416666666666666,1.0,0.875,0.8
2418,attribute,yes,1,0.2727272727272727,0.5636363636363636,1.0,1.0,0.2,0.6,1.0,1.0,0.5151515151515151,0.6,0.4666666666666667,0.6,1.0,0.4666666666666667
2419,counting,yes,0,1.0,1.0,1.0,1.0,1.0,1.0,0.6,0.4,1.0,1.0,0.7666666666666667,1.0,0.7666666666666667,0.6444444444444445
2421,positional,yes,0,1.0,1.0,1.0,1.0,1.0,1.0,0.4,0.4,1.0,1.0,0.675,1.0,0.675,0.5333333333333333
2423,attribute,yes,0,0.9090909090909091,0.8181818181818182,0.0,1.0,1.0,1.0,0.0,1.0,0.4805194805194805,0.875,0.5,0.5416666666666666,1.0,0.4444444444444444
2424,attribute,yes,0,1.0,1.0,0.36363636363636365,0.4909090909090909,1.0,1.0,0.0,1.0,0.5454545454545454,1.0,0.5416666666666666,0.475,0.6,0.4444444444444444
2425,object,yes,0,1.0,1.0,1.0,1.0,1.0,1.0,0.4,0.4,1.0,1.0,0.675,1.0,0.675,0.5333333333333333
2426,object,yes,0,1.0,1.0,1.0,1.0,1.0,1.0,0.4,0.4,1.0,1.0,0.675,1.0,0.675,0.5333333333333333
2427,object,yes,0,1.0,1.0,0.0,1.0,1.0,1.0,0.0,1.0,0.47619047619047616,1.0,0.5416666666666666,0.5416666666666666,1.0,0.4444444444444444
2428,attribute,yes,0,0.7272727272727273,0.5636363636363636,0.0,1.0,1.0,1.0,0.0,1.0,0.5151515151515151,0.675,0.4666666666666667,0.5416666666666666,1.0,0.4444444444444444
2429,object,yes,0,1.0,1.0,1.0,1.0,0.8,0.6,0.4,0.4,1.0,0.875,0.675,0.875,0.675,0.4666666666666667
2430,object,yes,0,1.0,1.0,1.0,1.0,1.0,1.0,0.8,0.6,1.0,1.0,0.875,1.0,0.875,0.8
2431,attribute,yes,0,1.0,1.0,1.0,1.0,1.0,1.0,0.2,0.6,1.0,1.0,0.6,1.0,0.6,0.4666666666666667
2432,attribute,yes,0,0.7272727272727273,0.5636363636363636,0.18181818181818182,0.6727272727272727,1.0,1.0,0.0,1.0,0.4805194805194805,0.675,0.4666666666666667,0.475,0.7666666666666667,0.4444444444444444
2433,sentiment,yes,0,0.9090909090909091,0.8181818181818182,1.0,1.0,1.0,1.0,1.0,1.0,0.9090909090909091,0.875,0.875,1.0,1.0,1.0
2435,counting,yes,0,1.0,1.0,0.2727272727272727,0.5636363636363636,1.0,1.0,0.4,0.4,0.5151515151515151,1.0,0.675,0.4666666666666667,0.5416666666666666,0.5333333333333333
2436,object,yes,0,1.0,1.0,1.0,1.0,1.0,1.0,0.6,0.4,1.0,1.0,0.7666666666666667,1.0,0.7666666666666667,0.6444444444444445
2437,object,yes,0,1.0,1.0,0.8181818181818182,0.6727272727272727,1.0,1.0,0.2,0.6,0.8268398268398268,1.0,0.6,0.7666666666666667,0.5,0.4666666666666667
2438,counting,yes,1,0.9090909090909091,0.8181818181818182,0.0,1.0,0.8,0.6,0.0,1.0,0.4805194805194805,0.7666666666666667,0.5,0.6,1.0,0.4666666666666667
2439,object,yes,0,1.0,1.0,1.0,1.0,1.0,1.0,1.0,1.0,1.0,1.0,1.0,1.0,1.0,1.0
2440,attribute,yes,0,1.0,1.0,0.36363636363636365,0.4909090909090909,1.0,1.0,0.0,1.0,0.5454545454545454,1.0,0.5416666666666666,0.475,0.6,0.4444444444444444
2443,object,yes,0,1.0,1.0,1.0,1.0,1.0,1.0,0.4,0.4,1.0,1.0,0.675,1.0,0.675,0.5333333333333333
2444,object,yes,1,0.0,1.0,0.8181818181818182,0.6727272727272727,0.0,1.0,0.8,0.6,0.4935064935064935,1.0,0.6,0.475,0.675,0.4666666666666667
2445,object,yes,0,1.0,1.0,0.0,1.0,1.0,1.0,0.0,1.0,0.47619047619047616,1.0,0.5416666666666666,0.5416666666666666,1.0,0.4444444444444444
2446,attribute,yes,0,0.9090909090909091,0.8181818181818182,1.0,1.0,1.0,1.0,0.2,0.6,0.9090909090909091,0.875,0.5416666666666666,1.0,0.6,0.4666666666666667
2447,sentiment,yes,0,1.0,1.0,1.0,1.0,1.0,1.0,0.8,0.6,1.0,1.0,0.875,1.0,0.875,0.8
2448,counting,yes,0,1.0,1.0,1.0,1.0,1.0,1.0,0.6,0.4,1.0,1.0,0.7666666666666667,1.0,0.7666666666666667,0.6444444444444445
2449,attribute,yes,0,1.0,1.0,0.0,1.0,1.0,1.0,0.0,1.0,0.47619047619047616,1.0,0.5416666666666666,0.5416666666666666,1.0,0.4444444444444444
2452,object,yes,0,1.0,1.0,1.0,1.0,1.0,1.0,0.4,0.4,1.0,1.0,0.675,1.0,0.675,0.5333333333333333
2453,attribute,yes,1,0.0,1.0,0.9090909090909091,0.8181818181818182,0.0,1.0,1.0,1.0,0.4805194805194805,1.0,0.5416666666666666,0.5,0.875,0.4444444444444444
2455,attribute,yes,1,0.9090909090909091,0.8181818181818182,0.0,1.0,0.8,0.6,0.4,0.4,0.4805194805194805,0.7666666666666667,0.6,0.6,0.7666666666666667,0.4666666666666667
2456,positional,yes,0,1.0,1.0,1.0,1.0,1.0,1.0,0.4,0.4,1.0,1.0,0.675,1.0,0.675,0.5333333333333333
2458,object,yes,0,0.9090909090909091,0.8181818181818182,0.9090909090909091,0.8181818181818182,1.0,1.0,0.6,0.4,0.8268398268398268,0.875,0.675,0.875,0.675,0.6444444444444445
2459,object,yes,0,1.0,1.0,1.0,1.0,1.0,1.0,0.2,0.6,1.0,1.0,0.6,1.0,0.6,0.4666666666666667
2460,sentiment,yes,0,1.0,1.0,0.36363636363636365,0.4909090909090909,1.0,1.0,0.2,0.6,0.5454545454545454,1.0,0.6,0.475,0.5416666666666666,0.4666666666666667
2461,sentiment,yes,1,1.0,1.0,0.7272727272727273,0.5636363636363636,0.8,0.6,1.0,1.0,0.7532467532467533,0.875,1.0,0.6,0.675,0.8
2462,object,yes,0,1.0,1.0,0.09090909090909091,0.8181818181818182,1.0,1.0,0.2,0.6,0.4805194805194805,1.0,0.6,0.5,0.7666666666666667,0.4666666666666667
2464,attribute,yes,0,1.0,1.0,0.36363636363636365,0.4909090909090909,1.0,1.0,0.2,0.6,0.5454545454545454,1.0,0.6,0.475,0.5416666666666666,0.4666666666666667
2465,sentiment,yes,0,1.0,1.0,1.0,1.0,1.0,1.0,0.4,0.4,1.0,1.0,0.675,1.0,0.675,0.5333333333333333
2466,object,yes,0,1.0,1.0,0.9090909090909091,0.8181818181818182,1.0,1.0,0.2,0.6,0.9090909090909091,1.0,0.6,0.875,0.5416666666666666,0.4666666666666667
2467,sentiment,yes,0,0.0,1.0,1.0,1.0,0.6,0.4,1.0,1.0,0.47619047619047616,0.675,0.5416666666666666,0.7666666666666667,1.0,0.6444444444444445
2468,object,yes,0,1.0,1.0,0.7272727272727273,0.5636363636363636,1.0,1.0,0.4,0.4,0.7532467532467533,1.0,0.675,0.675,0.5,0.5333333333333333
2469,object,yes,0,1.0,1.0,1.0,1.0,1.0,1.0,0.8,0.6,1.0,1.0,0.875,1.0,0.875,0.8
2470,sentiment,yes,0,1.0,1.0,1.0,1.0,1.0,1.0,1.0,1.0,1.0,1.0,1.0,1.0,1.0,1.0
2472,object,yes,0,1.0,1.0,1.0,1.0,1.0,1.0,0.8,0.6,1.0,1.0,0.875,1.0,0.875,0.8
2474,counting,yes,0,0.2727272727272727,0.5636363636363636,1.0,1.0,0.8,0.6,0.4,0.4,0.5151515151515151,0.475,0.5416666666666666,0.875,0.675,0.4666666666666667
2475,attribute,yes,0,1.0,1.0,0.0,1.0,1.0,1.0,0.0,1.0,0.47619047619047616,1.0,0.5416666666666666,0.5416666666666666,1.0,0.4444444444444444
2476,attribute,yes,0,1.0,1.0,1.0,1.0,1.0,1.0,0.4,0.4,1.0,1.0,0.675,1.0,0.675,0.5333333333333333
2477,attribute,yes,0,1.0,1.0,1.0,1.0,1.0,1.0,0.8,0.6,1.0,1.0,0.875,1.0,0.875,0.8
2478,attribute,yes,0,1.0,1.0,1.0,1.0,1.0,1.0,0.2,0.6,1.0,1.0,0.6,1.0,0.6,0.4666666666666667
2479,attribute,yes,0,1.0,1.0,0.0,1.0,1.0,1.0,0.0,1.0,0.47619047619047616,1.0,0.5416666666666666,0.5416666666666666,1.0,0.4444444444444444
2480,sentiment,yes,0,1.0,1.0,0.09090909090909091,0.8181818181818182,1.0,1.0,0.4,0.4,0.4805194805194805,1.0,0.675,0.5,0.675,0.5333333333333333
2481,counting,yes,0,1.0,1.0,0.36363636363636365,0.4909090909090909,1.0,1.0,0.0,1.0,0.5454545454545454,1.0,0.5416666666666666,0.475,0.6,0.4444444444444444
2482,counting,yes,0,1.0,1.0,0.0,1.0,1.0,1.0,0.0,1.0,0.47619047619047616,1.0,0.5416666666666666,0.5416666666666666,1.0,0.4444444444444444
2483,attribute,yes,0,1.0,1.0,0.0,1.0,1.0,1.0,0.0,1.0,0.47619047619047616,1.0,0.5416666666666666,0.5416666666666666,1.0,0.4444444444444444
2485,attribute,yes,1,0.7272727272727273,0.5636363636363636,0.9090909090909091,0.8181818181818182,0.2,0.6,1.0,1.0,0.6883116883116883,0.475,0.675,0.5416666666666666,0.875,0.4666666666666667
2486,object,yes,0,1.0,1.0,0.0,1.0,1.0,1.0,0.0,1.0,0.47619047619047616,1.0,0.5416666666666666,0.5416666666666666,1.0,0.4444444444444444
2487,attribute,yes,1,0.0,1.0,1.0,1.0,0.0,1.0,1.0,1.0,0.47619047619047616,1.0,0.5416666666666666,0.5416666666666666,1.0,0.4444444444444444
2488,positional,yes,0,0.9090909090909091,0.8181818181818182,0.09090909090909091,0.8181818181818182,1.0,1.0,0.0,1.0,0.47619047619047616,0.875,0.5,0.5,0.875,0.4444444444444444
2489,counting,yes,0,1.0,1.0,1.0,1.0,0.8,0.6,0.4,0.4,1.0,0.875,0.675,0.875,0.675,0.4666666666666667
2490,object,yes,0,1.0,1.0,0.0,1.0,1.0,1.0,0.0,1.0,0.47619047619047616,1.0,0.5416666666666666,0.5416666666666666,1.0,0.4444444444444444
2491,attribute,yes,0,1.0,1.0,0.5454545454545454,0.45454545454545453,1.0,1.0,0.2,0.6,0.6320346320346321,1.0,0.6,0.5416666666666666,0.475,0.4666666666666667
2492,positional,yes,0,1.0,1.0,0.09090909090909091,0.8181818181818182,1.0,1.0,0.0,1.0,0.4805194805194805,1.0,0.5416666666666666,0.5,0.875,0.4444444444444444
2493,counting,yes,0,1.0,1.0,1.0,1.0,1.0,1.0,1.0,1.0,1.0,1.0,1.0,1.0,1.0,1.0
2494,positional,yes,0,1.0,1.0,1.0,1.0,1.0,1.0,0.4,0.4,1.0,1.0,0.675,1.0,0.675,0.5333333333333333
2496,sentiment,yes,0,0.9090909090909091,0.8181818181818182,0.9090909090909091,0.8181818181818182,1.0,1.0,0.6,0.4,0.8268398268398268,0.875,0.675,0.875,0.675,0.6444444444444445
2497,counting,yes,0,1.0,1.0,0.9090909090909091,0.8181818181818182,1.0,1.0,0.2,0.6,0.9090909090909091,1.0,0.6,0.875,0.5416666666666666,0.4666666666666667
2498,attribute,yes,0,1.0,1.0,0.0,1.0,1.0,1.0,0.0,1.0,0.47619047619047616,1.0,0.5416666666666666,0.5416666666666666,1.0,0.4444444444444444
2499,object,yes,0,0.7272727272727273,0.5636363636363636,0.2727272727272727,0.5636363636363636,1.0,1.0,0.0,1.0,0.47619047619047616,0.675,0.4666666666666667,0.4666666666666667,0.675,0.4444444444444444
2501,attribute,yes,0,0.8181818181818182,0.6727272727272727,1.0,1.0,1.0,1.0,0.2,0.6,0.8268398268398268,0.7666666666666667,0.5,1.0,0.6,0.4666666666666667
2502,counting,yes,0,1.0,1.0,0.0,1.0,1.0,1.0,0.0,1.0,0.47619047619047616,1.0,0.5416666666666666,0.5416666666666666,1.0,0.4444444444444444
2503,object,yes,0,1.0,1.0,0.0,1.0,1.0,1.0,0.0,1.0,0.47619047619047616,1.0,0.5416666666666666,0.5416666666666666,1.0,0.4444444444444444
2504,positional,yes,0,1.0,1.0,1.0,1.0,0.8,0.6,0.4,0.4,1.0,0.875,0.675,0.875,0.675,0.4666666666666667
2506,counting,yes,0,1.0,1.0,0.9090909090909091,0.8181818181818182,1.0,1.0,0.4,0.4,0.9090909090909091,1.0,0.675,0.875,0.6,0.5333333333333333
2508,object,yes,0,1.0,1.0,0.5454545454545454,0.45454545454545453,1.0,1.0,0.2,0.6,0.6320346320346321,1.0,0.6,0.5416666666666666,0.475,0.4666666666666667
2509,counting,yes,0,1.0,1.0,0.45454545454545453,0.45454545454545453,1.0,1.0,0.2,0.6,0.5844155844155844,1.0,0.6,0.5,0.5,0.4666666666666667
2510,object,yes,0,1.0,1.0,1.0,1.0,1.0,1.0,0.6,0.4,1.0,1.0,0.7666666666666667,1.0,0.7666666666666667,0.6444444444444445
2511,sentiment,yes,1,1.0,1.0,0.5454545454545454,0.45454545454545453,1.0,1.0,0.8,0.6,0.6320346320346321,1.0,0.875,0.5416666666666666,0.5,0.8
2513,object,yes,0,1.0,1.0,1.0,1.0,0.8,0.6,0.6,0.4,1.0,0.875,0.7666666666666667,0.875,0.7666666666666667,0.5333333333333333
2514,attribute,yes,0,0.6363636363636364,0.4909090909090909,0.9090909090909091,0.8181818181818182,0.8,0.6,1.0,1.0,0.6320346320346321,0.5416666666666666,0.6,0.7666666666666667,0.875,0.8
2515,attribute,yes,0,1.0,1.0,0.0,1.0,1.0,1.0,0.0,1.0,0.47619047619047616,1.0,0.5416666666666666,0.5416666666666666,1.0,0.4444444444444444
2516,positional,yes,0,1.0,1.0,0.8181818181818182,0.6727272727272727,1.0,1.0,0.0,1.0,0.8268398268398268,1.0,0.5416666666666666,0.7666666666666667,0.475,0.4444444444444444
2517,attribute,yes,0,1.0,1.0,0.09090909090909091,0.8181818181818182,1.0,1.0,0.2,0.6,0.4805194805194805,1.0,0.6,0.5,0.7666666666666667,0.4666666666666667
2518,positional,yes,0,1.0,1.0,1.0,1.0,1.0,1.0,0.2,0.6,1.0,1.0,0.6,1.0,0.6,0.4666666666666667
2519,positional,yes,0,1.0,1.0,0.18181818181818182,0.6727272727272727,1.0,1.0,0.0,1.0,0.4935064935064935,1.0,0.5416666666666666,0.475,0.7666666666666667,0.4444444444444444
2520,counting,yes,0,1.0,1.0,1.0,1.0,1.0,1.0,0.4,0.4,1.0,1.0,0.675,1.0,0.675,0.5333333333333333
2522,sentiment,yes,0,1.0,1.0,0.7272727272727273,0.5636363636363636,1.0,1.0,0.4,0.4,0.7532467532467533,1.0,0.675,0.675,0.5,0.5333333333333333
2523,object,yes,0,1.0,1.0,1.0,1.0,1.0,1.0,0.2,0.6,1.0,1.0,0.6,1.0,0.6,0.4666666666666667
2524,attribute,yes,0,1.0,1.0,0.0,1.0,1.0,1.0,0.0,1.0,0.47619047619047616,1.0,0.5416666666666666,0.5416666666666666,1.0,0.4444444444444444
2525,object,yes,0,1.0,1.0,1.0,1.0,1.0,1.0,0.4,0.4,1.0,1.0,0.675,1.0,0.675,0.5333333333333333
2526,object,yes,0,1.0,1.0,0.18181818181818182,0.6727272727272727,1.0,1.0,0.0,1.0,0.4935064935064935,1.0,0.5416666666666666,0.475,0.7666666666666667,0.4444444444444444
2527,sentiment,yes,0,1.0,1.0,1.0,1.0,1.0,1.0,0.8,0.6,1.0,1.0,0.875,1.0,0.875,0.8
2529,attribute,yes,0,1.0,1.0,0.45454545454545453,0.45454545454545453,1.0,1.0,0.0,1.0,0.5844155844155844,1.0,0.5416666666666666,0.5,0.5416666666666666,0.4444444444444444
2531,object,yes,0,1.0,1.0,1.0,1.0,1.0,1.0,0.4,0.4,1.0,1.0,0.675,1.0,0.675,0.5333333333333333
2532,sentiment,yes,1,0.6363636363636364,0.4909090909090909,1.0,1.0,0.2,0.6,0.8,0.6,0.6883116883116883,0.4666666666666667,0.5416666666666666,0.6,0.875,0.4444444444444444
2533,object,yes,0,1.0,1.0,0.18181818181818182,0.6727272727272727,1.0,1.0,0.0,1.0,0.4935064935064935,1.0,0.5416666666666666,0.475,0.7666666666666667,0.4444444444444444
2534,object,yes,0,0.2727272727272727,0.5636363636363636,1.0,1.0,0.2,0.6,0.8,0.6,0.5151515151515151,0.6,0.475,0.6,0.875,0.4444444444444444
2536,object,yes,0,1.0,1.0,1.0,1.0,1.0,1.0,0.8,0.6,1.0,1.0,0.875,1.0,0.875,0.8
2537,object,yes,0,1.0,1.0,1.0,1.0,1.0,1.0,0.8,0.6,1.0,1.0,0.875,1.0,0.875,0.8
2538,positional,yes,0,1.0,1.0,0.09090909090909091,0.8181818181818182,1.0,1.0,0.0,1.0,0.4805194805194805,1.0,0.5416666666666666,0.5,0.875,0.4444444444444444
2539,counting,yes,1,1.0,1.0,0.0,1.0,0.6,0.4,0.2,0.6,0.47619047619047616,0.7666666666666667,0.6,0.675,0.875,0.4666666666666667
2540,counting,yes,0,1.0,1.0,1.0,1.0,1.0,1.0,0.4,0.4,1.0,1.0,0.675,1.0,0.675,0.5333333333333333
2541,object,yes,0,1.0,1.0,0.45454545454545453,0.45454545454545453,1.0,1.0,0.2,0.6,0.5844155844155844,1.0,0.6,0.5,0.5,0.4666666666666667
2543,counting,yes,0,1.0,1.0,0.09090909090909091,0.8181818181818182,1.0,1.0,0.0,1.0,0.4805194805194805,1.0,0.5416666666666666,0.5,0.875,0.4444444444444444
2544,object,yes,0,1.0,1.0,0.8181818181818182,0.6727272727272727,1.0,1.0,0.0,1.0,0.8268398268398268,1.0,0.5416666666666666,0.7666666666666667,0.475,0.4444444444444444
2545,object,yes,0,1.0,1.0,1.0,1.0,1.0,1.0,1.0,1.0,1.0,1.0,1.0,1.0,1.0,1.0
2546,sentiment,yes,1,0.2727272727272727,0.5636363636363636,0.0,1.0,0.0,1.0,0.4,0.4,0.7532467532467533,0.675,0.5416666666666666,1.0,0.7666666666666667,0.6444444444444445
2547,attribute,yes,0,1.0,1.0,0.0,1.0,1.0,1.0,0.0,1.0,0.47619047619047616,1.0,0.5416666666666666,0.5416666666666666,1.0,0.4444444444444444
2548,object,yes,0,0.9090909090909091,0.8181818181818182,1.0,1.0,1.0,1.0,1.0,1.0,0.9090909090909091,0.875,0.875,1.0,1.0,1.0
2550,sentiment,yes,1,1.0,1.0,0.8181818181818182,0.6727272727272727,1.0,1.0,1.0,1.0,0.8268398268398268,1.0,1.0,0.7666666666666667,0.7666666666666667,1.0
2552,object,yes,0,1.0,1.0,1.0,1.0,1.0,1.0,1.0,1.0,1.0,1.0,1.0,1.0,1.0,1.0
2553,counting,yes,1,1.0,1.0,0.0,1.0,1.0,1.0,0.2,0.6,0.47619047619047616,1.0,0.6,0.5416666666666666,0.875,0.4666666666666667
2554,object,yes,0,1.0,1.0,1.0,1.0,1.0,1.0,0.4,0.4,1.0,1.0,0.675,1.0,0.675,0.5333333333333333
2556,object,yes,0,1.0,1.0,0.6363636363636364,0.4909090909090909,1.0,1.0,0.0,1.0,0.6883116883116883,1.0,0.5416666666666666,0.6,0.475,0.4444444444444444
2557,positional,yes,0,1.0,1.0,0.09090909090909091,0.8181818181818182,1.0,1.0,0.0,1.0,0.4805194805194805,1.0,0.5416666666666666,0.5,0.875,0.4444444444444444
2558,positional,yes,0,1.0,1.0,0.2727272727272727,0.5636363636363636,1.0,1.0,0.0,1.0,0.5151515151515151,1.0,0.5416666666666666,0.4666666666666667,0.675,0.4444444444444444
2559,counting,yes,0,1.0,1.0,1.0,1.0,1.0,1.0,0.6,0.4,1.0,1.0,0.7666666666666667,1.0,0.7666666666666667,0.6444444444444445
2560,object,yes,0,1.0,1.0,0.18181818181818182,0.6727272727272727,1.0,1.0,0.0,1.0,0.4935064935064935,1.0,0.5416666666666666,0.475,0.7666666666666667,0.4444444444444444
2562,object,yes,1,0.0,1.0,0.0,1.0,0.0,1.0,0.6,0.4,1.0,1.0,0.675,1.0,0.675,0.5333333333333333
2563,object,yes,0,1.0,1.0,1.0,1.0,1.0,1.0,0.4,0.4,1.0,1.0,0.675,1.0,0.675,0.5333333333333333
2564,counting,yes,0,1.0,1.0,1.0,1.0,1.0,1.0,0.8,0.6,1.0,1.0,0.875,1.0,0.875,0.8
2565,attribute,yes,1,0.2727272727272727,0.5636363636363636,1.0,1.0,0.0,1.0,0.8,0.6,0.5151515151515151,0.675,0.475,0.5416666666666666,0.875,0.4666666666666667
2566,object,yes,0,1.0,1.0,1.0,1.0,1.0,1.0,0.6,0.4,1.0,1.0,0.7666666666666667,1.0,0.7666666666666667,0.6444444444444445
2567,object,yes,0,1.0,1.0,1.0,1.0,1.0,1.0,0.2,0.6,1.0,1.0,0.6,1.0,0.6,0.4666666666666667
2568,object,yes,0,1.0,1.0,1.0,1.0,1.0,1.0,1.0,1.0,1.0,1.0,1.0,1.0,1.0,1.0
2570,object,yes,1,0.9090909090909091,0.8181818181818182,0.09090909090909091,0.8181818181818182,0.6,0.4,0.8,0.6,0.47619047619047616,0.675,0.7666666666666667,0.6,0.5416666666666666,0.5333333333333333
2571,attribute,yes,0,0.7272727272727273,0.5636363636363636,1.0,1.0,1.0,1.0,0.4,0.4,0.7532467532467533,0.675,0.5,1.0,0.675,0.5333333333333333
2573,counting,yes,0,1.0,1.0,0.6363636363636364,0.4909090909090909,1.0,1.0,0.2,0.6,0.6883116883116883,1.0,0.6,0.6,0.4666666666666667,0.4666666666666667
2574,attribute,yes,0,1.0,1.0,0.0,1.0,1.0,1.0,0.0,1.0,0.47619047619047616,1.0,0.5416666666666666,0.5416666666666666,1.0,0.4444444444444444
2575,attribute,yes,0,1.0,1.0,0.0,1.0,1.0,1.0,0.0,1.0,0.47619047619047616,1.0,0.5416666666666666,0.5416666666666666,1.0,0.4444444444444444
2576,object,yes,0,1.0,1.0,1.0,1.0,1.0,1.0,1.0,1.0,1.0,1.0,1.0,1.0,1.0,1.0
2577,sentiment,yes,0,1.0,1.0,1.0,1.0,1.0,1.0,0.6,0.4,1.0,1.0,0.7666666666666667,1.0,0.7666666666666667,0.6444444444444445
2578,object,yes,0,1.0,1.0,1.0,1.0,1.0,1.0,0.8,0.6,1.0,1.0,0.875,1.0,0.875,0.8
2579,object,yes,0,1.0,1.0,1.0,1.0,1.0,1.0,0.4,0.4,1.0,1.0,0.675,1.0,0.675,0.5333333333333333
2581,attribute,yes,0,1.0,1.0,1.0,1.0,1.0,1.0,0.4,0.4,1.0,1.0,0.675,1.0,0.675,0.5333333333333333
2583,object,yes,0,1.0,1.0,0.7272727272727273,0.5636363636363636,1.0,1.0,0.2,0.6,0.7532467532467533,1.0,0.6,0.675,0.475,0.4666666666666667
2584,attribute,yes,0,1.0,1.0,0.9090909090909091,0.8181818181818182,1.0,1.0,0.4,0.4,0.9090909090909091,1.0,0.675,0.875,0.6,0.5333333333333333
2585,object,yes,0,1.0,1.0,1.0,1.0,0.8,0.6,0.4,0.4,1.0,0.875,0.675,0.875,0.675,0.4666666666666667
2586,sentiment,yes,0,0.7272727272727273,0.5636363636363636,1.0,1.0,1.0,1.0,0.8,0.6,0.7532467532467533,0.675,0.6,1.0,0.875,0.8
2587,object,yes,0,1.0,1.0,1.0,1.0,1.0,1.0,0.8,0.6,1.0,1.0,0.875,1.0,0.875,0.8
2588,attribute,yes,0,1.0,1.0,0.5454545454545454,0.45454545454545453,1.0,1.0,0.0,1.0,0.6320346320346321,1.0,0.5416666666666666,0.5416666666666666,0.5,0.4444444444444444
2589,object,yes,0,1.0,1.0,1.0,1.0,1.0,1.0,1.0,1.0,1.0,1.0,1.0,1.0,1.0,1.0
2591,attribute,yes,0,1.0,1.0,0.2727272727272727,0.5636363636363636,1.0,1.0,0.0,1.0,0.5151515151515151,1.0,0.5416666666666666,0.4666666666666667,0.675,0.4444444444444444
2592,positional,yes,0,1.0,1.0,1.0,1.0,1.0,1.0,0.8,0.6,1.0,1.0,0.875,1.0,0.875,0.8
2593,counting,yes,1,0.36363636363636365,0.4909090909090909,0.0,1.0,0.0,1.0,0.4,0.4,0.6883116883116883,0.6,0.5,1.0,0.7666666666666667,0.6444444444444445
2594,sentiment,yes,0,1.0,1.0,1.0,1.0,1.0,1.0,0.4,0.4,1.0,1.0,0.675,1.0,0.675,0.5333333333333333
2596,counting,yes,0,0.9090909090909091,0.8181818181818182,0.6363636363636364,0.4909090909090909,0.8,0.6,1.0,1.0,0.6320346320346321,0.7666666666666667,0.875,0.5416666666666666,0.6,0.8
2597,positional,yes,1,0.6363636363636364,0.4909090909090909,0.0,1.0,0.2,0.6,0.8,0.6,0.5454545454545454,0.4666666666666667,0.5416666666666666,0.875,0.6,0.4444444444444444
2598,object,yes,0,0.5454545454545454,0.45454545454545453,0.45454545454545453,0.45454545454545453,1.0,1.0,0.0,1.0,0.47619047619047616,0.5416666666666666,0.5,0.5,0.5416666666666666,0.4444444444444444
2599,object,yes,0,1.0,1.0,1.0,1.0,1.0,1.0,0.2,0.6,1.0,1.0,0.6,1.0,0.6,0.4666666666666667
2600,counting,yes,1,0.36363636363636365,0.4909090909090909,0.0,1.0,0.0,1.0,0.4,0.4,0.6883116883116883,0.6,0.5,1.0,0.7666666666666667,0.6444444444444445
2601,sentiment,yes,0,1.0,1.0,1.0,1.0,1.0,1.0,1.0,1.0,1.0,1.0,1.0,1.0,1.0,1.0
2602,object,yes,0,1.0,1.0,0.8181818181818182,0.6727272727272727,1.0,1.0,0.4,0.4,0.8268398268398268,1.0,0.675,0.7666666666666667,0.5416666666666666,0.5333333333333333
2603,object,yes,0,1.0,1.0,1.0,1.0,0.8,0.6,0.8,0.6,1.0,0.875,0.875,0.875,0.875,0.6444444444444445
2604,object,yes,0,1.0,1.0,1.0,1.0,0.6,0.4,1.0,1.0,1.0,0.7666666666666667,1.0,0.7666666666666667,1.0,0.6444444444444445
2605,positional,yes,0,1.0,1.0,1.0,1.0,1.0,1.0,0.8,0.6,1.0,1.0,0.875,1.0,0.875,0.8
2606,positional,yes,0,1.0,1.0,1.0,1.0,1.0,1.0,0.6,0.4,1.0,1.0,0.7666666666666667,1.0,0.7666666666666667,0.6444444444444445
2607,attribute,yes,0,1.0,1.0,0.18181818181818182,0.6727272727272727,1.0,1.0,0.0,1.0,0.4935064935064935,1.0,0.5416666666666666,0.475,0.7666666666666667,0.4444444444444444
2608,object,yes,0,1.0,1.0,1.0,1.0,1.0,1.0,0.2,0.6,1.0,1.0,0.6,1.0,0.6,0.4666666666666667
2609,attribute,yes,0,1.0,1.0,1.0,1.0,1.0,1.0,0.6,0.4,1.0,1.0,0.7666666666666667,1.0,0.7666666666666667,0.6444444444444445
2610,sentiment,yes,0,1.0,1.0,0.0,1.0,1.0,1.0,0.2,0.6,0.47619047619047616,1.0,0.6,0.5416666666666666,0.875,0.4666666666666667
2612,attribute,yes,1,0.7272727272727273,0.5636363636363636,0.0,1.0,0.4,0.4,0.8,0.6,0.5151515151515151,0.5,0.6,0.7666666666666667,0.6,0.4666666666666667
2613,object,yes,0,1.0,1.0,1.0,1.0,1.0,1.0,0.4,0.4,1.0,1.0,0.675,1.0,0.675,0.5333333333333333
2614,object,yes,0,0.8181818181818182,0.6727272727272727,1.0,1.0,1.0,1.0,0.6,0.4,0.8268398268398268,0.7666666666666667,0.6,1.0,0.7666666666666667,0.6444444444444445
2615,attribute,yes,0,1.0,1.0,0.09090909090909091,0.8181818181818182,1.0,1.0,0.0,1.0,0.4805194805194805,1.0,0.5416666666666666,0.5,0.875,0.4444444444444444
2617,attribute,yes,1,0.6363636363636364,0.4909090909090909,0.09090909090909091,0.8181818181818182,0.0,1.0,0.6,0.4,0.5151515151515151,0.475,0.5,0.875,0.6,0.5333333333333333
2618,counting,yes,0,1.0,1.0,0.0,1.0,1.0,1.0,0.2,0.6,0.47619047619047616,1.0,0.6,0.5416666666666666,0.875,0.4666666666666667
2619,positional,yes,0,1.0,1.0,0.9090909090909091,0.8181818181818182,1.0,1.0,0.2,0.6,0.9090909090909091,1.0,0.6,0.875,0.5416666666666666,0.4666666666666667
2620,attribute,yes,1,0.45454545454545453,0.45454545454545453,0.0,1.0,0.2,0.6,0.8,0.6,0.6320346320346321,0.5,0.475,0.875,0.6,0.4444444444444444
2622,sentiment,yes,0,1.0,1.0,1.0,1.0,1.0,1.0,0.4,0.4,1.0,1.0,0.675,1.0,0.675,0.5333333333333333
2623,counting,yes,0,1.0,1.0,1.0,1.0,1.0,1.0,0.4,0.4,1.0,1.0,0.675,1.0,0.675,0.5333333333333333
2624,attribute,yes,0,1.0,1.0,0.0,1.0,1.0,1.0,0.0,1.0,0.47619047619047616,1.0,0.5416666666666666,0.5416666666666666,1.0,0.4444444444444444
2625,positional,yes,1,1.0,1.0,1.0,1.0,0.6,0.4,0.8,0.6,1.0,0.7666666666666667,0.875,0.7666666666666667,0.875,0.5333333333333333
2627,object,yes,0,0.9090909090909091,0.8181818181818182,1.0,1.0,1.0,1.0,0.4,0.4,0.9090909090909091,0.875,0.6,1.0,0.675,0.5333333333333333
2628,object,yes,0,1.0,1.0,1.0,1.0,1.0,1.0,0.8,0.6,1.0,1.0,0.875,1.0,0.875,0.8
2629,object,yes,0,1.0,1.0,1.0,1.0,1.0,1.0,0.8,0.6,1.0,1.0,0.875,1.0,0.875,0.8
2630,sentiment,yes,0,0.8181818181818182,0.6727272727272727,1.0,1.0,1.0,1.0,1.0,1.0,0.8268398268398268,0.7666666666666667,0.7666666666666667,1.0,1.0,1.0
2631,object,yes,0,1.0,1.0,1.0,1.0,1.0,1.0,1.0,1.0,1.0,1.0,1.0,1.0,1.0,1.0
2632,sentiment,yes,0,1.0,1.0,1.0,1.0,1.0,1.0,1.0,1.0,1.0,1.0,1.0,1.0,1.0,1.0
2633,counting,yes,0,0.9090909090909091,0.8181818181818182,1.0,1.0,1.0,1.0,0.8,0.6,0.9090909090909091,0.875,0.7666666666666667,1.0,0.875,0.8
2634,object,yes,0,1.0,1.0,0.45454545454545453,0.45454545454545453,1.0,1.0,0.2,0.6,0.5844155844155844,1.0,0.6,0.5,0.5,0.4666666666666667
2635,attribute,yes,0,1.0,1.0,0.18181818181818182,0.6727272727272727,1.0,1.0,0.0,1.0,0.4935064935064935,1.0,0.5416666666666666,0.475,0.7666666666666667,0.4444444444444444
2636,attribute,yes,0,0.09090909090909091,0.8181818181818182,1.0,1.0,0.8,0.6,0.6,0.4,0.4805194805194805,0.5416666666666666,0.6,0.875,0.7666666666666667,0.5333333333333333
2638,object,yes,0,1.0,1.0,0.09090909090909091,0.8181818181818182,1.0,1.0,0.0,1.0,0.4805194805194805,1.0,0.5416666666666666,0.5,0.875,0.4444444444444444
2639,attribute,yes,1,0.0,1.0,0.0,1.0,0.0,1.0,0.4,0.4,1.0,1.0,0.7666666666666667,1.0,0.7666666666666667,0.6444444444444445
2640,object,yes,0,1.0,1.0,1.0,1.0,1.0,1.0,0.4,0.4,1.0,1.0,0.675,1.0,0.675,0.5333333333333333
2641,counting,yes,1,0.0,1.0,0.0,1.0,0.0,1.0,0.8,0.6,1.0,1.0,0.6,1.0,0.6,0.4666666666666667
2642,object,yes,0,1.0,1.0,0.36363636363636365,0.4909090909090909,1.0,1.0,0.0,1.0,0.5454545454545454,1.0,0.5416666666666666,0.475,0.6,0.4444444444444444
2643,sentiment,yes,0,1.0,1.0,1.0,1.0,1.0,1.0,0.8,0.6,1.0,1.0,0.875,1.0,0.875,0.8
2644,sentiment,yes,0,0.9090909090909091,0.8181818181818182,1.0,1.0,1.0,1.0,1.0,1.0,0.9090909090909091,0.875,0.875,1.0,1.0,1.0
2645,attribute,yes,1,0.2727272727272727,0.5636363636363636,0.0,1.0,0.0,1.0,0.8,0.6,0.7532467532467533,0.675,0.475,1.0,0.6,0.4666666666666667
2646,positional,yes,0,1.0,1.0,1.0,1.0,1.0,1.0,0.2,0.6,1.0,1.0,0.6,1.0,0.6,0.4666666666666667
2647,attribute,yes,1,0.09090909090909091,0.8181818181818182,1.0,1.0,0.0,1.0,1.0,1.0,0.4805194805194805,0.875,0.5,0.5416666666666666,1.0,0.4444444444444444
2648,attribute,yes,0,0.7272727272727273,0.5636363636363636,1.0,1.0,0.8,0.6,0.8,0.6,0.7532467532467533,0.6,0.6,0.875,0.875,0.6444444444444445
2649,attribute,yes,0,1.0,1.0,0.0,1.0,1.0,1.0,0.0,1.0,0.47619047619047616,1.0,0.5416666666666666,0.5416666666666666,1.0,0.4444444444444444
2650,attribute,yes,0,1.0,1.0,0.6363636363636364,0.4909090909090909,1.0,1.0,0.4,0.4,0.6883116883116883,1.0,0.675,0.6,0.475,0.5333333333333333
2651,counting,yes,0,0.9090909090909091,0.8181818181818182,1.0,1.0,1.0,1.0,0.6,0.4,0.9090909090909091,0.875,0.675,1.0,0.7666666666666667,0.6444444444444445
2652,object,yes,0,1.0,1.0,1.0,1.0,0.8,0.6,0.4,0.4,1.0,0.875,0.675,0.875,0.675,0.4666666666666667
2653,sentiment,yes,0,1.0,1.0,1.0,1.0,1.0,1.0,0.8,0.6,1.0,1.0,0.875,1.0,0.875,0.8
2654,positional,yes,0,1.0,1.0,1.0,1.0,1.0,1.0,0.6,0.4,1.0,1.0,0.7666666666666667,1.0,0.7666666666666667,0.6444444444444445
2655,positional,yes,1,0.0,1.0,0.9090909090909091,0.8181818181818182,0.2,0.6,1.0,1.0,0.4805194805194805,0.875,0.5416666666666666,0.5416666666666666,0.875,0.4666666666666667
2656,positional,yes,0,1.0,1.0,0.0,1.0,1.0,1.0,0.0,1.0,0.47619047619047616,1.0,0.5416666666666666,0.5416666666666666,1.0,0.4444444444444444
2657,sentiment,yes,1,0.7272727272727273,0.5636363636363636,0.0,1.0,0.6,0.4,0.0,1.0,0.5151515151515151,0.5416666666666666,0.4666666666666667,0.675,1.0,0.5333333333333333
2658,sentiment,yes,0,1.0,1.0,1.0,1.0,1.0,1.0,1.0,1.0,1.0,1.0,1.0,1.0,1.0,1.0
2659,sentiment,yes,1,1.0,1.0,0.0,1.0,0.4,0.4,0.2,0.6,0.47619047619047616,0.675,0.6,0.7666666666666667,0.875,0.5333333333333333
2660,object,yes,0,1.0,1.0,1.0,1.0,1.0,1.0,0.4,0.4,1.0,1.0,0.675,1.0,0.675,0.5333333333333333
2661,sentiment,yes,0,1.0,1.0,1.0,1.0,1.0,1.0,0.8,0.6,1.0,1.0,0.875,1.0,0.875,0.8
2662,attribute,yes,0,1.0,1.0,0.0,1.0,1.0,1.0,0.0,1.0,0.47619047619047616,1.0,0.5416666666666666,0.5416666666666666,1.0,0.4444444444444444
2663,positional,yes,0,0.9090909090909091,0.8181818181818182,1.0,1.0,1.0,1.0,0.4,0.4,0.9090909090909091,0.875,0.6,1.0,0.675,0.5333333333333333
2664,sentiment,yes,0,1.0,1.0,1.0,1.0,0.8,0.6,1.0,1.0,1.0,0.875,1.0,0.875,1.0,0.8
2665,object,yes,0,1.0,1.0,0.18181818181818182,0.6727272727272727,0.8,0.6,0.2,0.6,0.4935064935064935,0.875,0.6,0.5,0.675,0.4444444444444444
2666,sentiment,yes,0,1.0,1.0,0.2727272727272727,0.5636363636363636,1.0,1.0,0.0,1.0,0.5151515151515151,1.0,0.5416666666666666,0.4666666666666667,0.675,0.4444444444444444
2667,positional,yes,0,1.0,1.0,1.0,1.0,1.0,1.0,0.8,0.6,1.0,1.0,0.875,1.0,0.875,0.8
2668,positional,yes,0,1.0,1.0,0.7272727272727273,0.5636363636363636,1.0,1.0,0.0,1.0,0.7532467532467533,1.0,0.5416666666666666,0.675,0.4666666666666667,0.4444444444444444
2669,object,yes,0,1.0,1.0,1.0,1.0,1.0,1.0,0.4,0.4,1.0,1.0,0.675,1.0,0.675,0.5333333333333333
2670,attribute,yes,0,1.0,1.0,0.8181818181818182,0.6727272727272727,1.0,1.0,0.2,0.6,0.8268398268398268,1.0,0.6,0.7666666666666667,0.5,0.4666666666666667
2671,counting,yes,0,1.0,1.0,0.09090909090909091,0.8181818181818182,1.0,1.0,0.0,1.0,0.4805194805194805,1.0,0.5416666666666666,0.5,0.875,0.4444444444444444
2672,object,yes,0,1.0,1.0,1.0,1.0,1.0,1.0,1.0,1.0,1.0,1.0,1.0,1.0,1.0,1.0
2673,positional,yes,0,1.0,1.0,1.0,1.0,1.0,1.0,0.4,0.4,1.0,1.0,0.675,1.0,0.675,0.5333333333333333
2674,sentiment,yes,0,1.0,1.0,1.0,1.0,1.0,1.0,0.8,0.6,1.0,1.0,0.875,1.0,0.875,0.8
2675,counting,yes,0,1.0,1.0,0.09090909090909091,0.8181818181818182,1.0,1.0,0.0,1.0,0.4805194805194805,1.0,0.5416666666666666,0.5,0.875,0.4444444444444444
2676,counting,yes,0,1.0,1.0,0.09090909090909091,0.8181818181818182,1.0,1.0,0.4,0.4,0.4805194805194805,1.0,0.675,0.5,0.675,0.5333333333333333
2678,object,yes,0,1.0,1.0,1.0,1.0,1.0,1.0,1.0,1.0,1.0,1.0,1.0,1.0,1.0,1.0
2679,object,yes,0,1.0,1.0,1.0,1.0,1.0,1.0,0.6,0.4,1.0,1.0,0.7666666666666667,1.0,0.7666666666666667,0.6444444444444445
2680,positional,yes,0,0.0,1.0,0.18181818181818182,0.6727272727272727,0.8,0.6,0.2,0.6,0.8268398268398268,0.6,0.875,0.5,0.675,0.4444444444444444
2682,attribute,yes,0,1.0,1.0,0.0,1.0,1.0,1.0,0.0,1.0,0.47619047619047616,1.0,0.5416666666666666,0.5416666666666666,1.0,0.4444444444444444
2683,sentiment,yes,1,0.0,1.0,0.36363636363636365,0.4909090909090909,0.0,1.0,0.8,0.6,0.6883116883116883,1.0,0.6,0.6,0.4666666666666667,0.4666666666666667
2684,object,yes,0,1.0,1.0,1.0,1.0,1.0,1.0,0.2,0.6,1.0,1.0,0.6,1.0,0.6,0.4666666666666667
2685,sentiment,yes,0,1.0,1.0,1.0,1.0,1.0,1.0,1.0,1.0,1.0,1.0,1.0,1.0,1.0,1.0
2686,positional,yes,0,1.0,1.0,0.2727272727272727,0.5636363636363636,1.0,1.0,0.0,1.0,0.5151515151515151,1.0,0.5416666666666666,0.4666666666666667,0.675,0.4444444444444444
2687,sentiment,yes,1,0.09090909090909091,0.8181818181818182,0.0,1.0,0.4,0.4,0.4,0.4,0.9090909090909091,0.675,0.675,0.7666666666666667,0.7666666666666667,0.4666666666666667
2688,sentiment,yes,1,0.0,1.0,0.0,1.0,0.0,1.0,0.6,0.4,1.0,1.0,0.675,1.0,0.675,0.5333333333333333
2689,attribute,yes,0,1.0,1.0,0.0,1.0,1.0,1.0,0.2,0.6,0.47619047619047616,1.0,0.6,0.5416666666666666,0.875,0.4666666666666667
2690,attribute,yes,1,0.0,1.0,1.0,1.0,0.0,1.0,1.0,1.0,0.47619047619047616,1.0,0.5416666666666666,0.5416666666666666,1.0,0.4444444444444444
2691,attribute,yes,0,1.0,1.0,1.0,1.0,1.0,1.0,1.0,1.0,1.0,1.0,1.0,1.0,1.0,1.0
2692,object,yes,0,1.0,1.0,1.0,1.0,1.0,1.0,1.0,1.0,1.0,1.0,1.0,1.0,1.0,1.0
2693,counting,yes,0,0.7272727272727273,0.5636363636363636,1.0,1.0,1.0,1.0,1.0,1.0,0.7532467532467533,0.675,0.675,1.0,1.0,1.0
2694,positional,yes,1,0.0,1.0,0.45454545454545453,0.45454545454545453,0.0,1.0,0.8,0.6,0.6320346320346321,1.0,0.6,0.5416666666666666,0.475,0.4666666666666667
2695,attribute,yes,0,1.0,1.0,0.9090909090909091,0.8181818181818182,1.0,1.0,0.2,0.6,0.9090909090909091,1.0,0.6,0.875,0.5416666666666666,0.4666666666666667
2696,positional,yes,1,1.0,1.0,0.0,1.0,0.2,0.6,0.6,0.4,0.47619047619047616,0.6,0.7666666666666667,0.875,0.675,0.4666666666666667
2697,counting,yes,0,1.0,1.0,1.0,1.0,1.0,1.0,0.2,0.6,1.0,1.0,0.6,1.0,0.6,0.4666666666666667
2698,counting,yes,0,0.9090909090909091,0.8181818181818182,1.0,1.0,1.0,1.0,0.2,0.6,0.9090909090909091,0.875,0.5416666666666666,1.0,0.6,0.4666666666666667
2699,object,yes,0,1.0,1.0,1.0,1.0,1.0,1.0,0.4,0.4,1.0,1.0,0.675,1.0,0.675,0.5333333333333333
2700,attribute,yes,0,1.0,1.0,0.8181818181818182,0.6727272727272727,1.0,1.0,0.2,0.6,0.8268398268398268,1.0,0.6,0.7666666666666667,0.5,0.4666666666666667
2702,sentiment,yes,0,1.0,1.0,0.45454545454545453,0.45454545454545453,1.0,1.0,0.4,0.4,0.5844155844155844,1.0,0.675,0.5,0.475,0.5333333333333333
2703,attribute,yes,0,1.0,1.0,0.6363636363636364,0.4909090909090909,1.0,1.0,0.8,0.6,0.6883116883116883,1.0,0.875,0.6,0.5416666666666666,0.8
2704,object,yes,0,1.0,1.0,1.0,1.0,1.0,1.0,0.2,0.6,1.0,1.0,0.6,1.0,0.6,0.4666666666666667
2705,object,yes,0,1.0,1.0,1.0,1.0,0.8,0.6,0.6,0.4,1.0,0.875,0.7666666666666667,0.875,0.7666666666666667,0.5333333333333333
2706,counting,yes,0,1.0,1.0,1.0,1.0,1.0,1.0,0.6,0.4,1.0,1.0,0.7666666666666667,1.0,0.7666666666666667,0.6444444444444445
2707,positional,yes,0,1.0,1.0,0.6363636363636364,0.4909090909090909,1.0,1.0,0.0,1.0,0.6883116883116883,1.0,0.5416666666666666,0.6,0.475,0.4444444444444444
2710,counting,yes,0,1.0,1.0,0.18181818181818182,0.6727272727272727,1.0,1.0,0.0,1.0,0.4935064935064935,1.0,0.5416666666666666,0.475,0.7666666666666667,0.4444444444444444
2711,positional,yes,0,1.0,1.0,0.09090909090909091,0.8181818181818182,1.0,1.0,0.0,1.0,0.4805194805194805,1.0,0.5416666666666666,0.5,0.875,0.4444444444444444
2712,attribute,yes,1,0.2727272727272727,0.5636363636363636,0.0,1.0,0.2,0.6,0.2,0.6,0.7532467532467533,0.6,0.6,0.875,0.875,0.6444444444444445
2713,sentiment,yes,1,1.0,1.0,0.0,1.0,1.0,1.0,0.0,1.0,0.47619047619047616,1.0,0.5416666666666666,0.5416666666666666,1.0,0.4444444444444444
2714,attribute,yes,0,1.0,1.0,0.0,1.0,1.0,1.0,0.0,1.0,0.47619047619047616,1.0,0.5416666666666666,0.5416666666666666,1.0,0.4444444444444444
2715,object,yes,0,1.0,1.0,1.0,1.0,1.0,1.0,0.4,0.4,1.0,1.0,0.675,1.0,0.675,0.5333333333333333
2717,positional,yes,0,1.0,1.0,0.36363636363636365,0.4909090909090909,1.0,1.0,0.2,0.6,0.5454545454545454,1.0,0.6,0.475,0.5416666666666666,0.4666666666666667
2718,sentiment,yes,0,1.0,1.0,0.8181818181818182,0.6727272727272727,1.0,1.0,0.8,0.6,0.8268398268398268,1.0,0.875,0.7666666666666667,0.675,0.8
2719,counting,yes,0,0.7272727272727273,0.5636363636363636,1.0,1.0,1.0,1.0,0.2,0.6,0.7532467532467533,0.675,0.475,1.0,0.6,0.4666666666666667
2720,attribute,yes,0,0.45454545454545453,0.45454545454545453,1.0,1.0,1.0,1.0,0.6,0.4,0.5844155844155844,0.5,0.4666666666666667,1.0,0.7666666666666667,0.6444444444444445
2721,object,yes,0,1.0,1.0,1.0,1.0,1.0,1.0,0.6,0.4,1.0,1.0,0.7666666666666667,1.0,0.7666666666666667,0.6444444444444445
2722,sentiment,yes,0,0.8181818181818182,0.6727272727272727,1.0,1.0,1.0,1.0,0.8,0.6,0.8268398268398268,0.7666666666666667,0.675,1.0,0.875,0.8
2723,attribute,yes,0,1.0,1.0,0.0,1.0,1.0,1.0,0.0,1.0,0.47619047619047616,1.0,0.5416666666666666,0.5416666666666666,1.0,0.4444444444444444
2724,attribute,yes,0,1.0,1.0,0.0,1.0,1.0,1.0,0.0,1.0,0.47619047619047616,1.0,0.5416666666666666,0.5416666666666666,1.0,0.4444444444444444
2725,attribute,yes,0,1.0,1.0,0.9090909090909091,0.8181818181818182,1.0,1.0,0.8,0.6,0.9090909090909091,1.0,0.875,0.875,0.7666666666666667,0.8
2726,sentiment,yes,0,1.0,1.0,1.0,1.0,1.0,1.0,1.0,1.0,1.0,1.0,1.0,1.0,1.0,1.0
2727,counting,yes,0,1.0,1.0,0.0,1.0,0.8,0.6,0.4,0.4,0.47619047619047616,0.875,0.675,0.6,0.7666666666666667,0.4666666666666667
2728,sentiment,yes,0,1.0,1.0,0.2727272727272727,0.5636363636363636,1.0,1.0,0.0,1.0,0.5151515151515151,1.0,0.5416666666666666,0.4666666666666667,0.675,0.4444444444444444
2730,object,yes,0,1.0,1.0,1.0,1.0,1.0,1.0,1.0,1.0,1.0,1.0,1.0,1.0,1.0,1.0
2731,positional,yes,0,1.0,1.0,0.0,1.0,1.0,1.0,0.0,1.0,0.47619047619047616,1.0,0.5416666666666666,0.5416666666666666,1.0,0.4444444444444444
2732,counting,yes,0,1.0,1.0,1.0,1.0,1.0,1.0,0.6,0.4,1.0,1.0,0.7666666666666667,1.0,0.7666666666666667,0.6444444444444445
2733,object,yes,0,1.0,1.0,1.0,1.0,1.0,1.0,0.6,0.4,1.0,1.0,0.7666666666666667,1.0,0.7666666666666667,0.6444444444444445
2734,object,yes,0,1.0,1.0,1.0,1.0,1.0,1.0,0.4,0.4,1.0,1.0,0.675,1.0,0.675,0.5333333333333333
2737,object,yes,0,1.0,1.0,1.0,1.0,1.0,1.0,0.4,0.4,1.0,1.0,0.675,1.0,0.675,0.5333333333333333
2738,object,yes,0,1.0,1.0,1.0,1.0,1.0,1.0,0.4,0.4,1.0,1.0,0.675,1.0,0.675,0.5333333333333333
2739,attribute,yes,0,0.7272727272727273,0.5636363636363636,1.0,1.0,1.0,1.0,1.0,1.0,0.7532467532467533,0.675,0.675,1.0,1.0,1.0
2741,object,yes,0,1.0,1.0,0.0,1.0,1.0,1.0,0.2,0.6,0.47619047619047616,1.0,0.6,0.5416666666666666,0.875,0.4666666666666667
2742,counting,yes,0,1.0,1.0,0.09090909090909091,0.8181818181818182,1.0,1.0,0.2,0.6,0.4805194805194805,1.0,0.6,0.5,0.7666666666666667,0.4666666666666667
2743,sentiment,yes,0,0.9090909090909091,0.8181818181818182,1.0,1.0,1.0,1.0,1.0,1.0,0.9090909090909091,0.875,0.875,1.0,1.0,1.0
2745,object,yes,0,1.0,1.0,1.0,1.0,1.0,1.0,0.4,0.4,1.0,1.0,0.675,1.0,0.675,0.5333333333333333
2746,attribute,yes,0,0.9090909090909091,0.8181818181818182,0.09090909090909091,0.8181818181818182,1.0,1.0,0.2,0.6,0.47619047619047616,0.875,0.5416666666666666,0.5,0.7666666666666667,0.4666666666666667
2747,positional,yes,0,1.0,1.0,1.0,1.0,1.0,1.0,0.2,0.6,1.0,1.0,0.6,1.0,0.6,0.4666666666666667
2749,positional,yes,0,1.0,1.0,1.0,1.0,1.0,1.0,0.8,0.6,1.0,1.0,0.875,1.0,0.875,0.8
2751,positional,yes,0,1.0,1.0,1.0,1.0,1.0,1.0,0.2,0.6,1.0,1.0,0.6,1.0,0.6,0.4666666666666667
2752,counting,yes,0,1.0,1.0,0.5454545454545454,0.45454545454545453,1.0,1.0,0.4,0.4,0.6320346320346321,1.0,0.675,0.5416666666666666,0.4666666666666667,0.5333333333333333
2753,counting,yes,0,0.8181818181818182,0.6727272727272727,0.5454545454545454,0.45454545454545453,1.0,1.0,0.0,1.0,0.5454545454545454,0.7666666666666667,0.475,0.5416666666666666,0.5,0.4444444444444444
2754,object,yes,0,1.0,1.0,1.0,1.0,1.0,1.0,1.0,1.0,1.0,1.0,1.0,1.0,1.0,1.0
2755,counting,yes,0,1.0,1.0,0.09090909090909091,0.8181818181818182,1.0,1.0,0.0,1.0,0.4805194805194805,1.0,0.5416666666666666,0.5,0.875,0.4444444444444444
2756,attribute,yes,0,0.7272727272727273,0.5636363636363636,0.0,1.0,1.0,1.0,0.2,0.6,0.5151515151515151,0.675,0.475,0.5416666666666666,0.875,0.4666666666666667
2757,sentiment,yes,0,0.9090909090909091,0.8181818181818182,1.0,1.0,1.0,1.0,0.8,0.6,0.9090909090909091,0.875,0.7666666666666667,1.0,0.875,0.8
2758,counting,yes,0,1.0,1.0,1.0,1.0,1.0,1.0,0.4,0.4,1.0,1.0,0.675,1.0,0.675,0.5333333333333333
2759,attribute,yes,0,1.0,1.0,0.18181818181818182,0.6727272727272727,1.0,1.0,0.8,0.6,0.4935064935064935,1.0,0.875,0.475,0.5,0.8
2761,positional,yes,0,1.0,1.0,1.0,1.0,1.0,1.0,0.8,0.6,1.0,1.0,0.875,1.0,0.875,0.8
2762,sentiment,yes,1,1.0,1.0,0.0,1.0,1.0,1.0,0.4,0.4,0.47619047619047616,1.0,0.675,0.5416666666666666,0.7666666666666667,0.5333333333333333
2763,object,yes,0,1.0,1.0,1.0,1.0,1.0,1.0,0.4,0.4,1.0,1.0,0.675,1.0,0.675,0.5333333333333333
2764,attribute,yes,0,0.8181818181818182,0.6727272727272727,0.0,1.0,1.0,1.0,0.0,1.0,0.4935064935064935,0.7666666666666667,0.475,0.5416666666666666,1.0,0.4444444444444444
2765,positional,yes,0,1.0,1.0,1.0,1.0,1.0,1.0,0.8,0.6,1.0,1.0,0.875,1.0,0.875,0.8
2766,positional,yes,1,1.0,1.0,0.0,1.0,0.6,0.4,0.2,0.6,0.47619047619047616,0.7666666666666667,0.6,0.675,0.875,0.4666666666666667
2767,sentiment,yes,0,1.0,1.0,1.0,1.0,1.0,1.0,0.8,0.6,1.0,1.0,0.875,1.0,0.875,0.8
2768,object,yes,0,1.0,1.0,1.0,1.0,1.0,1.0,0.8,0.6,1.0,1.0,0.875,1.0,0.875,0.8
2769,attribute,yes,0,0.7272727272727273,0.5636363636363636,0.2727272727272727,0.5636363636363636,1.0,1.0,0.0,1.0,0.47619047619047616,0.675,0.4666666666666667,0.4666666666666667,0.675,0.4444444444444444
2770,positional,yes,0,1.0,1.0,0.09090909090909091,0.8181818181818182,1.0,1.0,0.0,1.0,0.4805194805194805,1.0,0.5416666666666666,0.5,0.875,0.4444444444444444
2771,object,yes,0,1.0,1.0,0.09090909090909091,0.8181818181818182,1.0,1.0,0.0,1.0,0.4805194805194805,1.0,0.5416666666666666,0.5,0.875,0.4444444444444444
2772,object,yes,0,1.0,1.0,1.0,1.0,1.0,1.0,0.4,0.4,1.0,1.0,0.675,1.0,0.675,0.5333333333333333
2773,attribute,yes,1,0.2727272727272727,0.5636363636363636,0.0,1.0,0.0,1.0,0.4,0.4,0.7532467532467533,0.675,0.5416666666666666,1.0,0.7666666666666667,0.6444444444444445
2774,object,yes,0,1.0,1.0,1.0,1.0,1.0,1.0,0.4,0.4,1.0,1.0,0.675,1.0,0.675,0.5333333333333333
2775,object,yes,0,1.0,1.0,1.0,1.0,1.0,1.0,1.0,1.0,1.0,1.0,1.0,1.0,1.0,1.0
2776,object,yes,0,0.8181818181818182,0.6727272727272727,0.5454545454545454,0.45454545454545453,0.8,0.6,0.2,0.6,0.5454545454545454,0.675,0.5,0.5,0.475,0.4444444444444444
2778,object,yes,0,1.0,1.0,1.0,1.0,1.0,1.0,0.6,0.4,1.0,1.0,0.7666666666666667,1.0,0.7666666666666667,0.6444444444444445
2780,positional,yes,0,1.0,1.0,0.0,1.0,1.0,1.0,0.0,1.0,0.47619047619047616,1.0,0.5416666666666666,0.5416666666666666,1.0,0.4444444444444444
2781,counting,yes,0,0.5454545454545454,0.45454545454545453,1.0,1.0,0.6,0.4,0.8,0.6,0.6320346320346321,0.475,0.5,0.7666666666666667,0.875,0.5333333333333333
2782,object,yes,0,1.0,1.0,1.0,1.0,1.0,1.0,0.2,0.6,1.0,1.0,0.6,1.0,0.6,0.4666666666666667
2783,attribute,yes,1,0.2727272727272727,0.5636363636363636,0.18181818181818182,0.6727272727272727,0.0,1.0,0.8,0.6,0.6320346320346321,0.675,0.475,0.7666666666666667,0.5,0.4666666666666667
2784,attribute,yes,1,0.09090909090909091,0.8181818181818182,0.8181818181818182,0.6727272727272727,0.0,1.0,1.0,1.0,0.4805194805194805,0.875,0.5,0.475,0.7666666666666667,0.4444444444444444
2785,attribute,yes,0,1.0,1.0,0.5454545454545454,0.45454545454545453,1.0,1.0,0.0,1.0,0.6320346320346321,1.0,0.5416666666666666,0.5416666666666666,0.5,0.4444444444444444
2786,counting,yes,0,1.0,1.0,1.0,1.0,1.0,1.0,0.4,0.4,1.0,1.0,0.675,1.0,0.675,0.5333333333333333
2787,object,yes,0,1.0,1.0,1.0,1.0,1.0,1.0,0.8,0.6,1.0,1.0,0.875,1.0,0.875,0.8
2790,counting,yes,0,1.0,1.0,1.0,1.0,1.0,1.0,0.2,0.6,1.0,1.0,0.6,1.0,0.6,0.4666666666666667
2791,sentiment,yes,1,0.0,1.0,0.0,1.0,0.0,1.0,0.2,0.6,1.0,1.0,0.875,1.0,0.875,0.8
2792,object,yes,0,1.0,1.0,1.0,1.0,1.0,1.0,0.8,0.6,1.0,1.0,0.875,1.0,0.875,0.8
2793,positional,yes,0,1.0,1.0,1.0,1.0,1.0,1.0,0.8,0.6,1.0,1.0,0.875,1.0,0.875,0.8
2795,positional,yes,0,1.0,1.0,0.09090909090909091,0.8181818181818182,1.0,1.0,0.0,1.0,0.4805194805194805,1.0,0.5416666666666666,0.5,0.875,0.4444444444444444
2798,positional,yes,0,1.0,1.0,1.0,1.0,1.0,1.0,0.8,0.6,1.0,1.0,0.875,1.0,0.875,0.8
2799,object,yes,0,0.9090909090909091,0.8181818181818182,1.0,1.0,1.0,1.0,0.8,0.6,0.9090909090909091,0.875,0.7666666666666667,1.0,0.875,0.8
2800,attribute,yes,1,1.0,1.0,1.0,1.0,0.2,0.6,1.0,1.0,1.0,0.6,1.0,0.6,1.0,0.4666666666666667
2801,attribute,yes,0,1.0,1.0,0.0,1.0,1.0,1.0,0.0,1.0,0.47619047619047616,1.0,0.5416666666666666,0.5416666666666666,1.0,0.4444444444444444
2802,positional,yes,0,1.0,1.0,0.09090909090909091,0.8181818181818182,1.0,1.0,0.0,1.0,0.4805194805194805,1.0,0.5416666666666666,0.5,0.875,0.4444444444444444
2803,attribute,yes,0,1.0,1.0,0.0,1.0,1.0,1.0,0.0,1.0,0.47619047619047616,1.0,0.5416666666666666,0.5416666666666666,1.0,0.4444444444444444
2804,sentiment,yes,0,1.0,1.0,0.0,1.0,1.0,1.0,0.0,1.0,0.47619047619047616,1.0,0.5416666666666666,0.5416666666666666,1.0,0.4444444444444444
2805,positional,yes,0,1.0,1.0,1.0,1.0,1.0,1.0,1.0,1.0,1.0,1.0,1.0,1.0,1.0,1.0
2806,positional,yes,0,1.0,1.0,0.36363636363636365,0.4909090909090909,1.0,1.0,0.0,1.0,0.5454545454545454,1.0,0.5416666666666666,0.475,0.6,0.4444444444444444
2807,object,yes,0,1.0,1.0,0.09090909090909091,0.8181818181818182,1.0,1.0,0.0,1.0,0.4805194805194805,1.0,0.5416666666666666,0.5,0.875,0.4444444444444444
2808,object,yes,0,1.0,1.0,0.0,1.0,1.0,1.0,0.0,1.0,0.47619047619047616,1.0,0.5416666666666666,0.5416666666666666,1.0,0.4444444444444444
2809,counting,yes,0,0.0,1.0,1.0,1.0,0.8,0.6,0.8,0.6,0.47619047619047616,0.6,0.6,0.875,0.875,0.6444444444444445
2810,sentiment,yes,0,1.0,1.0,0.0,1.0,1.0,1.0,0.0,1.0,0.47619047619047616,1.0,0.5416666666666666,0.5416666666666666,1.0,0.4444444444444444
2812,object,yes,0,1.0,1.0,1.0,1.0,1.0,1.0,0.4,0.4,1.0,1.0,0.675,1.0,0.675,0.5333333333333333
2813,object,yes,0,1.0,1.0,0.45454545454545453,0.45454545454545453,1.0,1.0,0.0,1.0,0.5844155844155844,1.0,0.5416666666666666,0.5,0.5416666666666666,0.4444444444444444
2814,attribute,yes,0,0.7272727272727273,0.5636363636363636,0.09090909090909091,0.8181818181818182,1.0,1.0,0.0,1.0,0.4935064935064935,0.675,0.4666666666666667,0.5,0.875,0.4444444444444444
2815,object,yes,0,1.0,1.0,0.7272727272727273,0.5636363636363636,1.0,1.0,0.8,0.6,0.7532467532467533,1.0,0.875,0.675,0.6,0.8
2816,object,yes,0,1.0,1.0,1.0,1.0,1.0,1.0,0.6,0.4,1.0,1.0,0.7666666666666667,1.0,0.7666666666666667,0.6444444444444445
2817,sentiment,yes,1,0.2727272727272727,0.5636363636363636,1.0,1.0,0.0,1.0,1.0,1.0,0.5151515151515151,0.675,0.4666666666666667,0.5416666666666666,1.0,0.4444444444444444
2818,attribute,yes,1,0.18181818181818182,0.6727272727272727,0.9090909090909091,0.8181818181818182,0.0,1.0,1.0,1.0,0.4805194805194805,0.7666666666666667,0.475,0.5,0.875,0.4444444444444444
2819,object,yes,0,1.0,1.0,1.0,1.0,1.0,1.0,0.6,0.4,1.0,1.0,0.7666666666666667,1.0,0.7666666666666667,0.6444444444444445
2820,counting,yes,0,0.7272727272727273,0.5636363636363636,1.0,1.0,1.0,1.0,0.2,0.6,0.7532467532467533,0.675,0.475,1.0,0.6,0.4666666666666667
2822,attribute,yes,0,1.0,1.0,0.0,1.0,1.0,1.0,0.0,1.0,0.47619047619047616,1.0,0.5416666666666666,0.5416666666666666,1.0,0.4444444444444444
2823,positional,yes,0,1.0,1.0,0.0,1.0,1.0,1.0,0.0,1.0,0.47619047619047616,1.0,0.5416666666666666,0.5416666666666666,1.0,0.4444444444444444
2824,attribute,yes,0,1.0,1.0,0.2727272727272727,0.5636363636363636,1.0,1.0,0.0,1.0,0.5151515151515151,1.0,0.5416666666666666,0.4666666666666667,0.675,0.4444444444444444
2825,positional,yes,0,1.0,1.0,1.0,1.0,1.0,1.0,0.2,0.6,1.0,1.0,0.6,1.0,0.6,0.4666666666666667
2826,positional,yes,0,1.0,1.0,0.2727272727272727,0.5636363636363636,1.0,1.0,0.0,1.0,0.5151515151515151,1.0,0.5416666666666666,0.4666666666666667,0.675,0.4444444444444444
2828,object,yes,0,1.0,1.0,0.0,1.0,1.0,1.0,0.0,1.0,0.47619047619047616,1.0,0.5416666666666666,0.5416666666666666,1.0,0.4444444444444444
2829,object,yes,0,1.0,1.0,1.0,1.0,1.0,1.0,0.8,0.6,1.0,1.0,0.875,1.0,0.875,0.8
2830,attribute,yes,0,1.0,1.0,0.2727272727272727,0.5636363636363636,1.0,1.0,0.6,0.4,0.5151515151515151,1.0,0.7666666666666667,0.4666666666666667,0.5,0.6444444444444445
2831,object,yes,0,1.0,1.0,1.0,1.0,1.0,1.0,0.6,0.4,1.0,1.0,0.7666666666666667,1.0,0.7666666666666667,0.6444444444444445
2832,attribute,yes,0,0.7272727272727273,0.5636363636363636,1.0,1.0,1.0,1.0,0.6,0.4,0.7532467532467533,0.675,0.5416666666666666,1.0,0.7666666666666667,0.6444444444444445
2833,counting,yes,0,0.9090909090909091,0.8181818181818182,1.0,1.0,1.0,1.0,0.6,0.4,0.9090909090909091,0.875,0.675,1.0,0.7666666666666667,0.6444444444444445
2835,object,yes,0,1.0,1.0,1.0,1.0,1.0,1.0,0.8,0.6,1.0,1.0,0.875,1.0,0.875,0.8
2836,attribute,yes,1,0.8181818181818182,0.6727272727272727,0.0,1.0,0.2,0.6,0.2,0.6,0.4935064935064935,0.5,0.5,0.875,0.875,0.6444444444444445
2837,object,yes,0,0.7272727272727273,0.5636363636363636,0.9090909090909091,0.8181818181818182,1.0,1.0,0.8,0.6,0.6883116883116883,0.675,0.6,0.875,0.7666666666666667,0.8
2838,object,yes,0,1.0,1.0,1.0,1.0,0.8,0.6,1.0,1.0,1.0,0.875,1.0,0.875,1.0,0.8
2839,sentiment,yes,0,1.0,1.0,1.0,1.0,1.0,1.0,0.8,0.6,1.0,1.0,0.875,1.0,0.875,0.8
2840,sentiment,yes,0,1.0,1.0,0.2727272727272727,0.5636363636363636,1.0,1.0,0.4,0.4,0.5151515151515151,1.0,0.675,0.4666666666666667,0.5416666666666666,0.5333333333333333
2841,counting,yes,0,1.0,1.0,0.5454545454545454,0.45454545454545453,1.0,1.0,0.0,1.0,0.6320346320346321,1.0,0.5416666666666666,0.5416666666666666,0.5,0.4444444444444444
2842,attribute,yes,0,1.0,1.0,0.0,1.0,1.0,1.0,0.0,1.0,0.47619047619047616,1.0,0.5416666666666666,0.5416666666666666,1.0,0.4444444444444444
2843,object,yes,0,0.7272727272727273,0.5636363636363636,1.0,1.0,1.0,1.0,0.4,0.4,0.7532467532467533,0.675,0.5,1.0,0.675,0.5333333333333333
2844,object,yes,0,1.0,1.0,1.0,1.0,0.8,0.6,0.4,0.4,1.0,0.875,0.675,0.875,0.675,0.4666666666666667
2845,attribute,yes,1,1.0,1.0,0.0,1.0,0.6,0.4,0.8,0.6,0.47619047619047616,0.7666666666666667,0.875,0.675,0.6,0.5333333333333333
2846,object,yes,0,1.0,1.0,1.0,1.0,1.0,1.0,0.6,0.4,1.0,1.0,0.7666666666666667,1.0,0.7666666666666667,0.6444444444444445
2847,positional,yes,0,1.0,1.0,0.09090909090909091,0.8181818181818182,1.0,1.0,0.0,1.0,0.4805194805194805,1.0,0.5416666666666666,0.5,0.875,0.4444444444444444
2848,positional,yes,0,1.0,1.0,1.0,1.0,0.8,0.6,0.8,0.6,1.0,0.875,0.875,0.875,0.875,0.6444444444444445
2849,counting,yes,0,1.0,1.0,0.36363636363636365,0.4909090909090909,1.0,1.0,0.4,0.4,0.5454545454545454,1.0,0.675,0.475,0.5,0.5333333333333333
2850,attribute,yes,0,1.0,1.0,0.9090909090909091,0.8181818181818182,1.0,1.0,0.8,0.6,0.9090909090909091,1.0,0.875,0.875,0.7666666666666667,0.8
2851,object,yes,0,1.0,1.0,0.7272727272727273,0.5636363636363636,1.0,1.0,1.0,1.0,0.7532467532467533,1.0,1.0,0.675,0.675,1.0
2852,sentiment,yes,0,0.8181818181818182,0.6727272727272727,1.0,1.0,1.0,1.0,0.6,0.4,0.8268398268398268,0.7666666666666667,0.6,1.0,0.7666666666666667,0.6444444444444445
2853,counting,yes,0,1.0,1.0,1.0,1.0,1.0,1.0,0.4,0.4,1.0,1.0,0.675,1.0,0.675,0.5333333333333333
2856,object,yes,0,1.0,1.0,0.5454545454545454,0.45454545454545453,1.0,1.0,0.0,1.0,0.6320346320346321,1.0,0.5416666666666666,0.5416666666666666,0.5,0.4444444444444444
2857,attribute,yes,1,1.0,1.0,1.0,1.0,0.6,0.4,1.0,1.0,1.0,0.7666666666666667,1.0,0.7666666666666667,1.0,0.6444444444444445
2858,positional,yes,0,1.0,1.0,0.9090909090909091,0.8181818181818182,1.0,1.0,0.0,1.0,0.9090909090909091,1.0,0.5416666666666666,0.875,0.5,0.4444444444444444
2859,attribute,yes,0,1.0,1.0,0.0,1.0,1.0,1.0,0.0,1.0,0.47619047619047616,1.0,0.5416666666666666,0.5416666666666666,1.0,0.4444444444444444
2860,object,yes,0,1.0,1.0,1.0,1.0,1.0,1.0,1.0,1.0,1.0,1.0,1.0,1.0,1.0,1.0
2861,attribute,yes,0,1.0,1.0,1.0,1.0,1.0,1.0,0.6,0.4,1.0,1.0,0.7666666666666667,1.0,0.7666666666666667,0.6444444444444445
2862,sentiment,yes,0,0.7272727272727273,0.5636363636363636,1.0,1.0,0.6,0.4,1.0,1.0,0.7532467532467533,0.5416666666666666,0.675,0.7666666666666667,1.0,0.6444444444444445
2863,attribute,yes,1,0.8181818181818182,0.6727272727272727,0.0,1.0,0.4,0.4,0.2,0.6,0.4935064935064935,0.5416666666666666,0.5,0.7666666666666667,0.875,0.5333333333333333
2864,object,yes,0,1.0,1.0,0.6363636363636364,0.4909090909090909,1.0,1.0,0.2,0.6,0.6883116883116883,1.0,0.6,0.6,0.4666666666666667,0.4666666666666667
2865,attribute,yes,0,1.0,1.0,0.0,1.0,1.0,1.0,0.0,1.0,0.47619047619047616,1.0,0.5416666666666666,0.5416666666666666,1.0,0.4444444444444444
2866,positional,yes,0,1.0,1.0,0.36363636363636365,0.4909090909090909,1.0,1.0,0.0,1.0,0.5454545454545454,1.0,0.5416666666666666,0.475,0.6,0.4444444444444444
2868,sentiment,yes,0,1.0,1.0,1.0,1.0,1.0,1.0,0.8,0.6,1.0,1.0,0.875,1.0,0.875,0.8
2869,attribute,yes,0,1.0,1.0,0.09090909090909091,0.8181818181818182,1.0,1.0,0.0,1.0,0.4805194805194805,1.0,0.5416666666666666,0.5,0.875,0.4444444444444444
2870,counting,yes,0,1.0,1.0,1.0,1.0,1.0,1.0,0.2,0.6,1.0,1.0,0.6,1.0,0.6,0.4666666666666667
2871,attribute,yes,0,1.0,1.0,0.0,1.0,1.0,1.0,0.0,1.0,0.47619047619047616,1.0,0.5416666666666666,0.5416666666666666,1.0,0.4444444444444444
2873,counting,yes,1,1.0,1.0,0.8181818181818182,0.6727272727272727,0.2,0.6,1.0,1.0,0.8268398268398268,0.6,1.0,0.5,0.7666666666666667,0.4666666666666667
2874,counting,yes,1,0.5454545454545454,0.45454545454545453,0.0,1.0,0.6,0.4,0.4,0.4,0.5844155844155844,0.475,0.4666666666666667,0.675,0.7666666666666667,0.4444444444444444
2875,object,yes,0,1.0,1.0,1.0,1.0,1.0,1.0,0.6,0.4,1.0,1.0,0.7666666666666667,1.0,0.7666666666666667,0.6444444444444445
2876,object,yes,0,1.0,1.0,0.45454545454545453,0.45454545454545453,1.0,1.0,0.2,0.6,0.5844155844155844,1.0,0.6,0.5,0.5,0.4666666666666667
2877,attribute,yes,0,1.0,1.0,0.0,1.0,1.0,1.0,0.0,1.0,0.47619047619047616,1.0,0.5416666666666666,0.5416666666666666,1.0,0.4444444444444444
2878,positional,yes,0,1.0,1.0,0.9090909090909091,0.8181818181818182,1.0,1.0,0.8,0.6,0.9090909090909091,1.0,0.875,0.875,0.7666666666666667,0.8
2879,object,yes,0,1.0,1.0,1.0,1.0,1.0,1.0,0.4,0.4,1.0,1.0,0.675,1.0,0.675,0.5333333333333333
2880,object,yes,0,1.0,1.0,1.0,1.0,1.0,1.0,0.6,0.4,1.0,1.0,0.7666666666666667,1.0,0.7666666666666667,0.6444444444444445
2881,sentiment,yes,0,1.0,1.0,1.0,1.0,1.0,1.0,0.8,0.6,1.0,1.0,0.875,1.0,0.875,0.8
2882,object,yes,1,1.0,1.0,0.0,1.0,1.0,1.0,0.6,0.4,0.47619047619047616,1.0,0.7666666666666667,0.5416666666666666,0.675,0.6444444444444445
2883,sentiment,yes,0,1.0,1.0,0.36363636363636365,0.4909090909090909,1.0,1.0,0.4,0.4,0.5454545454545454,1.0,0.675,0.475,0.5,0.5333333333333333
2884,object,yes,0,1.0,1.0,1.0,1.0,0.6,0.4,0.8,0.6,1.0,0.7666666666666667,0.875,0.7666666666666667,0.875,0.5333333333333333
2885,object,yes,0,1.0,1.0,1.0,1.0,1.0,1.0,0.2,0.6,1.0,1.0,0.6,1.0,0.6,0.4666666666666667
2886,object,yes,0,1.0,1.0,1.0,1.0,1.0,1.0,0.2,0.6,1.0,1.0,0.6,1.0,0.6,0.4666666666666667
2887,object,yes,0,1.0,1.0,0.8181818181818182,0.6727272727272727,1.0,1.0,0.4,0.4,0.8268398268398268,1.0,0.675,0.7666666666666667,0.5416666666666666,0.5333333333333333
2889,object,yes,0,1.0,1.0,0.8181818181818182,0.6727272727272727,1.0,1.0,0.2,0.6,0.8268398268398268,1.0,0.6,0.7666666666666667,0.5,0.4666666666666667
2890,positional,yes,0,1.0,1.0,0.9090909090909091,0.8181818181818182,1.0,1.0,0.4,0.4,0.9090909090909091,1.0,0.675,0.875,0.6,0.5333333333333333
2891,attribute,yes,0,1.0,1.0,0.45454545454545453,0.45454545454545453,1.0,1.0,0.0,1.0,0.5844155844155844,1.0,0.5416666666666666,0.5,0.5416666666666666,0.4444444444444444
2892,counting,yes,1,1.0,1.0,0.0,1.0,0.6,0.4,0.0,1.0,0.47619047619047616,0.7666666666666667,0.5416666666666666,0.675,1.0,0.5333333333333333
2893,positional,yes,0,1.0,1.0,1.0,1.0,1.0,1.0,0.4,0.4,1.0,1.0,0.675,1.0,0.675,0.5333333333333333
2894,object,yes,0,1.0,1.0,0.0,1.0,1.0,1.0,0.0,1.0,0.47619047619047616,1.0,0.5416666666666666,0.5416666666666666,1.0,0.4444444444444444
2895,object,yes,0,1.0,1.0,0.09090909090909091,0.8181818181818182,1.0,1.0,0.4,0.4,0.4805194805194805,1.0,0.675,0.5,0.675,0.5333333333333333
2896,sentiment,yes,0,1.0,1.0,0.7272727272727273,0.5636363636363636,1.0,1.0,0.2,0.6,0.7532467532467533,1.0,0.6,0.675,0.475,0.4666666666666667
2897,counting,yes,1,0.0,1.0,0.09090909090909091,0.8181818181818182,0.0,1.0,0.8,0.6,0.9090909090909091,1.0,0.6,0.875,0.5416666666666666,0.4666666666666667
2899,positional,yes,0,1.0,1.0,0.8181818181818182,0.6727272727272727,1.0,1.0,0.8,0.6,0.8268398268398268,1.0,0.875,0.7666666666666667,0.675,0.8
2900,object,yes,0,1.0,1.0,1.0,1.0,1.0,1.0,0.8,0.6,1.0,1.0,0.875,1.0,0.875,0.8
2901,sentiment,yes,1,0.2727272727272727,0.5636363636363636,0.0,1.0,0.8,0.6,0.0,1.0,0.7532467532467533,0.475,0.675,0.6,1.0,0.4666666666666667
2902,object,yes,0,1.0,1.0,1.0,1.0,1.0,1.0,0.8,0.6,1.0,1.0,0.875,1.0,0.875,0.8
2903,counting,yes,0,0.5454545454545454,0.45454545454545453,0.5454545454545454,0.45454545454545453,1.0,1.0,0.2,0.6,0.4805194805194805,0.5416666666666666,0.475,0.5416666666666666,0.475,0.4666666666666667
2904,attribute,yes,1,0.0,1.0,1.0,1.0,0.0,1.0,1.0,1.0,0.47619047619047616,1.0,0.5416666666666666,0.5416666666666666,1.0,0.4444444444444444
2905,attribute,yes,0,0.9090909090909091,0.8181818181818182,0.18181818181818182,0.6727272727272727,1.0,1.0,0.0,1.0,0.4805194805194805,0.875,0.5,0.475,0.7666666666666667,0.4444444444444444
2906,object,yes,0,1.0,1.0,0.36363636363636365,0.4909090909090909,0.6,0.4,0.2,0.6,0.5454545454545454,0.7666666666666667,0.6,0.475,0.5416666666666666,0.4666666666666667
2907,object,yes,0,0.5454545454545454,0.45454545454545453,1.0,1.0,1.0,1.0,0.6,0.4,0.6320346320346321,0.5416666666666666,0.475,1.0,0.7666666666666667,0.6444444444444445
2908,object,yes,0,1.0,1.0,1.0,1.0,1.0,1.0,0.8,0.6,1.0,1.0,0.875,1.0,0.875,0.8
2909,counting,yes,0,1.0,1.0,1.0,1.0,1.0,1.0,0.4,0.4,1.0,1.0,0.675,1.0,0.675,0.5333333333333333
2910,counting,yes,0,1.0,1.0,0.45454545454545453,0.45454545454545453,1.0,1.0,0.4,0.4,0.5844155844155844,1.0,0.675,0.5,0.475,0.5333333333333333
2911,counting,yes,0,0.0,1.0,1.0,1.0,0.4,0.4,1.0,1.0,0.47619047619047616,0.7666666666666667,0.5416666666666666,0.675,1.0,0.5333333333333333
2912,attribute,yes,0,1.0,1.0,0.09090909090909091,0.8181818181818182,1.0,1.0,0.0,1.0,0.4805194805194805,1.0,0.5416666666666666,0.5,0.875,0.4444444444444444
2913,object,yes,0,1.0,1.0,1.0,1.0,1.0,1.0,0.6,0.4,1.0,1.0,0.7666666666666667,1.0,0.7666666666666667,0.6444444444444445
2915,counting,yes,0,1.0,1.0,1.0,1.0,1.0,1.0,0.6,0.4,1.0,1.0,0.7666666666666667,1.0,0.7666666666666667,0.6444444444444445
2917,object,yes,0,1.0,1.0,0.09090909090909091,0.8181818181818182,1.0,1.0,0.6,0.4,0.4805194805194805,1.0,0.7666666666666667,0.5,0.6,0.6444444444444445
2918,object,yes,0,1.0,1.0,0.2727272727272727,0.5636363636363636,1.0,1.0,0.0,1.0,0.5151515151515151,1.0,0.5416666666666666,0.4666666666666667,0.675,0.4444444444444444
2919,attribute,yes,0,1.0,1.0,0.0,1.0,1.0,1.0,0.0,1.0,0.47619047619047616,1.0,0.5416666666666666,0.5416666666666666,1.0,0.4444444444444444
2920,object,yes,0,1.0,1.0,1.0,1.0,0.8,0.6,0.4,0.4,1.0,0.875,0.675,0.875,0.675,0.4666666666666667
2921,attribute,yes,1,0.0,1.0,0.0,1.0,0.0,1.0,0.8,0.6,1.0,1.0,0.6,1.0,0.6,0.4666666666666667
2922,attribute,yes,1,0.0,1.0,1.0,1.0,0.0,1.0,1.0,1.0,0.47619047619047616,1.0,0.5416666666666666,0.5416666666666666,1.0,0.4444444444444444
2923,attribute,yes,0,0.5454545454545454,0.45454545454545453,0.5454545454545454,0.45454545454545453,0.6,0.4,0.4,0.4,0.4805194805194805,0.475,0.4666666666666667,0.475,0.4666666666666667,0.4444444444444444
2924,object,yes,0,1.0,1.0,1.0,1.0,1.0,1.0,1.0,1.0,1.0,1.0,1.0,1.0,1.0,1.0
2925,object,yes,0,0.8181818181818182,0.6727272727272727,1.0,1.0,1.0,1.0,0.4,0.4,0.8268398268398268,0.7666666666666667,0.5416666666666666,1.0,0.675,0.5333333333333333
2926,object,yes,0,1.0,1.0,0.18181818181818182,0.6727272727272727,1.0,1.0,0.2,0.6,0.4935064935064935,1.0,0.6,0.475,0.675,0.4666666666666667
2927,attribute,yes,0,0.9090909090909091,0.8181818181818182,1.0,1.0,0.8,0.6,0.2,0.6,0.9090909090909091,0.7666666666666667,0.5416666666666666,0.875,0.6,0.4444444444444444
2928,attribute,yes,0,1.0,1.0,0.0,1.0,1.0,1.0,0.0,1.0,0.47619047619047616,1.0,0.5416666666666666,0.5416666666666666,1.0,0.4444444444444444
2929,attribute,yes,0,1.0,1.0,0.0,1.0,1.0,1.0,0.0,1.0,0.47619047619047616,1.0,0.5416666666666666,0.5416666666666666,1.0,0.4444444444444444
2930,object,yes,0,1.0,1.0,0.09090909090909091,0.8181818181818182,1.0,1.0,0.0,1.0,0.4805194805194805,1.0,0.5416666666666666,0.5,0.875,0.4444444444444444
2931,object,yes,0,1.0,1.0,1.0,1.0,1.0,1.0,0.6,0.4,1.0,1.0,0.7666666666666667,1.0,0.7666666666666667,0.6444444444444445
2932,positional,yes,0,1.0,1.0,1.0,1.0,1.0,1.0,0.2,0.6,1.0,1.0,0.6,1.0,0.6,0.4666666666666667
2933,attribute,yes,0,1.0,1.0,0.6363636363636364,0.4909090909090909,1.0,1.0,0.2,0.6,0.6883116883116883,1.0,0.6,0.6,0.4666666666666667,0.4666666666666667
2934,positional,yes,0,0.45454545454545453,0.45454545454545453,1.0,1.0,1.0,1.0,0.4,0.4,0.5844155844155844,0.5,0.475,1.0,0.675,0.5333333333333333
2935,positional,yes,0,1.0,1.0,0.18181818181818182,0.6727272727272727,1.0,1.0,0.0,1.0,0.4935064935064935,1.0,0.5416666666666666,0.475,0.7666666666666667,0.4444444444444444
2937,counting,yes,0,1.0,1.0,0.36363636363636365,0.4909090909090909,1.0,1.0,0.2,0.6,0.5454545454545454,1.0,0.6,0.475,0.5416666666666666,0.4666666666666667
2938,counting,yes,0,1.0,1.0,0.18181818181818182,0.6727272727272727,1.0,1.0,0.0,1.0,0.4935064935064935,1.0,0.5416666666666666,0.475,0.7666666666666667,0.4444444444444444
2939,attribute,yes,1,0.6363636363636364,0.4909090909090909,0.0,1.0,0.8,0.6,0.0,1.0,0.5454545454545454,0.5416666666666666,0.475,0.6,1.0,0.4666666666666667
2940,object,yes,0,0.36363636363636365,0.4909090909090909,1.0,1.0,0.8,0.6,0.4,0.4,0.5454545454545454,0.4666666666666667,0.5,0.875,0.675,0.4666666666666667
2941,positional,yes,0,1.0,1.0,0.0,1.0,1.0,1.0,0.0,1.0,0.47619047619047616,1.0,0.5416666666666666,0.5416666666666666,1.0,0.4444444444444444
2942,object,yes,0,1.0,1.0,1.0,1.0,0.8,0.6,1.0,1.0,1.0,0.875,1.0,0.875,1.0,0.8
2943,object,yes,0,1.0,1.0,1.0,1.0,1.0,1.0,0.2,0.6,1.0,1.0,0.6,1.0,0.6,0.4666666666666667
2944,object,yes,0,1.0,1.0,0.9090909090909091,0.8181818181818182,1.0,1.0,1.0,1.0,0.9090909090909091,1.0,1.0,0.875,0.875,1.0
2945,attribute,yes,0,0.7272727272727273,0.5636363636363636,1.0,1.0,1.0,1.0,0.8,0.6,0.7532467532467533,0.675,0.6,1.0,0.875,0.8
2946,positional,yes,0,1.0,1.0,0.5454545454545454,0.45454545454545453,1.0,1.0,0.2,0.6,0.6320346320346321,1.0,0.6,0.5416666666666666,0.475,0.4666666666666667
2947,attribute,yes,0,1.0,1.0,0.9090909090909091,0.8181818181818182,1.0,1.0,0.2,0.6,0.9090909090909091,1.0,0.6,0.875,0.5416666666666666,0.4666666666666667
2948,attribute,yes,0,0.7272727272727273,0.5636363636363636,0.0,1.0,1.0,1.0,0.0,1.0,0.5151515151515151,0.675,0.4666666666666667,0.5416666666666666,1.0,0.4444444444444444
2949,attribute,yes,0,1.0,1.0,0.2727272727272727,0.5636363636363636,1.0,1.0,0.0,1.0,0.5151515151515151,1.0,0.5416666666666666,0.4666666666666667,0.675,0.4444444444444444
2950,object,yes,1,0.45454545454545453,0.45454545454545453,0.0,1.0,0.6,0.4,0.0,1.0,0.6320346320346321,0.4666666666666667,0.5416666666666666,0.675,1.0,0.5333333333333333
2951,object,yes,0,1.0,1.0,1.0,1.0,1.0,1.0,0.4,0.4,1.0,1.0,0.675,1.0,0.675,0.5333333333333333
2952,object,yes,0,1.0,1.0,0.09090909090909091,0.8181818181818182,1.0,1.0,0.0,1.0,0.4805194805194805,1.0,0.5416666666666666,0.5,0.875,0.4444444444444444
2954,attribute,yes,0,1.0,1.0,0.18181818181818182,0.6727272727272727,1.0,1.0,0.0,1.0,0.4935064935064935,1.0,0.5416666666666666,0.475,0.7666666666666667,0.4444444444444444
2956,positional,yes,0,1.0,1.0,0.09090909090909091,0.8181818181818182,1.0,1.0,0.0,1.0,0.4805194805194805,1.0,0.5416666666666666,0.5,0.875,0.4444444444444444
2957,counting,yes,1,1.0,1.0,0.0,1.0,0.6,0.4,0.2,0.6,0.47619047619047616,0.7666666666666667,0.6,0.675,0.875,0.4666666666666667
2958,attribute,yes,1,0.5454545454545454,0.45454545454545453,0.8181818181818182,0.6727272727272727,0.2,0.6,1.0,1.0,0.5454545454545454,0.475,0.5416666666666666,0.5,0.7666666666666667,0.4666666666666667
2959,attribute,yes,0,1.0,1.0,1.0,1.0,1.0,1.0,0.8,0.6,1.0,1.0,0.875,1.0,0.875,0.8
2960,object,yes,0,1.0,1.0,1.0,1.0,1.0,1.0,0.8,0.6,1.0,1.0,0.875,1.0,0.875,0.8
2961,counting,yes,0,0.09090909090909091,0.8181818181818182,0.5454545454545454,0.45454545454545453,0.8,0.6,0.0,1.0,0.5454545454545454,0.5416666666666666,0.875,0.5,0.5,0.4666666666666667
2962,object,yes,0,0.09090909090909091,0.8181818181818182,1.0,1.0,0.6,0.4,0.4,0.4,0.4805194805194805,0.6,0.675,0.7666666666666667,0.675,0.4444444444444444
2963,object,yes,0,1.0,1.0,1.0,1.0,1.0,1.0,0.4,0.4,1.0,1.0,0.675,1.0,0.675,0.5333333333333333
2965,attribute,yes,0,0.36363636363636365,0.4909090909090909,1.0,1.0,0.8,0.6,0.4,0.4,0.5454545454545454,0.4666666666666667,0.5,0.875,0.675,0.4666666666666667
2966,object,yes,0,1.0,1.0,1.0,1.0,1.0,1.0,0.8,0.6,1.0,1.0,0.875,1.0,0.875,0.8
2967,sentiment,yes,0,1.0,1.0,1.0,1.0,1.0,1.0,0.6,0.4,1.0,1.0,0.7666666666666667,1.0,0.7666666666666667,0.6444444444444445
2968,object,yes,0,1.0,1.0,1.0,1.0,1.0,1.0,0.4,0.4,1.0,1.0,0.675,1.0,0.675,0.5333333333333333
2969,counting,yes,0,1.0,1.0,1.0,1.0,1.0,1.0,0.4,0.4,1.0,1.0,0.675,1.0,0.675,0.5333333333333333
2970,object,yes,0,1.0,1.0,1.0,1.0,1.0,1.0,0.4,0.4,1.0,1.0,0.675,1.0,0.675,0.5333333333333333
2971,counting,yes,1,0.09090909090909091,0.8181818181818182,0.0,1.0,0.0,1.0,0.8,0.6,0.9090909090909091,0.875,0.5416666666666666,1.0,0.6,0.4666666666666667
2972,object,yes,0,1.0,1.0,0.09090909090909091,0.8181818181818182,1.0,1.0,0.0,1.0,0.4805194805194805,1.0,0.5416666666666666,0.5,0.875,0.4444444444444444
2973,sentiment,yes,1,0.0,1.0,0.9090909090909091,0.8181818181818182,0.0,1.0,0.8,0.6,0.4805194805194805,1.0,0.6,0.5,0.7666666666666667,0.4666666666666667
2974,attribute,yes,0,0.7272727272727273,0.5636363636363636,1.0,1.0,1.0,1.0,0.8,0.6,0.7532467532467533,0.675,0.6,1.0,0.875,0.8
2975,object,yes,1,1.0,1.0,0.0,1.0,0.8,0.6,0.0,1.0,0.47619047619047616,0.875,0.5416666666666666,0.6,1.0,0.4666666666666667
2976,attribute,yes,0,0.5454545454545454,0.45454545454545453,0.09090909090909091,0.8181818181818182,0.8,0.6,0.0,1.0,0.5454545454545454,0.5,0.5,0.5416666666666666,0.875,0.4666666666666667
2977,object,yes,0,0.6363636363636364,0.4909090909090909,1.0,1.0,1.0,1.0,0.4,0.4,0.6883116883116883,0.6,0.475,1.0,0.675,0.5333333333333333
2978,object,yes,1,0.36363636363636365,0.4909090909090909,0.0,1.0,0.0,1.0,0.0,1.0,0.6883116883116883,0.6,0.6,1.0,1.0,1.0
2979,attribute,yes,0,1.0,1.0,1.0,1.0,1.0,1.0,0.8,0.6,1.0,1.0,0.875,1.0,0.875,0.8
2980,attribute,yes,0,0.8181818181818182,0.6727272727272727,1.0,1.0,1.0,1.0,0.8,0.6,0.8268398268398268,0.7666666666666667,0.675,1.0,0.875,0.8
2981,attribute,yes,0,1.0,1.0,0.0,1.0,1.0,1.0,0.0,1.0,0.47619047619047616,1.0,0.5416666666666666,0.5416666666666666,1.0,0.4444444444444444
2982,object,yes,0,1.0,1.0,1.0,1.0,1.0,1.0,1.0,1.0,1.0,1.0,1.0,1.0,1.0,1.0
2983,counting,yes,1,0.0,1.0,0.18181818181818182,0.6727272727272727,0.0,1.0,0.8,0.6,0.8268398268398268,1.0,0.6,0.7666666666666667,0.5,0.4666666666666667
2984,attribute,yes,0,1.0,1.0,0.2727272727272727,0.5636363636363636,1.0,1.0,0.2,0.6,0.5151515151515151,1.0,0.6,0.4666666666666667,0.6,0.4666666666666667
2985,sentiment,yes,0,1.0,1.0,1.0,1.0,1.0,1.0,1.0,1.0,1.0,1.0,1.0,1.0,1.0,1.0
2986,counting,yes,1,0.0,1.0,0.0,1.0,0.0,1.0,0.4,0.4,1.0,1.0,0.7666666666666667,1.0,0.7666666666666667,0.6444444444444445
2987,attribute,yes,0,1.0,1.0,0.0,1.0,1.0,1.0,0.0,1.0,0.47619047619047616,1.0,0.5416666666666666,0.5416666666666666,1.0,0.4444444444444444
2988,attribute,yes,1,0.18181818181818182,0.6727272727272727,0.0,1.0,0.0,1.0,0.4,0.4,0.8268398268398268,0.7666666666666667,0.6,1.0,0.7666666666666667,0.6444444444444445
2991,object,yes,0,0.9090909090909091,0.8181818181818182,1.0,1.0,1.0,1.0,0.2,0.6,0.9090909090909091,0.875,0.5416666666666666,1.0,0.6,0.4666666666666667
2993,object,yes,0,1.0,1.0,1.0,1.0,1.0,1.0,0.4,0.4,1.0,1.0,0.675,1.0,0.675,0.5333333333333333
2994,object,yes,0,1.0,1.0,1.0,1.0,1.0,1.0,1.0,1.0,1.0,1.0,1.0,1.0,1.0,1.0
2995,attribute,yes,1,0.0,1.0,0.09090909090909091,0.8181818181818182,0.0,1.0,0.8,0.6,0.9090909090909091,1.0,0.6,0.875,0.5416666666666666,0.4666666666666667
2998,positional,yes,0,0.8181818181818182,0.6727272727272727,1.0,1.0,1.0,1.0,0.8,0.6,0.8268398268398268,0.7666666666666667,0.675,1.0,0.875,0.8
3000,counting,yes,0,0.9090909090909091,0.8181818181818182,0.2727272727272727,0.5636363636363636,1.0,1.0,0.0,1.0,0.4935064935064935,0.875,0.5,0.4666666666666667,0.675,0.4444444444444444
