id,type,truth,hal_label,QA_ITA,PA_ITA,QA_ITC,PA_ITC,QA_FSA,PA_FSA,QA_FSC,PA_FSC,PA_ITA_ITC,PA_ITA_FSA,PA_ITA_FSC,PA_ITC_FSA,PA_ITC_FSC,PA_FSA_FSC
1005,discriminative-attribute-state,yes,0,0.8181818181818182,0.6727272727272727,1.0,1.0,1.0,1.0,1.0,1.0,0.8268398268398268,0.7666666666666667,0.7666666666666667,1.0,1.0,1.0
1007,discriminative-attribute-state,yes,1,1.0,1.0,0.18181818181818182,0.6727272727272727,1.0,1.0,0.2,0.6,0.4935064935064935,1.0,0.6,0.475,0.675,0.4666666666666667
1009,discriminative-attribute-state,yes,1,0.45454545454545453,0.45454545454545453,0.0,1.0,0.4,0.4,0.2,0.6,0.6320346320346321,0.475,0.5,0.7666666666666667,0.875,0.5333333333333333
1011,discriminative-attribute-state,yes,0,1.0,1.0,1.0,1.0,1.0,1.0,1.0,1.0,1.0,1.0,1.0,1.0,1.0,1.0
1013,discriminative-attribute-number,yes,0,0.9090909090909091,0.8181818181818182,0.9090909090909091,0.8181818181818182,1.0,1.0,0.8,0.6,0.8268398268398268,0.875,0.7666666666666667,0.875,0.7666666666666667,0.8
1015,discriminative-attribute-state,yes,1,0.7272727272727273,0.5636363636363636,0.7272727272727273,0.5636363636363636,0.4,0.4,0.6,0.4,0.5844155844155844,0.5,0.5416666666666666,0.5,0.5416666666666666,0.4444444444444444
1017,discriminative-attribute-action,yes,1,0.0,1.0,0.0,1.0,0.0,1.0,0.0,1.0,1.0,1.0,1.0,1.0,1.0,1.0
1019,discriminative-attribute-number,yes,1,0.6363636363636364,0.4909090909090909,0.0,1.0,0.6,0.4,0.0,1.0,0.5454545454545454,0.5,0.475,0.675,1.0,0.5333333333333333
1021,discriminative-attribute-state,yes,0,1.0,1.0,1.0,1.0,0.6,0.4,1.0,1.0,1.0,0.7666666666666667,1.0,0.7666666666666667,1.0,0.6444444444444445
1023,discriminative-attribute-state,yes,1,1.0,1.0,0.36363636363636365,0.4909090909090909,1.0,1.0,0.8,0.6,0.5454545454545454,1.0,0.875,0.475,0.4666666666666667,0.8
1025,discriminative-attribute-state,yes,1,1.0,1.0,0.0,1.0,1.0,1.0,0.2,0.6,0.47619047619047616,1.0,0.6,0.5416666666666666,0.875,0.4666666666666667
1027,discriminative-attribute-state,yes,0,0.09090909090909091,0.8181818181818182,0.8181818181818182,0.6727272727272727,0.8,0.6,0.8,0.6,0.4805194805194805,0.5416666666666666,0.5416666666666666,0.675,0.675,0.6444444444444445
1029,discriminative-attribute-state,yes,0,1.0,1.0,1.0,1.0,1.0,1.0,1.0,1.0,1.0,1.0,1.0,1.0,1.0,1.0
1031,discriminative-attribute-action,yes,1,0.0,1.0,0.0,1.0,0.0,1.0,0.0,1.0,1.0,1.0,1.0,1.0,1.0,1.0
1033,discriminative-attribute-state,yes,1,0.0,1.0,0.0,1.0,0.0,1.0,0.0,1.0,1.0,1.0,1.0,1.0,1.0,1.0
1035,discriminative-attribute-state,yes,1,0.8181818181818182,0.6727272727272727,0.8181818181818182,0.6727272727272727,0.8,0.6,0.8,0.6,0.6883116883116883,0.675,0.675,0.675,0.675,0.6444444444444445
1037,discriminative-attribute-state,yes,1,0.7272727272727273,0.5636363636363636,0.36363636363636365,0.4909090909090909,0.0,1.0,0.0,1.0,0.4805194805194805,0.4666666666666667,0.4666666666666667,0.6,0.6,1.0
1039,discriminative-attribute-state,yes,0,0.8181818181818182,0.6727272727272727,0.8181818181818182,0.6727272727272727,1.0,1.0,1.0,1.0,0.6883116883116883,0.7666666666666667,0.7666666666666667,0.7666666666666667,0.7666666666666667,1.0
1041,discriminative-attribute-state,yes,1,0.45454545454545453,0.45454545454545453,0.0,1.0,0.0,1.0,0.2,0.6,0.6320346320346321,0.5416666666666666,0.5,1.0,0.875,0.8
1043,discriminative-attribute-state,yes,1,0.45454545454545453,0.45454545454545453,0.0,1.0,0.2,0.6,0.0,1.0,0.6320346320346321,0.5,0.5416666666666666,0.875,1.0,0.8
1045,discriminative-attribute-number,yes,0,1.0,1.0,1.0,1.0,1.0,1.0,0.8,0.6,1.0,1.0,0.875,1.0,0.875,0.8
1047,discriminative-attribute-number,yes,0,1.0,1.0,1.0,1.0,1.0,1.0,1.0,1.0,1.0,1.0,1.0,1.0,1.0,1.0
1049,discriminative-attribute-state,yes,1,1.0,1.0,1.0,1.0,1.0,1.0,1.0,1.0,1.0,1.0,1.0,1.0,1.0,1.0
1051,discriminative-attribute-action,yes,0,1.0,1.0,1.0,1.0,1.0,1.0,1.0,1.0,1.0,1.0,1.0,1.0,1.0,1.0
1053,discriminative-attribute-state,yes,1,0.9090909090909091,0.8181818181818182,0.45454545454545453,0.45454545454545453,1.0,1.0,0.0,1.0,0.5454545454545454,0.875,0.5,0.5,0.5416666666666666,0.4444444444444444
1055,discriminative-attribute-state,yes,0,1.0,1.0,1.0,1.0,1.0,1.0,1.0,1.0,1.0,1.0,1.0,1.0,1.0,1.0
1057,discriminative-attribute-state,yes,1,0.2727272727272727,0.5636363636363636,0.18181818181818182,0.6727272727272727,0.0,1.0,0.0,1.0,0.6320346320346321,0.675,0.675,0.7666666666666667,0.7666666666666667,1.0
1059,discriminative-attribute-state,yes,1,0.9090909090909091,0.8181818181818182,1.0,1.0,0.0,1.0,0.6,0.4,0.9090909090909091,0.5,0.675,0.5416666666666666,0.7666666666666667,0.5333333333333333
1061,discriminative-attribute-number,yes,0,0.9090909090909091,0.8181818181818182,1.0,1.0,1.0,1.0,1.0,1.0,0.9090909090909091,0.875,0.875,1.0,1.0,1.0
1063,discriminative-attribute-action,yes,0,1.0,1.0,1.0,1.0,1.0,1.0,1.0,1.0,1.0,1.0,1.0,1.0,1.0,1.0
1065,discriminative-attribute-state,yes,1,1.0,1.0,0.0,1.0,0.6,0.4,0.0,1.0,0.47619047619047616,0.7666666666666667,0.5416666666666666,0.675,1.0,0.5333333333333333
1067,discriminative-attribute-state,yes,1,0.18181818181818182,0.6727272727272727,0.0,1.0,0.0,1.0,0.2,0.6,0.8268398268398268,0.7666666666666667,0.675,1.0,0.875,0.8
1069,discriminative-attribute-state,yes,1,0.18181818181818182,0.6727272727272727,0.0,1.0,0.6,0.4,0.4,0.4,0.8268398268398268,0.5416666666666666,0.6,0.675,0.7666666666666667,0.4444444444444444
1071,discriminative-attribute-state,yes,1,0.9090909090909091,0.8181818181818182,0.18181818181818182,0.6727272727272727,0.2,0.6,0.0,1.0,0.4805194805194805,0.5416666666666666,0.5,0.675,0.7666666666666667,0.8
1073,discriminative-attribute-state,yes,0,1.0,1.0,1.0,1.0,1.0,1.0,1.0,1.0,1.0,1.0,1.0,1.0,1.0,1.0
1075,discriminative-attribute-action,yes,0,0.9090909090909091,0.8181818181818182,1.0,1.0,1.0,1.0,1.0,1.0,0.9090909090909091,0.875,0.875,1.0,1.0,1.0
1077,discriminative-attribute-number,yes,0,1.0,1.0,1.0,1.0,1.0,1.0,0.8,0.6,1.0,1.0,0.875,1.0,0.875,0.8
1079,discriminative-attribute-number,yes,0,1.0,1.0,1.0,1.0,1.0,1.0,1.0,1.0,1.0,1.0,1.0,1.0,1.0,1.0
1081,discriminative-attribute-state,yes,1,0.9090909090909091,0.8181818181818182,0.0,1.0,1.0,1.0,0.0,1.0,0.4805194805194805,0.875,0.5,0.5416666666666666,1.0,0.4444444444444444
1083,discriminative-attribute-state,yes,1,0.2727272727272727,0.5636363636363636,0.09090909090909091,0.8181818181818182,0.0,1.0,0.0,1.0,0.6883116883116883,0.675,0.675,0.875,0.875,1.0
1085,discriminative-attribute-state,yes,1,1.0,1.0,0.0,1.0,1.0,1.0,0.2,0.6,0.47619047619047616,1.0,0.6,0.5416666666666666,0.875,0.4666666666666667
1087,discriminative-attribute-state,yes,0,1.0,1.0,1.0,1.0,1.0,1.0,1.0,1.0,1.0,1.0,1.0,1.0,1.0,1.0
1089,discriminative-attribute-number,yes,0,1.0,1.0,1.0,1.0,1.0,1.0,1.0,1.0,1.0,1.0,1.0,1.0,1.0,1.0
1091,discriminative-attribute-action,yes,0,1.0,1.0,1.0,1.0,1.0,1.0,1.0,1.0,1.0,1.0,1.0,1.0,1.0,1.0
1093,discriminative-attribute-state,yes,0,0.7272727272727273,0.5636363636363636,0.7272727272727273,0.5636363636363636,1.0,1.0,1.0,1.0,0.5844155844155844,0.675,0.675,0.675,0.675,1.0
1095,discriminative-attribute-number,yes,0,1.0,1.0,1.0,1.0,1.0,1.0,1.0,1.0,1.0,1.0,1.0,1.0,1.0,1.0
1097,discriminative-attribute-number,yes,0,1.0,1.0,1.0,1.0,1.0,1.0,1.0,1.0,1.0,1.0,1.0,1.0,1.0,1.0
1099,discriminative-attribute-state,yes,0,1.0,1.0,1.0,1.0,1.0,1.0,1.0,1.0,1.0,1.0,1.0,1.0,1.0,1.0
1101,discriminative-attribute-number,yes,1,0.18181818181818182,0.6727272727272727,0.5454545454545454,0.45454545454545453,0.0,1.0,0.8,0.6,0.5151515151515151,0.7666666666666667,0.5,0.5,0.5,0.4666666666666667
1103,discriminative-attribute-action,yes,1,0.6363636363636364,0.4909090909090909,0.0,1.0,0.2,0.6,0.0,1.0,0.5454545454545454,0.4666666666666667,0.475,0.875,1.0,0.8
1105,discriminative-attribute-number,yes,0,1.0,1.0,1.0,1.0,1.0,1.0,1.0,1.0,1.0,1.0,1.0,1.0,1.0,1.0
1107,discriminative-attribute-state,yes,1,0.9090909090909091,0.8181818181818182,0.5454545454545454,0.45454545454545453,0.6,0.4,0.6,0.4,0.5844155844155844,0.675,0.675,0.475,0.475,0.4666666666666667
1109,discriminative-attribute-number,yes,1,1.0,1.0,0.6363636363636364,0.4909090909090909,1.0,1.0,0.4,0.4,0.6883116883116883,1.0,0.675,0.6,0.475,0.5333333333333333
1111,discriminative-attribute-number,yes,1,0.18181818181818182,0.6727272727272727,0.5454545454545454,0.45454545454545453,0.0,1.0,0.2,0.6,0.5151515151515151,0.7666666666666667,0.675,0.5,0.475,0.8
1113,discriminative-attribute-state,yes,1,0.36363636363636365,0.4909090909090909,0.0,1.0,0.2,0.6,0.0,1.0,0.6883116883116883,0.5416666666666666,0.6,0.875,1.0,0.8
1117,discriminative-attribute-state,yes,0,0.5454545454545454,0.45454545454545453,0.8181818181818182,0.6727272727272727,0.8,0.6,1.0,1.0,0.5454545454545454,0.5,0.5416666666666666,0.675,0.7666666666666667,0.8
1119,discriminative-attribute-number,yes,1,0.2727272727272727,0.5636363636363636,0.0,1.0,0.0,1.0,0.0,1.0,0.7532467532467533,0.675,0.675,1.0,1.0,1.0
1121,discriminative-attribute-state,yes,0,1.0,1.0,1.0,1.0,1.0,1.0,1.0,1.0,1.0,1.0,1.0,1.0,1.0,1.0
1123,discriminative-attribute-number,yes,0,1.0,1.0,1.0,1.0,1.0,1.0,1.0,1.0,1.0,1.0,1.0,1.0,1.0,1.0
1125,discriminative-attribute-action,yes,0,0.8181818181818182,0.6727272727272727,1.0,1.0,1.0,1.0,1.0,1.0,0.8268398268398268,0.7666666666666667,0.7666666666666667,1.0,1.0,1.0
1127,discriminative-attribute-state,yes,1,1.0,1.0,0.0,1.0,1.0,1.0,0.2,0.6,0.47619047619047616,1.0,0.6,0.5416666666666666,0.875,0.4666666666666667
1129,discriminative-attribute-state,yes,1,0.2727272727272727,0.5636363636363636,0.18181818181818182,0.6727272727272727,0.0,1.0,0.0,1.0,0.6320346320346321,0.675,0.675,0.7666666666666667,0.7666666666666667,1.0
1131,discriminative-attribute-state,yes,1,1.0,1.0,0.0,1.0,0.8,0.6,0.2,0.6,0.47619047619047616,0.875,0.6,0.6,0.875,0.4444444444444444
1133,discriminative-attribute-state,yes,1,0.9090909090909091,0.8181818181818182,0.45454545454545453,0.45454545454545453,0.8,0.6,0.2,0.6,0.5454545454545454,0.7666666666666667,0.5416666666666666,0.475,0.5,0.4444444444444444
1135,discriminative-attribute-state,yes,1,0.5454545454545454,0.45454545454545453,0.18181818181818182,0.6727272727272727,0.2,0.6,0.2,0.6,0.5151515151515151,0.475,0.475,0.675,0.675,0.6444444444444445
1137,discriminative-attribute-state,yes,1,0.2727272727272727,0.5636363636363636,0.0,1.0,0.4,0.4,0.2,0.6,0.7532467532467533,0.5416666666666666,0.6,0.7666666666666667,0.875,0.5333333333333333
1139,discriminative-attribute-state,yes,0,0.7272727272727273,0.5636363636363636,0.8181818181818182,0.6727272727272727,1.0,1.0,1.0,1.0,0.6320346320346321,0.675,0.675,0.7666666666666667,0.7666666666666667,1.0
1141,discriminative-attribute-state,yes,0,0.5454545454545454,0.45454545454545453,0.7272727272727273,0.5636363636363636,0.8,0.6,1.0,1.0,0.5151515151515151,0.5,0.5416666666666666,0.6,0.675,0.8
1143,discriminative-attribute-number,yes,0,1.0,1.0,1.0,1.0,1.0,1.0,1.0,1.0,1.0,1.0,1.0,1.0,1.0,1.0
1145,discriminative-attribute-state,yes,0,0.9090909090909091,0.8181818181818182,0.9090909090909091,0.8181818181818182,0.8,0.6,0.6,0.4,0.8268398268398268,0.7666666666666667,0.675,0.7666666666666667,0.675,0.5333333333333333
1147,discriminative-attribute-number,yes,1,0.9090909090909091,0.8181818181818182,0.7272727272727273,0.5636363636363636,1.0,1.0,1.0,1.0,0.6883116883116883,0.875,0.875,0.675,0.675,1.0
1149,discriminative-attribute-state,yes,1,0.09090909090909091,0.8181818181818182,0.0,1.0,0.0,1.0,0.0,1.0,0.9090909090909091,0.875,0.875,1.0,1.0,1.0
1151,discriminative-attribute-state,yes,0,0.8181818181818182,0.6727272727272727,1.0,1.0,1.0,1.0,1.0,1.0,0.8268398268398268,0.7666666666666667,0.7666666666666667,1.0,1.0,1.0
1153,discriminative-attribute-state,yes,0,0.45454545454545453,0.45454545454545453,1.0,1.0,1.0,1.0,1.0,1.0,0.5844155844155844,0.5,0.5,1.0,1.0,1.0
1155,discriminative-attribute-state,yes,1,1.0,1.0,1.0,1.0,1.0,1.0,0.8,0.6,1.0,1.0,0.875,1.0,0.875,0.8
1157,discriminative-attribute-action,yes,0,0.9090909090909091,0.8181818181818182,0.9090909090909091,0.8181818181818182,1.0,1.0,1.0,1.0,0.8268398268398268,0.875,0.875,0.875,0.875,1.0
1159,discriminative-attribute-state,yes,1,1.0,1.0,0.0,1.0,1.0,1.0,0.2,0.6,0.47619047619047616,1.0,0.6,0.5416666666666666,0.875,0.4666666666666667
1161,discriminative-attribute-state,yes,1,0.0,1.0,0.0,1.0,0.0,1.0,0.2,0.6,1.0,1.0,0.875,1.0,0.875,0.8
1163,discriminative-attribute-number,yes,0,1.0,1.0,1.0,1.0,1.0,1.0,1.0,1.0,1.0,1.0,1.0,1.0,1.0,1.0
1165,discriminative-attribute-state,yes,1,0.0,1.0,0.0,1.0,0.0,1.0,0.0,1.0,1.0,1.0,1.0,1.0,1.0,1.0
1167,discriminative-attribute-state,yes,1,0.9090909090909091,0.8181818181818182,0.45454545454545453,0.45454545454545453,0.0,1.0,0.0,1.0,0.5454545454545454,0.5,0.5,0.5416666666666666,0.5416666666666666,1.0
1169,discriminative-attribute-state,yes,1,0.09090909090909091,0.8181818181818182,0.0,1.0,0.2,0.6,0.0,1.0,0.9090909090909091,0.7666666666666667,0.875,0.875,1.0,0.8
1171,discriminative-attribute-number,yes,0,0.9090909090909091,0.8181818181818182,1.0,1.0,1.0,1.0,0.8,0.6,0.9090909090909091,0.875,0.7666666666666667,1.0,0.875,0.8
1173,discriminative-attribute-state,yes,1,0.09090909090909091,0.8181818181818182,0.0,1.0,0.0,1.0,0.0,1.0,0.9090909090909091,0.875,0.875,1.0,1.0,1.0
1175,discriminative-attribute-state,yes,0,0.7272727272727273,0.5636363636363636,0.7272727272727273,0.5636363636363636,1.0,1.0,1.0,1.0,0.5844155844155844,0.675,0.675,0.675,0.675,1.0
1179,discriminative-attribute-state,yes,0,0.6363636363636364,0.4909090909090909,0.8181818181818182,0.6727272727272727,0.6,0.4,0.8,0.6,0.5844155844155844,0.5,0.5416666666666666,0.6,0.675,0.5333333333333333
1181,discriminative-attribute-state,yes,0,0.9090909090909091,0.8181818181818182,1.0,1.0,1.0,1.0,1.0,1.0,0.9090909090909091,0.875,0.875,1.0,1.0,1.0
1183,discriminative-attribute-state,yes,0,0.9090909090909091,0.8181818181818182,0.9090909090909091,0.8181818181818182,1.0,1.0,0.8,0.6,0.8268398268398268,0.875,0.7666666666666667,0.875,0.7666666666666667,0.8
1185,discriminative-attribute-number,yes,1,0.2727272727272727,0.5636363636363636,1.0,1.0,0.0,1.0,0.2,0.6,0.5151515151515151,0.675,0.6,0.5416666666666666,0.6,0.8
1187,discriminative-attribute-state,yes,1,1.0,1.0,1.0,1.0,1.0,1.0,0.6,0.4,1.0,1.0,0.7666666666666667,1.0,0.7666666666666667,0.6444444444444445
1189,discriminative-attribute-number,yes,0,0.7272727272727273,0.5636363636363636,1.0,1.0,1.0,1.0,1.0,1.0,0.7532467532467533,0.675,0.675,1.0,1.0,1.0
1191,discriminative-attribute-state,yes,1,1.0,1.0,1.0,1.0,1.0,1.0,1.0,1.0,1.0,1.0,1.0,1.0,1.0,1.0
1193,discriminative-attribute-state,yes,1,1.0,1.0,1.0,1.0,1.0,1.0,0.4,0.4,1.0,1.0,0.675,1.0,0.675,0.5333333333333333
1195,discriminative-attribute-state,yes,0,0.6363636363636364,0.4909090909090909,0.7272727272727273,0.5636363636363636,0.4,0.4,0.8,0.6,0.5454545454545454,0.475,0.5416666666666666,0.5,0.6,0.4666666666666667
1197,discriminative-attribute-state,yes,1,1.0,1.0,1.0,1.0,1.0,1.0,0.8,0.6,1.0,1.0,0.875,1.0,0.875,0.8
1199,discriminative-attribute-action,yes,1,0.36363636363636365,0.4909090909090909,0.36363636363636365,0.4909090909090909,0.2,0.6,0.2,0.6,0.5151515151515151,0.5416666666666666,0.5416666666666666,0.5416666666666666,0.5416666666666666,0.6444444444444445
1201,discriminative-attribute-state,yes,1,0.8181818181818182,0.6727272727272727,0.5454545454545454,0.45454545454545453,0.6,0.4,0.4,0.4,0.5454545454545454,0.6,0.5416666666666666,0.475,0.4666666666666667,0.4444444444444444
1203,discriminative-attribute-state,yes,0,0.2727272727272727,0.5636363636363636,1.0,1.0,0.8,0.6,1.0,1.0,0.5151515151515151,0.475,0.4666666666666667,0.875,1.0,0.8
1207,discriminative-attribute-state,yes,0,0.9090909090909091,0.8181818181818182,0.9090909090909091,0.8181818181818182,1.0,1.0,0.8,0.6,0.8268398268398268,0.875,0.7666666666666667,0.875,0.7666666666666667,0.8
1209,discriminative-attribute-state,yes,0,1.0,1.0,1.0,1.0,1.0,1.0,1.0,1.0,1.0,1.0,1.0,1.0,1.0,1.0
1211,discriminative-attribute-state,yes,1,0.6363636363636364,0.4909090909090909,0.0,1.0,0.4,0.4,0.2,0.6,0.5454545454545454,0.475,0.4666666666666667,0.7666666666666667,0.875,0.5333333333333333
1213,discriminative-attribute-action,yes,1,0.6363636363636364,0.4909090909090909,0.0,1.0,0.8,0.6,0.4,0.4,0.5454545454545454,0.5416666666666666,0.475,0.6,0.7666666666666667,0.4666666666666667
1215,discriminative-attribute-state,yes,1,0.9090909090909091,0.8181818181818182,1.0,1.0,0.4,0.4,1.0,1.0,0.9090909090909091,0.6,0.875,0.675,1.0,0.5333333333333333
1217,discriminative-attribute-state,yes,1,0.0,1.0,0.0,1.0,0.0,1.0,0.0,1.0,1.0,1.0,1.0,1.0,1.0,1.0
1219,discriminative-attribute-state,yes,1,0.45454545454545453,0.45454545454545453,0.2727272727272727,0.5636363636363636,0.0,1.0,0.0,1.0,0.5151515151515151,0.5416666666666666,0.5416666666666666,0.675,0.675,1.0
1221,discriminative-attribute-state,yes,1,1.0,1.0,0.5454545454545454,0.45454545454545453,0.6,0.4,0.6,0.4,0.6320346320346321,0.7666666666666667,0.7666666666666667,0.475,0.475,0.4666666666666667
1223,discriminative-attribute-state,yes,1,0.18181818181818182,0.6727272727272727,0.0,1.0,0.0,1.0,0.0,1.0,0.8268398268398268,0.7666666666666667,0.7666666666666667,1.0,1.0,1.0
1225,discriminative-attribute-state,yes,0,1.0,1.0,1.0,1.0,1.0,1.0,1.0,1.0,1.0,1.0,1.0,1.0,1.0,1.0
1227,discriminative-attribute-state,yes,0,1.0,1.0,1.0,1.0,1.0,1.0,1.0,1.0,1.0,1.0,1.0,1.0,1.0,1.0
1229,discriminative-attribute-action,yes,0,0.9090909090909091,0.8181818181818182,1.0,1.0,1.0,1.0,1.0,1.0,0.9090909090909091,0.875,0.875,1.0,1.0,1.0
1231,discriminative-attribute-state,yes,0,1.0,1.0,1.0,1.0,1.0,1.0,1.0,1.0,1.0,1.0,1.0,1.0,1.0,1.0
1233,discriminative-attribute-number,yes,1,1.0,1.0,0.5454545454545454,0.45454545454545453,1.0,1.0,0.0,1.0,0.6320346320346321,1.0,0.5416666666666666,0.5416666666666666,0.5,0.4444444444444444
1235,discriminative-attribute-state,yes,1,0.09090909090909091,0.8181818181818182,0.09090909090909091,0.8181818181818182,0.4,0.4,0.0,1.0,0.8268398268398268,0.675,0.875,0.675,0.875,0.6444444444444445
1237,discriminative-attribute-state,yes,1,1.0,1.0,1.0,1.0,0.8,0.6,1.0,1.0,1.0,0.875,1.0,0.875,1.0,0.8
1239,discriminative-attribute-action,yes,1,0.18181818181818182,0.6727272727272727,0.0,1.0,0.0,1.0,0.0,1.0,0.8268398268398268,0.7666666666666667,0.7666666666666667,1.0,1.0,1.0
1241,discriminative-attribute-state,yes,1,0.2727272727272727,0.5636363636363636,0.2727272727272727,0.5636363636363636,0.2,0.6,0.2,0.6,0.5844155844155844,0.6,0.6,0.6,0.6,0.6444444444444445
1243,discriminative-attribute-state,yes,0,0.6363636363636364,0.4909090909090909,0.6363636363636364,0.4909090909090909,0.6,0.4,0.6,0.4,0.5151515151515151,0.5,0.5,0.5,0.5,0.4666666666666667
1245,discriminative-attribute-state,yes,1,0.36363636363636365,0.4909090909090909,0.0,1.0,0.0,1.0,0.0,1.0,0.6883116883116883,0.6,0.6,1.0,1.0,1.0
1249,discriminative-attribute-state,yes,1,1.0,1.0,0.6363636363636364,0.4909090909090909,0.8,0.6,0.6,0.4,0.6883116883116883,0.875,0.7666666666666667,0.5416666666666666,0.5,0.5333333333333333
1251,discriminative-attribute-state,yes,1,0.6363636363636364,0.4909090909090909,0.0,1.0,0.4,0.4,0.0,1.0,0.5454545454545454,0.475,0.475,0.7666666666666667,1.0,0.6444444444444445
1253,discriminative-attribute-state,yes,0,0.6363636363636364,0.4909090909090909,0.6363636363636364,0.4909090909090909,1.0,1.0,1.0,1.0,0.5151515151515151,0.6,0.6,0.6,0.6,1.0
1255,discriminative-attribute-state,yes,1,1.0,1.0,1.0,1.0,0.8,0.6,1.0,1.0,1.0,0.875,1.0,0.875,1.0,0.8
1257,discriminative-attribute-action,yes,1,0.0,1.0,0.0,1.0,0.0,1.0,0.0,1.0,1.0,1.0,1.0,1.0,1.0,1.0
1259,discriminative-attribute-state,yes,1,1.0,1.0,0.0,1.0,1.0,1.0,0.0,1.0,0.47619047619047616,1.0,0.5416666666666666,0.5416666666666666,1.0,0.4444444444444444
1261,discriminative-attribute-state,yes,0,0.7272727272727273,0.5636363636363636,0.7272727272727273,0.5636363636363636,1.0,1.0,0.8,0.6,0.5844155844155844,0.675,0.6,0.675,0.6,0.8
1263,discriminative-attribute-state,yes,1,0.0,1.0,0.0,1.0,0.2,0.6,0.0,1.0,1.0,0.875,1.0,0.875,1.0,0.8
1265,discriminative-attribute-action,yes,1,0.0,1.0,0.0,1.0,0.0,1.0,0.0,1.0,1.0,1.0,1.0,1.0,1.0,1.0
1267,discriminative-attribute-state,yes,0,1.0,1.0,1.0,1.0,1.0,1.0,1.0,1.0,1.0,1.0,1.0,1.0,1.0,1.0
1269,discriminative-attribute-state,yes,1,0.0,1.0,0.0,1.0,0.0,1.0,0.0,1.0,1.0,1.0,1.0,1.0,1.0,1.0
1271,discriminative-attribute-state,yes,1,0.2727272727272727,0.5636363636363636,0.18181818181818182,0.6727272727272727,0.2,0.6,0.2,0.6,0.6320346320346321,0.6,0.6,0.675,0.675,0.6444444444444445
1273,discriminative-attribute-number,yes,1,0.36363636363636365,0.4909090909090909,0.0,1.0,0.4,0.4,0.0,1.0,0.6883116883116883,0.5,0.6,0.7666666666666667,1.0,0.6444444444444445
1275,discriminative-attribute-state,yes,0,1.0,1.0,1.0,1.0,1.0,1.0,1.0,1.0,1.0,1.0,1.0,1.0,1.0,1.0
1277,discriminative-attribute-state,yes,1,0.2727272727272727,0.5636363636363636,0.18181818181818182,0.6727272727272727,0.0,1.0,0.0,1.0,0.6320346320346321,0.675,0.675,0.7666666666666667,0.7666666666666667,1.0
1279,discriminative-attribute-state,yes,1,1.0,1.0,1.0,1.0,1.0,1.0,1.0,1.0,1.0,1.0,1.0,1.0,1.0,1.0
1281,discriminative-attribute-state,yes,1,1.0,1.0,0.8181818181818182,0.6727272727272727,0.2,0.6,0.2,0.6,0.8268398268398268,0.6,0.6,0.5,0.5,0.6444444444444445
1283,discriminative-attribute-state,yes,0,1.0,1.0,1.0,1.0,1.0,1.0,1.0,1.0,1.0,1.0,1.0,1.0,1.0,1.0
1285,discriminative-attribute-number,yes,0,1.0,1.0,1.0,1.0,1.0,1.0,1.0,1.0,1.0,1.0,1.0,1.0,1.0,1.0
1287,discriminative-attribute-number,yes,0,1.0,1.0,1.0,1.0,1.0,1.0,1.0,1.0,1.0,1.0,1.0,1.0,1.0,1.0
1289,discriminative-attribute-action,yes,0,0.9090909090909091,0.8181818181818182,0.9090909090909091,0.8181818181818182,1.0,1.0,1.0,1.0,0.8268398268398268,0.875,0.875,0.875,0.875,1.0
1291,discriminative-attribute-number,yes,0,1.0,1.0,1.0,1.0,1.0,1.0,1.0,1.0,1.0,1.0,1.0,1.0,1.0,1.0
1293,discriminative-attribute-state,yes,1,0.45454545454545453,0.45454545454545453,0.6363636363636364,0.4909090909090909,0.4,0.4,0.2,0.6,0.4805194805194805,0.475,0.5,0.475,0.4666666666666667,0.5333333333333333
1295,discriminative-attribute-number,yes,1,0.0,1.0,0.0,1.0,0.0,1.0,0.0,1.0,1.0,1.0,1.0,1.0,1.0,1.0
1297,discriminative-attribute-action,yes,0,1.0,1.0,1.0,1.0,1.0,1.0,1.0,1.0,1.0,1.0,1.0,1.0,1.0,1.0
1299,discriminative-attribute-number,yes,1,1.0,1.0,0.8181818181818182,0.6727272727272727,1.0,1.0,0.8,0.6,0.8268398268398268,1.0,0.875,0.7666666666666667,0.675,0.8
1301,discriminative-attribute-state,yes,1,1.0,1.0,0.9090909090909091,0.8181818181818182,0.8,0.6,1.0,1.0,0.9090909090909091,0.875,1.0,0.7666666666666667,0.875,0.8
1303,discriminative-attribute-state,yes,0,1.0,1.0,1.0,1.0,1.0,1.0,1.0,1.0,1.0,1.0,1.0,1.0,1.0,1.0
1305,discriminative-attribute-state,yes,0,0.7272727272727273,0.5636363636363636,1.0,1.0,1.0,1.0,1.0,1.0,0.7532467532467533,0.675,0.675,1.0,1.0,1.0
1309,discriminative-attribute-state,yes,1,0.36363636363636365,0.4909090909090909,0.0,1.0,0.4,0.4,0.2,0.6,0.6883116883116883,0.5,0.5416666666666666,0.7666666666666667,0.875,0.5333333333333333
1311,discriminative-attribute-action,yes,0,0.9090909090909091,0.8181818181818182,0.9090909090909091,0.8181818181818182,1.0,1.0,1.0,1.0,0.8268398268398268,0.875,0.875,0.875,0.875,1.0
1313,discriminative-attribute-state,yes,0,1.0,1.0,1.0,1.0,0.8,0.6,1.0,1.0,1.0,0.875,1.0,0.875,1.0,0.8
1315,discriminative-attribute-action,yes,1,0.18181818181818182,0.6727272727272727,0.09090909090909091,0.8181818181818182,0.4,0.4,0.0,1.0,0.7532467532467533,0.6,0.7666666666666667,0.675,0.875,0.6444444444444445
1317,discriminative-attribute-state,yes,1,1.0,1.0,0.2727272727272727,0.5636363636363636,0.8,0.6,0.0,1.0,0.5151515151515151,0.875,0.5416666666666666,0.475,0.675,0.4666666666666667
1319,discriminative-attribute-state,yes,1,0.0,1.0,0.0,1.0,0.2,0.6,0.0,1.0,1.0,0.875,1.0,0.875,1.0,0.8
1321,discriminative-attribute-state,yes,1,1.0,1.0,0.2727272727272727,0.5636363636363636,1.0,1.0,0.0,1.0,0.5151515151515151,1.0,0.5416666666666666,0.4666666666666667,0.675,0.4444444444444444
1323,discriminative-attribute-state,yes,0,1.0,1.0,1.0,1.0,1.0,1.0,1.0,1.0,1.0,1.0,1.0,1.0,1.0,1.0
1327,discriminative-attribute-number,yes,0,1.0,1.0,1.0,1.0,1.0,1.0,1.0,1.0,1.0,1.0,1.0,1.0,1.0,1.0
1329,discriminative-attribute-state,yes,1,0.8181818181818182,0.6727272727272727,0.6363636363636364,0.4909090909090909,0.0,1.0,0.0,1.0,0.5844155844155844,0.475,0.475,0.475,0.475,1.0
1331,discriminative-attribute-state,yes,0,0.18181818181818182,0.6727272727272727,0.9090909090909091,0.8181818181818182,0.8,0.6,1.0,1.0,0.4805194805194805,0.5,0.475,0.7666666666666667,0.875,0.8
1333,discriminative-attribute-action,yes,0,1.0,1.0,1.0,1.0,1.0,1.0,1.0,1.0,1.0,1.0,1.0,1.0,1.0,1.0
1335,discriminative-attribute-number,yes,0,1.0,1.0,1.0,1.0,1.0,1.0,1.0,1.0,1.0,1.0,1.0,1.0,1.0,1.0
1337,discriminative-attribute-state,yes,0,0.6363636363636364,0.4909090909090909,0.8181818181818182,0.6727272727272727,1.0,1.0,1.0,1.0,0.5844155844155844,0.6,0.6,0.7666666666666667,0.7666666666666667,1.0
1339,discriminative-attribute-state,yes,1,0.0,1.0,0.0,1.0,0.2,0.6,0.0,1.0,1.0,0.875,1.0,0.875,1.0,0.8
1343,discriminative-attribute-state,yes,0,1.0,1.0,1.0,1.0,1.0,1.0,1.0,1.0,1.0,1.0,1.0,1.0,1.0,1.0
1345,discriminative-attribute-state,yes,1,1.0,1.0,0.0,1.0,0.8,0.6,0.0,1.0,0.47619047619047616,0.875,0.5416666666666666,0.6,1.0,0.4666666666666667
1347,discriminative-attribute-action,yes,0,1.0,1.0,1.0,1.0,1.0,1.0,1.0,1.0,1.0,1.0,1.0,1.0,1.0,1.0
1349,discriminative-attribute-action,yes,0,1.0,1.0,1.0,1.0,1.0,1.0,1.0,1.0,1.0,1.0,1.0,1.0,1.0,1.0
1351,discriminative-attribute-state,yes,0,0.45454545454545453,0.45454545454545453,1.0,1.0,1.0,1.0,1.0,1.0,0.5844155844155844,0.5,0.5,1.0,1.0,1.0
1353,discriminative-attribute-state,yes,0,1.0,1.0,1.0,1.0,0.6,0.4,1.0,1.0,1.0,0.7666666666666667,1.0,0.7666666666666667,1.0,0.6444444444444445
1355,discriminative-attribute-state,yes,1,1.0,1.0,1.0,1.0,1.0,1.0,1.0,1.0,1.0,1.0,1.0,1.0,1.0,1.0
1357,discriminative-attribute-state,yes,1,0.09090909090909091,0.8181818181818182,0.0,1.0,0.4,0.4,0.0,1.0,0.9090909090909091,0.675,0.875,0.7666666666666667,1.0,0.6444444444444445
1359,discriminative-attribute-state,yes,0,1.0,1.0,1.0,1.0,0.8,0.6,0.8,0.6,1.0,0.875,0.875,0.875,0.875,0.6444444444444445
1361,discriminative-attribute-action,yes,0,1.0,1.0,0.9090909090909091,0.8181818181818182,1.0,1.0,1.0,1.0,0.9090909090909091,1.0,1.0,0.875,0.875,1.0
1365,discriminative-attribute-state,yes,1,1.0,1.0,0.6363636363636364,0.4909090909090909,1.0,1.0,0.8,0.6,0.6883116883116883,1.0,0.875,0.6,0.5416666666666666,0.8
1367,discriminative-attribute-state,yes,1,0.9090909090909091,0.8181818181818182,0.09090909090909091,0.8181818181818182,0.8,0.6,0.2,0.6,0.47619047619047616,0.7666666666666667,0.5416666666666666,0.5416666666666666,0.7666666666666667,0.4444444444444444
1369,discriminative-attribute-number,yes,0,0.45454545454545453,0.45454545454545453,0.7272727272727273,0.5636363636363636,0.8,0.6,1.0,1.0,0.4935064935064935,0.475,0.5,0.6,0.675,0.8
1371,discriminative-attribute-state,yes,0,1.0,1.0,1.0,1.0,1.0,1.0,0.8,0.6,1.0,1.0,0.875,1.0,0.875,0.8
1373,discriminative-attribute-state,yes,0,1.0,1.0,1.0,1.0,1.0,1.0,1.0,1.0,1.0,1.0,1.0,1.0,1.0,1.0
1375,discriminative-attribute-state,yes,1,0.7272727272727273,0.5636363636363636,0.7272727272727273,0.5636363636363636,1.0,1.0,0.2,0.6,0.5844155844155844,0.675,0.475,0.675,0.475,0.4666666666666667
1377,discriminative-attribute-action,yes,1,1.0,1.0,0.0,1.0,0.4,0.4,0.0,1.0,0.47619047619047616,0.675,0.5416666666666666,0.7666666666666667,1.0,0.6444444444444445
1379,discriminative-attribute-state,yes,1,0.18181818181818182,0.6727272727272727,0.0,1.0,0.4,0.4,0.2,0.6,0.8268398268398268,0.6,0.675,0.7666666666666667,0.875,0.5333333333333333
1381,discriminative-attribute-state,yes,1,0.09090909090909091,0.8181818181818182,0.09090909090909091,0.8181818181818182,0.4,0.4,0.0,1.0,0.8268398268398268,0.675,0.875,0.675,0.875,0.6444444444444445
1383,discriminative-attribute-state,yes,0,1.0,1.0,1.0,1.0,1.0,1.0,1.0,1.0,1.0,1.0,1.0,1.0,1.0,1.0
1385,discriminative-attribute-state,yes,1,0.0,1.0,0.0,1.0,0.0,1.0,0.0,1.0,1.0,1.0,1.0,1.0,1.0,1.0
1387,discriminative-attribute-state,yes,0,1.0,1.0,1.0,1.0,1.0,1.0,1.0,1.0,1.0,1.0,1.0,1.0,1.0,1.0
1389,discriminative-attribute-state,yes,0,1.0,1.0,1.0,1.0,1.0,1.0,1.0,1.0,1.0,1.0,1.0,1.0,1.0,1.0
1393,discriminative-attribute-state,yes,1,0.8181818181818182,0.6727272727272727,0.0,1.0,1.0,1.0,0.0,1.0,0.4935064935064935,0.7666666666666667,0.475,0.5416666666666666,1.0,0.4444444444444444
1395,discriminative-attribute-state,yes,0,1.0,1.0,0.9090909090909091,0.8181818181818182,1.0,1.0,1.0,1.0,0.9090909090909091,1.0,1.0,0.875,0.875,1.0
1399,discriminative-attribute-number,yes,0,1.0,1.0,1.0,1.0,1.0,1.0,1.0,1.0,1.0,1.0,1.0,1.0,1.0,1.0
1401,discriminative-attribute-state,yes,1,1.0,1.0,0.36363636363636365,0.4909090909090909,1.0,1.0,0.6,0.4,0.5454545454545454,1.0,0.7666666666666667,0.475,0.475,0.6444444444444445
1403,discriminative-attribute-state,yes,0,1.0,1.0,1.0,1.0,1.0,1.0,1.0,1.0,1.0,1.0,1.0,1.0,1.0,1.0
1405,discriminative-attribute-number,yes,0,1.0,1.0,1.0,1.0,1.0,1.0,0.8,0.6,1.0,1.0,0.875,1.0,0.875,0.8
1407,discriminative-attribute-state,yes,1,0.09090909090909091,0.8181818181818182,0.0,1.0,0.4,0.4,0.0,1.0,0.9090909090909091,0.675,0.875,0.7666666666666667,1.0,0.6444444444444445
1409,discriminative-attribute-state,yes,0,1.0,1.0,1.0,1.0,1.0,1.0,1.0,1.0,1.0,1.0,1.0,1.0,1.0,1.0
1411,discriminative-attribute-state,yes,0,1.0,1.0,1.0,1.0,1.0,1.0,1.0,1.0,1.0,1.0,1.0,1.0,1.0,1.0
1415,discriminative-attribute-state,yes,0,1.0,1.0,1.0,1.0,1.0,1.0,1.0,1.0,1.0,1.0,1.0,1.0,1.0,1.0
1417,discriminative-attribute-state,yes,1,0.5454545454545454,0.45454545454545453,0.36363636363636365,0.4909090909090909,0.2,0.6,0.0,1.0,0.4805194805194805,0.475,0.5,0.5416666666666666,0.6,0.8
1419,discriminative-attribute-state,yes,1,0.09090909090909091,0.8181818181818182,0.0,1.0,0.6,0.4,0.4,0.4,0.9090909090909091,0.6,0.675,0.675,0.7666666666666667,0.4444444444444444
1421,discriminative-attribute-state,yes,0,1.0,1.0,1.0,1.0,0.8,0.6,1.0,1.0,1.0,0.875,1.0,0.875,1.0,0.8
1423,discriminative-attribute-number,yes,0,1.0,1.0,1.0,1.0,1.0,1.0,1.0,1.0,1.0,1.0,1.0,1.0,1.0,1.0
1425,discriminative-attribute-state,yes,0,1.0,1.0,1.0,1.0,1.0,1.0,1.0,1.0,1.0,1.0,1.0,1.0,1.0,1.0
1427,discriminative-attribute-number,yes,1,1.0,1.0,0.0,1.0,1.0,1.0,0.2,0.6,0.47619047619047616,1.0,0.6,0.5416666666666666,0.875,0.4666666666666667
1429,discriminative-attribute-state,yes,1,1.0,1.0,1.0,1.0,0.8,0.6,0.6,0.4,1.0,0.875,0.7666666666666667,0.875,0.7666666666666667,0.5333333333333333
1431,discriminative-attribute-state,yes,0,0.45454545454545453,0.45454545454545453,1.0,1.0,0.8,0.6,1.0,1.0,0.5844155844155844,0.475,0.5,0.875,1.0,0.8
1433,discriminative-attribute-state,yes,0,0.9090909090909091,0.8181818181818182,0.9090909090909091,0.8181818181818182,0.8,0.6,1.0,1.0,0.8268398268398268,0.7666666666666667,0.875,0.7666666666666667,0.875,0.8
1435,discriminative-attribute-state,yes,1,1.0,1.0,0.0,1.0,1.0,1.0,0.0,1.0,0.47619047619047616,1.0,0.5416666666666666,0.5416666666666666,1.0,0.4444444444444444
1437,discriminative-attribute-state,yes,0,1.0,1.0,1.0,1.0,1.0,1.0,1.0,1.0,1.0,1.0,1.0,1.0,1.0,1.0
1441,discriminative-attribute-number,yes,0,0.7272727272727273,0.5636363636363636,0.9090909090909091,0.8181818181818182,1.0,1.0,1.0,1.0,0.6883116883116883,0.675,0.675,0.875,0.875,1.0
1443,discriminative-attribute-state,yes,0,1.0,1.0,1.0,1.0,1.0,1.0,1.0,1.0,1.0,1.0,1.0,1.0,1.0,1.0
1445,discriminative-attribute-action,yes,1,1.0,1.0,1.0,1.0,1.0,1.0,1.0,1.0,1.0,1.0,1.0,1.0,1.0,1.0
1447,discriminative-attribute-number,yes,0,1.0,1.0,1.0,1.0,1.0,1.0,1.0,1.0,1.0,1.0,1.0,1.0,1.0,1.0
1449,discriminative-attribute-state,yes,1,0.18181818181818182,0.6727272727272727,0.09090909090909091,0.8181818181818182,0.0,1.0,0.0,1.0,0.7532467532467533,0.7666666666666667,0.7666666666666667,0.875,0.875,1.0
1451,discriminative-attribute-action,yes,0,1.0,1.0,1.0,1.0,1.0,1.0,1.0,1.0,1.0,1.0,1.0,1.0,1.0,1.0
1453,discriminative-attribute-state,yes,1,0.7272727272727273,0.5636363636363636,0.0,1.0,0.8,0.6,0.4,0.4,0.5151515151515151,0.6,0.5,0.6,0.7666666666666667,0.4666666666666667
1455,discriminative-attribute-state,yes,0,1.0,1.0,1.0,1.0,1.0,1.0,1.0,1.0,1.0,1.0,1.0,1.0,1.0,1.0
1457,discriminative-attribute-state,yes,1,1.0,1.0,1.0,1.0,1.0,1.0,1.0,1.0,1.0,1.0,1.0,1.0,1.0,1.0
1459,discriminative-attribute-action,yes,0,0.9090909090909091,0.8181818181818182,1.0,1.0,1.0,1.0,1.0,1.0,0.9090909090909091,0.875,0.875,1.0,1.0,1.0
1461,discriminative-attribute-number,yes,0,0.9090909090909091,0.8181818181818182,1.0,1.0,1.0,1.0,1.0,1.0,0.9090909090909091,0.875,0.875,1.0,1.0,1.0
1463,discriminative-attribute-state,yes,1,1.0,1.0,0.9090909090909091,0.8181818181818182,0.6,0.4,0.6,0.4,0.9090909090909091,0.7666666666666667,0.7666666666666667,0.675,0.675,0.4666666666666667
1465,discriminative-attribute-state,yes,1,0.8181818181818182,0.6727272727272727,0.0,1.0,0.2,0.6,0.2,0.6,0.4935064935064935,0.5,0.5,0.875,0.875,0.6444444444444445
1467,discriminative-attribute-state,yes,0,1.0,1.0,1.0,1.0,1.0,1.0,1.0,1.0,1.0,1.0,1.0,1.0,1.0,1.0
1469,discriminative-attribute-state,yes,1,0.8181818181818182,0.6727272727272727,0.18181818181818182,0.6727272727272727,1.0,1.0,0.4,0.4,0.47619047619047616,0.7666666666666667,0.5416666666666666,0.475,0.6,0.5333333333333333
1471,discriminative-attribute-action,yes,0,0.8181818181818182,0.6727272727272727,1.0,1.0,1.0,1.0,1.0,1.0,0.8268398268398268,0.7666666666666667,0.7666666666666667,1.0,1.0,1.0
1475,discriminative-attribute-state,yes,1,1.0,1.0,1.0,1.0,1.0,1.0,0.8,0.6,1.0,1.0,0.875,1.0,0.875,0.8
1477,discriminative-attribute-state,yes,1,1.0,1.0,0.9090909090909091,0.8181818181818182,1.0,1.0,0.8,0.6,0.9090909090909091,1.0,0.875,0.875,0.7666666666666667,0.8
1479,discriminative-attribute-number,yes,0,1.0,1.0,1.0,1.0,1.0,1.0,0.8,0.6,1.0,1.0,0.875,1.0,0.875,0.8
1481,discriminative-attribute-state,yes,1,0.09090909090909091,0.8181818181818182,0.0,1.0,0.2,0.6,0.0,1.0,0.9090909090909091,0.7666666666666667,0.875,0.875,1.0,0.8
1483,discriminative-attribute-number,yes,0,0.7272727272727273,0.5636363636363636,0.6363636363636364,0.4909090909090909,0.8,0.6,0.6,0.4,0.5454545454545454,0.6,0.5416666666666666,0.5416666666666666,0.5,0.5333333333333333
1485,discriminative-attribute-state,yes,1,0.09090909090909091,0.8181818181818182,0.09090909090909091,0.8181818181818182,0.2,0.6,0.0,1.0,0.8268398268398268,0.7666666666666667,0.875,0.7666666666666667,0.875,0.8
1487,discriminative-attribute-state,yes,1,0.0,1.0,0.0,1.0,0.0,1.0,0.0,1.0,1.0,1.0,1.0,1.0,1.0,1.0
1489,discriminative-attribute-state,yes,1,1.0,1.0,0.0,1.0,1.0,1.0,0.2,0.6,0.47619047619047616,1.0,0.6,0.5416666666666666,0.875,0.4666666666666667
1491,discriminative-attribute-state,yes,0,1.0,1.0,1.0,1.0,1.0,1.0,1.0,1.0,1.0,1.0,1.0,1.0,1.0,1.0
1493,discriminative-attribute-action,yes,0,1.0,1.0,1.0,1.0,0.6,0.4,1.0,1.0,1.0,0.7666666666666667,1.0,0.7666666666666667,1.0,0.6444444444444445
1495,discriminative-attribute-number,yes,0,1.0,1.0,1.0,1.0,1.0,1.0,1.0,1.0,1.0,1.0,1.0,1.0,1.0,1.0
1497,discriminative-attribute-action,yes,1,0.2727272727272727,0.5636363636363636,0.09090909090909091,0.8181818181818182,0.0,1.0,0.0,1.0,0.6883116883116883,0.675,0.675,0.875,0.875,1.0
1499,discriminative-attribute-state,yes,0,0.9090909090909091,0.8181818181818182,1.0,1.0,1.0,1.0,1.0,1.0,0.9090909090909091,0.875,0.875,1.0,1.0,1.0
1501,discriminative-attribute-number,yes,1,1.0,1.0,0.09090909090909091,0.8181818181818182,1.0,1.0,0.0,1.0,0.4805194805194805,1.0,0.5416666666666666,0.5,0.875,0.4444444444444444
1503,discriminative-attribute-number,yes,0,1.0,1.0,1.0,1.0,1.0,1.0,1.0,1.0,1.0,1.0,1.0,1.0,1.0,1.0
1505,discriminative-attribute-number,yes,0,1.0,1.0,1.0,1.0,1.0,1.0,1.0,1.0,1.0,1.0,1.0,1.0,1.0,1.0
1507,discriminative-attribute-state,yes,0,1.0,1.0,1.0,1.0,0.8,0.6,1.0,1.0,1.0,0.875,1.0,0.875,1.0,0.8
1509,discriminative-attribute-state,yes,0,0.8181818181818182,0.6727272727272727,1.0,1.0,1.0,1.0,1.0,1.0,0.8268398268398268,0.7666666666666667,0.7666666666666667,1.0,1.0,1.0
1511,discriminative-attribute-state,yes,1,0.45454545454545453,0.45454545454545453,0.2727272727272727,0.5636363636363636,0.4,0.4,0.0,1.0,0.5151515151515151,0.475,0.5416666666666666,0.5416666666666666,0.675,0.6444444444444445
1513,discriminative-attribute-state,yes,1,1.0,1.0,1.0,1.0,0.8,0.6,0.6,0.4,1.0,0.875,0.7666666666666667,0.875,0.7666666666666667,0.5333333333333333
1515,discriminative-attribute-number,yes,0,1.0,1.0,1.0,1.0,1.0,1.0,1.0,1.0,1.0,1.0,1.0,1.0,1.0,1.0
1517,discriminative-attribute-state,yes,1,0.9090909090909091,0.8181818181818182,0.09090909090909091,0.8181818181818182,0.2,0.6,0.0,1.0,0.47619047619047616,0.5416666666666666,0.5,0.7666666666666667,0.875,0.8
1519,discriminative-attribute-state,yes,1,0.9090909090909091,0.8181818181818182,0.0,1.0,1.0,1.0,0.2,0.6,0.4805194805194805,0.875,0.5416666666666666,0.5416666666666666,0.875,0.4666666666666667
1521,discriminative-attribute-state,yes,0,1.0,1.0,1.0,1.0,1.0,1.0,1.0,1.0,1.0,1.0,1.0,1.0,1.0,1.0
1523,discriminative-attribute-number,yes,0,1.0,1.0,1.0,1.0,1.0,1.0,1.0,1.0,1.0,1.0,1.0,1.0,1.0,1.0
1525,discriminative-attribute-state,yes,1,0.2727272727272727,0.5636363636363636,0.18181818181818182,0.6727272727272727,0.0,1.0,0.0,1.0,0.6320346320346321,0.675,0.675,0.7666666666666667,0.7666666666666667,1.0
1527,discriminative-attribute-state,yes,0,0.9090909090909091,0.8181818181818182,1.0,1.0,1.0,1.0,1.0,1.0,0.9090909090909091,0.875,0.875,1.0,1.0,1.0
1531,discriminative-attribute-number,yes,0,1.0,1.0,1.0,1.0,1.0,1.0,1.0,1.0,1.0,1.0,1.0,1.0,1.0,1.0
1533,discriminative-attribute-state,yes,1,1.0,1.0,0.0,1.0,1.0,1.0,0.2,0.6,0.47619047619047616,1.0,0.6,0.5416666666666666,0.875,0.4666666666666667
1535,discriminative-attribute-state,yes,0,1.0,1.0,1.0,1.0,1.0,1.0,1.0,1.0,1.0,1.0,1.0,1.0,1.0,1.0
1537,discriminative-attribute-number,yes,1,0.18181818181818182,0.6727272727272727,0.6363636363636364,0.4909090909090909,0.0,1.0,0.2,0.6,0.4935064935064935,0.7666666666666667,0.675,0.475,0.4666666666666667,0.8
1539,discriminative-attribute-number,yes,0,0.9090909090909091,0.8181818181818182,0.9090909090909091,0.8181818181818182,1.0,1.0,1.0,1.0,0.8268398268398268,0.875,0.875,0.875,0.875,1.0
1541,discriminative-attribute-action,yes,0,1.0,1.0,1.0,1.0,1.0,1.0,1.0,1.0,1.0,1.0,1.0,1.0,1.0,1.0
1543,discriminative-attribute-state,yes,1,0.45454545454545453,0.45454545454545453,0.18181818181818182,0.6727272727272727,1.0,1.0,0.4,0.4,0.5454545454545454,0.5,0.475,0.475,0.6,0.5333333333333333
1545,discriminative-attribute-number,yes,0,0.9090909090909091,0.8181818181818182,0.8181818181818182,0.6727272727272727,0.8,0.6,0.8,0.6,0.7532467532467533,0.7666666666666667,0.7666666666666667,0.675,0.675,0.6444444444444445
1547,discriminative-attribute-state,yes,0,0.7272727272727273,0.5636363636363636,0.7272727272727273,0.5636363636363636,1.0,1.0,0.8,0.6,0.5844155844155844,0.675,0.6,0.675,0.6,0.8
1549,discriminative-attribute-state,yes,0,1.0,1.0,1.0,1.0,1.0,1.0,1.0,1.0,1.0,1.0,1.0,1.0,1.0,1.0
1551,discriminative-attribute-state,yes,1,0.0,1.0,0.0,1.0,0.0,1.0,0.0,1.0,1.0,1.0,1.0,1.0,1.0,1.0
1553,discriminative-attribute-action,yes,1,1.0,1.0,0.45454545454545453,0.45454545454545453,1.0,1.0,0.0,1.0,0.5844155844155844,1.0,0.5416666666666666,0.5,0.5416666666666666,0.4444444444444444
1555,discriminative-attribute-number,yes,0,0.8181818181818182,0.6727272727272727,0.9090909090909091,0.8181818181818182,1.0,1.0,1.0,1.0,0.7532467532467533,0.7666666666666667,0.7666666666666667,0.875,0.875,1.0
1557,discriminative-attribute-state,yes,0,0.7272727272727273,0.5636363636363636,0.7272727272727273,0.5636363636363636,1.0,1.0,1.0,1.0,0.5844155844155844,0.675,0.675,0.675,0.675,1.0
1559,discriminative-attribute-state,yes,1,1.0,1.0,0.2727272727272727,0.5636363636363636,0.8,0.6,0.4,0.4,0.5151515151515151,0.875,0.675,0.475,0.5416666666666666,0.4666666666666667
1561,discriminative-attribute-number,yes,0,1.0,1.0,1.0,1.0,1.0,1.0,1.0,1.0,1.0,1.0,1.0,1.0,1.0,1.0
1563,discriminative-attribute-state,yes,1,0.0,1.0,0.0,1.0,0.0,1.0,0.0,1.0,1.0,1.0,1.0,1.0,1.0,1.0
1565,discriminative-attribute-state,yes,1,0.2727272727272727,0.5636363636363636,0.2727272727272727,0.5636363636363636,0.0,1.0,0.0,1.0,0.5844155844155844,0.675,0.675,0.675,0.675,1.0
1567,discriminative-attribute-state,yes,0,1.0,1.0,1.0,1.0,1.0,1.0,1.0,1.0,1.0,1.0,1.0,1.0,1.0,1.0
1569,discriminative-attribute-state,yes,1,0.8181818181818182,0.6727272727272727,0.2727272727272727,0.5636363636363636,0.8,0.6,0.0,1.0,0.4805194805194805,0.675,0.475,0.475,0.675,0.4666666666666667
1573,discriminative-attribute-number,yes,0,1.0,1.0,1.0,1.0,1.0,1.0,1.0,1.0,1.0,1.0,1.0,1.0,1.0,1.0
1575,discriminative-attribute-action,yes,0,1.0,1.0,1.0,1.0,1.0,1.0,1.0,1.0,1.0,1.0,1.0,1.0,1.0,1.0
1577,discriminative-attribute-state,yes,0,1.0,1.0,1.0,1.0,0.8,0.6,1.0,1.0,1.0,0.875,1.0,0.875,1.0,0.8
1579,discriminative-attribute-state,yes,1,1.0,1.0,0.2727272727272727,0.5636363636363636,0.6,0.4,0.0,1.0,0.5151515151515151,0.7666666666666667,0.5416666666666666,0.5,0.675,0.5333333333333333
1581,discriminative-attribute-state,yes,0,1.0,1.0,1.0,1.0,1.0,1.0,1.0,1.0,1.0,1.0,1.0,1.0,1.0,1.0
1583,discriminative-attribute-state,yes,1,0.09090909090909091,0.8181818181818182,0.09090909090909091,0.8181818181818182,0.0,1.0,0.0,1.0,0.8268398268398268,0.875,0.875,0.875,0.875,1.0
1585,discriminative-attribute-action,yes,0,1.0,1.0,1.0,1.0,1.0,1.0,1.0,1.0,1.0,1.0,1.0,1.0,1.0,1.0
1587,discriminative-attribute-number,yes,0,0.9090909090909091,0.8181818181818182,0.9090909090909091,0.8181818181818182,1.0,1.0,1.0,1.0,0.8268398268398268,0.875,0.875,0.875,0.875,1.0
1589,discriminative-attribute-state,yes,0,1.0,1.0,1.0,1.0,1.0,1.0,1.0,1.0,1.0,1.0,1.0,1.0,1.0,1.0
1591,discriminative-attribute-state,yes,0,0.9090909090909091,0.8181818181818182,0.9090909090909091,0.8181818181818182,0.8,0.6,1.0,1.0,0.8268398268398268,0.7666666666666667,0.875,0.7666666666666667,0.875,0.8
1593,discriminative-attribute-state,yes,1,0.45454545454545453,0.45454545454545453,0.36363636363636365,0.4909090909090909,0.8,0.6,0.2,0.6,0.4935064935064935,0.475,0.5,0.4666666666666667,0.5416666666666666,0.4444444444444444
1595,discriminative-attribute-state,yes,0,1.0,1.0,1.0,1.0,1.0,1.0,1.0,1.0,1.0,1.0,1.0,1.0,1.0,1.0
1597,discriminative-attribute-number,yes,0,1.0,1.0,1.0,1.0,1.0,1.0,1.0,1.0,1.0,1.0,1.0,1.0,1.0,1.0
1599,discriminative-attribute-state,yes,1,1.0,1.0,1.0,1.0,1.0,1.0,1.0,1.0,1.0,1.0,1.0,1.0,1.0,1.0
1601,discriminative-attribute-state,yes,1,1.0,1.0,0.2727272727272727,0.5636363636363636,0.8,0.6,0.2,0.6,0.5151515151515151,0.875,0.6,0.475,0.6,0.4444444444444444
1603,discriminative-attribute-state,yes,0,0.9090909090909091,0.8181818181818182,1.0,1.0,0.6,0.4,1.0,1.0,0.9090909090909091,0.675,0.875,0.7666666666666667,1.0,0.6444444444444445
1605,discriminative-attribute-action,yes,0,1.0,1.0,1.0,1.0,0.4,0.4,0.8,0.6,1.0,0.675,0.875,0.675,0.875,0.4666666666666667
1607,discriminative-attribute-number,yes,1,0.2727272727272727,0.5636363636363636,1.0,1.0,0.8,0.6,0.6,0.4,0.5151515151515151,0.475,0.5,0.875,0.7666666666666667,0.5333333333333333
1611,discriminative-attribute-state,yes,1,1.0,1.0,1.0,1.0,1.0,1.0,1.0,1.0,1.0,1.0,1.0,1.0,1.0,1.0
1613,discriminative-attribute-state,yes,0,0.7272727272727273,0.5636363636363636,0.7272727272727273,0.5636363636363636,1.0,1.0,1.0,1.0,0.5844155844155844,0.675,0.675,0.675,0.675,1.0
1615,discriminative-attribute-number,yes,0,0.36363636363636365,0.4909090909090909,1.0,1.0,0.6,0.4,1.0,1.0,0.5454545454545454,0.475,0.475,0.7666666666666667,1.0,0.6444444444444445
1617,discriminative-attribute-state,yes,1,0.9090909090909091,0.8181818181818182,0.8181818181818182,0.6727272727272727,1.0,1.0,0.8,0.6,0.7532467532467533,0.875,0.7666666666666667,0.7666666666666667,0.675,0.8
1619,discriminative-attribute-state,yes,1,0.18181818181818182,0.6727272727272727,0.0,1.0,0.0,1.0,0.0,1.0,0.8268398268398268,0.7666666666666667,0.7666666666666667,1.0,1.0,1.0
1621,discriminative-attribute-state,yes,1,1.0,1.0,1.0,1.0,1.0,1.0,0.6,0.4,1.0,1.0,0.7666666666666667,1.0,0.7666666666666667,0.6444444444444445
1623,discriminative-attribute-state,yes,1,0.2727272727272727,0.5636363636363636,0.09090909090909091,0.8181818181818182,0.8,0.6,0.0,1.0,0.6883116883116883,0.475,0.675,0.5416666666666666,0.875,0.4666666666666667
1625,discriminative-attribute-action,yes,0,0.0,1.0,0.09090909090909091,0.8181818181818182,0.4,0.4,0.2,0.6,0.9090909090909091,0.7666666666666667,0.875,0.675,0.7666666666666667,0.5333333333333333
1627,discriminative-attribute-number,yes,1,0.6363636363636364,0.4909090909090909,0.9090909090909091,0.8181818181818182,0.6,0.4,0.6,0.4,0.6320346320346321,0.5,0.5,0.675,0.675,0.4666666666666667
1629,discriminative-attribute-state,yes,1,0.8181818181818182,0.6727272727272727,0.2727272727272727,0.5636363636363636,0.2,0.6,0.2,0.6,0.4805194805194805,0.5,0.5,0.6,0.6,0.6444444444444445
1631,discriminative-attribute-number,yes,0,0.9090909090909091,0.8181818181818182,0.2727272727272727,0.5636363636363636,1.0,1.0,0.6,0.4,0.4935064935064935,0.875,0.675,0.4666666666666667,0.5,0.6444444444444445
1633,discriminative-attribute-state,yes,0,1.0,1.0,1.0,1.0,1.0,1.0,1.0,1.0,1.0,1.0,1.0,1.0,1.0,1.0
1635,discriminative-attribute-action,yes,0,1.0,1.0,1.0,1.0,1.0,1.0,1.0,1.0,1.0,1.0,1.0,1.0,1.0,1.0
1637,discriminative-attribute-number,yes,0,0.6363636363636364,0.4909090909090909,1.0,1.0,1.0,1.0,1.0,1.0,0.6883116883116883,0.6,0.6,1.0,1.0,1.0
1639,discriminative-attribute-state,yes,1,0.2727272727272727,0.5636363636363636,0.18181818181818182,0.6727272727272727,0.0,1.0,0.0,1.0,0.6320346320346321,0.675,0.675,0.7666666666666667,0.7666666666666667,1.0
1641,discriminative-attribute-number,yes,0,1.0,1.0,1.0,1.0,1.0,1.0,1.0,1.0,1.0,1.0,1.0,1.0,1.0,1.0
1643,discriminative-attribute-number,yes,0,0.9090909090909091,0.8181818181818182,0.18181818181818182,0.6727272727272727,1.0,1.0,0.2,0.6,0.4805194805194805,0.875,0.5416666666666666,0.475,0.675,0.4666666666666667
1645,discriminative-attribute-state,yes,1,0.36363636363636365,0.4909090909090909,0.18181818181818182,0.6727272727272727,0.4,0.4,0.0,1.0,0.5844155844155844,0.5,0.6,0.6,0.7666666666666667,0.6444444444444445
1647,discriminative-attribute-number,yes,0,0.9090909090909091,0.8181818181818182,0.7272727272727273,0.5636363636363636,0.6,0.4,0.8,0.6,0.6883116883116883,0.675,0.7666666666666667,0.5416666666666666,0.6,0.5333333333333333
1649,discriminative-attribute-state,yes,1,1.0,1.0,0.0,1.0,1.0,1.0,0.2,0.6,0.47619047619047616,1.0,0.6,0.5416666666666666,0.875,0.4666666666666667
1651,discriminative-attribute-number,yes,1,0.09090909090909091,0.8181818181818182,0.0,1.0,0.2,0.6,0.0,1.0,0.9090909090909091,0.7666666666666667,0.875,0.875,1.0,0.8
1653,discriminative-attribute-number,yes,0,0.9090909090909091,0.8181818181818182,0.9090909090909091,0.8181818181818182,1.0,1.0,1.0,1.0,0.8268398268398268,0.875,0.875,0.875,0.875,1.0
1655,discriminative-attribute-state,yes,1,0.18181818181818182,0.6727272727272727,0.0,1.0,0.2,0.6,0.2,0.6,0.8268398268398268,0.675,0.675,0.875,0.875,0.6444444444444445
1657,discriminative-attribute-state,yes,1,0.9090909090909091,0.8181818181818182,0.18181818181818182,0.6727272727272727,1.0,1.0,0.2,0.6,0.4805194805194805,0.875,0.5416666666666666,0.475,0.675,0.4666666666666667
1659,discriminative-attribute-state,yes,1,0.09090909090909091,0.8181818181818182,0.0,1.0,0.2,0.6,0.0,1.0,0.9090909090909091,0.7666666666666667,0.875,0.875,1.0,0.8
1661,discriminative-attribute-number,yes,0,0.8181818181818182,0.6727272727272727,0.8181818181818182,0.6727272727272727,1.0,1.0,1.0,1.0,0.6883116883116883,0.7666666666666667,0.7666666666666667,0.7666666666666667,0.7666666666666667,1.0
1663,discriminative-attribute-state,yes,0,1.0,1.0,1.0,1.0,1.0,1.0,1.0,1.0,1.0,1.0,1.0,1.0,1.0,1.0
1665,discriminative-attribute-state,yes,1,0.2727272727272727,0.5636363636363636,0.2727272727272727,0.5636363636363636,0.0,1.0,0.0,1.0,0.5844155844155844,0.675,0.675,0.675,0.675,1.0
1667,discriminative-attribute-state,yes,0,1.0,1.0,1.0,1.0,1.0,1.0,1.0,1.0,1.0,1.0,1.0,1.0,1.0,1.0
1669,discriminative-attribute-number,yes,1,0.0,1.0,0.0,1.0,0.0,1.0,0.0,1.0,1.0,1.0,1.0,1.0,1.0,1.0
1671,discriminative-attribute-action,yes,0,1.0,1.0,1.0,1.0,1.0,1.0,1.0,1.0,1.0,1.0,1.0,1.0,1.0,1.0
1673,discriminative-attribute-state,yes,0,1.0,1.0,1.0,1.0,1.0,1.0,1.0,1.0,1.0,1.0,1.0,1.0,1.0,1.0
1675,discriminative-attribute-number,yes,0,1.0,1.0,1.0,1.0,1.0,1.0,1.0,1.0,1.0,1.0,1.0,1.0,1.0,1.0
1677,discriminative-attribute-action,yes,0,1.0,1.0,1.0,1.0,1.0,1.0,1.0,1.0,1.0,1.0,1.0,1.0,1.0,1.0
1679,discriminative-attribute-state,yes,1,0.2727272727272727,0.5636363636363636,0.2727272727272727,0.5636363636363636,0.0,1.0,0.0,1.0,0.5844155844155844,0.675,0.675,0.675,0.675,1.0
1681,discriminative-attribute-state,yes,0,0.9090909090909091,0.8181818181818182,1.0,1.0,1.0,1.0,1.0,1.0,0.9090909090909091,0.875,0.875,1.0,1.0,1.0
1683,discriminative-attribute-state,yes,0,1.0,1.0,1.0,1.0,1.0,1.0,1.0,1.0,1.0,1.0,1.0,1.0,1.0,1.0
1685,discriminative-attribute-number,yes,0,1.0,1.0,1.0,1.0,1.0,1.0,0.8,0.6,1.0,1.0,0.875,1.0,0.875,0.8
1687,discriminative-attribute-state,yes,1,0.36363636363636365,0.4909090909090909,0.09090909090909091,0.8181818181818182,0.0,1.0,0.0,1.0,0.6320346320346321,0.6,0.6,0.875,0.875,1.0
1689,discriminative-attribute-number,yes,1,0.2727272727272727,0.5636363636363636,0.09090909090909091,0.8181818181818182,0.6,0.4,0.2,0.6,0.6883116883116883,0.5,0.6,0.6,0.7666666666666667,0.4666666666666667
1693,discriminative-attribute-state,yes,0,1.0,1.0,1.0,1.0,1.0,1.0,1.0,1.0,1.0,1.0,1.0,1.0,1.0,1.0
1695,discriminative-attribute-number,yes,0,0.36363636363636365,0.4909090909090909,0.45454545454545453,0.45454545454545453,0.8,0.6,0.8,0.6,0.4935064935064935,0.4666666666666667,0.4666666666666667,0.475,0.475,0.6444444444444445
1697,discriminative-attribute-state,yes,1,0.2727272727272727,0.5636363636363636,0.09090909090909091,0.8181818181818182,0.4,0.4,0.0,1.0,0.6883116883116883,0.5416666666666666,0.675,0.675,0.875,0.6444444444444445
1699,discriminative-attribute-state,yes,0,1.0,1.0,1.0,1.0,1.0,1.0,1.0,1.0,1.0,1.0,1.0,1.0,1.0,1.0
1701,discriminative-attribute-action,yes,1,0.7272727272727273,0.5636363636363636,0.9090909090909091,0.8181818181818182,0.2,0.6,0.6,0.4,0.6883116883116883,0.475,0.5416666666666666,0.5416666666666666,0.675,0.4666666666666667
1703,discriminative-attribute-state,yes,1,0.18181818181818182,0.6727272727272727,0.18181818181818182,0.6727272727272727,0.2,0.6,0.2,0.6,0.6883116883116883,0.675,0.675,0.675,0.675,0.6444444444444445
1705,discriminative-attribute-action,yes,0,1.0,1.0,1.0,1.0,1.0,1.0,1.0,1.0,1.0,1.0,1.0,1.0,1.0,1.0
1707,discriminative-attribute-number,yes,0,1.0,1.0,1.0,1.0,1.0,1.0,1.0,1.0,1.0,1.0,1.0,1.0,1.0,1.0
1709,discriminative-attribute-state,yes,1,0.0,1.0,0.0,1.0,0.2,0.6,0.2,0.6,1.0,0.875,0.875,0.875,0.875,0.6444444444444445
1711,discriminative-attribute-state,yes,0,0.36363636363636365,0.4909090909090909,0.36363636363636365,0.4909090909090909,1.0,1.0,0.8,0.6,0.5151515151515151,0.475,0.4666666666666667,0.475,0.4666666666666667,0.8
1713,discriminative-attribute-state,yes,0,0.8181818181818182,0.6727272727272727,1.0,1.0,1.0,1.0,1.0,1.0,0.8268398268398268,0.7666666666666667,0.7666666666666667,1.0,1.0,1.0
1715,discriminative-attribute-action,yes,0,0.0,1.0,1.0,1.0,0.6,0.4,1.0,1.0,0.47619047619047616,0.675,0.5416666666666666,0.7666666666666667,1.0,0.6444444444444445
1717,discriminative-attribute-number,yes,0,1.0,1.0,1.0,1.0,1.0,1.0,1.0,1.0,1.0,1.0,1.0,1.0,1.0,1.0
1719,discriminative-attribute-action,yes,0,1.0,1.0,1.0,1.0,1.0,1.0,1.0,1.0,1.0,1.0,1.0,1.0,1.0,1.0
1721,discriminative-attribute-number,yes,0,0.9090909090909091,0.8181818181818182,0.9090909090909091,0.8181818181818182,1.0,1.0,1.0,1.0,0.8268398268398268,0.875,0.875,0.875,0.875,1.0
1723,discriminative-attribute-state,yes,0,0.2727272727272727,0.5636363636363636,0.7272727272727273,0.5636363636363636,0.6,0.4,1.0,1.0,0.47619047619047616,0.5,0.4666666666666667,0.5416666666666666,0.675,0.6444444444444445
1725,discriminative-attribute-state,yes,0,0.7272727272727273,0.5636363636363636,0.7272727272727273,0.5636363636363636,1.0,1.0,1.0,1.0,0.5844155844155844,0.675,0.675,0.675,0.675,1.0
1727,discriminative-attribute-state,yes,1,0.5454545454545454,0.45454545454545453,0.0,1.0,1.0,1.0,0.2,0.6,0.5844155844155844,0.5416666666666666,0.475,0.5416666666666666,0.875,0.4666666666666667
1729,discriminative-attribute-state,yes,1,0.2727272727272727,0.5636363636363636,0.09090909090909091,0.8181818181818182,0.0,1.0,0.0,1.0,0.6883116883116883,0.675,0.675,0.875,0.875,1.0
1731,discriminative-attribute-state,yes,0,0.5454545454545454,0.45454545454545453,1.0,1.0,0.8,0.6,1.0,1.0,0.6320346320346321,0.5,0.5416666666666666,0.875,1.0,0.8
1733,discriminative-attribute-state,yes,1,0.8181818181818182,0.6727272727272727,0.7272727272727273,0.5636363636363636,1.0,1.0,1.0,1.0,0.6320346320346321,0.7666666666666667,0.7666666666666667,0.675,0.675,1.0
1735,discriminative-attribute-number,yes,0,0.9090909090909091,0.8181818181818182,0.9090909090909091,0.8181818181818182,1.0,1.0,1.0,1.0,0.8268398268398268,0.875,0.875,0.875,0.875,1.0
1737,discriminative-attribute-state,yes,1,1.0,1.0,0.0,1.0,0.8,0.6,0.2,0.6,0.47619047619047616,0.875,0.6,0.6,0.875,0.4444444444444444
1739,discriminative-attribute-state,yes,1,0.0,1.0,0.0,1.0,0.4,0.4,0.0,1.0,1.0,0.7666666666666667,1.0,0.7666666666666667,1.0,0.6444444444444445
1741,discriminative-attribute-number,yes,0,1.0,1.0,1.0,1.0,1.0,1.0,1.0,1.0,1.0,1.0,1.0,1.0,1.0,1.0
1743,discriminative-attribute-action,yes,1,0.8181818181818182,0.6727272727272727,0.0,1.0,0.4,0.4,0.0,1.0,0.4935064935064935,0.5416666666666666,0.475,0.7666666666666667,1.0,0.6444444444444445
1745,discriminative-attribute-number,yes,0,1.0,1.0,1.0,1.0,1.0,1.0,1.0,1.0,1.0,1.0,1.0,1.0,1.0,1.0
1747,discriminative-attribute-action,yes,0,0.2727272727272727,0.5636363636363636,1.0,1.0,0.8,0.6,1.0,1.0,0.5151515151515151,0.475,0.4666666666666667,0.875,1.0,0.8
1751,discriminative-attribute-state,yes,0,1.0,1.0,1.0,1.0,1.0,1.0,1.0,1.0,1.0,1.0,1.0,1.0,1.0,1.0
1755,discriminative-attribute-number,yes,0,0.9090909090909091,0.8181818181818182,1.0,1.0,0.8,0.6,1.0,1.0,0.9090909090909091,0.7666666666666667,0.875,0.875,1.0,0.8
1759,discriminative-attribute-number,yes,1,0.36363636363636365,0.4909090909090909,0.0,1.0,0.4,0.4,0.2,0.6,0.6883116883116883,0.5,0.5416666666666666,0.7666666666666667,0.875,0.5333333333333333
1761,discriminative-attribute-state,yes,0,1.0,1.0,1.0,1.0,1.0,1.0,1.0,1.0,1.0,1.0,1.0,1.0,1.0,1.0
1763,discriminative-attribute-state,yes,1,1.0,1.0,0.09090909090909091,0.8181818181818182,0.6,0.4,0.2,0.6,0.4805194805194805,0.7666666666666667,0.6,0.6,0.7666666666666667,0.4666666666666667
1765,discriminative-attribute-action,yes,0,0.9090909090909091,0.8181818181818182,1.0,1.0,1.0,1.0,1.0,1.0,0.9090909090909091,0.875,0.875,1.0,1.0,1.0
1767,discriminative-attribute-number,yes,0,1.0,1.0,1.0,1.0,1.0,1.0,1.0,1.0,1.0,1.0,1.0,1.0,1.0,1.0
1769,discriminative-attribute-state,yes,1,0.09090909090909091,0.8181818181818182,0.0,1.0,0.0,1.0,0.0,1.0,0.9090909090909091,0.875,0.875,1.0,1.0,1.0
1771,discriminative-attribute-state,yes,0,0.9090909090909091,0.8181818181818182,1.0,1.0,1.0,1.0,1.0,1.0,0.9090909090909091,0.875,0.875,1.0,1.0,1.0
1773,discriminative-attribute-state,yes,1,1.0,1.0,1.0,1.0,0.4,0.4,0.8,0.6,1.0,0.675,0.875,0.675,0.875,0.4666666666666667
1775,discriminative-attribute-state,yes,0,1.0,1.0,1.0,1.0,1.0,1.0,0.8,0.6,1.0,1.0,0.875,1.0,0.875,0.8
1777,discriminative-attribute-number,yes,0,1.0,1.0,1.0,1.0,1.0,1.0,1.0,1.0,1.0,1.0,1.0,1.0,1.0,1.0
1779,discriminative-attribute-state,yes,0,1.0,1.0,1.0,1.0,1.0,1.0,1.0,1.0,1.0,1.0,1.0,1.0,1.0,1.0
1781,discriminative-attribute-state,yes,1,1.0,1.0,0.8181818181818182,0.6727272727272727,0.4,0.4,0.6,0.4,0.8268398268398268,0.675,0.7666666666666667,0.5416666666666666,0.6,0.4444444444444444
1783,discriminative-attribute-state,yes,1,0.9090909090909091,0.8181818181818182,0.0,1.0,0.8,0.6,0.2,0.6,0.4805194805194805,0.7666666666666667,0.5416666666666666,0.6,0.875,0.4444444444444444
1785,discriminative-attribute-state,yes,1,0.2727272727272727,0.5636363636363636,0.45454545454545453,0.45454545454545453,0.4,0.4,0.2,0.6,0.5151515151515151,0.5416666666666666,0.6,0.475,0.5,0.5333333333333333
1787,discriminative-attribute-number,yes,0,1.0,1.0,1.0,1.0,1.0,1.0,1.0,1.0,1.0,1.0,1.0,1.0,1.0,1.0
1791,discriminative-attribute-state,yes,0,0.6363636363636364,0.4909090909090909,1.0,1.0,1.0,1.0,1.0,1.0,0.6883116883116883,0.6,0.6,1.0,1.0,1.0
1793,discriminative-attribute-state,yes,0,0.9090909090909091,0.8181818181818182,1.0,1.0,1.0,1.0,1.0,1.0,0.9090909090909091,0.875,0.875,1.0,1.0,1.0
1795,discriminative-attribute-state,yes,0,1.0,1.0,1.0,1.0,1.0,1.0,1.0,1.0,1.0,1.0,1.0,1.0,1.0,1.0
1797,discriminative-attribute-state,yes,0,1.0,1.0,1.0,1.0,1.0,1.0,0.8,0.6,1.0,1.0,0.875,1.0,0.875,0.8
1799,discriminative-attribute-state,yes,1,0.5454545454545454,0.45454545454545453,0.0,1.0,0.4,0.4,0.2,0.6,0.5844155844155844,0.4666666666666667,0.475,0.7666666666666667,0.875,0.5333333333333333
1801,discriminative-attribute-state,yes,0,0.8181818181818182,0.6727272727272727,1.0,1.0,1.0,1.0,1.0,1.0,0.8268398268398268,0.7666666666666667,0.7666666666666667,1.0,1.0,1.0
1803,discriminative-attribute-number,yes,0,1.0,1.0,1.0,1.0,1.0,1.0,1.0,1.0,1.0,1.0,1.0,1.0,1.0,1.0
1805,discriminative-attribute-action,yes,0,1.0,1.0,1.0,1.0,1.0,1.0,1.0,1.0,1.0,1.0,1.0,1.0,1.0,1.0
1807,discriminative-attribute-state,yes,1,0.18181818181818182,0.6727272727272727,0.0,1.0,0.4,0.4,0.0,1.0,0.8268398268398268,0.6,0.7666666666666667,0.7666666666666667,1.0,0.6444444444444445
1809,discriminative-attribute-state,yes,0,0.7272727272727273,0.5636363636363636,0.7272727272727273,0.5636363636363636,1.0,1.0,1.0,1.0,0.5844155844155844,0.675,0.675,0.675,0.675,1.0
1811,discriminative-attribute-action,yes,1,0.7272727272727273,0.5636363636363636,0.2727272727272727,0.5636363636363636,0.6,0.4,0.0,1.0,0.47619047619047616,0.5416666666666666,0.4666666666666667,0.5,0.675,0.5333333333333333
1813,discriminative-attribute-state,yes,1,0.2727272727272727,0.5636363636363636,0.2727272727272727,0.5636363636363636,0.6,0.4,0.4,0.4,0.5844155844155844,0.5,0.5416666666666666,0.5,0.5416666666666666,0.4444444444444444
1815,discriminative-attribute-number,yes,0,1.0,1.0,1.0,1.0,1.0,1.0,1.0,1.0,1.0,1.0,1.0,1.0,1.0,1.0
1817,discriminative-attribute-action,yes,1,0.9090909090909091,0.8181818181818182,0.09090909090909091,0.8181818181818182,1.0,1.0,0.0,1.0,0.47619047619047616,0.875,0.5,0.5,0.875,0.4444444444444444
1819,discriminative-attribute-action,yes,0,1.0,1.0,1.0,1.0,1.0,1.0,1.0,1.0,1.0,1.0,1.0,1.0,1.0,1.0
1821,discriminative-attribute-number,yes,0,1.0,1.0,1.0,1.0,1.0,1.0,0.8,0.6,1.0,1.0,0.875,1.0,0.875,0.8
1823,discriminative-attribute-state,yes,1,0.09090909090909091,0.8181818181818182,0.0,1.0,0.0,1.0,0.0,1.0,0.9090909090909091,0.875,0.875,1.0,1.0,1.0
1825,discriminative-attribute-state,yes,0,0.9090909090909091,0.8181818181818182,1.0,1.0,1.0,1.0,1.0,1.0,0.9090909090909091,0.875,0.875,1.0,1.0,1.0
1827,discriminative-attribute-state,yes,1,0.0,1.0,0.0,1.0,0.0,1.0,0.0,1.0,1.0,1.0,1.0,1.0,1.0,1.0
1829,discriminative-attribute-state,yes,0,1.0,1.0,1.0,1.0,0.8,0.6,1.0,1.0,1.0,0.875,1.0,0.875,1.0,0.8
1831,discriminative-attribute-number,yes,0,0.9090909090909091,0.8181818181818182,0.6363636363636364,0.4909090909090909,1.0,1.0,1.0,1.0,0.6320346320346321,0.875,0.875,0.6,0.6,1.0
1833,discriminative-attribute-action,yes,0,0.9090909090909091,0.8181818181818182,0.9090909090909091,0.8181818181818182,1.0,1.0,1.0,1.0,0.8268398268398268,0.875,0.875,0.875,0.875,1.0
1835,discriminative-attribute-state,yes,1,1.0,1.0,1.0,1.0,1.0,1.0,1.0,1.0,1.0,1.0,1.0,1.0,1.0,1.0
1837,discriminative-attribute-state,yes,1,0.9090909090909091,0.8181818181818182,0.09090909090909091,0.8181818181818182,0.8,0.6,0.2,0.6,0.47619047619047616,0.7666666666666667,0.5416666666666666,0.5416666666666666,0.7666666666666667,0.4444444444444444
1841,discriminative-attribute-state,yes,0,1.0,1.0,1.0,1.0,1.0,1.0,1.0,1.0,1.0,1.0,1.0,1.0,1.0,1.0
1843,discriminative-attribute-state,yes,0,0.7272727272727273,0.5636363636363636,0.8181818181818182,0.6727272727272727,1.0,1.0,1.0,1.0,0.6320346320346321,0.675,0.675,0.7666666666666667,0.7666666666666667,1.0
1845,discriminative-attribute-action,yes,1,0.5454545454545454,0.45454545454545453,0.09090909090909091,0.8181818181818182,1.0,1.0,0.0,1.0,0.5454545454545454,0.5416666666666666,0.5,0.5,0.875,0.4444444444444444
1847,discriminative-attribute-state,yes,0,0.45454545454545453,0.45454545454545453,1.0,1.0,0.8,0.6,0.8,0.6,0.5844155844155844,0.475,0.475,0.875,0.875,0.6444444444444445
1849,discriminative-attribute-state,yes,0,1.0,1.0,1.0,1.0,1.0,1.0,1.0,1.0,1.0,1.0,1.0,1.0,1.0,1.0
1851,discriminative-attribute-state,yes,1,0.8181818181818182,0.6727272727272727,0.18181818181818182,0.6727272727272727,1.0,1.0,0.2,0.6,0.47619047619047616,0.7666666666666667,0.5,0.475,0.675,0.4666666666666667
1853,discriminative-attribute-state,yes,1,0.2727272727272727,0.5636363636363636,0.2727272727272727,0.5636363636363636,0.0,1.0,0.0,1.0,0.5844155844155844,0.675,0.675,0.675,0.675,1.0
1855,discriminative-attribute-state,yes,0,1.0,1.0,0.9090909090909091,0.8181818181818182,1.0,1.0,1.0,1.0,0.9090909090909091,1.0,1.0,0.875,0.875,1.0
1857,discriminative-attribute-state,yes,1,1.0,1.0,0.9090909090909091,0.8181818181818182,1.0,1.0,0.8,0.6,0.9090909090909091,1.0,0.875,0.875,0.7666666666666667,0.8
1859,discriminative-attribute-state,yes,1,0.9090909090909091,0.8181818181818182,0.09090909090909091,0.8181818181818182,1.0,1.0,0.0,1.0,0.47619047619047616,0.875,0.5,0.5,0.875,0.4444444444444444
1861,discriminative-attribute-state,yes,0,0.8181818181818182,0.6727272727272727,0.9090909090909091,0.8181818181818182,1.0,1.0,0.8,0.6,0.7532467532467533,0.7666666666666667,0.675,0.875,0.7666666666666667,0.8
1863,discriminative-attribute-state,yes,1,1.0,1.0,1.0,1.0,1.0,1.0,0.8,0.6,1.0,1.0,0.875,1.0,0.875,0.8
1865,discriminative-attribute-state,yes,1,0.9090909090909091,0.8181818181818182,0.9090909090909091,0.8181818181818182,1.0,1.0,1.0,1.0,0.8268398268398268,0.875,0.875,0.875,0.875,1.0
1867,discriminative-attribute-state,yes,0,0.0,1.0,1.0,1.0,0.4,0.4,1.0,1.0,0.47619047619047616,0.7666666666666667,0.5416666666666666,0.675,1.0,0.5333333333333333
1869,discriminative-attribute-number,yes,0,1.0,1.0,1.0,1.0,1.0,1.0,1.0,1.0,1.0,1.0,1.0,1.0,1.0,1.0
1871,discriminative-attribute-state,yes,0,1.0,1.0,1.0,1.0,1.0,1.0,1.0,1.0,1.0,1.0,1.0,1.0,1.0,1.0
1873,discriminative-attribute-number,yes,0,1.0,1.0,1.0,1.0,1.0,1.0,0.8,0.6,1.0,1.0,0.875,1.0,0.875,0.8
1875,discriminative-attribute-state,yes,0,1.0,1.0,1.0,1.0,1.0,1.0,1.0,1.0,1.0,1.0,1.0,1.0,1.0,1.0
1877,discriminative-attribute-state,yes,0,1.0,1.0,1.0,1.0,1.0,1.0,1.0,1.0,1.0,1.0,1.0,1.0,1.0,1.0
1879,discriminative-attribute-number,yes,0,1.0,1.0,1.0,1.0,1.0,1.0,1.0,1.0,1.0,1.0,1.0,1.0,1.0,1.0
1881,discriminative-attribute-number,yes,0,1.0,1.0,1.0,1.0,1.0,1.0,1.0,1.0,1.0,1.0,1.0,1.0,1.0,1.0
1883,discriminative-attribute-state,yes,1,1.0,1.0,0.7272727272727273,0.5636363636363636,1.0,1.0,0.6,0.4,0.7532467532467533,1.0,0.7666666666666667,0.675,0.5416666666666666,0.6444444444444445
1885,discriminative-attribute-number,yes,1,1.0,1.0,0.0,1.0,1.0,1.0,0.2,0.6,0.47619047619047616,1.0,0.6,0.5416666666666666,0.875,0.4666666666666667
1887,discriminative-attribute-state,yes,0,0.6363636363636364,0.4909090909090909,0.6363636363636364,0.4909090909090909,1.0,1.0,1.0,1.0,0.5151515151515151,0.6,0.6,0.6,0.6,1.0
1889,discriminative-attribute-action,yes,1,0.8181818181818182,0.6727272727272727,0.9090909090909091,0.8181818181818182,0.6,0.4,0.6,0.4,0.7532467532467533,0.6,0.6,0.675,0.675,0.4666666666666667
1891,discriminative-attribute-number,yes,0,1.0,1.0,1.0,1.0,1.0,1.0,1.0,1.0,1.0,1.0,1.0,1.0,1.0,1.0
1893,discriminative-attribute-number,yes,1,0.9090909090909091,0.8181818181818182,1.0,1.0,1.0,1.0,0.8,0.6,0.9090909090909091,0.875,0.7666666666666667,1.0,0.875,0.8
1895,discriminative-attribute-state,yes,1,0.2727272727272727,0.5636363636363636,0.2727272727272727,0.5636363636363636,0.0,1.0,0.0,1.0,0.5844155844155844,0.675,0.675,0.675,0.675,1.0
1897,discriminative-attribute-state,yes,0,1.0,1.0,1.0,1.0,1.0,1.0,1.0,1.0,1.0,1.0,1.0,1.0,1.0,1.0
1899,discriminative-attribute-state,yes,1,1.0,1.0,0.9090909090909091,0.8181818181818182,0.8,0.6,0.8,0.6,0.9090909090909091,0.875,0.875,0.7666666666666667,0.7666666666666667,0.6444444444444445
1901,discriminative-attribute-action,yes,1,0.0,1.0,0.0,1.0,0.0,1.0,0.2,0.6,1.0,1.0,0.875,1.0,0.875,0.8
1903,discriminative-attribute-state,yes,0,1.0,1.0,1.0,1.0,1.0,1.0,1.0,1.0,1.0,1.0,1.0,1.0,1.0,1.0
1905,discriminative-attribute-state,yes,1,0.9090909090909091,0.8181818181818182,0.0,1.0,0.8,0.6,0.0,1.0,0.4805194805194805,0.7666666666666667,0.5,0.6,1.0,0.4666666666666667
1907,discriminative-attribute-action,yes,0,0.9090909090909091,0.8181818181818182,0.9090909090909091,0.8181818181818182,1.0,1.0,1.0,1.0,0.8268398268398268,0.875,0.875,0.875,0.875,1.0
1909,discriminative-attribute-number,yes,0,1.0,1.0,1.0,1.0,1.0,1.0,1.0,1.0,1.0,1.0,1.0,1.0,1.0,1.0
1911,discriminative-attribute-number,yes,0,0.6363636363636364,0.4909090909090909,0.9090909090909091,0.8181818181818182,1.0,1.0,1.0,1.0,0.6320346320346321,0.6,0.6,0.875,0.875,1.0
1913,discriminative-attribute-state,yes,1,1.0,1.0,0.0,1.0,0.6,0.4,0.2,0.6,0.47619047619047616,0.7666666666666667,0.6,0.675,0.875,0.4666666666666667
1915,discriminative-attribute-state,yes,1,0.36363636363636365,0.4909090909090909,0.0,1.0,0.6,0.4,0.0,1.0,0.6883116883116883,0.475,0.6,0.675,1.0,0.5333333333333333
1917,discriminative-attribute-state,yes,1,0.9090909090909091,0.8181818181818182,0.18181818181818182,0.6727272727272727,0.4,0.4,0.0,1.0,0.4805194805194805,0.6,0.5,0.6,0.7666666666666667,0.6444444444444445
1919,discriminative-attribute-state,yes,1,0.09090909090909091,0.8181818181818182,0.0,1.0,0.0,1.0,0.0,1.0,0.9090909090909091,0.875,0.875,1.0,1.0,1.0
1921,discriminative-attribute-state,yes,1,0.2727272727272727,0.5636363636363636,0.18181818181818182,0.6727272727272727,0.0,1.0,0.0,1.0,0.6320346320346321,0.675,0.675,0.7666666666666667,0.7666666666666667,1.0
1923,discriminative-attribute-state,yes,1,0.09090909090909091,0.8181818181818182,0.0,1.0,0.0,1.0,0.0,1.0,0.9090909090909091,0.875,0.875,1.0,1.0,1.0
1925,discriminative-attribute-state,yes,1,1.0,1.0,0.6363636363636364,0.4909090909090909,1.0,1.0,0.4,0.4,0.6883116883116883,1.0,0.675,0.6,0.475,0.5333333333333333
1927,discriminative-attribute-state,yes,0,0.9090909090909091,0.8181818181818182,1.0,1.0,1.0,1.0,1.0,1.0,0.9090909090909091,0.875,0.875,1.0,1.0,1.0
1931,discriminative-attribute-state,yes,0,1.0,1.0,1.0,1.0,1.0,1.0,1.0,1.0,1.0,1.0,1.0,1.0,1.0,1.0
1933,discriminative-attribute-action,yes,0,0.9090909090909091,0.8181818181818182,0.9090909090909091,0.8181818181818182,1.0,1.0,1.0,1.0,0.8268398268398268,0.875,0.875,0.875,0.875,1.0
1935,discriminative-attribute-state,yes,1,0.9090909090909091,0.8181818181818182,0.0,1.0,1.0,1.0,0.0,1.0,0.4805194805194805,0.875,0.5,0.5416666666666666,1.0,0.4444444444444444
1939,discriminative-attribute-number,yes,0,1.0,1.0,1.0,1.0,1.0,1.0,1.0,1.0,1.0,1.0,1.0,1.0,1.0,1.0
1941,discriminative-attribute-state,yes,0,1.0,1.0,1.0,1.0,1.0,1.0,1.0,1.0,1.0,1.0,1.0,1.0,1.0,1.0
1943,discriminative-attribute-state,yes,0,0.7272727272727273,0.5636363636363636,0.8181818181818182,0.6727272727272727,0.8,0.6,0.8,0.6,0.6320346320346321,0.6,0.6,0.675,0.675,0.6444444444444445
1945,discriminative-attribute-action,yes,1,0.0,1.0,0.0,1.0,0.0,1.0,0.0,1.0,1.0,1.0,1.0,1.0,1.0,1.0
1947,discriminative-attribute-state,yes,1,1.0,1.0,0.0,1.0,1.0,1.0,0.0,1.0,0.47619047619047616,1.0,0.5416666666666666,0.5416666666666666,1.0,0.4444444444444444
1949,discriminative-attribute-state,yes,1,0.6363636363636364,0.4909090909090909,0.6363636363636364,0.4909090909090909,0.0,1.0,0.2,0.6,0.5151515151515151,0.475,0.4666666666666667,0.475,0.4666666666666667,0.8
1951,discriminative-attribute-state,yes,0,1.0,1.0,1.0,1.0,1.0,1.0,1.0,1.0,1.0,1.0,1.0,1.0,1.0,1.0
1953,discriminative-attribute-action,yes,0,1.0,1.0,1.0,1.0,1.0,1.0,1.0,1.0,1.0,1.0,1.0,1.0,1.0,1.0
1955,discriminative-attribute-number,yes,0,1.0,1.0,1.0,1.0,1.0,1.0,1.0,1.0,1.0,1.0,1.0,1.0,1.0,1.0
1957,discriminative-attribute-number,yes,1,0.5454545454545454,0.45454545454545453,0.45454545454545453,0.45454545454545453,0.0,1.0,0.2,0.6,0.47619047619047616,0.5,0.475,0.5416666666666666,0.5,0.8
1959,discriminative-attribute-state,yes,0,1.0,1.0,1.0,1.0,1.0,1.0,1.0,1.0,1.0,1.0,1.0,1.0,1.0,1.0
1963,discriminative-attribute-state,yes,1,0.18181818181818182,0.6727272727272727,0.0,1.0,0.0,1.0,0.0,1.0,0.8268398268398268,0.7666666666666667,0.7666666666666667,1.0,1.0,1.0
1965,discriminative-attribute-state,yes,0,1.0,1.0,1.0,1.0,1.0,1.0,1.0,1.0,1.0,1.0,1.0,1.0,1.0,1.0
1967,discriminative-attribute-state,yes,0,1.0,1.0,1.0,1.0,1.0,1.0,1.0,1.0,1.0,1.0,1.0,1.0,1.0,1.0
1969,discriminative-attribute-action,yes,0,1.0,1.0,1.0,1.0,1.0,1.0,1.0,1.0,1.0,1.0,1.0,1.0,1.0,1.0
1971,discriminative-attribute-state,yes,0,1.0,1.0,1.0,1.0,0.4,0.4,0.8,0.6,1.0,0.675,0.875,0.675,0.875,0.4666666666666667
1973,discriminative-attribute-number,yes,1,0.09090909090909091,0.8181818181818182,0.0,1.0,0.0,1.0,0.0,1.0,0.9090909090909091,0.875,0.875,1.0,1.0,1.0
1975,discriminative-attribute-state,yes,0,1.0,1.0,1.0,1.0,1.0,1.0,1.0,1.0,1.0,1.0,1.0,1.0,1.0,1.0
1977,discriminative-attribute-state,yes,1,0.18181818181818182,0.6727272727272727,0.0,1.0,0.0,1.0,0.0,1.0,0.8268398268398268,0.7666666666666667,0.7666666666666667,1.0,1.0,1.0
1979,discriminative-attribute-state,yes,0,0.9090909090909091,0.8181818181818182,1.0,1.0,1.0,1.0,1.0,1.0,0.9090909090909091,0.875,0.875,1.0,1.0,1.0
1981,discriminative-attribute-state,yes,1,0.18181818181818182,0.6727272727272727,0.0,1.0,0.0,1.0,0.0,1.0,0.8268398268398268,0.7666666666666667,0.7666666666666667,1.0,1.0,1.0
1983,discriminative-attribute-state,yes,0,0.09090909090909091,0.8181818181818182,0.9090909090909091,0.8181818181818182,0.4,0.4,1.0,1.0,0.47619047619047616,0.675,0.5,0.6,0.875,0.5333333333333333
1985,discriminative-attribute-state,yes,1,1.0,1.0,0.0,1.0,1.0,1.0,0.2,0.6,0.47619047619047616,1.0,0.6,0.5416666666666666,0.875,0.4666666666666667
1987,discriminative-attribute-action,yes,0,1.0,1.0,1.0,1.0,1.0,1.0,1.0,1.0,1.0,1.0,1.0,1.0,1.0,1.0
1989,discriminative-attribute-number,yes,0,1.0,1.0,1.0,1.0,1.0,1.0,1.0,1.0,1.0,1.0,1.0,1.0,1.0,1.0
1991,discriminative-attribute-number,yes,1,0.9090909090909091,0.8181818181818182,1.0,1.0,0.6,0.4,0.4,0.4,0.9090909090909091,0.675,0.6,0.7666666666666667,0.675,0.4444444444444444
1993,discriminative-attribute-number,yes,0,0.9090909090909091,0.8181818181818182,0.6363636363636364,0.4909090909090909,1.0,1.0,1.0,1.0,0.6320346320346321,0.875,0.875,0.6,0.6,1.0
1995,discriminative-attribute-action,yes,1,0.36363636363636365,0.4909090909090909,0.09090909090909091,0.8181818181818182,1.0,1.0,0.2,0.6,0.6320346320346321,0.475,0.5416666666666666,0.5,0.7666666666666667,0.4666666666666667
1997,discriminative-attribute-number,yes,0,1.0,1.0,1.0,1.0,1.0,1.0,0.8,0.6,1.0,1.0,0.875,1.0,0.875,0.8
1999,discriminative-attribute-number,yes,1,0.09090909090909091,0.8181818181818182,0.0,1.0,0.8,0.6,0.0,1.0,0.9090909090909091,0.5416666666666666,0.875,0.6,1.0,0.4666666666666667
2001,discriminative-attribute-state,yes,1,1.0,1.0,0.0,1.0,0.8,0.6,0.2,0.6,0.47619047619047616,0.875,0.6,0.6,0.875,0.4444444444444444
2003,discriminative-attribute-state,yes,0,1.0,1.0,1.0,1.0,1.0,1.0,1.0,1.0,1.0,1.0,1.0,1.0,1.0,1.0
2007,discriminative-attribute-number,yes,0,0.9090909090909091,0.8181818181818182,1.0,1.0,1.0,1.0,1.0,1.0,0.9090909090909091,0.875,0.875,1.0,1.0,1.0
2009,discriminative-attribute-action,yes,0,1.0,1.0,1.0,1.0,0.8,0.6,1.0,1.0,1.0,0.875,1.0,0.875,1.0,0.8
2011,discriminative-attribute-number,yes,0,0.9090909090909091,0.8181818181818182,1.0,1.0,1.0,1.0,1.0,1.0,0.9090909090909091,0.875,0.875,1.0,1.0,1.0
2013,discriminative-attribute-number,yes,0,1.0,1.0,1.0,1.0,0.8,0.6,0.8,0.6,1.0,0.875,0.875,0.875,0.875,0.6444444444444445
2015,discriminative-attribute-state,yes,1,0.7272727272727273,0.5636363636363636,0.36363636363636365,0.4909090909090909,0.0,1.0,0.4,0.4,0.4805194805194805,0.4666666666666667,0.5,0.6,0.5,0.6444444444444445
2017,discriminative-attribute-state,yes,1,0.0,1.0,0.0,1.0,0.0,1.0,0.0,1.0,1.0,1.0,1.0,1.0,1.0,1.0
2019,discriminative-attribute-state,yes,1,0.8181818181818182,0.6727272727272727,0.36363636363636365,0.4909090909090909,0.8,0.6,0.4,0.4,0.4935064935064935,0.675,0.5416666666666666,0.4666666666666667,0.5,0.4666666666666667
2021,discriminative-attribute-number,yes,1,1.0,1.0,0.18181818181818182,0.6727272727272727,1.0,1.0,0.0,1.0,0.4935064935064935,1.0,0.5416666666666666,0.475,0.7666666666666667,0.4444444444444444
2023,discriminative-attribute-action,yes,1,0.8181818181818182,0.6727272727272727,0.09090909090909091,0.8181818181818182,1.0,1.0,0.2,0.6,0.4805194805194805,0.7666666666666667,0.5,0.5,0.7666666666666667,0.4666666666666667
2025,discriminative-attribute-number,yes,1,1.0,1.0,1.0,1.0,1.0,1.0,1.0,1.0,1.0,1.0,1.0,1.0,1.0,1.0
2027,discriminative-attribute-state,yes,0,0.9090909090909091,0.8181818181818182,1.0,1.0,1.0,1.0,1.0,1.0,0.9090909090909091,0.875,0.875,1.0,1.0,1.0
2029,discriminative-attribute-state,yes,1,1.0,1.0,0.36363636363636365,0.4909090909090909,0.8,0.6,0.4,0.4,0.5454545454545454,0.875,0.675,0.4666666666666667,0.5,0.4666666666666667
2031,discriminative-attribute-state,yes,1,0.2727272727272727,0.5636363636363636,0.0,1.0,0.0,1.0,0.0,1.0,0.7532467532467533,0.675,0.675,1.0,1.0,1.0
2033,discriminative-attribute-state,yes,0,0.7272727272727273,0.5636363636363636,1.0,1.0,1.0,1.0,0.8,0.6,0.7532467532467533,0.675,0.6,1.0,0.875,0.8
2035,discriminative-attribute-state,yes,1,0.2727272727272727,0.5636363636363636,0.0,1.0,0.0,1.0,0.4,0.4,0.7532467532467533,0.675,0.5416666666666666,1.0,0.7666666666666667,0.6444444444444445
2037,discriminative-attribute-action,yes,1,0.18181818181818182,0.6727272727272727,0.0,1.0,0.0,1.0,0.0,1.0,0.8268398268398268,0.7666666666666667,0.7666666666666667,1.0,1.0,1.0
2039,discriminative-attribute-number,yes,1,1.0,1.0,1.0,1.0,1.0,1.0,1.0,1.0,1.0,1.0,1.0,1.0,1.0,1.0
2041,discriminative-attribute-state,yes,1,1.0,1.0,1.0,1.0,1.0,1.0,1.0,1.0,1.0,1.0,1.0,1.0,1.0,1.0
2043,discriminative-attribute-state,yes,1,1.0,1.0,0.18181818181818182,0.6727272727272727,1.0,1.0,0.2,0.6,0.4935064935064935,1.0,0.6,0.475,0.675,0.4666666666666667
2045,discriminative-attribute-state,yes,1,1.0,1.0,0.9090909090909091,0.8181818181818182,0.8,0.6,0.6,0.4,0.9090909090909091,0.875,0.7666666666666667,0.7666666666666667,0.675,0.5333333333333333
2047,discriminative-attribute-action,yes,0,0.45454545454545453,0.45454545454545453,1.0,1.0,1.0,1.0,1.0,1.0,0.5844155844155844,0.5,0.5,1.0,1.0,1.0
2049,discriminative-attribute-state,yes,0,1.0,1.0,1.0,1.0,1.0,1.0,1.0,1.0,1.0,1.0,1.0,1.0,1.0,1.0
2051,discriminative-attribute-action,yes,0,0.9090909090909091,0.8181818181818182,1.0,1.0,1.0,1.0,1.0,1.0,0.9090909090909091,0.875,0.875,1.0,1.0,1.0
2053,discriminative-attribute-state,yes,0,1.0,1.0,1.0,1.0,1.0,1.0,1.0,1.0,1.0,1.0,1.0,1.0,1.0,1.0
2055,discriminative-attribute-state,yes,1,0.2727272727272727,0.5636363636363636,0.2727272727272727,0.5636363636363636,0.0,1.0,0.0,1.0,0.5844155844155844,0.675,0.675,0.675,0.675,1.0
2057,discriminative-attribute-state,yes,1,1.0,1.0,1.0,1.0,0.8,0.6,0.8,0.6,1.0,0.875,0.875,0.875,0.875,0.6444444444444445
2059,discriminative-attribute-number,yes,0,1.0,1.0,1.0,1.0,1.0,1.0,1.0,1.0,1.0,1.0,1.0,1.0,1.0,1.0
2061,discriminative-attribute-action,yes,1,0.36363636363636365,0.4909090909090909,0.36363636363636365,0.4909090909090909,0.2,0.6,0.0,1.0,0.5151515151515151,0.5416666666666666,0.6,0.5416666666666666,0.6,0.8
2063,discriminative-attribute-state,yes,1,1.0,1.0,1.0,1.0,1.0,1.0,0.8,0.6,1.0,1.0,0.875,1.0,0.875,0.8
2065,discriminative-attribute-state,yes,1,0.2727272727272727,0.5636363636363636,0.2727272727272727,0.5636363636363636,0.2,0.6,0.2,0.6,0.5844155844155844,0.6,0.6,0.6,0.6,0.6444444444444445
2069,discriminative-attribute-state,yes,1,0.2727272727272727,0.5636363636363636,0.18181818181818182,0.6727272727272727,0.0,1.0,0.2,0.6,0.6320346320346321,0.675,0.6,0.7666666666666667,0.675,0.8
2071,discriminative-attribute-state,yes,1,0.0,1.0,0.0,1.0,0.0,1.0,0.0,1.0,1.0,1.0,1.0,1.0,1.0,1.0
2073,discriminative-attribute-number,yes,0,0.9090909090909091,0.8181818181818182,0.9090909090909091,0.8181818181818182,1.0,1.0,1.0,1.0,0.8268398268398268,0.875,0.875,0.875,0.875,1.0
2075,discriminative-attribute-state,yes,1,1.0,1.0,0.8181818181818182,0.6727272727272727,1.0,1.0,0.8,0.6,0.8268398268398268,1.0,0.875,0.7666666666666667,0.675,0.8
2077,discriminative-attribute-state,yes,1,0.09090909090909091,0.8181818181818182,0.0,1.0,0.2,0.6,0.2,0.6,0.9090909090909091,0.7666666666666667,0.7666666666666667,0.875,0.875,0.6444444444444445
2079,discriminative-attribute-state,yes,1,0.5454545454545454,0.45454545454545453,0.2727272727272727,0.5636363636363636,0.0,1.0,0.0,1.0,0.4935064935064935,0.5,0.5,0.675,0.675,1.0
2081,discriminative-attribute-state,yes,0,0.45454545454545453,0.45454545454545453,0.9090909090909091,0.8181818181818182,1.0,1.0,1.0,1.0,0.5454545454545454,0.5,0.5,0.875,0.875,1.0
2085,discriminative-attribute-action,yes,0,1.0,1.0,1.0,1.0,1.0,1.0,1.0,1.0,1.0,1.0,1.0,1.0,1.0,1.0
2087,discriminative-attribute-action,yes,1,0.5454545454545454,0.45454545454545453,0.18181818181818182,0.6727272727272727,0.2,0.6,0.0,1.0,0.5151515151515151,0.475,0.5,0.675,0.7666666666666667,0.8
2089,discriminative-attribute-state,yes,1,0.45454545454545453,0.45454545454545453,0.0,1.0,0.4,0.4,0.0,1.0,0.6320346320346321,0.475,0.5416666666666666,0.7666666666666667,1.0,0.6444444444444445
2091,discriminative-attribute-state,yes,1,1.0,1.0,0.9090909090909091,0.8181818181818182,1.0,1.0,1.0,1.0,0.9090909090909091,1.0,1.0,0.875,0.875,1.0
2093,discriminative-attribute-state,yes,1,1.0,1.0,0.8181818181818182,0.6727272727272727,0.8,0.6,0.4,0.4,0.8268398268398268,0.875,0.675,0.675,0.5416666666666666,0.4666666666666667
2095,discriminative-attribute-state,yes,1,1.0,1.0,0.9090909090909091,0.8181818181818182,1.0,1.0,0.6,0.4,0.9090909090909091,1.0,0.7666666666666667,0.875,0.675,0.6444444444444445
2097,discriminative-attribute-state,yes,1,1.0,1.0,0.0,1.0,1.0,1.0,0.2,0.6,0.47619047619047616,1.0,0.6,0.5416666666666666,0.875,0.4666666666666667
2099,discriminative-attribute-action,yes,0,1.0,1.0,1.0,1.0,1.0,1.0,1.0,1.0,1.0,1.0,1.0,1.0,1.0,1.0
2101,discriminative-attribute-number,yes,0,0.9090909090909091,0.8181818181818182,0.9090909090909091,0.8181818181818182,1.0,1.0,1.0,1.0,0.8268398268398268,0.875,0.875,0.875,0.875,1.0
2103,discriminative-attribute-number,yes,0,0.8181818181818182,0.6727272727272727,0.9090909090909091,0.8181818181818182,0.2,0.6,1.0,1.0,0.7532467532467533,0.5,0.7666666666666667,0.5416666666666666,0.875,0.4666666666666667
2105,discriminative-attribute-number,yes,0,1.0,1.0,1.0,1.0,1.0,1.0,1.0,1.0,1.0,1.0,1.0,1.0,1.0,1.0
2107,discriminative-attribute-number,yes,0,1.0,1.0,1.0,1.0,1.0,1.0,1.0,1.0,1.0,1.0,1.0,1.0,1.0,1.0
2109,discriminative-attribute-state,yes,0,1.0,1.0,1.0,1.0,1.0,1.0,1.0,1.0,1.0,1.0,1.0,1.0,1.0,1.0
2111,discriminative-attribute-state,yes,0,0.7272727272727273,0.5636363636363636,0.7272727272727273,0.5636363636363636,1.0,1.0,1.0,1.0,0.5844155844155844,0.675,0.675,0.675,0.675,1.0
2113,discriminative-attribute-number,yes,0,1.0,1.0,1.0,1.0,1.0,1.0,1.0,1.0,1.0,1.0,1.0,1.0,1.0,1.0
2115,discriminative-attribute-state,yes,0,1.0,1.0,1.0,1.0,1.0,1.0,1.0,1.0,1.0,1.0,1.0,1.0,1.0,1.0
2119,discriminative-attribute-number,yes,0,1.0,1.0,1.0,1.0,1.0,1.0,1.0,1.0,1.0,1.0,1.0,1.0,1.0,1.0
2121,discriminative-attribute-state,yes,0,0.2727272727272727,0.5636363636363636,1.0,1.0,0.6,0.4,0.8,0.6,0.5151515151515151,0.5,0.475,0.7666666666666667,0.875,0.5333333333333333
2123,discriminative-attribute-state,yes,1,1.0,1.0,0.0,1.0,1.0,1.0,0.2,0.6,0.47619047619047616,1.0,0.6,0.5416666666666666,0.875,0.4666666666666667
2125,discriminative-attribute-state,yes,0,1.0,1.0,1.0,1.0,1.0,1.0,1.0,1.0,1.0,1.0,1.0,1.0,1.0,1.0
2127,discriminative-attribute-number,yes,0,1.0,1.0,1.0,1.0,1.0,1.0,1.0,1.0,1.0,1.0,1.0,1.0,1.0,1.0
2129,discriminative-attribute-action,yes,0,1.0,1.0,1.0,1.0,1.0,1.0,1.0,1.0,1.0,1.0,1.0,1.0,1.0,1.0
2131,discriminative-attribute-number,yes,0,1.0,1.0,1.0,1.0,1.0,1.0,1.0,1.0,1.0,1.0,1.0,1.0,1.0,1.0
2133,discriminative-attribute-state,yes,0,0.7272727272727273,0.5636363636363636,0.9090909090909091,0.8181818181818182,1.0,1.0,1.0,1.0,0.6883116883116883,0.675,0.675,0.875,0.875,1.0
2135,discriminative-attribute-state,yes,1,1.0,1.0,0.2727272727272727,0.5636363636363636,1.0,1.0,0.4,0.4,0.5151515151515151,1.0,0.675,0.4666666666666667,0.5416666666666666,0.5333333333333333
2137,discriminative-attribute-action,yes,1,0.09090909090909091,0.8181818181818182,0.18181818181818182,0.6727272727272727,0.2,0.6,0.2,0.6,0.7532467532467533,0.7666666666666667,0.7666666666666667,0.675,0.675,0.6444444444444445
2139,discriminative-attribute-state,yes,0,0.7272727272727273,0.5636363636363636,1.0,1.0,0.8,0.6,1.0,1.0,0.7532467532467533,0.6,0.675,0.875,1.0,0.8
2143,discriminative-attribute-state,yes,0,1.0,1.0,1.0,1.0,1.0,1.0,1.0,1.0,1.0,1.0,1.0,1.0,1.0,1.0
2145,discriminative-attribute-state,yes,1,0.18181818181818182,0.6727272727272727,0.0,1.0,0.0,1.0,0.0,1.0,0.8268398268398268,0.7666666666666667,0.7666666666666667,1.0,1.0,1.0
2147,discriminative-attribute-state,yes,0,0.9090909090909091,0.8181818181818182,1.0,1.0,1.0,1.0,1.0,1.0,0.9090909090909091,0.875,0.875,1.0,1.0,1.0
2149,discriminative-attribute-state,yes,0,1.0,1.0,1.0,1.0,1.0,1.0,1.0,1.0,1.0,1.0,1.0,1.0,1.0,1.0
2151,discriminative-attribute-state,yes,1,0.2727272727272727,0.5636363636363636,0.0,1.0,0.4,0.4,0.2,0.6,0.7532467532467533,0.5416666666666666,0.6,0.7666666666666667,0.875,0.5333333333333333
2153,discriminative-attribute-state,yes,1,1.0,1.0,0.0,1.0,1.0,1.0,0.2,0.6,0.47619047619047616,1.0,0.6,0.5416666666666666,0.875,0.4666666666666667
2155,discriminative-attribute-number,yes,0,0.7272727272727273,0.5636363636363636,0.7272727272727273,0.5636363636363636,1.0,1.0,1.0,1.0,0.5844155844155844,0.675,0.675,0.675,0.675,1.0
2157,discriminative-attribute-number,yes,0,0.8181818181818182,0.6727272727272727,0.9090909090909091,0.8181818181818182,1.0,1.0,1.0,1.0,0.7532467532467533,0.7666666666666667,0.7666666666666667,0.875,0.875,1.0
2159,discriminative-attribute-state,yes,1,0.2727272727272727,0.5636363636363636,0.18181818181818182,0.6727272727272727,0.0,1.0,0.0,1.0,0.6320346320346321,0.675,0.675,0.7666666666666667,0.7666666666666667,1.0
2161,discriminative-attribute-state,yes,0,1.0,1.0,1.0,1.0,1.0,1.0,1.0,1.0,1.0,1.0,1.0,1.0,1.0,1.0
2163,discriminative-attribute-state,yes,1,1.0,1.0,0.09090909090909091,0.8181818181818182,1.0,1.0,0.2,0.6,0.4805194805194805,1.0,0.6,0.5,0.7666666666666667,0.4666666666666667
2165,discriminative-attribute-action,yes,0,1.0,1.0,1.0,1.0,1.0,1.0,1.0,1.0,1.0,1.0,1.0,1.0,1.0,1.0
2167,discriminative-attribute-state,yes,0,0.7272727272727273,0.5636363636363636,0.9090909090909091,0.8181818181818182,1.0,1.0,1.0,1.0,0.6883116883116883,0.675,0.675,0.875,0.875,1.0
2169,discriminative-attribute-action,yes,0,1.0,1.0,1.0,1.0,1.0,1.0,1.0,1.0,1.0,1.0,1.0,1.0,1.0,1.0
2171,discriminative-attribute-state,yes,1,0.6363636363636364,0.4909090909090909,0.0,1.0,0.6,0.4,0.0,1.0,0.5454545454545454,0.5,0.475,0.675,1.0,0.5333333333333333
2173,discriminative-attribute-state,yes,1,1.0,1.0,1.0,1.0,1.0,1.0,1.0,1.0,1.0,1.0,1.0,1.0,1.0,1.0
2175,discriminative-attribute-state,yes,1,0.9090909090909091,0.8181818181818182,0.6363636363636364,0.4909090909090909,0.2,0.6,0.0,1.0,0.6320346320346321,0.5416666666666666,0.5,0.4666666666666667,0.475,0.8
2177,discriminative-attribute-state,yes,0,0.6363636363636364,0.4909090909090909,1.0,1.0,1.0,1.0,1.0,1.0,0.6883116883116883,0.6,0.6,1.0,1.0,1.0
2179,discriminative-attribute-state,yes,1,1.0,1.0,1.0,1.0,1.0,1.0,0.6,0.4,1.0,1.0,0.7666666666666667,1.0,0.7666666666666667,0.6444444444444445
2181,discriminative-attribute-number,yes,1,0.18181818181818182,0.6727272727272727,0.0,1.0,0.2,0.6,0.0,1.0,0.8268398268398268,0.675,0.7666666666666667,0.875,1.0,0.8
2183,discriminative-attribute-state,yes,1,0.9090909090909091,0.8181818181818182,0.6363636363636364,0.4909090909090909,1.0,1.0,1.0,1.0,0.6320346320346321,0.875,0.875,0.6,0.6,1.0
2185,discriminative-attribute-number,yes,0,1.0,1.0,1.0,1.0,1.0,1.0,0.8,0.6,1.0,1.0,0.875,1.0,0.875,0.8
2187,discriminative-attribute-number,yes,1,1.0,1.0,1.0,1.0,1.0,1.0,1.0,1.0,1.0,1.0,1.0,1.0,1.0,1.0
2189,discriminative-attribute-state,yes,0,0.8181818181818182,0.6727272727272727,0.8181818181818182,0.6727272727272727,0.6,0.4,1.0,1.0,0.6883116883116883,0.6,0.7666666666666667,0.6,0.7666666666666667,0.6444444444444445
2191,discriminative-attribute-state,yes,1,0.09090909090909091,0.8181818181818182,0.0,1.0,0.0,1.0,0.4,0.4,0.9090909090909091,0.875,0.675,1.0,0.7666666666666667,0.6444444444444445
2193,discriminative-attribute-number,yes,0,0.2727272727272727,0.5636363636363636,1.0,1.0,0.8,0.6,0.8,0.6,0.5151515151515151,0.475,0.475,0.875,0.875,0.6444444444444445
2195,discriminative-attribute-state,yes,0,0.8181818181818182,0.6727272727272727,0.8181818181818182,0.6727272727272727,1.0,1.0,1.0,1.0,0.6883116883116883,0.7666666666666667,0.7666666666666667,0.7666666666666667,0.7666666666666667,1.0
2197,discriminative-attribute-number,yes,0,1.0,1.0,1.0,1.0,1.0,1.0,1.0,1.0,1.0,1.0,1.0,1.0,1.0,1.0
2199,discriminative-attribute-state,yes,1,0.09090909090909091,0.8181818181818182,0.18181818181818182,0.6727272727272727,0.6,0.4,0.4,0.4,0.7532467532467533,0.6,0.675,0.5416666666666666,0.6,0.4444444444444444
2201,discriminative-attribute-state,yes,1,0.8181818181818182,0.6727272727272727,0.6363636363636364,0.4909090909090909,1.0,1.0,1.0,1.0,0.5844155844155844,0.7666666666666667,0.7666666666666667,0.6,0.6,1.0
2203,discriminative-attribute-state,yes,1,1.0,1.0,1.0,1.0,1.0,1.0,1.0,1.0,1.0,1.0,1.0,1.0,1.0,1.0
2205,discriminative-attribute-state,yes,0,1.0,1.0,1.0,1.0,0.8,0.6,1.0,1.0,1.0,0.875,1.0,0.875,1.0,0.8
2207,discriminative-attribute-number,yes,0,1.0,1.0,1.0,1.0,1.0,1.0,1.0,1.0,1.0,1.0,1.0,1.0,1.0,1.0
2209,discriminative-attribute-action,yes,0,1.0,1.0,1.0,1.0,0.8,0.6,1.0,1.0,1.0,0.875,1.0,0.875,1.0,0.8
2211,discriminative-attribute-number,yes,1,0.09090909090909091,0.8181818181818182,0.0,1.0,0.4,0.4,0.0,1.0,0.9090909090909091,0.675,0.875,0.7666666666666667,1.0,0.6444444444444445
2213,discriminative-attribute-state,yes,1,0.36363636363636365,0.4909090909090909,0.2727272727272727,0.5636363636363636,0.6,0.4,0.2,0.6,0.5454545454545454,0.475,0.5416666666666666,0.5,0.6,0.4666666666666667
2215,discriminative-attribute-state,yes,1,1.0,1.0,0.0,1.0,0.8,0.6,0.2,0.6,0.47619047619047616,0.875,0.6,0.6,0.875,0.4444444444444444
2217,discriminative-attribute-state,yes,1,0.09090909090909091,0.8181818181818182,0.0,1.0,0.0,1.0,0.0,1.0,0.9090909090909091,0.875,0.875,1.0,1.0,1.0
2219,discriminative-attribute-state,yes,1,0.8181818181818182,0.6727272727272727,0.36363636363636365,0.4909090909090909,0.0,1.0,0.0,1.0,0.4935064935064935,0.475,0.475,0.6,0.6,1.0
2221,discriminative-attribute-state,yes,1,1.0,1.0,0.2727272727272727,0.5636363636363636,0.6,0.4,0.0,1.0,0.5151515151515151,0.7666666666666667,0.5416666666666666,0.5,0.675,0.5333333333333333
2223,discriminative-attribute-number,yes,1,0.45454545454545453,0.45454545454545453,0.0,1.0,1.0,1.0,0.2,0.6,0.6320346320346321,0.5,0.5,0.5416666666666666,0.875,0.4666666666666667
2225,discriminative-attribute-state,yes,0,0.7272727272727273,0.5636363636363636,0.7272727272727273,0.5636363636363636,1.0,1.0,1.0,1.0,0.5844155844155844,0.675,0.675,0.675,0.675,1.0
2227,discriminative-attribute-number,yes,0,1.0,1.0,0.7272727272727273,0.5636363636363636,1.0,1.0,1.0,1.0,0.7532467532467533,1.0,1.0,0.675,0.675,1.0
2229,discriminative-attribute-state,yes,0,1.0,1.0,1.0,1.0,1.0,1.0,1.0,1.0,1.0,1.0,1.0,1.0,1.0,1.0
2231,discriminative-attribute-state,yes,0,1.0,1.0,1.0,1.0,1.0,1.0,1.0,1.0,1.0,1.0,1.0,1.0,1.0,1.0
2233,discriminative-attribute-number,yes,0,1.0,1.0,1.0,1.0,1.0,1.0,0.8,0.6,1.0,1.0,0.875,1.0,0.875,0.8
2235,discriminative-attribute-state,yes,0,1.0,1.0,1.0,1.0,0.8,0.6,1.0,1.0,1.0,0.875,1.0,0.875,1.0,0.8
2237,discriminative-attribute-state,yes,0,1.0,1.0,1.0,1.0,1.0,1.0,1.0,1.0,1.0,1.0,1.0,1.0,1.0,1.0
2239,discriminative-attribute-number,yes,0,0.9090909090909091,0.8181818181818182,1.0,1.0,1.0,1.0,1.0,1.0,0.9090909090909091,0.875,0.875,1.0,1.0,1.0
2241,discriminative-attribute-state,yes,1,1.0,1.0,0.5454545454545454,0.45454545454545453,1.0,1.0,1.0,1.0,0.6320346320346321,1.0,1.0,0.5416666666666666,0.5416666666666666,1.0
2243,discriminative-attribute-state,yes,0,1.0,1.0,1.0,1.0,0.8,0.6,1.0,1.0,1.0,0.875,1.0,0.875,1.0,0.8
2245,discriminative-attribute-number,yes,1,0.8181818181818182,0.6727272727272727,0.09090909090909091,0.8181818181818182,0.8,0.6,0.0,1.0,0.4805194805194805,0.675,0.475,0.5416666666666666,0.875,0.4666666666666667
2247,discriminative-attribute-number,yes,0,1.0,1.0,1.0,1.0,1.0,1.0,1.0,1.0,1.0,1.0,1.0,1.0,1.0,1.0
2249,discriminative-attribute-number,yes,0,1.0,1.0,1.0,1.0,1.0,1.0,1.0,1.0,1.0,1.0,1.0,1.0,1.0,1.0
2251,discriminative-attribute-state,yes,1,0.45454545454545453,0.45454545454545453,0.6363636363636364,0.4909090909090909,1.0,1.0,1.0,1.0,0.4805194805194805,0.5,0.5,0.6,0.6,1.0
2253,discriminative-attribute-number,yes,0,1.0,1.0,1.0,1.0,1.0,1.0,1.0,1.0,1.0,1.0,1.0,1.0,1.0,1.0
2255,discriminative-attribute-action,yes,1,1.0,1.0,1.0,1.0,1.0,1.0,1.0,1.0,1.0,1.0,1.0,1.0,1.0,1.0
2257,discriminative-attribute-state,yes,1,1.0,1.0,1.0,1.0,1.0,1.0,1.0,1.0,1.0,1.0,1.0,1.0,1.0,1.0
2259,discriminative-attribute-state,yes,1,0.7272727272727273,0.5636363636363636,0.0,1.0,0.8,0.6,0.2,0.6,0.5151515151515151,0.6,0.475,0.6,0.875,0.4444444444444444
2261,discriminative-attribute-action,yes,0,1.0,1.0,1.0,1.0,1.0,1.0,1.0,1.0,1.0,1.0,1.0,1.0,1.0,1.0
2263,discriminative-attribute-number,yes,0,1.0,1.0,1.0,1.0,1.0,1.0,1.0,1.0,1.0,1.0,1.0,1.0,1.0,1.0
2265,discriminative-attribute-number,yes,1,1.0,1.0,0.0,1.0,0.8,0.6,0.6,0.4,0.47619047619047616,0.875,0.7666666666666667,0.6,0.675,0.5333333333333333
2267,discriminative-attribute-number,yes,0,1.0,1.0,1.0,1.0,1.0,1.0,1.0,1.0,1.0,1.0,1.0,1.0,1.0,1.0
2269,discriminative-attribute-state,yes,0,1.0,1.0,1.0,1.0,0.6,0.4,1.0,1.0,1.0,0.7666666666666667,1.0,0.7666666666666667,1.0,0.6444444444444445
2271,discriminative-attribute-state,yes,0,1.0,1.0,1.0,1.0,1.0,1.0,1.0,1.0,1.0,1.0,1.0,1.0,1.0,1.0
2273,discriminative-attribute-state,yes,0,1.0,1.0,1.0,1.0,1.0,1.0,1.0,1.0,1.0,1.0,1.0,1.0,1.0,1.0
2275,discriminative-attribute-number,yes,1,1.0,1.0,0.45454545454545453,0.45454545454545453,0.8,0.6,0.4,0.4,0.5844155844155844,0.875,0.675,0.475,0.475,0.4666666666666667
2277,discriminative-attribute-state,yes,0,1.0,1.0,1.0,1.0,0.8,0.6,1.0,1.0,1.0,0.875,1.0,0.875,1.0,0.8
2279,discriminative-attribute-state,yes,0,0.7272727272727273,0.5636363636363636,1.0,1.0,1.0,1.0,1.0,1.0,0.7532467532467533,0.675,0.675,1.0,1.0,1.0
2281,discriminative-attribute-number,yes,1,1.0,1.0,0.7272727272727273,0.5636363636363636,1.0,1.0,0.4,0.4,0.7532467532467533,1.0,0.675,0.675,0.5,0.5333333333333333
2283,discriminative-attribute-state,yes,1,0.09090909090909091,0.8181818181818182,0.0,1.0,0.0,1.0,0.0,1.0,0.9090909090909091,0.875,0.875,1.0,1.0,1.0
2285,discriminative-attribute-number,yes,1,0.2727272727272727,0.5636363636363636,0.9090909090909091,0.8181818181818182,0.0,1.0,0.6,0.4,0.4935064935064935,0.675,0.5,0.5,0.675,0.5333333333333333
2287,discriminative-attribute-number,yes,0,1.0,1.0,1.0,1.0,1.0,1.0,1.0,1.0,1.0,1.0,1.0,1.0,1.0,1.0
2289,discriminative-attribute-state,yes,0,0.7272727272727273,0.5636363636363636,1.0,1.0,1.0,1.0,1.0,1.0,0.7532467532467533,0.675,0.675,1.0,1.0,1.0
2291,discriminative-attribute-number,yes,1,0.2727272727272727,0.5636363636363636,0.18181818181818182,0.6727272727272727,0.0,1.0,0.0,1.0,0.6320346320346321,0.675,0.675,0.7666666666666667,0.7666666666666667,1.0
2293,discriminative-attribute-state,yes,0,0.7272727272727273,0.5636363636363636,0.9090909090909091,0.8181818181818182,1.0,1.0,1.0,1.0,0.6883116883116883,0.675,0.675,0.875,0.875,1.0
2295,discriminative-attribute-state,yes,1,0.2727272727272727,0.5636363636363636,0.0,1.0,0.0,1.0,0.0,1.0,0.7532467532467533,0.675,0.675,1.0,1.0,1.0
2297,discriminative-attribute-state,yes,1,0.18181818181818182,0.6727272727272727,0.45454545454545453,0.45454545454545453,0.0,1.0,0.0,1.0,0.5454545454545454,0.7666666666666667,0.7666666666666667,0.5416666666666666,0.5416666666666666,1.0
2299,discriminative-attribute-state,yes,0,1.0,1.0,1.0,1.0,1.0,1.0,1.0,1.0,1.0,1.0,1.0,1.0,1.0,1.0
2301,discriminative-attribute-state,yes,0,0.6363636363636364,0.4909090909090909,0.6363636363636364,0.4909090909090909,1.0,1.0,1.0,1.0,0.5151515151515151,0.6,0.6,0.6,0.6,1.0
2303,discriminative-attribute-state,yes,0,0.7272727272727273,0.5636363636363636,0.7272727272727273,0.5636363636363636,1.0,1.0,1.0,1.0,0.5844155844155844,0.675,0.675,0.675,0.675,1.0
2305,discriminative-attribute-state,yes,0,1.0,1.0,1.0,1.0,1.0,1.0,1.0,1.0,1.0,1.0,1.0,1.0,1.0,1.0
2307,discriminative-attribute-state,yes,0,1.0,1.0,1.0,1.0,1.0,1.0,1.0,1.0,1.0,1.0,1.0,1.0,1.0,1.0
2309,discriminative-attribute-number,yes,1,1.0,1.0,1.0,1.0,0.8,0.6,0.8,0.6,1.0,0.875,0.875,0.875,0.875,0.6444444444444445
2311,discriminative-attribute-state,yes,0,1.0,1.0,1.0,1.0,1.0,1.0,1.0,1.0,1.0,1.0,1.0,1.0,1.0,1.0
2313,discriminative-attribute-number,yes,1,0.2727272727272727,0.5636363636363636,0.0,1.0,0.8,0.6,0.0,1.0,0.7532467532467533,0.475,0.675,0.6,1.0,0.4666666666666667
2315,discriminative-attribute-action,yes,1,0.09090909090909091,0.8181818181818182,0.0,1.0,0.0,1.0,0.0,1.0,0.9090909090909091,0.875,0.875,1.0,1.0,1.0
2317,discriminative-attribute-number,yes,0,0.9090909090909091,0.8181818181818182,0.8181818181818182,0.6727272727272727,1.0,1.0,1.0,1.0,0.7532467532467533,0.875,0.875,0.7666666666666667,0.7666666666666667,1.0
2319,discriminative-attribute-state,yes,1,0.18181818181818182,0.6727272727272727,0.2727272727272727,0.5636363636363636,0.4,0.4,0.0,1.0,0.6320346320346321,0.6,0.7666666666666667,0.5416666666666666,0.675,0.6444444444444445
2321,discriminative-attribute-number,yes,0,1.0,1.0,1.0,1.0,1.0,1.0,1.0,1.0,1.0,1.0,1.0,1.0,1.0,1.0
2323,discriminative-attribute-state,yes,1,0.2727272727272727,0.5636363636363636,0.2727272727272727,0.5636363636363636,0.0,1.0,0.0,1.0,0.5844155844155844,0.675,0.675,0.675,0.675,1.0
2325,discriminative-attribute-number,yes,0,1.0,1.0,1.0,1.0,1.0,1.0,1.0,1.0,1.0,1.0,1.0,1.0,1.0,1.0
2327,discriminative-attribute-state,yes,0,1.0,1.0,1.0,1.0,1.0,1.0,1.0,1.0,1.0,1.0,1.0,1.0,1.0,1.0
2329,discriminative-attribute-action,yes,0,1.0,1.0,1.0,1.0,1.0,1.0,1.0,1.0,1.0,1.0,1.0,1.0,1.0,1.0
2331,discriminative-attribute-state,yes,1,0.7272727272727273,0.5636363636363636,0.8181818181818182,0.6727272727272727,1.0,1.0,1.0,1.0,0.6320346320346321,0.675,0.675,0.7666666666666667,0.7666666666666667,1.0
2333,discriminative-attribute-number,yes,0,0.8181818181818182,0.6727272727272727,0.8181818181818182,0.6727272727272727,1.0,1.0,0.6,0.4,0.6883116883116883,0.7666666666666667,0.6,0.7666666666666667,0.6,0.6444444444444445
2335,discriminative-attribute-state,yes,1,0.9090909090909091,0.8181818181818182,0.2727272727272727,0.5636363636363636,1.0,1.0,1.0,1.0,0.4935064935064935,0.875,0.875,0.4666666666666667,0.4666666666666667,1.0
2337,discriminative-attribute-number,yes,0,1.0,1.0,1.0,1.0,1.0,1.0,1.0,1.0,1.0,1.0,1.0,1.0,1.0,1.0
2339,discriminative-attribute-state,yes,0,1.0,1.0,1.0,1.0,1.0,1.0,1.0,1.0,1.0,1.0,1.0,1.0,1.0,1.0
2341,discriminative-attribute-state,yes,0,1.0,1.0,1.0,1.0,1.0,1.0,1.0,1.0,1.0,1.0,1.0,1.0,1.0,1.0
2343,discriminative-attribute-number,yes,0,0.9090909090909091,0.8181818181818182,1.0,1.0,1.0,1.0,1.0,1.0,0.9090909090909091,0.875,0.875,1.0,1.0,1.0
2345,discriminative-attribute-state,yes,1,0.5454545454545454,0.45454545454545453,0.5454545454545454,0.45454545454545453,1.0,1.0,1.0,1.0,0.4805194805194805,0.5416666666666666,0.5416666666666666,0.5416666666666666,0.5416666666666666,1.0
2347,discriminative-attribute-action,yes,0,1.0,1.0,1.0,1.0,1.0,1.0,1.0,1.0,1.0,1.0,1.0,1.0,1.0,1.0
2349,discriminative-attribute-state,yes,0,1.0,1.0,1.0,1.0,1.0,1.0,1.0,1.0,1.0,1.0,1.0,1.0,1.0,1.0
2351,discriminative-attribute-state,yes,0,1.0,1.0,1.0,1.0,1.0,1.0,1.0,1.0,1.0,1.0,1.0,1.0,1.0,1.0
2353,discriminative-attribute-action,yes,1,0.0,1.0,0.0,1.0,0.0,1.0,0.0,1.0,1.0,1.0,1.0,1.0,1.0,1.0
2355,discriminative-attribute-action,yes,0,0.9090909090909091,0.8181818181818182,1.0,1.0,1.0,1.0,1.0,1.0,0.9090909090909091,0.875,0.875,1.0,1.0,1.0
2357,discriminative-attribute-state,yes,0,0.9090909090909091,0.8181818181818182,1.0,1.0,0.8,0.6,0.8,0.6,0.9090909090909091,0.7666666666666667,0.7666666666666667,0.875,0.875,0.6444444444444445
2359,discriminative-attribute-state,yes,0,1.0,1.0,1.0,1.0,1.0,1.0,1.0,1.0,1.0,1.0,1.0,1.0,1.0,1.0
2361,discriminative-attribute-state,yes,0,0.7272727272727273,0.5636363636363636,0.7272727272727273,0.5636363636363636,0.8,0.6,0.8,0.6,0.5844155844155844,0.6,0.6,0.6,0.6,0.6444444444444445
2363,discriminative-attribute-state,yes,1,1.0,1.0,0.18181818181818182,0.6727272727272727,1.0,1.0,0.0,1.0,0.4935064935064935,1.0,0.5416666666666666,0.475,0.7666666666666667,0.4444444444444444
2365,discriminative-attribute-action,yes,0,1.0,1.0,1.0,1.0,1.0,1.0,1.0,1.0,1.0,1.0,1.0,1.0,1.0,1.0
2367,discriminative-attribute-state,yes,0,1.0,1.0,1.0,1.0,1.0,1.0,1.0,1.0,1.0,1.0,1.0,1.0,1.0,1.0
2369,discriminative-attribute-action,yes,0,1.0,1.0,1.0,1.0,1.0,1.0,1.0,1.0,1.0,1.0,1.0,1.0,1.0,1.0
2371,discriminative-attribute-state,yes,0,1.0,1.0,1.0,1.0,1.0,1.0,0.8,0.6,1.0,1.0,0.875,1.0,0.875,0.8
2373,discriminative-attribute-state,yes,1,0.09090909090909091,0.8181818181818182,0.0,1.0,0.0,1.0,0.0,1.0,0.9090909090909091,0.875,0.875,1.0,1.0,1.0
2375,discriminative-attribute-state,yes,0,1.0,1.0,1.0,1.0,1.0,1.0,1.0,1.0,1.0,1.0,1.0,1.0,1.0,1.0
2377,discriminative-attribute-state,yes,0,0.36363636363636365,0.4909090909090909,0.5454545454545454,0.45454545454545453,0.8,0.6,1.0,1.0,0.4805194805194805,0.4666666666666667,0.475,0.5,0.5416666666666666,0.8
2379,discriminative-attribute-number,yes,0,1.0,1.0,1.0,1.0,0.6,0.4,0.8,0.6,1.0,0.7666666666666667,0.875,0.7666666666666667,0.875,0.5333333333333333
2381,discriminative-attribute-state,yes,0,1.0,1.0,1.0,1.0,1.0,1.0,0.8,0.6,1.0,1.0,0.875,1.0,0.875,0.8
2383,discriminative-attribute-state,yes,0,0.7272727272727273,0.5636363636363636,0.7272727272727273,0.5636363636363636,1.0,1.0,1.0,1.0,0.5844155844155844,0.675,0.675,0.675,0.675,1.0
2385,discriminative-attribute-number,yes,0,1.0,1.0,1.0,1.0,1.0,1.0,1.0,1.0,1.0,1.0,1.0,1.0,1.0,1.0
2387,discriminative-attribute-number,yes,1,0.36363636363636365,0.4909090909090909,0.09090909090909091,0.8181818181818182,0.0,1.0,0.2,0.6,0.6320346320346321,0.6,0.5416666666666666,0.875,0.7666666666666667,0.8
2389,discriminative-attribute-action,yes,1,1.0,1.0,1.0,1.0,0.4,0.4,0.4,0.4,1.0,0.675,0.675,0.675,0.675,0.4666666666666667
2391,discriminative-attribute-state,yes,0,1.0,1.0,1.0,1.0,1.0,1.0,1.0,1.0,1.0,1.0,1.0,1.0,1.0,1.0
2393,discriminative-attribute-number,yes,0,1.0,1.0,1.0,1.0,0.6,0.4,0.8,0.6,1.0,0.7666666666666667,0.875,0.7666666666666667,0.875,0.5333333333333333
2395,discriminative-attribute-state,yes,1,0.45454545454545453,0.45454545454545453,0.09090909090909091,0.8181818181818182,0.2,0.6,0.8,0.6,0.5844155844155844,0.5,0.475,0.7666666666666667,0.5416666666666666,0.4444444444444444
2397,discriminative-attribute-action,yes,0,0.5454545454545454,0.45454545454545453,0.7272727272727273,0.5636363636363636,1.0,1.0,1.0,1.0,0.5151515151515151,0.5416666666666666,0.5416666666666666,0.675,0.675,1.0
2399,discriminative-attribute-state,yes,0,0.36363636363636365,0.4909090909090909,0.7272727272727273,0.5636363636363636,1.0,1.0,1.0,1.0,0.4805194805194805,0.475,0.475,0.675,0.675,1.0
2401,discriminative-attribute-action,yes,1,1.0,1.0,1.0,1.0,0.4,0.4,0.4,0.4,1.0,0.675,0.675,0.675,0.675,0.4666666666666667
2403,discriminative-attribute-state,yes,0,1.0,1.0,1.0,1.0,0.6,0.4,1.0,1.0,1.0,0.7666666666666667,1.0,0.7666666666666667,1.0,0.6444444444444445
2405,discriminative-attribute-state,yes,1,0.7272727272727273,0.5636363636363636,0.18181818181818182,0.6727272727272727,0.6,0.4,0.0,1.0,0.4805194805194805,0.5416666666666666,0.4666666666666667,0.5416666666666666,0.7666666666666667,0.5333333333333333
2407,discriminative-attribute-state,yes,0,0.7272727272727273,0.5636363636363636,0.7272727272727273,0.5636363636363636,0.8,0.6,0.8,0.6,0.5844155844155844,0.6,0.6,0.6,0.6,0.6444444444444445
2409,discriminative-attribute-number,yes,0,0.9090909090909091,0.8181818181818182,1.0,1.0,0.8,0.6,1.0,1.0,0.9090909090909091,0.7666666666666667,0.875,0.875,1.0,0.8
2411,discriminative-attribute-state,yes,0,1.0,1.0,1.0,1.0,1.0,1.0,1.0,1.0,1.0,1.0,1.0,1.0,1.0,1.0
2413,discriminative-attribute-action,yes,0,1.0,1.0,1.0,1.0,1.0,1.0,1.0,1.0,1.0,1.0,1.0,1.0,1.0,1.0
2415,discriminative-attribute-state,yes,1,1.0,1.0,0.8181818181818182,0.6727272727272727,0.8,0.6,0.8,0.6,0.8268398268398268,0.875,0.875,0.675,0.675,0.6444444444444445
2417,discriminative-attribute-number,yes,0,1.0,1.0,1.0,1.0,1.0,1.0,1.0,1.0,1.0,1.0,1.0,1.0,1.0,1.0
2419,discriminative-attribute-action,yes,1,0.8181818181818182,0.6727272727272727,0.0,1.0,0.4,0.4,0.0,1.0,0.4935064935064935,0.5416666666666666,0.475,0.7666666666666667,1.0,0.6444444444444445
2421,discriminative-attribute-number,yes,0,1.0,1.0,1.0,1.0,1.0,1.0,1.0,1.0,1.0,1.0,1.0,1.0,1.0,1.0
2423,discriminative-attribute-state,yes,1,1.0,1.0,1.0,1.0,1.0,1.0,0.8,0.6,1.0,1.0,0.875,1.0,0.875,0.8
2425,discriminative-attribute-number,yes,0,0.9090909090909091,0.8181818181818182,1.0,1.0,1.0,1.0,1.0,1.0,0.9090909090909091,0.875,0.875,1.0,1.0,1.0
2427,discriminative-attribute-number,yes,0,1.0,1.0,1.0,1.0,1.0,1.0,1.0,1.0,1.0,1.0,1.0,1.0,1.0,1.0
2429,discriminative-attribute-number,yes,0,0.36363636363636365,0.4909090909090909,1.0,1.0,0.4,0.4,1.0,1.0,0.5454545454545454,0.5,0.475,0.675,1.0,0.5333333333333333
2431,discriminative-attribute-action,yes,1,1.0,1.0,0.0,1.0,0.8,0.6,0.0,1.0,0.47619047619047616,0.875,0.5416666666666666,0.6,1.0,0.4666666666666667
2433,discriminative-attribute-state,yes,0,1.0,1.0,1.0,1.0,0.8,0.6,1.0,1.0,1.0,0.875,1.0,0.875,1.0,0.8
2435,discriminative-attribute-action,yes,0,1.0,1.0,1.0,1.0,0.6,0.4,1.0,1.0,1.0,0.7666666666666667,1.0,0.7666666666666667,1.0,0.6444444444444445
2437,discriminative-attribute-state,yes,0,1.0,1.0,1.0,1.0,1.0,1.0,1.0,1.0,1.0,1.0,1.0,1.0,1.0,1.0
2439,discriminative-attribute-state,yes,0,0.7272727272727273,0.5636363636363636,0.7272727272727273,0.5636363636363636,1.0,1.0,1.0,1.0,0.5844155844155844,0.675,0.675,0.675,0.675,1.0
2441,discriminative-attribute-action,yes,0,1.0,1.0,1.0,1.0,0.6,0.4,1.0,1.0,1.0,0.7666666666666667,1.0,0.7666666666666667,1.0,0.6444444444444445
2443,discriminative-attribute-state,yes,0,0.7272727272727273,0.5636363636363636,0.7272727272727273,0.5636363636363636,1.0,1.0,1.0,1.0,0.5844155844155844,0.675,0.675,0.675,0.675,1.0
2445,discriminative-attribute-action,yes,1,1.0,1.0,0.09090909090909091,0.8181818181818182,1.0,1.0,0.0,1.0,0.4805194805194805,1.0,0.5416666666666666,0.5,0.875,0.4444444444444444
2447,discriminative-attribute-state,yes,1,1.0,1.0,0.09090909090909091,0.8181818181818182,0.8,0.6,0.2,0.6,0.4805194805194805,0.875,0.6,0.5416666666666666,0.7666666666666667,0.4444444444444444
2449,discriminative-attribute-number,yes,0,1.0,1.0,1.0,1.0,1.0,1.0,0.8,0.6,1.0,1.0,0.875,1.0,0.875,0.8
2451,discriminative-attribute-state,yes,0,1.0,1.0,1.0,1.0,1.0,1.0,1.0,1.0,1.0,1.0,1.0,1.0,1.0,1.0
2453,discriminative-attribute-state,yes,1,0.09090909090909091,0.8181818181818182,0.0,1.0,0.4,0.4,0.2,0.6,0.9090909090909091,0.675,0.7666666666666667,0.7666666666666667,0.875,0.5333333333333333
2455,discriminative-attribute-action,yes,0,1.0,1.0,1.0,1.0,1.0,1.0,1.0,1.0,1.0,1.0,1.0,1.0,1.0,1.0
2457,discriminative-attribute-state,yes,0,0.7272727272727273,0.5636363636363636,0.7272727272727273,0.5636363636363636,1.0,1.0,0.8,0.6,0.5844155844155844,0.675,0.6,0.675,0.6,0.8
2459,discriminative-attribute-action,yes,1,1.0,1.0,0.6363636363636364,0.4909090909090909,0.2,0.6,0.0,1.0,0.6883116883116883,0.6,0.5416666666666666,0.4666666666666667,0.475,0.8
2461,discriminative-attribute-state,yes,0,1.0,1.0,1.0,1.0,1.0,1.0,1.0,1.0,1.0,1.0,1.0,1.0,1.0,1.0
2463,discriminative-attribute-state,yes,0,0.8181818181818182,0.6727272727272727,1.0,1.0,0.8,0.6,1.0,1.0,0.8268398268398268,0.675,0.7666666666666667,0.875,1.0,0.8
2465,discriminative-attribute-state,yes,0,1.0,1.0,1.0,1.0,0.8,0.6,1.0,1.0,1.0,0.875,1.0,0.875,1.0,0.8
2467,discriminative-attribute-number,yes,1,1.0,1.0,0.0,1.0,0.8,0.6,0.0,1.0,0.47619047619047616,0.875,0.5416666666666666,0.6,1.0,0.4666666666666667
2469,discriminative-attribute-state,yes,0,0.5454545454545454,0.45454545454545453,0.45454545454545453,0.45454545454545453,0.8,0.6,1.0,1.0,0.47619047619047616,0.5,0.5416666666666666,0.475,0.5,0.8
2471,discriminative-attribute-state,yes,0,1.0,1.0,1.0,1.0,1.0,1.0,1.0,1.0,1.0,1.0,1.0,1.0,1.0,1.0
2473,discriminative-attribute-state,yes,1,0.8181818181818182,0.6727272727272727,0.2727272727272727,0.5636363636363636,0.8,0.6,0.2,0.6,0.4805194805194805,0.675,0.5,0.475,0.6,0.4444444444444444
2475,discriminative-attribute-state,yes,1,1.0,1.0,0.09090909090909091,0.8181818181818182,1.0,1.0,0.4,0.4,0.4805194805194805,1.0,0.675,0.5,0.675,0.5333333333333333
2477,discriminative-attribute-action,yes,1,1.0,1.0,0.0,1.0,0.2,0.6,0.0,1.0,0.47619047619047616,0.6,0.5416666666666666,0.875,1.0,0.8
2479,discriminative-attribute-state,yes,0,1.0,1.0,1.0,1.0,1.0,1.0,0.8,0.6,1.0,1.0,0.875,1.0,0.875,0.8
2481,discriminative-attribute-action,yes,1,0.7272727272727273,0.5636363636363636,0.36363636363636365,0.4909090909090909,0.0,1.0,0.2,0.6,0.4805194805194805,0.4666666666666667,0.475,0.6,0.5416666666666666,0.8
2483,discriminative-attribute-state,yes,0,1.0,1.0,1.0,1.0,1.0,1.0,1.0,1.0,1.0,1.0,1.0,1.0,1.0,1.0
2485,discriminative-attribute-number,yes,0,0.7272727272727273,0.5636363636363636,1.0,1.0,0.8,0.6,1.0,1.0,0.7532467532467533,0.6,0.675,0.875,1.0,0.8
2487,discriminative-attribute-action,yes,1,0.09090909090909091,0.8181818181818182,0.0,1.0,0.0,1.0,0.0,1.0,0.9090909090909091,0.875,0.875,1.0,1.0,1.0
2489,discriminative-attribute-state,yes,0,1.0,1.0,1.0,1.0,1.0,1.0,1.0,1.0,1.0,1.0,1.0,1.0,1.0,1.0
2491,discriminative-attribute-state,yes,0,1.0,1.0,1.0,1.0,1.0,1.0,1.0,1.0,1.0,1.0,1.0,1.0,1.0,1.0
2495,discriminative-attribute-number,yes,1,1.0,1.0,0.9090909090909091,0.8181818181818182,1.0,1.0,0.6,0.4,0.9090909090909091,1.0,0.7666666666666667,0.875,0.675,0.6444444444444445
2497,discriminative-attribute-state,yes,0,1.0,1.0,1.0,1.0,1.0,1.0,1.0,1.0,1.0,1.0,1.0,1.0,1.0,1.0
2499,discriminative-attribute-action,yes,0,0.9090909090909091,0.8181818181818182,0.9090909090909091,0.8181818181818182,1.0,1.0,1.0,1.0,0.8268398268398268,0.875,0.875,0.875,0.875,1.0
2501,discriminative-attribute-state,yes,1,0.18181818181818182,0.6727272727272727,0.09090909090909091,0.8181818181818182,1.0,1.0,0.4,0.4,0.7532467532467533,0.475,0.6,0.5,0.675,0.5333333333333333
2503,discriminative-attribute-state,yes,0,0.5454545454545454,0.45454545454545453,0.6363636363636364,0.4909090909090909,1.0,1.0,0.6,0.4,0.4935064935064935,0.5416666666666666,0.475,0.6,0.5,0.6444444444444445
2505,discriminative-attribute-number,yes,0,0.9090909090909091,0.8181818181818182,0.9090909090909091,0.8181818181818182,1.0,1.0,1.0,1.0,0.8268398268398268,0.875,0.875,0.875,0.875,1.0
2507,discriminative-attribute-state,yes,1,0.0,1.0,0.09090909090909091,0.8181818181818182,0.2,0.6,0.2,0.6,0.9090909090909091,0.875,0.875,0.7666666666666667,0.7666666666666667,0.6444444444444445
2509,discriminative-attribute-number,yes,1,1.0,1.0,0.09090909090909091,0.8181818181818182,1.0,1.0,0.0,1.0,0.4805194805194805,1.0,0.5416666666666666,0.5,0.875,0.4444444444444444
2511,discriminative-attribute-state,yes,0,1.0,1.0,1.0,1.0,1.0,1.0,1.0,1.0,1.0,1.0,1.0,1.0,1.0,1.0
2513,discriminative-attribute-state,yes,0,0.8181818181818182,0.6727272727272727,1.0,1.0,0.6,0.4,1.0,1.0,0.8268398268398268,0.6,0.7666666666666667,0.7666666666666667,1.0,0.6444444444444445
2515,discriminative-attribute-number,yes,1,1.0,1.0,0.0,1.0,0.4,0.4,0.0,1.0,0.47619047619047616,0.675,0.5416666666666666,0.7666666666666667,1.0,0.6444444444444445
2517,discriminative-attribute-state,yes,1,0.9090909090909091,0.8181818181818182,0.9090909090909091,0.8181818181818182,0.6,0.4,1.0,1.0,0.8268398268398268,0.675,0.875,0.675,0.875,0.6444444444444445
2519,discriminative-attribute-action,yes,0,0.9090909090909091,0.8181818181818182,0.9090909090909091,0.8181818181818182,1.0,1.0,1.0,1.0,0.8268398268398268,0.875,0.875,0.875,0.875,1.0
2521,discriminative-attribute-state,yes,1,0.09090909090909091,0.8181818181818182,0.0,1.0,0.2,0.6,0.2,0.6,0.9090909090909091,0.7666666666666667,0.7666666666666667,0.875,0.875,0.6444444444444445
2523,discriminative-attribute-number,yes,1,0.9090909090909091,0.8181818181818182,0.9090909090909091,0.8181818181818182,0.6,0.4,0.6,0.4,0.8268398268398268,0.675,0.675,0.675,0.675,0.4666666666666667
2525,discriminative-attribute-state,yes,0,0.7272727272727273,0.5636363636363636,0.7272727272727273,0.5636363636363636,1.0,1.0,0.8,0.6,0.5844155844155844,0.675,0.6,0.675,0.6,0.8
2527,discriminative-attribute-state,yes,0,0.45454545454545453,0.45454545454545453,0.7272727272727273,0.5636363636363636,0.8,0.6,0.8,0.6,0.4935064935064935,0.475,0.475,0.6,0.6,0.6444444444444445
2529,discriminative-attribute-number,yes,0,1.0,1.0,1.0,1.0,1.0,1.0,0.8,0.6,1.0,1.0,0.875,1.0,0.875,0.8
2531,discriminative-attribute-state,yes,0,1.0,1.0,1.0,1.0,1.0,1.0,1.0,1.0,1.0,1.0,1.0,1.0,1.0,1.0
2533,discriminative-attribute-number,yes,1,1.0,1.0,0.2727272727272727,0.5636363636363636,1.0,1.0,0.0,1.0,0.5151515151515151,1.0,0.5416666666666666,0.4666666666666667,0.675,0.4444444444444444
2535,discriminative-attribute-number,yes,0,1.0,1.0,1.0,1.0,1.0,1.0,0.8,0.6,1.0,1.0,0.875,1.0,0.875,0.8
2537,discriminative-attribute-state,yes,1,0.45454545454545453,0.45454545454545453,0.0,1.0,0.6,0.4,0.2,0.6,0.6320346320346321,0.4666666666666667,0.5,0.675,0.875,0.4666666666666667
2539,discriminative-attribute-number,yes,0,0.2727272727272727,0.5636363636363636,0.09090909090909091,0.8181818181818182,0.4,0.4,0.8,0.6,0.6883116883116883,0.5416666666666666,0.475,0.675,0.5416666666666666,0.4666666666666667
2541,discriminative-attribute-number,yes,0,1.0,1.0,1.0,1.0,1.0,1.0,1.0,1.0,1.0,1.0,1.0,1.0,1.0,1.0
2543,discriminative-attribute-state,yes,1,0.0,1.0,0.0,1.0,0.6,0.4,0.0,1.0,1.0,0.675,1.0,0.675,1.0,0.5333333333333333
2545,discriminative-attribute-state,yes,1,0.09090909090909091,0.8181818181818182,0.0,1.0,0.0,1.0,0.0,1.0,0.9090909090909091,0.875,0.875,1.0,1.0,1.0
2547,discriminative-attribute-number,yes,0,1.0,1.0,1.0,1.0,1.0,1.0,0.8,0.6,1.0,1.0,0.875,1.0,0.875,0.8
2549,discriminative-attribute-state,yes,0,1.0,1.0,1.0,1.0,1.0,1.0,1.0,1.0,1.0,1.0,1.0,1.0,1.0,1.0
2551,discriminative-attribute-state,yes,1,1.0,1.0,0.6363636363636364,0.4909090909090909,1.0,1.0,1.0,1.0,0.6883116883116883,1.0,1.0,0.6,0.6,1.0
2553,discriminative-attribute-action,yes,1,0.0,1.0,0.0,1.0,0.2,0.6,0.2,0.6,1.0,0.875,0.875,0.875,0.875,0.6444444444444445
2555,discriminative-attribute-number,yes,0,1.0,1.0,1.0,1.0,1.0,1.0,1.0,1.0,1.0,1.0,1.0,1.0,1.0,1.0
2557,discriminative-attribute-state,yes,0,0.7272727272727273,0.5636363636363636,0.7272727272727273,0.5636363636363636,0.8,0.6,1.0,1.0,0.5844155844155844,0.6,0.675,0.6,0.675,0.8
2561,discriminative-attribute-state,yes,1,0.9090909090909091,0.8181818181818182,0.9090909090909091,0.8181818181818182,1.0,1.0,1.0,1.0,0.8268398268398268,0.875,0.875,0.875,0.875,1.0
2563,discriminative-attribute-state,yes,0,1.0,1.0,1.0,1.0,0.8,0.6,1.0,1.0,1.0,0.875,1.0,0.875,1.0,0.8
2565,discriminative-attribute-action,yes,0,1.0,1.0,1.0,1.0,1.0,1.0,1.0,1.0,1.0,1.0,1.0,1.0,1.0,1.0
2567,discriminative-attribute-number,yes,0,1.0,1.0,1.0,1.0,1.0,1.0,1.0,1.0,1.0,1.0,1.0,1.0,1.0,1.0
2569,discriminative-attribute-state,yes,0,0.7272727272727273,0.5636363636363636,0.7272727272727273,0.5636363636363636,1.0,1.0,0.8,0.6,0.5844155844155844,0.675,0.6,0.675,0.6,0.8
2571,discriminative-attribute-state,yes,0,0.7272727272727273,0.5636363636363636,0.7272727272727273,0.5636363636363636,1.0,1.0,1.0,1.0,0.5844155844155844,0.675,0.675,0.675,0.675,1.0
2573,discriminative-attribute-number,yes,0,1.0,1.0,0.9090909090909091,0.8181818181818182,0.8,0.6,0.8,0.6,0.9090909090909091,0.875,0.875,0.7666666666666667,0.7666666666666667,0.6444444444444445
2575,discriminative-attribute-action,yes,0,0.0,1.0,0.0,1.0,0.4,0.4,0.2,0.6,1.0,0.7666666666666667,0.875,0.7666666666666667,0.875,0.5333333333333333
2577,discriminative-attribute-state,yes,0,0.45454545454545453,0.45454545454545453,1.0,1.0,0.8,0.6,1.0,1.0,0.5844155844155844,0.475,0.5,0.875,1.0,0.8
2579,discriminative-attribute-state,yes,0,1.0,1.0,1.0,1.0,1.0,1.0,1.0,1.0,1.0,1.0,1.0,1.0,1.0,1.0
2581,discriminative-attribute-state,yes,0,1.0,1.0,1.0,1.0,1.0,1.0,1.0,1.0,1.0,1.0,1.0,1.0,1.0,1.0
2583,discriminative-attribute-number,yes,1,0.8181818181818182,0.6727272727272727,0.8181818181818182,0.6727272727272727,1.0,1.0,0.8,0.6,0.6883116883116883,0.7666666666666667,0.675,0.7666666666666667,0.675,0.8
2585,discriminative-attribute-state,yes,0,0.7272727272727273,0.5636363636363636,0.7272727272727273,0.5636363636363636,0.8,0.6,1.0,1.0,0.5844155844155844,0.6,0.675,0.6,0.675,0.8
2587,discriminative-attribute-action,yes,1,0.0,1.0,0.0,1.0,0.0,1.0,0.0,1.0,1.0,1.0,1.0,1.0,1.0,1.0
2589,discriminative-attribute-number,yes,0,0.9090909090909091,0.8181818181818182,1.0,1.0,1.0,1.0,1.0,1.0,0.9090909090909091,0.875,0.875,1.0,1.0,1.0
2591,discriminative-attribute-state,yes,0,0.9090909090909091,0.8181818181818182,1.0,1.0,1.0,1.0,1.0,1.0,0.9090909090909091,0.875,0.875,1.0,1.0,1.0
2593,discriminative-attribute-state,yes,1,1.0,1.0,0.0,1.0,0.6,0.4,0.2,0.6,0.47619047619047616,0.7666666666666667,0.6,0.675,0.875,0.4666666666666667
2595,discriminative-attribute-action,yes,0,0.8181818181818182,0.6727272727272727,0.9090909090909091,0.8181818181818182,1.0,1.0,1.0,1.0,0.7532467532467533,0.7666666666666667,0.7666666666666667,0.875,0.875,1.0
2597,discriminative-attribute-number,yes,0,0.9090909090909091,0.8181818181818182,1.0,1.0,1.0,1.0,1.0,1.0,0.9090909090909091,0.875,0.875,1.0,1.0,1.0
2599,discriminative-attribute-number,yes,0,1.0,1.0,1.0,1.0,1.0,1.0,1.0,1.0,1.0,1.0,1.0,1.0,1.0,1.0
2601,discriminative-attribute-state,yes,1,0.2727272727272727,0.5636363636363636,0.09090909090909091,0.8181818181818182,0.0,1.0,0.0,1.0,0.6883116883116883,0.675,0.675,0.875,0.875,1.0
2603,discriminative-attribute-state,yes,1,0.2727272727272727,0.5636363636363636,0.09090909090909091,0.8181818181818182,0.0,1.0,0.0,1.0,0.6883116883116883,0.675,0.675,0.875,0.875,1.0
2605,discriminative-attribute-state,yes,0,1.0,1.0,1.0,1.0,1.0,1.0,1.0,1.0,1.0,1.0,1.0,1.0,1.0,1.0
2607,discriminative-attribute-number,yes,1,0.9090909090909091,0.8181818181818182,0.09090909090909091,0.8181818181818182,0.6,0.4,0.2,0.6,0.47619047619047616,0.675,0.5416666666666666,0.6,0.7666666666666667,0.4666666666666667
2609,discriminative-attribute-action,yes,0,1.0,1.0,1.0,1.0,1.0,1.0,1.0,1.0,1.0,1.0,1.0,1.0,1.0,1.0
2611,discriminative-attribute-state,yes,0,0.7272727272727273,0.5636363636363636,1.0,1.0,0.6,0.4,1.0,1.0,0.7532467532467533,0.5416666666666666,0.675,0.7666666666666667,1.0,0.6444444444444445
2613,discriminative-attribute-state,yes,1,1.0,1.0,0.8181818181818182,0.6727272727272727,1.0,1.0,0.8,0.6,0.8268398268398268,1.0,0.875,0.7666666666666667,0.675,0.8
2615,discriminative-attribute-number,yes,0,1.0,1.0,1.0,1.0,1.0,1.0,1.0,1.0,1.0,1.0,1.0,1.0,1.0,1.0
2617,discriminative-attribute-state,yes,1,0.5454545454545454,0.45454545454545453,0.36363636363636365,0.4909090909090909,0.0,1.0,0.2,0.6,0.4805194805194805,0.5,0.475,0.6,0.5416666666666666,0.8
2619,discriminative-attribute-state,yes,0,0.36363636363636365,0.4909090909090909,0.6363636363636364,0.4909090909090909,0.4,0.4,0.4,0.4,0.47619047619047616,0.5,0.5,0.475,0.475,0.4666666666666667
2621,discriminative-attribute-state,yes,1,0.18181818181818182,0.6727272727272727,0.09090909090909091,0.8181818181818182,0.4,0.4,0.0,1.0,0.7532467532467533,0.6,0.7666666666666667,0.675,0.875,0.6444444444444445
2623,discriminative-attribute-number,yes,0,0.8181818181818182,0.6727272727272727,1.0,1.0,0.4,0.4,0.8,0.6,0.8268398268398268,0.5416666666666666,0.675,0.675,0.875,0.4666666666666667
2625,discriminative-attribute-state,yes,0,1.0,1.0,1.0,1.0,1.0,1.0,1.0,1.0,1.0,1.0,1.0,1.0,1.0,1.0
2627,discriminative-attribute-state,yes,1,0.9090909090909091,0.8181818181818182,0.5454545454545454,0.45454545454545453,0.6,0.4,0.8,0.6,0.5844155844155844,0.675,0.7666666666666667,0.475,0.5,0.5333333333333333
2629,discriminative-attribute-number,yes,0,1.0,1.0,1.0,1.0,1.0,1.0,1.0,1.0,1.0,1.0,1.0,1.0,1.0,1.0
2631,discriminative-attribute-state,yes,1,1.0,1.0,1.0,1.0,1.0,1.0,1.0,1.0,1.0,1.0,1.0,1.0,1.0,1.0
2635,discriminative-attribute-state,yes,0,0.6363636363636364,0.4909090909090909,1.0,1.0,1.0,1.0,1.0,1.0,0.6883116883116883,0.6,0.6,1.0,1.0,1.0
2637,discriminative-attribute-state,yes,0,0.09090909090909091,0.8181818181818182,0.45454545454545453,0.45454545454545453,0.2,0.6,0.8,0.6,0.5844155844155844,0.7666666666666667,0.5416666666666666,0.5,0.475,0.4444444444444444
2639,discriminative-attribute-state,yes,0,1.0,1.0,1.0,1.0,1.0,1.0,1.0,1.0,1.0,1.0,1.0,1.0,1.0,1.0
2641,discriminative-attribute-number,yes,0,0.9090909090909091,0.8181818181818182,0.9090909090909091,0.8181818181818182,0.8,0.6,0.8,0.6,0.8268398268398268,0.7666666666666667,0.7666666666666667,0.7666666666666667,0.7666666666666667,0.6444444444444445
2643,discriminative-attribute-number,yes,1,1.0,1.0,0.0,1.0,1.0,1.0,0.0,1.0,0.47619047619047616,1.0,0.5416666666666666,0.5416666666666666,1.0,0.4444444444444444
2645,discriminative-attribute-state,yes,0,1.0,1.0,1.0,1.0,1.0,1.0,0.8,0.6,1.0,1.0,0.875,1.0,0.875,0.8
2647,discriminative-attribute-number,yes,1,1.0,1.0,0.09090909090909091,0.8181818181818182,1.0,1.0,0.0,1.0,0.4805194805194805,1.0,0.5416666666666666,0.5,0.875,0.4444444444444444
2649,discriminative-attribute-state,yes,1,1.0,1.0,0.18181818181818182,0.6727272727272727,1.0,1.0,0.6,0.4,0.4935064935064935,1.0,0.7666666666666667,0.475,0.5416666666666666,0.6444444444444445
2655,discriminative-attribute-state,yes,0,0.7272727272727273,0.5636363636363636,0.7272727272727273,0.5636363636363636,1.0,1.0,1.0,1.0,0.5844155844155844,0.675,0.675,0.675,0.675,1.0
2657,discriminative-attribute-state,yes,1,0.0,1.0,0.0,1.0,0.0,1.0,0.0,1.0,1.0,1.0,1.0,1.0,1.0,1.0
2659,discriminative-attribute-number,yes,1,1.0,1.0,0.9090909090909091,0.8181818181818182,1.0,1.0,1.0,1.0,0.9090909090909091,1.0,1.0,0.875,0.875,1.0
2661,discriminative-attribute-state,yes,1,0.0,1.0,0.0,1.0,0.4,0.4,0.0,1.0,1.0,0.7666666666666667,1.0,0.7666666666666667,1.0,0.6444444444444445
2663,discriminative-attribute-state,yes,1,0.9090909090909091,0.8181818181818182,0.5454545454545454,0.45454545454545453,1.0,1.0,0.4,0.4,0.5844155844155844,0.875,0.6,0.5416666666666666,0.4666666666666667,0.5333333333333333
2665,discriminative-attribute-state,yes,0,1.0,1.0,1.0,1.0,1.0,1.0,1.0,1.0,1.0,1.0,1.0,1.0,1.0,1.0
2667,discriminative-attribute-number,yes,0,1.0,1.0,1.0,1.0,1.0,1.0,1.0,1.0,1.0,1.0,1.0,1.0,1.0,1.0
2669,discriminative-attribute-state,yes,1,0.09090909090909091,0.8181818181818182,0.0,1.0,0.0,1.0,0.0,1.0,0.9090909090909091,0.875,0.875,1.0,1.0,1.0
2671,discriminative-attribute-number,yes,0,0.7272727272727273,0.5636363636363636,1.0,1.0,0.8,0.6,0.8,0.6,0.7532467532467533,0.6,0.6,0.875,0.875,0.6444444444444445
2673,discriminative-attribute-state,yes,0,0.9090909090909091,0.8181818181818182,1.0,1.0,1.0,1.0,1.0,1.0,0.9090909090909091,0.875,0.875,1.0,1.0,1.0
2675,discriminative-attribute-state,yes,1,1.0,1.0,0.0,1.0,1.0,1.0,0.0,1.0,0.47619047619047616,1.0,0.5416666666666666,0.5416666666666666,1.0,0.4444444444444444
2677,discriminative-attribute-number,yes,0,0.6363636363636364,0.4909090909090909,0.9090909090909091,0.8181818181818182,0.4,0.4,1.0,1.0,0.6320346320346321,0.475,0.6,0.6,0.875,0.5333333333333333
2679,discriminative-attribute-state,yes,1,0.9090909090909091,0.8181818181818182,0.5454545454545454,0.45454545454545453,0.4,0.4,0.6,0.4,0.5844155844155844,0.6,0.675,0.4666666666666667,0.475,0.4444444444444444
2681,discriminative-attribute-action,yes,1,0.0,1.0,0.0,1.0,0.0,1.0,0.0,1.0,1.0,1.0,1.0,1.0,1.0,1.0
2683,discriminative-attribute-number,yes,1,0.0,1.0,0.0,1.0,0.0,1.0,0.0,1.0,1.0,1.0,1.0,1.0,1.0,1.0
2685,discriminative-attribute-state,yes,0,1.0,1.0,1.0,1.0,1.0,1.0,1.0,1.0,1.0,1.0,1.0,1.0,1.0,1.0
2687,discriminative-attribute-state,yes,0,1.0,1.0,1.0,1.0,1.0,1.0,1.0,1.0,1.0,1.0,1.0,1.0,1.0,1.0
2689,discriminative-attribute-state,yes,0,0.45454545454545453,0.45454545454545453,0.8181818181818182,0.6727272727272727,1.0,1.0,1.0,1.0,0.5151515151515151,0.5,0.5,0.7666666666666667,0.7666666666666667,1.0
2691,discriminative-attribute-action,yes,1,1.0,1.0,0.0,1.0,0.8,0.6,0.0,1.0,0.47619047619047616,0.875,0.5416666666666666,0.6,1.0,0.4666666666666667
2693,discriminative-attribute-number,yes,0,1.0,1.0,1.0,1.0,1.0,1.0,0.8,0.6,1.0,1.0,0.875,1.0,0.875,0.8
2695,discriminative-attribute-state,yes,0,0.7272727272727273,0.5636363636363636,0.7272727272727273,0.5636363636363636,1.0,1.0,0.8,0.6,0.5844155844155844,0.675,0.6,0.675,0.6,0.8
2697,discriminative-attribute-state,yes,1,1.0,1.0,1.0,1.0,1.0,1.0,0.4,0.4,1.0,1.0,0.675,1.0,0.675,0.5333333333333333
2699,discriminative-attribute-state,yes,1,0.9090909090909091,0.8181818181818182,0.18181818181818182,0.6727272727272727,0.8,0.6,0.4,0.4,0.4805194805194805,0.7666666666666667,0.6,0.5,0.6,0.4666666666666667
2701,discriminative-attribute-state,yes,1,0.09090909090909091,0.8181818181818182,0.0,1.0,0.4,0.4,0.0,1.0,0.9090909090909091,0.675,0.875,0.7666666666666667,1.0,0.6444444444444445
2703,discriminative-attribute-state,yes,0,1.0,1.0,1.0,1.0,0.8,0.6,1.0,1.0,1.0,0.875,1.0,0.875,1.0,0.8
2705,discriminative-attribute-number,yes,0,1.0,1.0,1.0,1.0,1.0,1.0,1.0,1.0,1.0,1.0,1.0,1.0,1.0,1.0
2707,discriminative-attribute-action,yes,0,0.6363636363636364,0.4909090909090909,0.6363636363636364,0.4909090909090909,1.0,1.0,1.0,1.0,0.5151515151515151,0.6,0.6,0.6,0.6,1.0
2709,discriminative-attribute-state,yes,1,1.0,1.0,1.0,1.0,1.0,1.0,1.0,1.0,1.0,1.0,1.0,1.0,1.0,1.0
2711,discriminative-attribute-state,yes,0,1.0,1.0,1.0,1.0,1.0,1.0,1.0,1.0,1.0,1.0,1.0,1.0,1.0,1.0
2713,discriminative-attribute-action,yes,1,0.5454545454545454,0.45454545454545453,0.0,1.0,0.2,0.6,0.0,1.0,0.5844155844155844,0.475,0.5,0.875,1.0,0.8
2715,discriminative-attribute-state,yes,0,1.0,1.0,1.0,1.0,1.0,1.0,1.0,1.0,1.0,1.0,1.0,1.0,1.0,1.0
2717,discriminative-attribute-number,yes,0,1.0,1.0,1.0,1.0,1.0,1.0,1.0,1.0,1.0,1.0,1.0,1.0,1.0,1.0
2719,discriminative-attribute-state,yes,0,1.0,1.0,1.0,1.0,1.0,1.0,1.0,1.0,1.0,1.0,1.0,1.0,1.0,1.0
2721,discriminative-attribute-state,yes,1,1.0,1.0,0.09090909090909091,0.8181818181818182,1.0,1.0,0.6,0.4,0.4805194805194805,1.0,0.7666666666666667,0.5,0.6,0.6444444444444445
2723,discriminative-attribute-state,yes,0,1.0,1.0,1.0,1.0,1.0,1.0,1.0,1.0,1.0,1.0,1.0,1.0,1.0,1.0
2727,discriminative-attribute-number,yes,0,1.0,1.0,1.0,1.0,0.8,0.6,1.0,1.0,1.0,0.875,1.0,0.875,1.0,0.8
2729,discriminative-attribute-state,yes,0,0.7272727272727273,0.5636363636363636,0.7272727272727273,0.5636363636363636,1.0,1.0,1.0,1.0,0.5844155844155844,0.675,0.675,0.675,0.675,1.0
2731,discriminative-attribute-state,yes,0,0.8181818181818182,0.6727272727272727,1.0,1.0,1.0,1.0,1.0,1.0,0.8268398268398268,0.7666666666666667,0.7666666666666667,1.0,1.0,1.0
2733,discriminative-attribute-state,yes,1,0.5454545454545454,0.45454545454545453,0.2727272727272727,0.5636363636363636,0.2,0.6,0.0,1.0,0.4935064935064935,0.475,0.5,0.6,0.675,0.8
2735,discriminative-attribute-state,yes,0,1.0,1.0,1.0,1.0,1.0,1.0,1.0,1.0,1.0,1.0,1.0,1.0,1.0,1.0
2737,discriminative-attribute-state,yes,0,0.7272727272727273,0.5636363636363636,0.7272727272727273,0.5636363636363636,1.0,1.0,1.0,1.0,0.5844155844155844,0.675,0.675,0.675,0.675,1.0
2739,discriminative-attribute-state,yes,0,1.0,1.0,1.0,1.0,1.0,1.0,1.0,1.0,1.0,1.0,1.0,1.0,1.0,1.0
2741,discriminative-attribute-number,yes,1,0.2727272727272727,0.5636363636363636,0.0,1.0,0.6,0.4,0.2,0.6,0.7532467532467533,0.5,0.6,0.675,0.875,0.4666666666666667
2743,discriminative-attribute-action,yes,1,1.0,1.0,1.0,1.0,0.6,0.4,0.6,0.4,1.0,0.7666666666666667,0.7666666666666667,0.7666666666666667,0.7666666666666667,0.4666666666666667
2745,discriminative-attribute-state,yes,0,1.0,1.0,1.0,1.0,1.0,1.0,0.8,0.6,1.0,1.0,0.875,1.0,0.875,0.8
2747,discriminative-attribute-state,yes,0,1.0,1.0,1.0,1.0,1.0,1.0,1.0,1.0,1.0,1.0,1.0,1.0,1.0,1.0
2749,discriminative-attribute-action,yes,0,1.0,1.0,1.0,1.0,0.6,0.4,1.0,1.0,1.0,0.7666666666666667,1.0,0.7666666666666667,1.0,0.6444444444444445
2751,discriminative-attribute-state,yes,0,1.0,1.0,1.0,1.0,1.0,1.0,1.0,1.0,1.0,1.0,1.0,1.0,1.0,1.0
2753,discriminative-attribute-number,yes,0,1.0,1.0,1.0,1.0,0.8,0.6,1.0,1.0,1.0,0.875,1.0,0.875,1.0,0.8
2755,discriminative-attribute-number,yes,0,1.0,1.0,1.0,1.0,0.8,0.6,1.0,1.0,1.0,0.875,1.0,0.875,1.0,0.8
2757,discriminative-attribute-state,yes,0,1.0,1.0,1.0,1.0,1.0,1.0,1.0,1.0,1.0,1.0,1.0,1.0,1.0,1.0
2759,discriminative-attribute-state,yes,0,0.9090909090909091,0.8181818181818182,1.0,1.0,0.6,0.4,1.0,1.0,0.9090909090909091,0.675,0.875,0.7666666666666667,1.0,0.6444444444444445
2761,discriminative-attribute-state,yes,1,0.5454545454545454,0.45454545454545453,0.09090909090909091,0.8181818181818182,0.2,0.6,0.0,1.0,0.5454545454545454,0.475,0.5,0.7666666666666667,0.875,0.8
2763,discriminative-attribute-state,yes,0,0.9090909090909091,0.8181818181818182,1.0,1.0,1.0,1.0,1.0,1.0,0.9090909090909091,0.875,0.875,1.0,1.0,1.0
2765,discriminative-attribute-state,yes,1,0.0,1.0,0.0,1.0,0.0,1.0,0.2,0.6,1.0,1.0,0.875,1.0,0.875,0.8
2767,discriminative-attribute-action,yes,0,0.45454545454545453,0.45454545454545453,0.7272727272727273,0.5636363636363636,0.8,0.6,1.0,1.0,0.4935064935064935,0.475,0.5,0.6,0.675,0.8
2769,discriminative-attribute-action,yes,0,1.0,1.0,1.0,1.0,1.0,1.0,1.0,1.0,1.0,1.0,1.0,1.0,1.0,1.0
2771,discriminative-attribute-state,yes,0,0.7272727272727273,0.5636363636363636,0.7272727272727273,0.5636363636363636,1.0,1.0,0.8,0.6,0.5844155844155844,0.675,0.6,0.675,0.6,0.8
2773,discriminative-attribute-state,yes,1,0.0,1.0,0.0,1.0,0.0,1.0,0.0,1.0,1.0,1.0,1.0,1.0,1.0,1.0
2775,discriminative-attribute-state,yes,1,1.0,1.0,0.2727272727272727,0.5636363636363636,0.8,0.6,0.2,0.6,0.5151515151515151,0.875,0.6,0.475,0.6,0.4444444444444444
2777,discriminative-attribute-number,yes,0,1.0,1.0,1.0,1.0,1.0,1.0,1.0,1.0,1.0,1.0,1.0,1.0,1.0,1.0
2779,discriminative-attribute-action,yes,1,0.0,1.0,0.0,1.0,0.0,1.0,0.0,1.0,1.0,1.0,1.0,1.0,1.0,1.0
2781,discriminative-attribute-state,yes,0,1.0,1.0,1.0,1.0,1.0,1.0,1.0,1.0,1.0,1.0,1.0,1.0,1.0,1.0
2783,discriminative-attribute-state,yes,0,0.7272727272727273,0.5636363636363636,0.7272727272727273,0.5636363636363636,1.0,1.0,0.8,0.6,0.5844155844155844,0.675,0.6,0.675,0.6,0.8
2785,discriminative-attribute-state,yes,0,1.0,1.0,1.0,1.0,0.8,0.6,1.0,1.0,1.0,0.875,1.0,0.875,1.0,0.8
2787,discriminative-attribute-state,yes,1,0.2727272727272727,0.5636363636363636,0.0,1.0,0.0,1.0,0.0,1.0,0.7532467532467533,0.675,0.675,1.0,1.0,1.0
2789,discriminative-attribute-action,yes,1,1.0,1.0,0.0,1.0,0.8,0.6,0.0,1.0,0.47619047619047616,0.875,0.5416666666666666,0.6,1.0,0.4666666666666667
2791,discriminative-attribute-state,yes,1,0.9090909090909091,0.8181818181818182,0.8181818181818182,0.6727272727272727,0.2,0.6,0.2,0.6,0.7532467532467533,0.5416666666666666,0.5416666666666666,0.5,0.5,0.6444444444444445
2793,discriminative-attribute-state,yes,0,0.8181818181818182,0.6727272727272727,0.8181818181818182,0.6727272727272727,1.0,1.0,1.0,1.0,0.6883116883116883,0.7666666666666667,0.7666666666666667,0.7666666666666667,0.7666666666666667,1.0
2795,discriminative-attribute-number,yes,1,0.45454545454545453,0.45454545454545453,0.0,1.0,0.6,0.4,0.2,0.6,0.6320346320346321,0.4666666666666667,0.5,0.675,0.875,0.4666666666666667
2797,discriminative-attribute-state,yes,0,0.9090909090909091,0.8181818181818182,1.0,1.0,1.0,1.0,1.0,1.0,0.9090909090909091,0.875,0.875,1.0,1.0,1.0
2799,discriminative-attribute-action,yes,1,0.0,1.0,0.0,1.0,0.2,0.6,0.0,1.0,1.0,0.875,1.0,0.875,1.0,0.8
2801,discriminative-attribute-number,yes,0,0.7272727272727273,0.5636363636363636,1.0,1.0,1.0,1.0,1.0,1.0,0.7532467532467533,0.675,0.675,1.0,1.0,1.0
2803,discriminative-attribute-state,yes,0,1.0,1.0,1.0,1.0,1.0,1.0,1.0,1.0,1.0,1.0,1.0,1.0,1.0,1.0
2805,discriminative-attribute-state,yes,1,1.0,1.0,0.5454545454545454,0.45454545454545453,1.0,1.0,1.0,1.0,0.6320346320346321,1.0,1.0,0.5416666666666666,0.5416666666666666,1.0
2807,discriminative-attribute-state,yes,0,1.0,1.0,1.0,1.0,1.0,1.0,1.0,1.0,1.0,1.0,1.0,1.0,1.0,1.0
2809,discriminative-attribute-state,yes,1,0.7272727272727273,0.5636363636363636,0.0,1.0,1.0,1.0,0.0,1.0,0.5151515151515151,0.675,0.4666666666666667,0.5416666666666666,1.0,0.4444444444444444
2811,discriminative-attribute-action,yes,1,0.2727272727272727,0.5636363636363636,0.0,1.0,0.0,1.0,0.2,0.6,0.7532467532467533,0.675,0.6,1.0,0.875,0.8
2813,discriminative-attribute-action,yes,1,0.18181818181818182,0.6727272727272727,0.0,1.0,0.0,1.0,0.0,1.0,0.8268398268398268,0.7666666666666667,0.7666666666666667,1.0,1.0,1.0
2815,discriminative-attribute-state,yes,0,0.7272727272727273,0.5636363636363636,0.7272727272727273,0.5636363636363636,1.0,1.0,1.0,1.0,0.5844155844155844,0.675,0.675,0.675,0.675,1.0
2817,discriminative-attribute-number,yes,1,0.6363636363636364,0.4909090909090909,1.0,1.0,0.8,0.6,1.0,1.0,0.6883116883116883,0.5416666666666666,0.6,0.875,1.0,0.8
2819,discriminative-attribute-state,yes,0,0.9090909090909091,0.8181818181818182,1.0,1.0,1.0,1.0,1.0,1.0,0.9090909090909091,0.875,0.875,1.0,1.0,1.0
2821,discriminative-attribute-state,yes,0,1.0,1.0,1.0,1.0,0.6,0.4,0.8,0.6,1.0,0.7666666666666667,0.875,0.7666666666666667,0.875,0.5333333333333333
2825,discriminative-attribute-state,yes,1,0.36363636363636365,0.4909090909090909,0.36363636363636365,0.4909090909090909,0.0,1.0,0.0,1.0,0.5151515151515151,0.6,0.6,0.6,0.6,1.0
2827,discriminative-attribute-action,yes,0,1.0,1.0,1.0,1.0,1.0,1.0,1.0,1.0,1.0,1.0,1.0,1.0,1.0,1.0
2829,discriminative-attribute-number,yes,0,1.0,1.0,1.0,1.0,1.0,1.0,1.0,1.0,1.0,1.0,1.0,1.0,1.0,1.0
2831,discriminative-attribute-state,yes,1,0.2727272727272727,0.5636363636363636,0.2727272727272727,0.5636363636363636,0.0,1.0,0.2,0.6,0.5844155844155844,0.675,0.6,0.675,0.6,0.8
2833,discriminative-attribute-number,yes,1,0.9090909090909091,0.8181818181818182,0.0,1.0,1.0,1.0,0.0,1.0,0.4805194805194805,0.875,0.5,0.5416666666666666,1.0,0.4444444444444444
2835,discriminative-attribute-state,yes,0,1.0,1.0,1.0,1.0,0.8,0.6,0.6,0.4,1.0,0.875,0.7666666666666667,0.875,0.7666666666666667,0.5333333333333333
2837,discriminative-attribute-state,yes,1,1.0,1.0,1.0,1.0,0.6,0.4,1.0,1.0,1.0,0.7666666666666667,1.0,0.7666666666666667,1.0,0.6444444444444445
2839,discriminative-attribute-action,yes,0,1.0,1.0,1.0,1.0,0.6,0.4,1.0,1.0,1.0,0.7666666666666667,1.0,0.7666666666666667,1.0,0.6444444444444445
2841,discriminative-attribute-state,yes,0,1.0,1.0,1.0,1.0,1.0,1.0,1.0,1.0,1.0,1.0,1.0,1.0,1.0,1.0
2843,discriminative-attribute-action,yes,1,1.0,1.0,1.0,1.0,0.6,0.4,0.6,0.4,1.0,0.7666666666666667,0.7666666666666667,0.7666666666666667,0.7666666666666667,0.4666666666666667
2845,discriminative-attribute-state,yes,1,0.09090909090909091,0.8181818181818182,0.0,1.0,0.4,0.4,0.0,1.0,0.9090909090909091,0.675,0.875,0.7666666666666667,1.0,0.6444444444444445
2847,discriminative-attribute-action,yes,0,1.0,1.0,1.0,1.0,1.0,1.0,1.0,1.0,1.0,1.0,1.0,1.0,1.0,1.0
2849,discriminative-attribute-state,yes,1,0.36363636363636365,0.4909090909090909,0.0,1.0,0.0,1.0,0.0,1.0,0.6883116883116883,0.6,0.6,1.0,1.0,1.0
2851,discriminative-attribute-state,yes,1,0.8181818181818182,0.6727272727272727,0.45454545454545453,0.45454545454545453,0.2,0.6,0.0,1.0,0.5151515151515151,0.5,0.475,0.5,0.5416666666666666,0.8
2853,discriminative-attribute-state,yes,0,1.0,1.0,1.0,1.0,0.6,0.4,1.0,1.0,1.0,0.7666666666666667,1.0,0.7666666666666667,1.0,0.6444444444444445
2855,discriminative-attribute-state,yes,1,0.7272727272727273,0.5636363636363636,0.2727272727272727,0.5636363636363636,0.2,0.6,0.0,1.0,0.47619047619047616,0.475,0.4666666666666667,0.6,0.675,0.8
2857,discriminative-attribute-action,yes,0,1.0,1.0,1.0,1.0,1.0,1.0,1.0,1.0,1.0,1.0,1.0,1.0,1.0,1.0
2859,discriminative-attribute-number,yes,0,1.0,1.0,1.0,1.0,1.0,1.0,1.0,1.0,1.0,1.0,1.0,1.0,1.0,1.0
2861,discriminative-attribute-state,yes,0,0.8181818181818182,0.6727272727272727,0.9090909090909091,0.8181818181818182,1.0,1.0,1.0,1.0,0.7532467532467533,0.7666666666666667,0.7666666666666667,0.875,0.875,1.0
2863,discriminative-attribute-state,yes,0,0.8181818181818182,0.6727272727272727,0.9090909090909091,0.8181818181818182,1.0,1.0,1.0,1.0,0.7532467532467533,0.7666666666666667,0.7666666666666667,0.875,0.875,1.0
2865,discriminative-attribute-state,yes,0,1.0,1.0,1.0,1.0,1.0,1.0,1.0,1.0,1.0,1.0,1.0,1.0,1.0,1.0
2867,discriminative-attribute-action,yes,1,0.45454545454545453,0.45454545454545453,0.09090909090909091,0.8181818181818182,0.8,0.6,0.4,0.4,0.5844155844155844,0.475,0.475,0.5416666666666666,0.675,0.4666666666666667
2869,discriminative-attribute-number,yes,1,0.18181818181818182,0.6727272727272727,0.0,1.0,0.0,1.0,0.0,1.0,0.8268398268398268,0.7666666666666667,0.7666666666666667,1.0,1.0,1.0
2871,discriminative-attribute-state,yes,0,1.0,1.0,1.0,1.0,1.0,1.0,0.8,0.6,1.0,1.0,0.875,1.0,0.875,0.8
2873,discriminative-attribute-state,yes,1,1.0,1.0,0.0,1.0,0.6,0.4,0.2,0.6,0.47619047619047616,0.7666666666666667,0.6,0.675,0.875,0.4666666666666667
2875,discriminative-attribute-state,yes,1,1.0,1.0,0.9090909090909091,0.8181818181818182,0.6,0.4,0.8,0.6,0.9090909090909091,0.7666666666666667,0.875,0.675,0.7666666666666667,0.5333333333333333
2877,discriminative-attribute-state,yes,1,0.36363636363636365,0.4909090909090909,0.0,1.0,0.8,0.6,0.2,0.6,0.6883116883116883,0.4666666666666667,0.5416666666666666,0.6,0.875,0.4444444444444444
2879,discriminative-attribute-action,yes,1,0.2727272727272727,0.5636363636363636,0.0,1.0,0.4,0.4,0.2,0.6,0.7532467532467533,0.5416666666666666,0.6,0.7666666666666667,0.875,0.5333333333333333
2881,discriminative-attribute-state,yes,1,0.7272727272727273,0.5636363636363636,0.5454545454545454,0.45454545454545453,0.8,0.6,0.8,0.6,0.5151515151515151,0.6,0.6,0.5,0.5,0.6444444444444445
2883,discriminative-attribute-number,yes,0,1.0,1.0,0.7272727272727273,0.5636363636363636,1.0,1.0,1.0,1.0,0.7532467532467533,1.0,1.0,0.675,0.675,1.0
2885,discriminative-attribute-state,yes,1,0.18181818181818182,0.6727272727272727,0.0,1.0,0.0,1.0,0.0,1.0,0.8268398268398268,0.7666666666666667,0.7666666666666667,1.0,1.0,1.0
2887,discriminative-attribute-state,yes,0,1.0,1.0,1.0,1.0,1.0,1.0,1.0,1.0,1.0,1.0,1.0,1.0,1.0,1.0
2889,discriminative-attribute-state,yes,1,0.9090909090909091,0.8181818181818182,0.7272727272727273,0.5636363636363636,0.4,0.4,0.8,0.6,0.6883116883116883,0.6,0.7666666666666667,0.5,0.6,0.4666666666666667
2893,discriminative-attribute-action,yes,0,1.0,1.0,1.0,1.0,1.0,1.0,1.0,1.0,1.0,1.0,1.0,1.0,1.0,1.0
2895,discriminative-attribute-state,yes,1,0.9090909090909091,0.8181818181818182,0.5454545454545454,0.45454545454545453,0.8,0.6,0.2,0.6,0.5844155844155844,0.7666666666666667,0.5416666666666666,0.5,0.475,0.4444444444444444
2897,discriminative-attribute-number,yes,0,1.0,1.0,1.0,1.0,1.0,1.0,1.0,1.0,1.0,1.0,1.0,1.0,1.0,1.0
2899,discriminative-attribute-state,yes,1,1.0,1.0,1.0,1.0,0.8,0.6,0.6,0.4,1.0,0.875,0.7666666666666667,0.875,0.7666666666666667,0.5333333333333333
2901,discriminative-attribute-state,yes,0,1.0,1.0,1.0,1.0,0.8,0.6,0.8,0.6,1.0,0.875,0.875,0.875,0.875,0.6444444444444445
2903,discriminative-attribute-state,yes,0,0.7272727272727273,0.5636363636363636,0.7272727272727273,0.5636363636363636,0.8,0.6,1.0,1.0,0.5844155844155844,0.6,0.675,0.6,0.675,0.8
2905,discriminative-attribute-state,yes,0,0.7272727272727273,0.5636363636363636,0.7272727272727273,0.5636363636363636,1.0,1.0,1.0,1.0,0.5844155844155844,0.675,0.675,0.675,0.675,1.0
2907,discriminative-attribute-state,yes,0,1.0,1.0,1.0,1.0,0.8,0.6,1.0,1.0,1.0,0.875,1.0,0.875,1.0,0.8
2909,discriminative-attribute-action,yes,1,1.0,1.0,1.0,1.0,1.0,1.0,1.0,1.0,1.0,1.0,1.0,1.0,1.0,1.0
2911,discriminative-attribute-state,yes,1,0.2727272727272727,0.5636363636363636,0.09090909090909091,0.8181818181818182,0.2,0.6,0.0,1.0,0.6883116883116883,0.6,0.675,0.7666666666666667,0.875,0.8
2913,discriminative-attribute-number,yes,0,1.0,1.0,1.0,1.0,1.0,1.0,1.0,1.0,1.0,1.0,1.0,1.0,1.0,1.0
2915,discriminative-attribute-action,yes,0,1.0,1.0,1.0,1.0,1.0,1.0,1.0,1.0,1.0,1.0,1.0,1.0,1.0,1.0
2917,discriminative-attribute-state,yes,0,0.7272727272727273,0.5636363636363636,0.7272727272727273,0.5636363636363636,1.0,1.0,1.0,1.0,0.5844155844155844,0.675,0.675,0.675,0.675,1.0
2919,discriminative-attribute-state,yes,0,0.7272727272727273,0.5636363636363636,0.7272727272727273,0.5636363636363636,0.8,0.6,0.8,0.6,0.5844155844155844,0.6,0.6,0.6,0.6,0.6444444444444445
2921,discriminative-attribute-state,yes,0,0.8181818181818182,0.6727272727272727,0.9090909090909091,0.8181818181818182,1.0,1.0,0.8,0.6,0.7532467532467533,0.7666666666666667,0.675,0.875,0.7666666666666667,0.8
2923,discriminative-attribute-number,yes,0,1.0,1.0,1.0,1.0,1.0,1.0,1.0,1.0,1.0,1.0,1.0,1.0,1.0,1.0
2925,discriminative-attribute-state,yes,0,1.0,1.0,1.0,1.0,1.0,1.0,1.0,1.0,1.0,1.0,1.0,1.0,1.0,1.0
2927,discriminative-attribute-state,yes,0,0.7272727272727273,0.5636363636363636,0.45454545454545453,0.45454545454545453,0.8,0.6,0.8,0.6,0.4935064935064935,0.6,0.6,0.475,0.475,0.6444444444444445
2929,discriminative-attribute-state,yes,0,1.0,1.0,1.0,1.0,0.8,0.6,1.0,1.0,1.0,0.875,1.0,0.875,1.0,0.8
2931,discriminative-attribute-state,yes,0,0.9090909090909091,0.8181818181818182,1.0,1.0,1.0,1.0,1.0,1.0,0.9090909090909091,0.875,0.875,1.0,1.0,1.0
2933,discriminative-attribute-number,yes,0,1.0,1.0,1.0,1.0,1.0,1.0,1.0,1.0,1.0,1.0,1.0,1.0,1.0,1.0
2935,discriminative-attribute-action,yes,1,0.18181818181818182,0.6727272727272727,0.0,1.0,0.0,1.0,0.0,1.0,0.8268398268398268,0.7666666666666667,0.7666666666666667,1.0,1.0,1.0
2937,discriminative-attribute-action,yes,0,1.0,1.0,1.0,1.0,1.0,1.0,1.0,1.0,1.0,1.0,1.0,1.0,1.0,1.0
2939,discriminative-attribute-number,yes,0,1.0,1.0,1.0,1.0,1.0,1.0,1.0,1.0,1.0,1.0,1.0,1.0,1.0,1.0
2941,discriminative-attribute-state,yes,1,0.7272727272727273,0.5636363636363636,0.36363636363636365,0.4909090909090909,1.0,1.0,0.4,0.4,0.4805194805194805,0.675,0.5,0.475,0.5,0.5333333333333333
2943,discriminative-attribute-state,yes,0,0.7272727272727273,0.5636363636363636,0.7272727272727273,0.5636363636363636,1.0,1.0,1.0,1.0,0.5844155844155844,0.675,0.675,0.675,0.675,1.0
2945,discriminative-attribute-state,yes,1,1.0,1.0,0.7272727272727273,0.5636363636363636,0.8,0.6,1.0,1.0,0.7532467532467533,0.875,1.0,0.6,0.675,0.8
2947,discriminative-attribute-state,yes,1,0.36363636363636365,0.4909090909090909,0.2727272727272727,0.5636363636363636,0.0,1.0,0.0,1.0,0.5454545454545454,0.6,0.6,0.675,0.675,1.0
2949,discriminative-attribute-number,yes,0,0.6363636363636364,0.4909090909090909,1.0,1.0,1.0,1.0,1.0,1.0,0.6883116883116883,0.6,0.6,1.0,1.0,1.0
2951,discriminative-attribute-state,yes,0,0.7272727272727273,0.5636363636363636,0.7272727272727273,0.5636363636363636,1.0,1.0,0.8,0.6,0.5844155844155844,0.675,0.6,0.675,0.6,0.8
2953,discriminative-attribute-state,yes,0,0.7272727272727273,0.5636363636363636,0.9090909090909091,0.8181818181818182,0.8,0.6,0.8,0.6,0.6883116883116883,0.6,0.6,0.7666666666666667,0.7666666666666667,0.6444444444444445
2955,discriminative-attribute-state,yes,0,0.9090909090909091,0.8181818181818182,0.9090909090909091,0.8181818181818182,1.0,1.0,1.0,1.0,0.8268398268398268,0.875,0.875,0.875,0.875,1.0
2957,discriminative-attribute-state,yes,0,1.0,1.0,1.0,1.0,1.0,1.0,1.0,1.0,1.0,1.0,1.0,1.0,1.0,1.0
2959,discriminative-attribute-number,yes,1,0.18181818181818182,0.6727272727272727,0.45454545454545453,0.45454545454545453,0.0,1.0,0.0,1.0,0.5454545454545454,0.7666666666666667,0.7666666666666667,0.5416666666666666,0.5416666666666666,1.0
2961,discriminative-attribute-state,yes,0,1.0,1.0,1.0,1.0,1.0,1.0,1.0,1.0,1.0,1.0,1.0,1.0,1.0,1.0
2963,discriminative-attribute-state,yes,0,0.9090909090909091,0.8181818181818182,1.0,1.0,1.0,1.0,1.0,1.0,0.9090909090909091,0.875,0.875,1.0,1.0,1.0
2965,discriminative-attribute-state,yes,1,0.9090909090909091,0.8181818181818182,0.09090909090909091,0.8181818181818182,0.0,1.0,0.0,1.0,0.47619047619047616,0.5,0.5,0.875,0.875,1.0
2967,discriminative-attribute-action,yes,1,0.0,1.0,0.0,1.0,0.0,1.0,0.0,1.0,1.0,1.0,1.0,1.0,1.0,1.0
2969,discriminative-attribute-state,yes,1,0.9090909090909091,0.8181818181818182,0.9090909090909091,0.8181818181818182,1.0,1.0,1.0,1.0,0.8268398268398268,0.875,0.875,0.875,0.875,1.0
2971,discriminative-attribute-state,yes,0,1.0,1.0,1.0,1.0,1.0,1.0,1.0,1.0,1.0,1.0,1.0,1.0,1.0,1.0
2973,discriminative-attribute-state,yes,0,0.6363636363636364,0.4909090909090909,0.7272727272727273,0.5636363636363636,0.8,0.6,0.8,0.6,0.5454545454545454,0.5416666666666666,0.5416666666666666,0.6,0.6,0.6444444444444445
2975,discriminative-attribute-number,yes,1,1.0,1.0,0.9090909090909091,0.8181818181818182,1.0,1.0,0.6,0.4,0.9090909090909091,1.0,0.7666666666666667,0.875,0.675,0.6444444444444445
2977,discriminative-attribute-number,yes,0,0.45454545454545453,0.45454545454545453,1.0,1.0,0.2,0.6,1.0,1.0,0.5844155844155844,0.5,0.5,0.6,1.0,0.4666666666666667
2979,discriminative-attribute-state,yes,0,1.0,1.0,1.0,1.0,1.0,1.0,1.0,1.0,1.0,1.0,1.0,1.0,1.0,1.0
2981,discriminative-attribute-state,yes,0,0.7272727272727273,0.5636363636363636,1.0,1.0,1.0,1.0,1.0,1.0,0.7532467532467533,0.675,0.675,1.0,1.0,1.0
2983,discriminative-attribute-action,yes,1,0.18181818181818182,0.6727272727272727,0.0,1.0,0.0,1.0,0.0,1.0,0.8268398268398268,0.7666666666666667,0.7666666666666667,1.0,1.0,1.0
2985,discriminative-attribute-state,yes,1,0.0,1.0,0.0,1.0,0.0,1.0,0.2,0.6,1.0,1.0,0.875,1.0,0.875,0.8
2987,discriminative-attribute-action,yes,1,1.0,1.0,0.8181818181818182,0.6727272727272727,0.4,0.4,0.4,0.4,0.8268398268398268,0.675,0.675,0.5416666666666666,0.5416666666666666,0.4666666666666667
2989,discriminative-attribute-state,yes,0,0.6363636363636364,0.4909090909090909,0.8181818181818182,0.6727272727272727,0.6,0.4,1.0,1.0,0.5844155844155844,0.5,0.6,0.6,0.7666666666666667,0.6444444444444445
2991,discriminative-attribute-state,yes,0,0.7272727272727273,0.5636363636363636,1.0,1.0,1.0,1.0,1.0,1.0,0.7532467532467533,0.675,0.675,1.0,1.0,1.0
2993,discriminative-attribute-state,yes,1,0.7272727272727273,0.5636363636363636,0.0,1.0,0.4,0.4,0.2,0.6,0.5151515151515151,0.5,0.475,0.7666666666666667,0.875,0.5333333333333333
2995,discriminative-attribute-state,yes,1,1.0,1.0,1.0,1.0,0.6,0.4,0.8,0.6,1.0,0.7666666666666667,0.875,0.7666666666666667,0.875,0.5333333333333333
2997,discriminative-attribute-state,yes,0,0.9090909090909091,0.8181818181818182,1.0,1.0,1.0,1.0,1.0,1.0,0.9090909090909091,0.875,0.875,1.0,1.0,1.0
2999,discriminative-attribute-number,yes,1,1.0,1.0,0.6363636363636364,0.4909090909090909,0.8,0.6,0.4,0.4,0.6883116883116883,0.875,0.675,0.5416666666666666,0.475,0.4666666666666667
3001,discriminative-attribute-state,yes,0,0.9090909090909091,0.8181818181818182,0.8181818181818182,0.6727272727272727,0.6,0.4,0.8,0.6,0.7532467532467533,0.675,0.7666666666666667,0.6,0.675,0.5333333333333333
3003,discriminative-attribute-state,yes,1,0.36363636363636365,0.4909090909090909,0.18181818181818182,0.6727272727272727,0.4,0.4,0.0,1.0,0.5844155844155844,0.5,0.6,0.6,0.7666666666666667,0.6444444444444445
